hash,token_address,tokens,vendedor,comprador,simbolo
0xde9514211b0a834ae53f9ab984d237f0554a2c2900342ba654b3f9cbf5d080e5,0x6b7c34c8a1ffd4238e702243f0ff005680037fad,1.0,0x58523dfd74b30d6f9230e782674bb438bcfd8622,0x00052f4b152f55d68dc811c463d71620c645d53c,Reental-VLC-8
0x8ffc0e526d215d19ea833fe005df1e20f628147fc1aa1e541e3ad0602d686855,0x820380fea111509a38297fa2971eee5b41a5aeca,0.16305047,0x0fc02d28d691eaf59b6d2dd25823766d83dc1aac,0x00052f4b152f55d68dc811c463d71620c645d53c,Reental-RDO-3
0xc5ca282b9c134671261ce9282b7b1ec947b444a2a3de21b9fd5e81d2aac3eff7,0xca53dd67cfa553d9e31c377602fb217dff9eadff,0.4808876,0x0fc02d28d691eaf59b6d2dd25823766d83dc1aac,0x00052f4b152f55d68dc811c463d71620c645d53c,Reental-SMA-2
0x04a26bdfca989f3e868e02a8d12f151696d9f8c2bd2b1be56351f265a32a675e,0xaca38d593f7775334fa1b84a865f19396f62f760,1.0,0xeb4ea3b80a787863c729fc6c28b68c64a5a27089,0x00052f4b152f55d68dc811c463d71620c645d53c,Reental-MLG-6
0xf4a0f06bdb8d6823f34bea1119d431c66e034a72d4ac0ec98790a68be37093c3,0x3b7455335fc7c3839167ed8fc173405908ffdf15,0.5,0xd73d0b5775caf7ff914d8643bc31bbfb1db2f3c6,0x00052f4b152f55d68dc811c463d71620c645d53c,Reental-TLM-2
0xe84678b8e0700455a8f07e73735cf231c9aaa9f70f30ff1f475b6acc5cd34fda,0x1998bc7570ae301154e0c3017acbb200b87ad1af,1.0,0x00052f4b152f55d68dc811c463d71620c645d53c,0x8b064b79f1f26009e2b1e35ae8e55eb04d5bec6c,Reental-IDX-1
0x7413b5d2c5f64308f08bdcb907c938d690374be958a632422a349fdb5158c866,0x7aa21fabd73e8d3aa5d5c5994af6b62cfcea3fe4,1.0,0x049967c7d41f1c9b65fad17988700a534eb75bf0,0x00052f4b152f55d68dc811c463d71620c645d53c,Reental-SHL-1
0x6d7d9bceb45a2eafb52be81f2dbbbe93839135c19830b7b476d0f820ff2d5c6b,0x1998bc7570ae301154e0c3017acbb200b87ad1af,0.99940892,0x00052f4b152f55d68dc811c463d71620c645d53c,0x597b0a5affb28059f315f6dfca6c67d365514a01,Reental-IDX-1
0xe5f90ac31a956d32e677755499eb36f0149856b5130a01da701cd4546f0925dd,0xac6b91d535bdedb731045ed823d2a6c3ad5b5177,0.00235405,0xd7c29b7bdff2e120af60efbbdd420b576abd3a72,0x00052f4b152f55d68dc811c463d71620c645d53c,Reental-OVD-1
0x981df24df098e3fcc9070eb02a22217ea6c7202ebd09014b3edd48bf47c6c8ba,0xaca38d593f7775334fa1b84a865f19396f62f760,0.11005984,0xb222b61c259e22546bfe9edd0b4eecc73aec3cf9,0x00052f4b152f55d68dc811c463d71620c645d53c,Reental-MLG-6
0xc9e289fc422136ec60ee1cf351ad0359325282cbec208a6bc180feb0c494ebe1,0x68f73061bdf369c2562f4c0ea4e940f362d1a97f,1.0,0xfb8482d3a050b09d9dd3d3fb44e858864ef649f8,0x00052f4b152f55d68dc811c463d71620c645d53c,Reental-ATL-1
0x0378e7e17937479385a8e5eed08f5f2a9eb6d6d9ba3438756bde0a32a390706b,0x7aa21fabd73e8d3aa5d5c5994af6b62cfcea3fe4,0.5,0x00052f4b152f55d68dc811c463d71620c645d53c,0xb64fbeef6b52207a4648308c56b84432b16e9b0f,Reental-SHL-1
0xb61d76e7390c6dd02691915627323957c330224e37ca1da05aa993e474b96b8a,0x9c09c8525c5baa3b254cb0a60d3565cfbd5c9f28,1.5,0xd73d0b5775caf7ff914d8643bc31bbfb1db2f3c6,0x00052f4b152f55d68dc811c463d71620c645d53c,Reental-JAX-3
0xc897138c1d00765a5da1ce9495a6592fb9bb47acde6da1f2c9dd2b045fa50306,0x9c09c8525c5baa3b254cb0a60d3565cfbd5c9f28,0.5,0x00052f4b152f55d68dc811c463d71620c645d53c,0x05e74a03af1b3c9ea1cd7569bffe2a26ed33b373,Reental-JAX-3
0x7e495bf32f2ae97c0d1cffca58f179c960e4339793eaa43c0144c9ffd02b157c,0xb5a1a4f29b7376c091d6f4c7689be4b7cd5a6d98,0.39678942,0x289d2e28b4bfa10199895b8cd055de76b11d0333,0x00052f4b152f55d68dc811c463d71620c645d53c,Reental-VLC-6
0x2e7b6e1f88304e10dd8d79ba2628a7cce455c9e741b4cf51e7501900a9ba5d14,0xcc4c1ce8d335bd40a0acf17b9ab08c030cc299aa,0.5,0x00052f4b152f55d68dc811c463d71620c645d53c,0xb64fbeef6b52207a4648308c56b84432b16e9b0f,Reental-PRO-100
0xee4bf40311fc9fcc6f21b1cbe69ff54ae437b106216794a7cc338712be3118bd,0x6da0652a8481a774f5164612ab0ab18f105ad243,0.42489697,0xce89063272ecce1cda2086670ff94cbc690b8f5f,0x00052f4b152f55d68dc811c463d71620c645d53c,Reental-CLVM-1
0xb61c26a8e5aafff3b8cdb8750b88a0979460bf48bdec74a73263e0cbeec14c07,0x68f73061bdf369c2562f4c0ea4e940f362d1a97f,0.5,0x00052f4b152f55d68dc811c463d71620c645d53c,0x05e74a03af1b3c9ea1cd7569bffe2a26ed33b373,Reental-ATL-1
0xa7fdd8f414fdd0fcfce98470b0883e88cbbc6baddd988b70daa7ee73d8e14f70,0x9c09c8525c5baa3b254cb0a60d3565cfbd5c9f28,0.5,0x00052f4b152f55d68dc811c463d71620c645d53c,0x05e74a03af1b3c9ea1cd7569bffe2a26ed33b373,Reental-JAX-3
0xdd4282699abbb25c7eaa64998842761c320da0060c9cffa7b92a647f8bb5d6c2,0x7469b9381bfa8a34bef9dfaad03d75f60947f957,1.0,0xce89063272ecce1cda2086670ff94cbc690b8f5f,0x00052f4b152f55d68dc811c463d71620c645d53c,Reental-CDP-3
0x27b8c2155d4f0c68811b0ef96d7616f178fc6cd633ef0738f43d5cbc15fcb320,0x7469b9381bfa8a34bef9dfaad03d75f60947f957,0.5,0x00052f4b152f55d68dc811c463d71620c645d53c,0x07f29c066602d8ac46b69aa242a628650cc9a56f,Reental-CDP-3
0xd0191970bf99702272b4e01522dd6af8738fc8b1dfdf0af5c0a47ac1caa83b57,0xaca38d593f7775334fa1b84a865f19396f62f760,0.13003961,0x8941000c7fc78672c65fb44fb9d230f3a98b5388,0x000fc7a776db40b9a932db0143fde98350c46009,Reental-MLG-6
0xf3ece4b267fb1e1c6657d7cacd58e923912a12d7b5c33e97e0459b2f30683796,0x454c0841a409b1752a6cf51fa8ed2fd28a6291c6,1.0,0x001b419f09b1da9886f9290c25ad66887a374181,0xc0896e0e56d45b3c6d3444bff507adf6f15ee068,Reental-RDO-2
0x88868e54b9a2483e356298f3f2d04af66694d39ad793ba0e5b4e7e9bff902166,0xe7d35f9248ea53943765928c0d9dc027a0129f28,1.01,0xbe0c2ea5dc44da6ad45469ad1a1c8a4ad1ef898f,0x001b419f09b1da9886f9290c25ad66887a374181,Reental-MLG-3
0x801b9f823e7b52ba286efabc8ab67b22f697b58193f339d99f8165c46c1834a3,0x820380fea111509a38297fa2971eee5b41a5aeca,0.1,0x001b419f09b1da9886f9290c25ad66887a374181,0xcd85a5512f7d6ecb2d60256f9975b5f52617db57,Reental-RDO-3
0xb10894ef6ad0be45ed1cd57c2ab086e00acefe69fa1fa91d229693ea709c31d6,0x454c0841a409b1752a6cf51fa8ed2fd28a6291c6,2.0,0x001b419f09b1da9886f9290c25ad66887a374181,0xf946b798367fdf5afd05d94ed4f1185cbead1788,Reental-RDO-2
0xa7d7df78475fdb47127fc34e42f72f4b1a66d4c11f329d57fbd770059b04e1c8,0x33be67454ae817337db15877fd4106c5cd5206c5,1.94,0x0cb29d82f3631b457cf4fd8bb4c616256097c9a4,0x001b419f09b1da9886f9290c25ad66887a374181,Reental-MLG-5
0x331e866ae0d87fb02117688e9402cdd955e808689ae4a0e264432f8484d1dc95,0x3b7455335fc7c3839167ed8fc173405908ffdf15,3.0,0x0cb29d82f3631b457cf4fd8bb4c616256097c9a4,0x001b419f09b1da9886f9290c25ad66887a374181,Reental-TLM-2
0xed40997112f142325a06acba32065f64c3eb7ba4e8a5b56a9fd8f8b0d0b59ea5,0xfd0ea97747f7b1a53ec59ef5001616cde3aead3e,3.0,0x0cb29d82f3631b457cf4fd8bb4c616256097c9a4,0x001b419f09b1da9886f9290c25ad66887a374181,Reental-CLVM-2
0x39386fd16ce5a358ff6517eaaf2e98a08196797df417429743babb4066755f3a,0x6da0652a8481a774f5164612ab0ab18f105ad243,3.0,0x0cb29d82f3631b457cf4fd8bb4c616256097c9a4,0x001b419f09b1da9886f9290c25ad66887a374181,Reental-CLVM-1
0xeef066a6849799fee5c1556dcceac24bfc5f6f6fd1b7b5787230b420653f9fcb,0xfd0ea97747f7b1a53ec59ef5001616cde3aead3e,5.0,0x001b419f09b1da9886f9290c25ad66887a374181,0xb64fbeef6b52207a4648308c56b84432b16e9b0f,Reental-CLVM-2
0x7c83c1a995ad64080fe47efe79688610f7d5a378ed3de4bd610834790529857e,0xb0825e7a4093d21ed076883f8aca33300631291e,1.8,0x99b6b6f3d833d41cf50c9dc24c1c954e4124bef6,0x001b419f09b1da9886f9290c25ad66887a374181,Reental-MIA-3
0x954d2091924e89c70f26c3c560946ade49cdb1a89970e8c738f88992bfbb7f0c,0x3b7455335fc7c3839167ed8fc173405908ffdf15,3.0,0x99b6b6f3d833d41cf50c9dc24c1c954e4124bef6,0x001b419f09b1da9886f9290c25ad66887a374181,Reental-TLM-2
0x04d29a0ba4c555997366c276199daaf1f35f2e187017b5846f81048d275c744f,0x3b7455335fc7c3839167ed8fc173405908ffdf15,3.0,0x99b6b6f3d833d41cf50c9dc24c1c954e4124bef6,0x001b419f09b1da9886f9290c25ad66887a374181,Reental-TLM-2
0x0e5e260605d6cbcd9ee438a6f0a7901a5d0919922620a3256e46935ccf4794a5,0x3b7455335fc7c3839167ed8fc173405908ffdf15,2.0,0x99b6b6f3d833d41cf50c9dc24c1c954e4124bef6,0x001b419f09b1da9886f9290c25ad66887a374181,Reental-TLM-2
0x34ba5590e09b7b50367a52aa2c94fdeba415e9253f5fdf5e3d28814528be8e66,0x9c09c8525c5baa3b254cb0a60d3565cfbd5c9f28,2.0,0x3903f6e74c9c6eb235e22efe48001058fbbe2e4c,0x001b419f09b1da9886f9290c25ad66887a374181,Reental-JAX-3
0xbfe9ee86c76d35b287cd59afe13ae4cd727c5fb2f0dad3fad5c5d7e5b1af4b3d,0x6da0652a8481a774f5164612ab0ab18f105ad243,3.0,0x001b419f09b1da9886f9290c25ad66887a374181,0xb64fbeef6b52207a4648308c56b84432b16e9b0f,Reental-CLVM-1
0xc485e123f54851068b72993f38e860e612581fd37301e8e26d2f7b803a6b1200,0xf1ec7e14489683babdb9299e5f9908d19a8759dc,5.0,0x537f6350c88ca065223ecf87558b326b9a524d3c,0x001b419f09b1da9886f9290c25ad66887a374181,Reental-MIA-2
0xefa791889338c14601624f5875b50f549b589cf372f621da2be2335eda5de6c0,0xf1ec7e14489683babdb9299e5f9908d19a8759dc,2.0,0x99b6b6f3d833d41cf50c9dc24c1c954e4124bef6,0x001b419f09b1da9886f9290c25ad66887a374181,Reental-MIA-2
0x65767a8f127dbd47d532845c2f38eeb72dbe4a6d36fffe149f2519dada36fa20,0xca53dd67cfa553d9e31c377602fb217dff9eadff,2.0,0x985702fb3c75a0f45412dbc1937195c28042d92b,0x001b419f09b1da9886f9290c25ad66887a374181,Reental-SMA-2
0x774673b14ebf654f156fe71e1ed6278dfcf356ab6a83f32bdcaa9f30bdeef1b7,0x33be67454ae817337db15877fd4106c5cd5206c5,2.0,0x38e3ef7221ceb42a6f6b1e91d63caefcdf71eca0,0x001b419f09b1da9886f9290c25ad66887a374181,Reental-MLG-5
0x04919fda6bc804d425bebbc9b061eb7321e7296087c783b03057a4bedda3c990,0x820380fea111509a38297fa2971eee5b41a5aeca,2.67,0x88102fba6595f2f5b33f42e7a86ef82cf12ea9f3,0x001b419f09b1da9886f9290c25ad66887a374181,Reental-RDO-3
0xc77f91fed146bf930d01a7b53d78cde00eb5a98824c8aaec3454e4a63bb040a2,0x33be67454ae817337db15877fd4106c5cd5206c5,1.0,0x7a35f2d919948df188237c4a92acf2c5c642899f,0x001b419f09b1da9886f9290c25ad66887a374181,Reental-MLG-5
0x45b7a8f0fc9f2c8289e95100aea1f4ea9707486c3cc431caaea67a0ad9ee7094,0xac6b91d535bdedb731045ed823d2a6c3ad5b5177,2.96,0xd7c29b7bdff2e120af60efbbdd420b576abd3a72,0x001b419f09b1da9886f9290c25ad66887a374181,Reental-OVD-1
0xf247160536cf4014066e5c167ac0780b8b8fe049bd888c7303d0b9f3e58f3b97,0x820380fea111509a38297fa2971eee5b41a5aeca,1.0,0x001b419f09b1da9886f9290c25ad66887a374181,0x3154a6d051ec14bd7c76006e6e7ad83f482a5538,Reental-RDO-3
0xe126d6ad41a6ae1756ce58901398767c7288d7a4d021cf183385cb0b83880c70,0x6da0652a8481a774f5164612ab0ab18f105ad243,1.0,0xba4b31472128d6c90b1f259e43f24f3b90c04444,0x001b419f09b1da9886f9290c25ad66887a374181,Reental-CLVM-1
0xe2b0caff7979354a0a2fbccf3f0e234eb2706a0111d6ae1d7f3c064a72dd6a0f,0xfd0ea97747f7b1a53ec59ef5001616cde3aead3e,3.0,0x001b419f09b1da9886f9290c25ad66887a374181,0x3903f6e74c9c6eb235e22efe48001058fbbe2e4c,Reental-CLVM-2
0x8764e79faa8481c366ca24425f30afa6271f229e12d0d3d1dcc27f0069669767,0x6da0652a8481a774f5164612ab0ab18f105ad243,1.0,0x001b419f09b1da9886f9290c25ad66887a374181,0xdf50cbf0ea828d6d3fb7b59f905a56ec64d5036d,Reental-CLVM-1
0x48360a269f992ac6371966b1e44a301942b03b95407c59d69043fbb5286d5b8e,0xaca38d593f7775334fa1b84a865f19396f62f760,0.5,0x001b419f09b1da9886f9290c25ad66887a374181,0x1015b4011043843560ea01d7d1cd7ff0c7f52493,Reental-MLG-6
0x0ddf20b32d2091c327ccd45d2f5f5bbb2b68c0ff53431d786fc3aad475ef0e2e,0xaca38d593f7775334fa1b84a865f19396f62f760,0.1217424,0x81e84dc4214ae61ba4a75403117bb6ff229c6e9e,0x001b419f09b1da9886f9290c25ad66887a374181,Reental-MLG-6
0xdb142338799584ec0e465acffa57d7f171d8b250f97bfd7ab783c847a4ccb599,0xaca38d593f7775334fa1b84a865f19396f62f760,1.0,0x001b419f09b1da9886f9290c25ad66887a374181,0x6332931191fb4d7266d6bddbae9fb8850746d8d8,Reental-MLG-6
0x2482376deebe1109f3b7330ac2658501b6f5058cfa2fbc69948ce48dfe722ba3,0x33be67454ae817337db15877fd4106c5cd5206c5,1.36005146,0x001b419f09b1da9886f9290c25ad66887a374181,0x6332931191fb4d7266d6bddbae9fb8850746d8d8,Reental-MLG-5
0x27f04c502bd2131d2c9a3b3ac7a4f9cb374eec64b9a5c00caf8c936428170b60,0x33be67454ae817337db15877fd4106c5cd5206c5,2.0,0x001b419f09b1da9886f9290c25ad66887a374181,0xaf72ab45ecc69cfbcebddc32f778713efb1751b6,Reental-MLG-5
0xea1135b9de95b9ac770bee787490567b88567705e6738c8b6a8aba185576cd1a,0xac6b91d535bdedb731045ed823d2a6c3ad5b5177,2.96,0x001b419f09b1da9886f9290c25ad66887a374181,0x30224e3655596370677cf48bd61d01391cb9407a,Reental-OVD-1
0xddf106b3dfd1e91e9e50e48f0bb1bcd47840fba912a6598136939e2b80443b8e,0xf1ec7e14489683babdb9299e5f9908d19a8759dc,2.0,0x99b6b6f3d833d41cf50c9dc24c1c954e4124bef6,0x001b419f09b1da9886f9290c25ad66887a374181,Reental-MIA-2
0x25596dc11a91aece4d2db112834f3274749faad026469a026b1296dc9bea7e97,0x9c09c8525c5baa3b254cb0a60d3565cfbd5c9f28,2.0,0x001b419f09b1da9886f9290c25ad66887a374181,0xd4ac195ea4e3e236e11fd553e82b3d11e358ed69,Reental-JAX-3
0xe11a58475b54e23d4efa2e10da755ca8548531295f8e2843d3fda49c5fa8a05e,0x3b7455335fc7c3839167ed8fc173405908ffdf15,1.0,0x001b419f09b1da9886f9290c25ad66887a374181,0x90d5f0db43c5f0be2849097c0cd2afaec66356e8,Reental-TLM-2
0xde78c1fefce5079e9c8c9901ec63ac7fa29e898493a557c09b874a7d83083139,0x454c0841a409b1752a6cf51fa8ed2fd28a6291c6,1.23609308,0x001b419f09b1da9886f9290c25ad66887a374181,0xc0896e0e56d45b3c6d3444bff507adf6f15ee068,Reental-RDO-2
0x4f7affeafac40f4b9de7abcbc60164811a19e973c3cfdd79e59dfe69e79a9e8b,0x33be67454ae817337db15877fd4106c5cd5206c5,4.0,0x001b419f09b1da9886f9290c25ad66887a374181,0x35add79c62fdd05932a61c35b96905ca175f0030,Reental-MLG-5
0xf13f74625b9616bdb35b9105b761476e059e9de158424c7e7c7a6140d4caa650,0x3b7455335fc7c3839167ed8fc173405908ffdf15,1.0085,0x001b419f09b1da9886f9290c25ad66887a374181,0xc0896e0e56d45b3c6d3444bff507adf6f15ee068,Reental-TLM-2
0xe5d77b093409f0a2c42df1df007d049ed64339bfce0992aec27f1f05dc37fce4,0xca53dd67cfa553d9e31c377602fb217dff9eadff,2.0,0x001b419f09b1da9886f9290c25ad66887a374181,0xb54d1ee3859a24789d931962b7313bb2a2529785,Reental-SMA-2
0xdd3a601ea6946129911cb0aa1ace1636da50b89302fdd58a062004eebdca90fc,0x820380fea111509a38297fa2971eee5b41a5aeca,13.568,0x001b419f09b1da9886f9290c25ad66887a374181,0x1155e01a8b5eadb437987b28552a8aebe6d45292,Reental-RDO-3
0xf2586ef0a7c0e62077560827017ee79ea1d0f2a5bf46178101eb8a79d98feb55,0x60b3d1920b31da1eedc4e2065ebb7a43a1690113,10.0,0x64f9c8144e8c8faf1743911ebe5f0ae0e3c8a3cd,0x001b419f09b1da9886f9290c25ad66887a374181,Reental-TLM-1
0xed9e2d8590edffdd96bbf0ebd3ff1d3bbec1d96b16c9d81d7bcff8cac9d28665,0x454c0841a409b1752a6cf51fa8ed2fd28a6291c6,1.0,0x001b419f09b1da9886f9290c25ad66887a374181,0xc0896e0e56d45b3c6d3444bff507adf6f15ee068,Reental-RDO-2
0x93e1518bef4d97e079a6bb31862f074a5b52aa026a5e8bbb27e1d93113b2505f,0x820380fea111509a38297fa2971eee5b41a5aeca,1.0,0x001b419f09b1da9886f9290c25ad66887a374181,0x3323939ed80361335e661ac3db104b3ba17c323a,Reental-RDO-3
0x189e0aa204ba617395ff71f3253b09d1089ec6351dcf3481e722ba6d9da1a0d3,0x454c0841a409b1752a6cf51fa8ed2fd28a6291c6,1.0,0x001b419f09b1da9886f9290c25ad66887a374181,0xc0896e0e56d45b3c6d3444bff507adf6f15ee068,Reental-RDO-2
0x95318bc04d64d2b78782e888c0e2025cfb8d4f52d47260d7492f57acc76ba998,0x33be67454ae817337db15877fd4106c5cd5206c5,1.0,0x001b419f09b1da9886f9290c25ad66887a374181,0x1b6e484f4130abb2054b7d05b332d9affbec3b81,Reental-MLG-5
0xc530c626264b6b8cb9c8c57f9badbe7602f2e517c87479330291be87c560827b,0x454c0841a409b1752a6cf51fa8ed2fd28a6291c6,1.0,0x001b419f09b1da9886f9290c25ad66887a374181,0x60dee03e9ca48311121206cff81e5db217981871,Reental-RDO-2
0x7f6ee19690e4035e4f62d3101e519bea132fa8925bd8c45c96a4bb1da9f7fdae,0x454c0841a409b1752a6cf51fa8ed2fd28a6291c6,1.0,0x001b419f09b1da9886f9290c25ad66887a374181,0xc0896e0e56d45b3c6d3444bff507adf6f15ee068,Reental-RDO-2
0x7213e1b8700fa96435f40364b5aacd843c92b8633929f16acb5fe279e69e5435,0x3b7455335fc7c3839167ed8fc173405908ffdf15,6.60033476,0x3275a41a620de29201b26e60b7306e060e806457,0x001b419f09b1da9886f9290c25ad66887a374181,Reental-TLM-2
0xc4a1f435202d0afda0516868577311157017d9728a23a9fb271e87371df0acf0,0x2f1026ff5bd94232050364c81d61a2d15e147209,1.0,0x001b419f09b1da9886f9290c25ad66887a374181,0xc0896e0e56d45b3c6d3444bff507adf6f15ee068,Reental-MIA-1
0x0293bb8115aa16e15367627afd16b57d7036697c4b2719589da78dabfbbda377,0xb7632e6fa54b05846cf20ec3570c6dc948b7a72f,4.98,0x001b419f09b1da9886f9290c25ad66887a374181,0x210de01bb7d9ef70e8b9452ad4e922cc92c70c6f,Reental-ONDA-1
0xe299ac8cd2dcb291178b254ff3feeaffd8d35a6aface12348346929f4448b0b8,0xe7d35f9248ea53943765928c0d9dc027a0129f28,6.83893553,0x001b419f09b1da9886f9290c25ad66887a374181,0x7d1306d880b437da49644245ca0e33caddeb1a78,Reental-MLG-3
0x42d1a87b70f84016045830fff3f0b99b3b91398c8541a98648e6c8c2ef50c5cc,0x3b7455335fc7c3839167ed8fc173405908ffdf15,1.0,0x001b419f09b1da9886f9290c25ad66887a374181,0x7d1306d880b437da49644245ca0e33caddeb1a78,Reental-TLM-2
0xf4a7d1cc69c9e85e47acad6405cb936a5ab193d569fb095db0813fcd4ad57aa8,0x820380fea111509a38297fa2971eee5b41a5aeca,5.0,0x001b419f09b1da9886f9290c25ad66887a374181,0xb16835315cc5e0f0279688b8cdaa80f99123fdb8,Reental-RDO-3
0xa6b6a80c45ee35e564b662b95ce5d65f60f4026545524d0001104f90720ffc00,0x3b7455335fc7c3839167ed8fc173405908ffdf15,1.0,0x6107da77b7e200de44af71de2e6dbd5faddfcc8c,0x001b419f09b1da9886f9290c25ad66887a374181,Reental-TLM-2
0xb48d0cb41ee76e25211f098cc0d37c4f2abc81c969cdd37176427c8973717531,0x9626bb1cd5536c2a3acc5c0cd98a589d9ea31638,1.88002732,0x3e60bc6f8d814ee1c8e53e0e9bdf11259f6d9e03,0x001b419f09b1da9886f9290c25ad66887a374181,Reental-CDP-2
0x6c5f2a69aab3997cc991f422fb2f1a8f0eb2a754691df8ce70b09ab050262b66,0x55fe4ba4f47410802fb84f2d635098dade71e551,2.23540479,0x3e60bc6f8d814ee1c8e53e0e9bdf11259f6d9e03,0x001b419f09b1da9886f9290c25ad66887a374181,Reental-OND-2
0x5b2dc6f3f8075426b1add1a490ab58f6f7cb5339d3e09989704f96ee98e623de,0x33be67454ae817337db15877fd4106c5cd5206c5,3.0,0x001b419f09b1da9886f9290c25ad66887a374181,0xf4baf08aee50b3ff26ee76334e8d25d08bdf719f,Reental-MLG-5
0xc176b5cfcefe242f6c4203737df23a19443c999ccdbcbd4d6abb5f52734e926b,0xa1bf01d5fdb5ae190853f49585eea6c910eb8937,0.00368296,0x001b419f09b1da9886f9290c25ad66887a374181,0xcd85a5512f7d6ecb2d60256f9975b5f52617db57,Reental-SVQ-4
0x6e37523952a0609560d9d96c359e6bf11178cc8665c97d3771b61ee346aff5e6,0xfd81b5f560700652b1bf73e26662ec4df1469ae3,0.00503019,0x001b419f09b1da9886f9290c25ad66887a374181,0xcd85a5512f7d6ecb2d60256f9975b5f52617db57,Reental-SVQ-5
0x97e905569f32079a88813388414e021e1e0719f65d84a7810ea9ea99a8e6043b,0xfc5e219788a953ad8e71c3b7cb9484695e7f028e,0.00520706,0x001b419f09b1da9886f9290c25ad66887a374181,0xcd85a5512f7d6ecb2d60256f9975b5f52617db57,Reental-SVQ-6
0x926f643ad7deec6d70923de92ca382dbc372aa6e4d1095658b20b4639963a0e3,0x00201c8a6a9fe002423774d505e82f4f9d7b6c62,0.96907105,0x001b419f09b1da9886f9290c25ad66887a374181,0xf4baf08aee50b3ff26ee76334e8d25d08bdf719f,Reental-PUZ-1
0xde933261703712bcb27bc0cdb6d8a368fe3aa74673439e6108b73c34234f13db,0x820380fea111509a38297fa2971eee5b41a5aeca,1.0,0x001b419f09b1da9886f9290c25ad66887a374181,0x58523dfd74b30d6f9230e782674bb438bcfd8622,Reental-RDO-3
0x63598ff225293e827dce6a68d5bc3aeeb918fd8c515acfc80132e14e491aae7a,0x820380fea111509a38297fa2971eee5b41a5aeca,5.0,0x001b419f09b1da9886f9290c25ad66887a374181,0xf946b798367fdf5afd05d94ed4f1185cbead1788,Reental-RDO-3
0x5aad1a0d016ff91f6cb92e18b734e8c6e985a7e347568219357c46f35764295a,0x454c0841a409b1752a6cf51fa8ed2fd28a6291c6,5.0,0x001b419f09b1da9886f9290c25ad66887a374181,0xf946b798367fdf5afd05d94ed4f1185cbead1788,Reental-RDO-2
0x5bbe1f5cf064879347aba768e968e3c0508877c942f56b487cebb103486685ae,0x33be67454ae817337db15877fd4106c5cd5206c5,5.0,0x001b419f09b1da9886f9290c25ad66887a374181,0xef3c5eadc37eedf181bedf8dd7484f4c169c3d53,Reental-MLG-5
0xde26cafeb960c745a5be86976e05f1e68f5e978e3175bb8e70357d7c9240df9c,0x820380fea111509a38297fa2971eee5b41a5aeca,3.0,0x001b419f09b1da9886f9290c25ad66887a374181,0x1155e01a8b5eadb437987b28552a8aebe6d45292,Reental-RDO-3
0xe2069539e67279d74855ad6918d5cb4823f0f6ae0edb348393195c9173f91a5b,0x820380fea111509a38297fa2971eee5b41a5aeca,1.0,0x001b419f09b1da9886f9290c25ad66887a374181,0x2b80a70d2431794b953ebbff1b976f8ab6cf10d3,Reental-RDO-3
0xbf97bb834df49be1b45d7f617cca54d31cb97d6eb28b34cc79ee1cc49c64e400,0x820380fea111509a38297fa2971eee5b41a5aeca,10.0,0x001b419f09b1da9886f9290c25ad66887a374181,0x1155e01a8b5eadb437987b28552a8aebe6d45292,Reental-RDO-3
0xe4c6c7b2fede60c1b2cce05db4dce9106946ee6749fc2104d9eea6e87d5afa78,0x33be67454ae817337db15877fd4106c5cd5206c5,3.0,0x001b419f09b1da9886f9290c25ad66887a374181,0xef3c5eadc37eedf181bedf8dd7484f4c169c3d53,Reental-MLG-5
0x082552f9d8ec271b5a4a59a99153fe9159f3744aa6d2f50424c05eb0b5e661d5,0xaca38d593f7775334fa1b84a865f19396f62f760,0.8318488,0x001b419f09b1da9886f9290c25ad66887a374181,0x5f86529e7d7d248f7d84854c45777db0e23ac7d0,Reental-MLG-6
0x2e5e64eddc26cca4200c5c4b48a6be11b8de0e8ca2a3bd414db1bef2163dc2c6,0xaca38d593f7775334fa1b84a865f19396f62f760,2.0,0x001b419f09b1da9886f9290c25ad66887a374181,0xf4baf08aee50b3ff26ee76334e8d25d08bdf719f,Reental-MLG-6
0xffe859808e3b2e18253de8a54a506dddead94c504cb2acdccfd4ff62d7977506,0xaca38d593f7775334fa1b84a865f19396f62f760,6.0,0x001b419f09b1da9886f9290c25ad66887a374181,0xa75ef832099e1374635ad44ae64bfa0326a8fc0b,Reental-MLG-6
0xbb17bdbff39bfc12008fcdf71901416a8e5aab4ebe39d6ff6c77be3703b991ee,0x33be67454ae817337db15877fd4106c5cd5206c5,5.57994854,0x001b419f09b1da9886f9290c25ad66887a374181,0x35add79c62fdd05932a61c35b96905ca175f0030,Reental-MLG-5
0x7af2f5e33d8c63660bea5517c8d42e5880b182e03c84e4675c1c00783494d5b9,0x3b7455335fc7c3839167ed8fc173405908ffdf15,1.60033476,0x001b419f09b1da9886f9290c25ad66887a374181,0x4ea686d768703965dbf537ffc4ab04047a83c1d0,Reental-TLM-2
0x6ca103015a300086a816bd6b9d9689b7036e6dbc25c84173834b5fa067da2cb4,0xf1ec7e14489683babdb9299e5f9908d19a8759dc,4.0,0x001b419f09b1da9886f9290c25ad66887a374181,0x2d5149d629a417b369c0c279fb52b93464601469,Reental-MIA-2
0x1124b2b0d9ad5c0d36b0fb58f9a79b9efb0306f3c69fb3bd664acc60209044c2,0x2f1026ff5bd94232050364c81d61a2d15e147209,5.0,0x001b419f09b1da9886f9290c25ad66887a374181,0xaa45ef704b487212613ebf77c5ffa3207810915d,Reental-MIA-1
0xa2b914259be19c4c1fccc510b2ffc212e568bcaf1923b7affa9b30e2e9d03cbd,0x7469b9381bfa8a34bef9dfaad03d75f60947f957,0.44113635,0x001b419f09b1da9886f9290c25ad66887a374181,0x6332931191fb4d7266d6bddbae9fb8850746d8d8,Reental-CDP-3
0xb22f8fa3bb009fa7498fc2371b02059b3d87ee9f77fc3fd17dadf4e6e357f509,0x60b3d1920b31da1eedc4e2065ebb7a43a1690113,1.0,0x6500dbb9da71f7646c4050c882c73dbd215c8a73,0x001b419f09b1da9886f9290c25ad66887a374181,Reental-TLM-1
0xdf6024308d11d96ca1906bcb7394aaf5ffb266d1e893f69ac34d437da9e7fae9,0x00201c8a6a9fe002423774d505e82f4f9d7b6c62,20.0,0x82952d2256eb2ab8d842167c4b5de2fd0bed0c9f,0x001b419f09b1da9886f9290c25ad66887a374181,Reental-PUZ-1
0x6fd6387b69ff9418259ee8345501e13e1e21632d851a1e789b43be866e886400,0x2f1026ff5bd94232050364c81d61a2d15e147209,14.0,0x001b419f09b1da9886f9290c25ad66887a374181,0xc3a8e0c76574defbba0d65994c7efa17182122dc,Reental-MIA-1
0x8b30aed1972e707a954f77fb2f491a5e30e51c77d552d8db3e25b0cf21c16883,0x820380fea111509a38297fa2971eee5b41a5aeca,4.0,0x001b419f09b1da9886f9290c25ad66887a374181,0xc3a8e0c76574defbba0d65994c7efa17182122dc,Reental-RDO-3
0x993e5b3dff310cf27881f23c0c72a9912e4c5e48d240b1c2d6c5b7e698a75883,0x3b7455335fc7c3839167ed8fc173405908ffdf15,5.0,0x001b419f09b1da9886f9290c25ad66887a374181,0xb54d1ee3859a24789d931962b7313bb2a2529785,Reental-TLM-2
0x16430f6e86ea98842b77a493d210cf9429f060fb84a803d87e274dab184ebba4,0xaca38d593f7775334fa1b84a865f19396f62f760,5.93430568,0x9f94eb8ae902abb53a522988f46a02e5400c8331,0x001b419f09b1da9886f9290c25ad66887a374181,Reental-MLG-6
0x084ed7bcdbb8c4b6bd10b7b2e7e2da26b60a6e023c2665883ec8eb6e26fd30dc,0x3b7455335fc7c3839167ed8fc173405908ffdf15,2.66599628,0x0cb29d82f3631b457cf4fd8bb4c616256097c9a4,0x001b419f09b1da9886f9290c25ad66887a374181,Reental-TLM-2
0x0ab0011aef03563fa83e9795890484841e912447c8e966a11bcb617f8edf3e9f,0xe7d35f9248ea53943765928c0d9dc027a0129f28,2.0,0x1015b4011043843560ea01d7d1cd7ff0c7f52493,0x001b419f09b1da9886f9290c25ad66887a374181,Reental-MLG-3
0x2429febfa62bb6caf36ecca8dbfc79d5fcc8492eb85cc3253f0249e5f6daa6e2,0x7469b9381bfa8a34bef9dfaad03d75f60947f957,25.0,0xf9c3fa98e7c685ff7964b7a297a7a22cb88eef19,0x001b419f09b1da9886f9290c25ad66887a374181,Reental-CDP-3
0x74fd749686020dba6ea1086599b16394eb653628d08f10fad672bcdd003234dc,0x4adaee2dae690cf8f3915f1c1963f16d239c5e11,30.0,0xde17c80961aa748f4e61a5b2ee612c7dbb4cd0c7,0x001b419f09b1da9886f9290c25ad66887a374181,Reental-MRB-1
0x177a157ead52cf96499894d1cf3836ab24f9a5e4bda976ddaf1384898a75c739,0x7469b9381bfa8a34bef9dfaad03d75f60947f957,5.0,0xce89063272ecce1cda2086670ff94cbc690b8f5f,0x001b419f09b1da9886f9290c25ad66887a374181,Reental-CDP-3
0x4c937883c454a35b1ab095959a42ee96f2cb7282fbf6bff12670f53a4f7118de,0x7f6b82381bce03e7cf6af2fb1dcd41993406d4ae,3.7442,0xce89063272ecce1cda2086670ff94cbc690b8f5f,0x001b419f09b1da9886f9290c25ad66887a374181,Reental-MLG-2
0x303b0079c082fb50e5cd204044c96353055c344cda1dd28eec0302f43452d5b2,0xe7d35f9248ea53943765928c0d9dc027a0129f28,10.0,0xba31fa71441f47e712eedf2ce973a5e552317af3,0x001b419f09b1da9886f9290c25ad66887a374181,Reental-MLG-3
0x1b817b438fbcf85fb52ba798608411e8fd3c3bcb4c9599f32701cada4dfb919c,0xfd0ea97747f7b1a53ec59ef5001616cde3aead3e,8.8,0x99b902d4b63d9703a1357d16f1e24c635c3c2c62,0x001b419f09b1da9886f9290c25ad66887a374181,Reental-CLVM-2
0x630b5d88d66ff67dc2d7a17852a1da59496770383e8de5f1cd71a7ef69b195d5,0x2f1026ff5bd94232050364c81d61a2d15e147209,5.0,0xc0896e0e56d45b3c6d3444bff507adf6f15ee068,0x001b419f09b1da9886f9290c25ad66887a374181,Reental-MIA-1
0xa68886c326d8b82e86036755d593bb0563a95e78dde0737bd4b711aaebc6aa7e,0x9c09c8525c5baa3b254cb0a60d3565cfbd5c9f28,5.0988321,0x29f75cf7db0e8a711ee1345fc4606d376812b0b7,0x001b419f09b1da9886f9290c25ad66887a374181,Reental-JAX-3
0x304222e1d8783c18747efedadbd1b68f480e2aa3f5c63e737d69569f8dd2d3de,0x18bb9840fd7185c0589ca5fb81a32e3e2d0f2676,10.0,0xe0ac42deb4179f36da21abff215fabe973aedc58,0x001b419f09b1da9886f9290c25ad66887a374181,Reental-OPO-1
0x94f4aeb0b0d323d929098f9daeeeed05c7f5586519019ace549bbe7b7f4dbbde,0xfd0ea97747f7b1a53ec59ef5001616cde3aead3e,8.0,0xb222b61c259e22546bfe9edd0b4eecc73aec3cf9,0x001b419f09b1da9886f9290c25ad66887a374181,Reental-CLVM-2
0x6bde68918b639c5a95e5c4c521807be6591105e78ad315dc1e8e17b724d4a49b,0xe7d35f9248ea53943765928c0d9dc027a0129f28,5.0,0xb222b61c259e22546bfe9edd0b4eecc73aec3cf9,0x001b419f09b1da9886f9290c25ad66887a374181,Reental-MLG-3
0xb178b2aa371c8bea8330856cbe2cb9ed9abc35f04a3c8bf07d9c7a06f0d5f16d,0x093984f85f980479172fb96982f79c418ac730f7,5.365,0xb222b61c259e22546bfe9edd0b4eecc73aec3cf9,0x001b419f09b1da9886f9290c25ad66887a374181,Reental-RDO-6
0xdda9bf1c51d077d6c5f337544d814d96fabdbd61432effc36de8a59c87826851,0x33be67454ae817337db15877fd4106c5cd5206c5,5.0,0x99b902d4b63d9703a1357d16f1e24c635c3c2c62,0x001b419f09b1da9886f9290c25ad66887a374181,Reental-MLG-5
0x20e869a1451845f0eb28862ba13397d0813bf936a671bb1ea63d1e5b22d0fc9c,0x4adaee2dae690cf8f3915f1c1963f16d239c5e11,1.0,0xf9c3fa98e7c685ff7964b7a297a7a22cb88eef19,0x001b419f09b1da9886f9290c25ad66887a374181,Reental-MRB-1
0x89c96ccb7ccf13f7dad56a0fcf6dabe5fc296eb61bf6fed200b0adb73029ed31,0xb45898179fe8de2818e3ff994559c60aa962e2af,1.0,0xf9c3fa98e7c685ff7964b7a297a7a22cb88eef19,0x001b419f09b1da9886f9290c25ad66887a374181,Reental-MLG-7
0xa0716f5a3b7d02ff9add39c746982e92ccd152f2d8cdc9f5b8edf14059bda9cf,0x2f1026ff5bd94232050364c81d61a2d15e147209,5.0,0xc0896e0e56d45b3c6d3444bff507adf6f15ee068,0x001b419f09b1da9886f9290c25ad66887a374181,Reental-MIA-1
0xbe2e0166b49952351a0d3416e9d04f336ab5320ed5f80c8f537530ce5835c215,0xa5f1c9a6567213fb7fa5511013ae3c9bb0b235a0,5.07,0xb222b61c259e22546bfe9edd0b4eecc73aec3cf9,0x001b419f09b1da9886f9290c25ad66887a374181,Reental-MAD-4
0x9c8e84b27b6a51a3594322a578cb4f8b8641817375094033d7d9a1bec0ec2ab5,0x33be67454ae817337db15877fd4106c5cd5206c5,3.0,0x86a8f2c6251b94e6ec9812225056392d5af723c0,0x001b419f09b1da9886f9290c25ad66887a374181,Reental-MLG-5
0x7898170e13f922a7e961b29129361529fd8f5d5c0449b7e0bcc52d8de190a145,0x33be67454ae817337db15877fd4106c5cd5206c5,1.0,0xd212a7c928b7a61460d67b96769bb8e38b4a4652,0x001b419f09b1da9886f9290c25ad66887a374181,Reental-MLG-5
0xfdcb98d16668e898ac1c33e9bf34d7dd5d36c959d60cba3792dccc4fede05f71,0xaca38d593f7775334fa1b84a865f19396f62f760,2.0,0x86a8f2c6251b94e6ec9812225056392d5af723c0,0x001b419f09b1da9886f9290c25ad66887a374181,Reental-MLG-6
0xb85aebe0ca78a1b1541f58a4a69246726a13839f309cd3145efb0848b7748a84,0xaca38d593f7775334fa1b84a865f19396f62f760,1.0,0x86a8f2c6251b94e6ec9812225056392d5af723c0,0x001b419f09b1da9886f9290c25ad66887a374181,Reental-MLG-6
0x571ee3a4a7177a87a80218a334fd557b9c98c0f422263bce5f3ae8ece51c8360,0xdfd7413a5d54d96312109a9d56b3bead8a786ff3,6.75415851,0xcfef84696c0df6b3f2fa6b780b21551241715f72,0x001b419f09b1da9886f9290c25ad66887a374181,Reental-LVT-2
0xc38443ccfbeaa848d1871aaa40fbd3c33df35062fcc9c4b8aa667ba296f3f06b,0xa5f1c9a6567213fb7fa5511013ae3c9bb0b235a0,4.99,0xb222b61c259e22546bfe9edd0b4eecc73aec3cf9,0x001b419f09b1da9886f9290c25ad66887a374181,Reental-MAD-4
0x8033de4d29c5824e0c88d8fc79aca8480cf2eb62622100143e68446ddc63b1ae,0x243e4bacc4b4d61b87816c945544286eb29125c6,0.15700102,0x2c58fb2d59eceb33aa40dcb09da2c5e2cc36bb07,0x001b419f09b1da9886f9290c25ad66887a374181,Reental-CME-1
0xb15e833231ff2f544be88c047cf7dff780056c4b22ff2c00c4b4063eb87b863e,0x8833890a36adb704bfc8bf3726a661395d27c0d7,0.13236151,0x2c58fb2d59eceb33aa40dcb09da2c5e2cc36bb07,0x001b419f09b1da9886f9290c25ad66887a374181,Reental-GRX-2
0x1ec3c3661746cb7d0e211ead301ad66853528fabe6fe3835b4c1d5fdba1b9416,0x7a7e4dd51d1ca1aa701b0eb76ba5f59cec2fbaa1,0.12519653,0x2c58fb2d59eceb33aa40dcb09da2c5e2cc36bb07,0x001b419f09b1da9886f9290c25ad66887a374181,Reental-MAD-3
0xc843f001221e2ec0a8fe4e612f8455fca662605ff2141264762d414718ed3d1c,0xaca38d593f7775334fa1b84a865f19396f62f760,0.21213614,0x2c58fb2d59eceb33aa40dcb09da2c5e2cc36bb07,0x001b419f09b1da9886f9290c25ad66887a374181,Reental-MLG-6
0xed81d807b3865e990c5f986fb423a66f5c5771d47a1986f81ef8196e8c1fb16a,0x2a8bbc241849431e9cc7c4dbea9c05dfac2de553,5.0,0xd72be8822f94b45a207b326f71f9ae7cc30018fa,0x001b419f09b1da9886f9290c25ad66887a374181,Reental-GRX-3
0x4c0ee407d0090cba29bb4c1255f41e6ea31af06506fe97b313e31f7af60f18f7,0x33be67454ae817337db15877fd4106c5cd5206c5,3.0,0x86a8f2c6251b94e6ec9812225056392d5af723c0,0x001b419f09b1da9886f9290c25ad66887a374181,Reental-MLG-5
0x9e7fd66dd262064376d4a4679e8ee12e11a0b8a8289c2a0031846edd24078f88,0xaca38d593f7775334fa1b84a865f19396f62f760,1.77,0x86a8f2c6251b94e6ec9812225056392d5af723c0,0x001b419f09b1da9886f9290c25ad66887a374181,Reental-MLG-6
0x566b57522037024ad68bdd40b5b79343e3fadd4e02f48d2123cc4ef761489169,0x2a8bbc241849431e9cc7c4dbea9c05dfac2de553,5.0,0xce89063272ecce1cda2086670ff94cbc690b8f5f,0x001b419f09b1da9886f9290c25ad66887a374181,Reental-GRX-3
0xab7cb86fafb4d787fc154404b373ae02c0bcb75ea2346ed727271299cbf5f830,0x5222b24408a3fe2eac65cd505165f7e77f7f2847,5.10263118,0x0e89acb2450abb3e33a2cb48dd5958b95236c895,0x001b419f09b1da9886f9290c25ad66887a374181,Reental-MAD-5
0x2a78f5d9d32bab690a32ae99cdc0a6956c94d231882ca56b918fcc611fba87e0,0x33be67454ae817337db15877fd4106c5cd5206c5,5.0,0x94264445fb3d0cd4f90e2e641ca1bd2a01e5c65a,0x001b419f09b1da9886f9290c25ad66887a374181,Reental-MLG-5
0xc15e12469a4f27d53651532862ab27ff7412b96ed44238f26cdec4127b0f4257,0x954229f463f73a857fddc346857771c1ef3f7c00,2.0,0x8042d82d16405de78e477526e66d4602360cad3a,0x001b419f09b1da9886f9290c25ad66887a374181,Reental-RDO-4
0x0a0bfe1dc8a130a5e0eb1b041be784e8f4cd718d7df5e1a1da5806030bd60955,0x754f5b74e2639cef67fecec03f4d698470bdc92f,6.03384785,0x001b419f09b1da9886f9290c25ad66887a374181,0xa18f8cd718f6a0984eedd8ba9b23230719860ae8,Reental-ABD-1
0xcef63f7b0cc7142a167a1911b9b71e78b136684017e550505af82932d8cb0ac0,0x2f1026ff5bd94232050364c81d61a2d15e147209,10.0,0x9c0e7f3e623e2daf58f9a343348671d76613af2e,0x001b419f09b1da9886f9290c25ad66887a374181,Reental-MIA-1
0x33120464dd60d5e80487128720ba16886b5ee672a1472952703056e4a11ac699,0xb45898179fe8de2818e3ff994559c60aa962e2af,1.0,0x001b419f09b1da9886f9290c25ad66887a374181,0x9f94eb8ae902abb53a522988f46a02e5400c8331,Reental-MLG-7
0xf17732a7ff460ce5464926f39e0c465b021622d19cf65ffeabdbba01c9963cab,0x33be67454ae817337db15877fd4106c5cd5206c5,16.49,0x94264445fb3d0cd4f90e2e641ca1bd2a01e5c65a,0x001b419f09b1da9886f9290c25ad66887a374181,Reental-MLG-5
0x26711f0721108fb5155bffb51a3ead30b59586d02a611d8bf8d80f53fe97bd28,0x18bb9840fd7185c0589ca5fb81a32e3e2d0f2676,10.0,0x001b419f09b1da9886f9290c25ad66887a374181,0x5366f4aa9bc234316995a4a95b7f6b3d536f759f,Reental-OPO-1
0x35f8a0e71d403b2fe0a5ce7d715ca93331ea4f2f654581e513eb6710c4807a0c,0xf1ec7e14489683babdb9299e5f9908d19a8759dc,5.0,0x001b419f09b1da9886f9290c25ad66887a374181,0xf95fb897c6fd8d683f9b6c50033cb7b02498be6a,Reental-MIA-2
0xec9e5cb4d6f83c33be1bb0c7b67a368ed553fc582ba35e60dc21989384902efc,0x46182d6937ed8cf2707e187b61b654e8ca59c7b5,12.07586834,0x001b419f09b1da9886f9290c25ad66887a374181,0xc0896e0e56d45b3c6d3444bff507adf6f15ee068,Reental-DXB-2
0x6388a64bc634a76a9ae2445bffda8844028db375a0e550bbf41231a595bbe8df,0x2a8bbc241849431e9cc7c4dbea9c05dfac2de553,20.0,0xd72be8822f94b45a207b326f71f9ae7cc30018fa,0x001b419f09b1da9886f9290c25ad66887a374181,Reental-GRX-3
0x172247d8022cb02d73114bfae8a78824169dd00adca2e0a12e6d7c7b09c3aa41,0xe56ff2dff2c2e95511f0bef4b3d92da05e8197c0,3.50063852,0x71e7793d8e894efd4da54999a2663c8166817a90,0x001b419f09b1da9886f9290c25ad66887a374181,Reental-HOU-2
0x93ff5a0a0d4bc4a098660954e6397f7f7edd4104dce3400dc559ca3eb2092cfb,0xe16901dad396fe7b1b77b6d2bd91b2d648e8a762,1.0097273,0x71e7793d8e894efd4da54999a2663c8166817a90,0x001b419f09b1da9886f9290c25ad66887a374181,Reental-HOU-3
0x709e67eea63a32da1f5ec6cd51564e3d031ddc5edd74b5f42670a882fd0b3a5a,0x2f1026ff5bd94232050364c81d61a2d15e147209,10.0,0x9c0e7f3e623e2daf58f9a343348671d76613af2e,0x001b419f09b1da9886f9290c25ad66887a374181,Reental-MIA-1
0xb92983fecfd7c4c596809c43f5c8f53108e5f2662a8d0775cb99230f0f22309a,0x2f1026ff5bd94232050364c81d61a2d15e147209,10.0,0x9c0e7f3e623e2daf58f9a343348671d76613af2e,0x001b419f09b1da9886f9290c25ad66887a374181,Reental-MIA-1
0x3424d8b0b1dd0d8bb78ef0cdecc6661aac18083219dd1d47db409795d489604b,0xe16901dad396fe7b1b77b6d2bd91b2d648e8a762,253.16636216,0xac0f0b60064499de1e4f4f09d2835e2f3854f249,0x001b419f09b1da9886f9290c25ad66887a374181,Reental-HOU-3
0x82ab320702ab58ce9be1d7c5c23426630f14e357da747bc9609daeebe89fc57b,0xe16901dad396fe7b1b77b6d2bd91b2d648e8a762,1.0,0x001b419f09b1da9886f9290c25ad66887a374181,0xa18f8cd718f6a0984eedd8ba9b23230719860ae8,Reental-HOU-3
0xa0a165d921496ab53028fc73403cf08b8e3d2f6cb2dcf8ea1b1b596bdaa86a3e,0xe56ff2dff2c2e95511f0bef4b3d92da05e8197c0,3.50063852,0x001b419f09b1da9886f9290c25ad66887a374181,0xa18f8cd718f6a0984eedd8ba9b23230719860ae8,Reental-HOU-2
0x76032b43a49054d3a84f8bd93500ab8a85558b1664b1d63d3f3547b1291136e7,0x7f6b82381bce03e7cf6af2fb1dcd41993406d4ae,10.0,0x001b419f09b1da9886f9290c25ad66887a374181,0xb64fbeef6b52207a4648308c56b84432b16e9b0f,Reental-MLG-2
0x8e5218c6ece9beddd769e7e38810882f86259c9480d5f3089797652037b530a1,0xe16901dad396fe7b1b77b6d2bd91b2d648e8a762,1.0,0x001b419f09b1da9886f9290c25ad66887a374181,0xa2b57742b70e4e39daae44674ab2c55dbf9707b4,Reental-HOU-3
0x7c7e6e824c18e9adafc08fb8dc3fd1491937002d08faa1a6df36a111789a6c42,0xe16901dad396fe7b1b77b6d2bd91b2d648e8a762,1.0,0x001b419f09b1da9886f9290c25ad66887a374181,0x99435364c23e8fdb858fccc01f7e1570c8482b65,Reental-HOU-3
0x5c056b861ae2916f354fad796d3faae062a9a3697f0ce54b163321e489ba3eab,0xe16901dad396fe7b1b77b6d2bd91b2d648e8a762,5.0,0x001b419f09b1da9886f9290c25ad66887a374181,0x99435364c23e8fdb858fccc01f7e1570c8482b65,Reental-HOU-3
0x3718ffdbd18690a67309ad55312ee5e8c3914bdbd12ed0a63d851b419d31a6ce,0xe16901dad396fe7b1b77b6d2bd91b2d648e8a762,2.0,0x001b419f09b1da9886f9290c25ad66887a374181,0x99435364c23e8fdb858fccc01f7e1570c8482b65,Reental-HOU-3
0x7883aaad8a8361614d0d97ceff0d1f4e49f9c5d4ada84a4cfe89d59e27f32a92,0xe16901dad396fe7b1b77b6d2bd91b2d648e8a762,1.0,0x001b419f09b1da9886f9290c25ad66887a374181,0x50f4c4e6eb311b5c57a2d38a675bdf3595723954,Reental-HOU-3
0x0c3a401044778fd3bd3b6a6563d31092c5f50e92247951467b81ace46de3e619,0xe16901dad396fe7b1b77b6d2bd91b2d648e8a762,1.0,0x001b419f09b1da9886f9290c25ad66887a374181,0x50f4c4e6eb311b5c57a2d38a675bdf3595723954,Reental-HOU-3
0x5833f15aa048d70218bd4c8a13e4065d77f9a436077f4fb5a796f2281c77c99c,0xe16901dad396fe7b1b77b6d2bd91b2d648e8a762,1.0,0x001b419f09b1da9886f9290c25ad66887a374181,0x50f4c4e6eb311b5c57a2d38a675bdf3595723954,Reental-HOU-3
0xb7e86bb6d7787e2a6014c6f28bd3d9f1fdd5cd5d5f80aa9d791565b8ae7e3176,0xe16901dad396fe7b1b77b6d2bd91b2d648e8a762,1.0,0x001b419f09b1da9886f9290c25ad66887a374181,0x50f4c4e6eb311b5c57a2d38a675bdf3595723954,Reental-HOU-3
0x0e319b0fc08dc0c3db90be4c9ea384137eaaa1e1b2bd3c50cb7ae772f00f5739,0xe16901dad396fe7b1b77b6d2bd91b2d648e8a762,5.0,0x001b419f09b1da9886f9290c25ad66887a374181,0x99435364c23e8fdb858fccc01f7e1570c8482b65,Reental-HOU-3
0xb81dd8167beab028aa8f390e4c08154041c822475ed06814fcde52d816f233c5,0xe16901dad396fe7b1b77b6d2bd91b2d648e8a762,1.0,0x001b419f09b1da9886f9290c25ad66887a374181,0x99435364c23e8fdb858fccc01f7e1570c8482b65,Reental-HOU-3
0xe771ee3a466f2599b0286a001ed3b8e64d20434c9d25f885507edfc066c643e4,0xe16901dad396fe7b1b77b6d2bd91b2d648e8a762,5.0,0x001b419f09b1da9886f9290c25ad66887a374181,0xcc568012f3f376785c48a3b036370b9d5c1be9a6,Reental-HOU-3
0xd69792a9710aba2ff7390ad62e045a65ef4cc9bc211af8aa014527f66e309305,0xad3e1f50590ef6f323caa0cf43f39d28d1d34144,2.0,0x985702fb3c75a0f45412dbc1937195c28042d92b,0x003e66805832cf0bf842c0f279058a8dbde540c4,Reental-JAX-2
0x38c8542e00fcb5a8cc1841d182047113ddec774b686793d0ef6dedad80101419,0x9c09c8525c5baa3b254cb0a60d3565cfbd5c9f28,1.0,0x3460f3e3ecdadb7ca18cc363c1ed05d227fda666,0x003e66805832cf0bf842c0f279058a8dbde540c4,Reental-JAX-3
0xae77fbfbcee700368c943ba34e2f0cda0beb34e391e15515a7cc0c5ba3e581f0,0x9c09c8525c5baa3b254cb0a60d3565cfbd5c9f28,1.3,0x3460f3e3ecdadb7ca18cc363c1ed05d227fda666,0x003e66805832cf0bf842c0f279058a8dbde540c4,Reental-JAX-3
0xc1b22258dfaacb6089a7b9297ead417873a62525ec08072015ed6af39c53ea0b,0x9c09c8525c5baa3b254cb0a60d3565cfbd5c9f28,2.3,0x003e66805832cf0bf842c0f279058a8dbde540c4,0xd212a7c928b7a61460d67b96769bb8e38b4a4652,Reental-JAX-3
0x9e7b5955d23af22f56488f0e97873cb2ed1c62c2bbaf74ca599093f41c5db030,0xad3e1f50590ef6f323caa0cf43f39d28d1d34144,2.0,0x003e66805832cf0bf842c0f279058a8dbde540c4,0xb54d1ee3859a24789d931962b7313bb2a2529785,Reental-JAX-2
0x59608ac65296a8068c526ae8a2180976678d3684892b46ed190993ca1f739606,0x7469b9381bfa8a34bef9dfaad03d75f60947f957,5.0,0x64441cc873d5f2014ac6c1a2f039b405abca3d09,0x016ec77ad1eedcb977aa05157badd24c8811904f,Reental-CDP-3
0x0db97172dcd3d79227d3a6b2c29bb2b41c2c7ebd2e2c97689c8ed79385a00edf,0xca53dd67cfa553d9e31c377602fb217dff9eadff,1.0,0xc0896e0e56d45b3c6d3444bff507adf6f15ee068,0x016ec77ad1eedcb977aa05157badd24c8811904f,Reental-SMA-2
0x6a854e834313d3f707278965da0bec95bb15c5086369338466aa904c0a64fad5,0x2f1026ff5bd94232050364c81d61a2d15e147209,19.43,0x4bec9ecfe157879011f4846f2d2fc1565b34fbb4,0x0190cbae0f196a825886917db4b03f6e94291015,Reental-MIA-1
0xc856ef6a496c831f34f0e60e35b414d3dc6db55a0f658f7051610d54049ab594,0x2f1026ff5bd94232050364c81d61a2d15e147209,11.2,0xd38ff23914216097673e6e6d78ac402bd946c924,0x0190cbae0f196a825886917db4b03f6e94291015,Reental-MIA-1
0xaa4103c2146aa54abe5ce087e5b3d88a097b0e444fd55171797ba092546ab679,0xad3e1f50590ef6f323caa0cf43f39d28d1d34144,3.0,0xfc083ae8973c130a9f86198529cf61e7e053d626,0x0190cbae0f196a825886917db4b03f6e94291015,Reental-JAX-2
0x430f55a8381bc9d64f92eab33a84e5c3ecb4fe9b29609e172dda5bbdaa31c81e,0xad3e1f50590ef6f323caa0cf43f39d28d1d34144,3.79779533,0x0e8d493d57ff8ac6006d5400ab22d0391c3aed29,0x0190cbae0f196a825886917db4b03f6e94291015,Reental-JAX-2
0x58bc70c505826aeb60e718764943b24a61d1fd8b153e90b2c91baa57734a22d3,0x9c09c8525c5baa3b254cb0a60d3565cfbd5c9f28,2.14823675,0xa400a5af8249444604a92c17fe3f06e5d7f079c9,0x02fab1df469e1b36806bf38c00f752d1c35d3cb4,Reental-JAX-3
0xd7663cbf6894f042b66f78dfb013e52d906eaebcc8cf8361f79fda2b884b2083,0x8711b4172ed71d2d4f90e3e2f0cb63726acba8e6,3.38368321,0xee21cb5ad21b519849e2a14c1555ca9e00a4f67f,0x02fab1df469e1b36806bf38c00f752d1c35d3cb4,Reental-JAX-1
0x46f1d06b4ef42042bcea7d8c50947ec2e94e284631b88d969a9d3365be9654ed,0x9c09c8525c5baa3b254cb0a60d3565cfbd5c9f28,2.0,0x74ccf6c72f487948447db636daf9bce199499150,0x02fab1df469e1b36806bf38c00f752d1c35d3cb4,Reental-JAX-3
0x6036127f91038660e9492fcb62f2544829088da2b7528ca71b659aae71b53a22,0x9c09c8525c5baa3b254cb0a60d3565cfbd5c9f28,2.0,0x74ccf6c72f487948447db636daf9bce199499150,0x02fab1df469e1b36806bf38c00f752d1c35d3cb4,Reental-JAX-3
0x1c9b5a65a977ea763d66e559857cfdd865be7dedc74bfa9b0f657eb18aa8077f,0x9c09c8525c5baa3b254cb0a60d3565cfbd5c9f28,2.0,0x74ccf6c72f487948447db636daf9bce199499150,0x02fab1df469e1b36806bf38c00f752d1c35d3cb4,Reental-JAX-3
0x62b9fe16e286dbaceb1a0ac99e2c08fd4b0acc2117b433e8fb9aea3a350c001c,0x21ae95a56ef471370ce89a7a4624117f31810927,5.0,0xc0896e0e56d45b3c6d3444bff507adf6f15ee068,0x02fab1df469e1b36806bf38c00f752d1c35d3cb4,Reental-DNB-1
0x9f6de6603680c7fde76174af8c085f8cad5ffb4576f23dc27479ba045570e776,0x21ae95a56ef471370ce89a7a4624117f31810927,3.0,0xc0896e0e56d45b3c6d3444bff507adf6f15ee068,0x02fab1df469e1b36806bf38c00f752d1c35d3cb4,Reental-DNB-1
0x1700be7ee0997bb7b4488060a3aa4627c96ac8c96708d4444ba99fdbf1c62baa,0x8711b4172ed71d2d4f90e3e2f0cb63726acba8e6,5.0,0x75c59da5cbb7dbfec067b8e9ac8f94e6cc1c6fef,0x02fab1df469e1b36806bf38c00f752d1c35d3cb4,Reental-JAX-1
0x3e076ab561d59570917e80e8f35dc5ddda39ff20387b04dac478c0fec940beea,0xad3e1f50590ef6f323caa0cf43f39d28d1d34144,1.0,0x985702fb3c75a0f45412dbc1937195c28042d92b,0x02fe31d4ca9586651652bd4b5405efe6730933af,Reental-JAX-2
0x3331ed680fb5c46c7c4fdf4760a57f79e6efada41ec1bdeee58e0da8e545caf9,0xca53dd67cfa553d9e31c377602fb217dff9eadff,1.00004364,0x3323939ed80361335e661ac3db104b3ba17c323a,0x049967c7d41f1c9b65fad17988700a534eb75bf0,Reental-SMA-2
0xd3c5ddf168cf3500f57a52b205aa702bfc52c90bbd847aedc0b16fd9a3f72366,0xdecfebdaf1131899fb38a53dc63671246220ab7a,1.20026973,0xcc568012f3f376785c48a3b036370b9d5c1be9a6,0x049967c7d41f1c9b65fad17988700a534eb75bf0,Reental-RDO-5
0x748ac57e6baf49dc8da9ae6365beda91d24151021836260f750b52af33b9ad7e,0xca53dd67cfa553d9e31c377602fb217dff9eadff,1.0,0x049967c7d41f1c9b65fad17988700a534eb75bf0,0x78f79ab9849fee3335a2a65c5bfa03167ae7ec4e,Reental-SMA-2
0xa18ee60ef88063726cc059dfb349d2a5be033df0d0d8ce468a3d8b129d1461ab,0xdecfebdaf1131899fb38a53dc63671246220ab7a,1.2,0x049967c7d41f1c9b65fad17988700a534eb75bf0,0x78f79ab9849fee3335a2a65c5bfa03167ae7ec4e,Reental-RDO-5
0x5910a85499dfbeef4b7b43ec3ffc2c34b6b32a3d4fd83678e74f2535e2e30f98,0x6b7c34c8a1ffd4238e702243f0ff005680037fad,2.0,0x049967c7d41f1c9b65fad17988700a534eb75bf0,0x8a7ccf8e2c6ccf18dc43ca4191a59506e27d0047,Reental-VLC-8
0x486585baa075e28f01e0517d084466ad8ace968f44552cab3d75ee16d1e2de67,0x6b7c34c8a1ffd4238e702243f0ff005680037fad,2.0,0x049967c7d41f1c9b65fad17988700a534eb75bf0,0x5f86529e7d7d248f7d84854c45777db0e23ac7d0,Reental-VLC-8
0xb56bd671808e7c918afe9f66322ae5324de4263b2bb1f0f06c69db6949f61d3e,0x7aa21fabd73e8d3aa5d5c5994af6b62cfcea3fe4,2.0,0x049967c7d41f1c9b65fad17988700a534eb75bf0,0x5f86529e7d7d248f7d84854c45777db0e23ac7d0,Reental-SHL-1
0xa835e4efc11505b51927cbb5478f0832c5900ff34c707dd12872560abd0a2e5c,0x6b4fa3c69e62f8f03dc018b57efa74d560462210,1.49444302,0xafb2735179c625dd1d199b415a88a32c5d0fccce,0x049967c7d41f1c9b65fad17988700a534eb75bf0,Reental-MAYA-1
0x8d008e39e3e619a30b5702a405ae2e2ccfe26b95f2e0df87d484e2615cdfe1ce,0xaca38d593f7775334fa1b84a865f19396f62f760,2.0,0x049967c7d41f1c9b65fad17988700a534eb75bf0,0xeb4ea3b80a787863c729fc6c28b68c64a5a27089,Reental-MLG-6
0x1527468f0a2e2d0aab128c9e41326a06c35c463fd81b80ce42072d168cb4c326,0x7aa21fabd73e8d3aa5d5c5994af6b62cfcea3fe4,2.0,0x049967c7d41f1c9b65fad17988700a534eb75bf0,0x8a7ccf8e2c6ccf18dc43ca4191a59506e27d0047,Reental-SHL-1
0x5e2c9ea36469ee0c88e5700d8d10f9667a40ba08dd42e37b65054b335941cb9c,0xca53dd67cfa553d9e31c377602fb217dff9eadff,4.364e-05,0x049967c7d41f1c9b65fad17988700a534eb75bf0,0xdf50cbf0ea828d6d3fb7b59f905a56ec64d5036d,Reental-SMA-2
0xa2a18d0d7f6f798f74c0dd8ecef56dec614261e0fd6fbe7a5a2ea60862d9f845,0xdecfebdaf1131899fb38a53dc63671246220ab7a,0.00026973,0x049967c7d41f1c9b65fad17988700a534eb75bf0,0x1015b4011043843560ea01d7d1cd7ff0c7f52493,Reental-RDO-5
0x0f16c1881c8ea3f0c93bb37e160f5d476e1a5d7f9f8d34ca9990ce8159ca0b73,0x7aa21fabd73e8d3aa5d5c5994af6b62cfcea3fe4,2.0,0x049967c7d41f1c9b65fad17988700a534eb75bf0,0x75cc59a3bb2c22410e1ea22f8207a415e7d48514,Reental-SHL-1
0x137eb922288fd4289e1ca9ad6bf9f70e1e59134778b3bb9e47e58a14394f29ab,0xaca38d593f7775334fa1b84a865f19396f62f760,2.0,0x049967c7d41f1c9b65fad17988700a534eb75bf0,0x2a9a6c0fbcfe4ba86cd156137ed8db879b3d83f8,Reental-MLG-6
0xb444fbc0f58219f170a6e4589cc135a7c914dd4f351571f1d44902b3d103d3c7,0xa0d99b441a9a5e334b234f31a92b97fa8d663626,2.0,0xc1213762f0b2010721e34a7d3a4e6742f836b462,0x049967c7d41f1c9b65fad17988700a534eb75bf0,Reental-YCT-2
0x824a2ac1cdea4fba7555a09e0582a845bb2d4149b8e7f618df1624ac68c251bb,0xa0d99b441a9a5e334b234f31a92b97fa8d663626,2.0,0xc1213762f0b2010721e34a7d3a4e6742f836b462,0x049967c7d41f1c9b65fad17988700a534eb75bf0,Reental-YCT-2
0x6c8b826bca85680fab93b7539d8e7ee40952acb08fd8b132c100720e98f00a26,0xa0d99b441a9a5e334b234f31a92b97fa8d663626,1.34227561,0x7882d24e65a18b87ce84079fb7e9fbf82ab2e100,0x049967c7d41f1c9b65fad17988700a534eb75bf0,Reental-YCT-2
0x9b4a85d539208ef04d7a2d4b603086e2d7c24a52bf33fd6500d481f4b63f3fe4,0xaca38d593f7775334fa1b84a865f19396f62f760,2.0,0x049967c7d41f1c9b65fad17988700a534eb75bf0,0x6f14249fe1388870bcc1ef67156bfc9f5704010a,Reental-MLG-6
0x3f15290dd6becaafbe8061fab45c661e2dba1bec0b62f5cbe3b0e73778b634e1,0x7aa21fabd73e8d3aa5d5c5994af6b62cfcea3fe4,2.0,0x049967c7d41f1c9b65fad17988700a534eb75bf0,0x8042d82d16405de78e477526e66d4602360cad3a,Reental-SHL-1
0x54083432f0e176361cab502adc64e60c01737429adc4ca766f0316d61696b6b0,0xaca38d593f7775334fa1b84a865f19396f62f760,2.0,0x049967c7d41f1c9b65fad17988700a534eb75bf0,0x6f14249fe1388870bcc1ef67156bfc9f5704010a,Reental-MLG-6
0x5a3b92950ba85b6bcc759b11548269ba0a32fd50c8f04213f003839a881dd42d,0x7aa21fabd73e8d3aa5d5c5994af6b62cfcea3fe4,1.0,0x049967c7d41f1c9b65fad17988700a534eb75bf0,0x597b0a5affb28059f315f6dfca6c67d365514a01,Reental-SHL-1
0x34824f80bed9adb0605c4a65ddb0e97fba9cacc9f14394c1d5cc0299a94b5f2e,0x2d1838eb7ebb6ae8b1288872f9704e3400ee8b20,0.40493215,0x049967c7d41f1c9b65fad17988700a534eb75bf0,0x05e74a03af1b3c9ea1cd7569bffe2a26ed33b373,Reental-NPL-1
0x824acacfcf2283c85a5695a223f8ae05adea3876b40ce3eda7a8a9f4eb941f1b,0xfb759e0cc5cff4aea606064acd41c71c7c11bf40,13.39713938,0x8bdf687599153a62dbb6e0d85c0c81c98f408d2d,0x049967c7d41f1c9b65fad17988700a534eb75bf0,Reental-BKL-1
0xaa0cb1a6540d8f0dcd50c2ad48891fe9a3446f80c6c7fdea5d261efe608b7a2f,0xf4237a554dcddc007688ffd72046e2b00dc5a905,2.0,0xf3b9739ed70e548f8e30e81746c80bc6c74edd1a,0x049967c7d41f1c9b65fad17988700a534eb75bf0,Reental-MAD-6
0x73bcd9429e5eb6b70a061732f7d6da9674b94e707b4b7e2d8e5f0132ad756ac2,0x5ab768c8ca1cc20cb8ec7b90554a3b12524b6c47,1.0,0xfb8482d3a050b09d9dd3d3fb44e858864ef649f8,0x049967c7d41f1c9b65fad17988700a534eb75bf0,Reental-CDS-1
0xf2489af7a30e5fc05bdf1bd5d131fd5cae1e10f6b474fd8f71b9a8d148dcd2e9,0xaca38d593f7775334fa1b84a865f19396f62f760,0.66510558,0xd73d0b5775caf7ff914d8643bc31bbfb1db2f3c6,0x05e74a03af1b3c9ea1cd7569bffe2a26ed33b373,Reental-MLG-6
0x68fc7e029f5588e2de94108c2159f1337f10ee6862dcf8399e242db2c1ef1dbb,0x1b0d685f5e4063033e0a1a360db864c9911eedda,0.9356376,0x1015b4011043843560ea01d7d1cd7ff0c7f52493,0x05e74a03af1b3c9ea1cd7569bffe2a26ed33b373,Reental-VLC-9
0xec24fc7ecd25e83243bb2e82abc12ff048c36799b91b9586358a1804ad3af69e,0x6bde5421e90a42c6e78faaf3a79e4310a4d6266f,0.4,0xd73d0b5775caf7ff914d8643bc31bbfb1db2f3c6,0x05e74a03af1b3c9ea1cd7569bffe2a26ed33b373,Reental-VLC-11
0x0e2c1c8b9cee93436c8b4f3dbca242c0d1f053ce14f06b34131a38f93e0f1e17,0x6bde5421e90a42c6e78faaf3a79e4310a4d6266f,0.3,0xd73d0b5775caf7ff914d8643bc31bbfb1db2f3c6,0x05e74a03af1b3c9ea1cd7569bffe2a26ed33b373,Reental-VLC-11
0x0c89be6bc999c2428a260bbee5e60889550ebf27fb20f616048515427fc58e14,0x6da0652a8481a774f5164612ab0ab18f105ad243,0.5,0x5f86529e7d7d248f7d84854c45777db0e23ac7d0,0x05e74a03af1b3c9ea1cd7569bffe2a26ed33b373,Reental-CLVM-1
0xf5e6b4ff187e1e111ce6ae374f984b8d6410b88c561a025368c2976c59ba280c,0x7aa21fabd73e8d3aa5d5c5994af6b62cfcea3fe4,0.5,0x5f86529e7d7d248f7d84854c45777db0e23ac7d0,0x05e74a03af1b3c9ea1cd7569bffe2a26ed33b373,Reental-SHL-1
0x69144d8b68acef7d6a26e63a4a8de2123a1ddf22b3e9531ab1e0c2fec0bc8d7a,0xf7a694bc2768fc3b26beb5e98bb76f744397e49c,0.49,0x5f86529e7d7d248f7d84854c45777db0e23ac7d0,0x05e74a03af1b3c9ea1cd7569bffe2a26ed33b373,Reental-RDO-1
0xb3c1f2bc9a6affeed124adba928a5b525c70738361479e794937cd9a276d7c1f,0x6bde5421e90a42c6e78faaf3a79e4310a4d6266f,0.83974883,0xdf1e0f983e177b6499a042d6d11a4584a498fb2c,0x05e74a03af1b3c9ea1cd7569bffe2a26ed33b373,Reental-VLC-11
0xf6e783c0817fa8b9b7a225b49a36277dc6ca052253365b4de1446b3c83517a11,0x29da137d6dba774ad4f79323374f685682542767,0.73338837,0x1b828e61617b58a292ea3f589fca5b4ff98d3156,0x05e74a03af1b3c9ea1cd7569bffe2a26ed33b373,Reental-MUR-1
0x4405ab47301e0021407734697f040ce00f1304fd2806c0fa7a5b4e48d05d4074,0x6b7c34c8a1ffd4238e702243f0ff005680037fad,0.5,0x5f86529e7d7d248f7d84854c45777db0e23ac7d0,0x05e74a03af1b3c9ea1cd7569bffe2a26ed33b373,Reental-VLC-8
0xe28487a2cf0485274bec18657be71aa958eba3fdcafdf1fbbdf8e9604b960744,0x49b8f29f17a27ae89121642838e37bc8ce77d2f2,0.9395,0x42b45e0e1feb29cb4821f51edc09bc2d88b1edf5,0x05e74a03af1b3c9ea1cd7569bffe2a26ed33b373,Reental-SMA-1
0x59cdf39eb73336855ac749be730ff504d846b6c37315fbcb5ca410552fbab68f,0xdecfebdaf1131899fb38a53dc63671246220ab7a,0.00026973,0x105697a07be5aee6c68ab4ff841aeea8f9d5a7d8,0x05e74a03af1b3c9ea1cd7569bffe2a26ed33b373,Reental-RDO-5
0x488b4a45993709bc4c5cdfdf15c49e17049607d549e092b7920d4c37bde129bf,0x093984f85f980479172fb96982f79c418ac730f7,1.01531,0x3609f1a66b04c18712e13f1c7ceac07a47a7fdf6,0x05e74a03af1b3c9ea1cd7569bffe2a26ed33b373,Reental-RDO-6
0xe50b94d96ebdb66f10b0caa705e515021c0b2b76fa453dca90fedcc3f5437d18,0x8e08d151466bd8499a89ee9254586ef141f324c9,0.24880509,0xa3804d27c0d8386b9d4218f5e59ccfa778b59e6a,0x05e74a03af1b3c9ea1cd7569bffe2a26ed33b373,Reental-FMY-1
0x6dac83d108137bc80e33dd862ca97c0ed0174c475ba41bc2c4748214d8421fa5,0x3b7455335fc7c3839167ed8fc173405908ffdf15,3.435e-05,0x245ec0965be76427f84c9b727d8f230301d6e54e,0x05e74a03af1b3c9ea1cd7569bffe2a26ed33b373,Reental-TLM-2
0xc615a6945666e21633194f59a3b3982dc840696dae39436a11da7245eac03578,0xa17e89f33e80b506af759f9e493efe29a47ea905,0.36022995,0x23363a09813b1241abad140371278de17647866f,0x05e74a03af1b3c9ea1cd7569bffe2a26ed33b373,Reental-VLC-10
0x3b0f47cfed41bf144e19431cd52b8b8c2d69d54b985928dbcf99de20be494b81,0x8e08d151466bd8499a89ee9254586ef141f324c9,0.72994551,0x23363a09813b1241abad140371278de17647866f,0x05e74a03af1b3c9ea1cd7569bffe2a26ed33b373,Reental-FMY-1
0x94f7842e6666b901f2b1b977e665ff62b4f1416f4beda52c5020312fbe8713b9,0x454c0841a409b1752a6cf51fa8ed2fd28a6291c6,1.27013965,0x58523dfd74b30d6f9230e782674bb438bcfd8622,0x05e74a03af1b3c9ea1cd7569bffe2a26ed33b373,Reental-RDO-2
0x725a380a864485aa2471c4a8c20c3bf7f65394d410c6498ff82a5dde6af0b3b5,0xf94ca4e007553917d1f80d013d2544ddfbed555c,1.0,0xb8f2c072c3f286e4be59180c86f587e039bcd716,0x05e74a03af1b3c9ea1cd7569bffe2a26ed33b373,Reental-MLG-4
0x7795bf7e521279c4c6407ce08ac27713900cf55a85f6bafe7a46b42339041ced,0xdecfebdaf1131899fb38a53dc63671246220ab7a,1.19028849,0xc0896e0e56d45b3c6d3444bff507adf6f15ee068,0x05e74a03af1b3c9ea1cd7569bffe2a26ed33b373,Reental-RDO-5
0x90499c4b3333fff5ea42ff8c817e16e48db366fb3564b0b90d00d7b32f91af81,0x6bde5421e90a42c6e78faaf3a79e4310a4d6266f,0.64319436,0x289d2e28b4bfa10199895b8cd055de76b11d0333,0x05e74a03af1b3c9ea1cd7569bffe2a26ed33b373,Reental-VLC-11
0xd1f9c96d6e64acbfa7f97fe1e8e2571839a9666ce6ebd1255729b7aa142c88c0,0x7a7e4dd51d1ca1aa701b0eb76ba5f59cec2fbaa1,0.00023157,0x618ea09c2f939509367dd9d5da064de291539d9f,0x05e74a03af1b3c9ea1cd7569bffe2a26ed33b373,Reental-MAD-3
0xd4a2d6cfa8cb141be820d6fd7e51ea0c723bf0f5d0ee7a2bca50df84487b25a3,0xdecfebdaf1131899fb38a53dc63671246220ab7a,1.0846725,0x4ea686d768703965dbf537ffc4ab04047a83c1d0,0x05e74a03af1b3c9ea1cd7569bffe2a26ed33b373,Reental-RDO-5
0x047cc0c333152585f9f54be2dcce146617f39307a23e752e5cc59f97122027c4,0x820380fea111509a38297fa2971eee5b41a5aeca,1.77,0x58523dfd74b30d6f9230e782674bb438bcfd8622,0x05e74a03af1b3c9ea1cd7569bffe2a26ed33b373,Reental-RDO-3
0x61b6b15a951f0a6a28bca311e5bd9902c01647e7335bf503bd251577d995050c,0xa0d99b441a9a5e334b234f31a92b97fa8d663626,0.51355565,0x58523dfd74b30d6f9230e782674bb438bcfd8622,0x05e74a03af1b3c9ea1cd7569bffe2a26ed33b373,Reental-YCT-2
0x5cefbd60afa2e5dda2f14e06e13605d09248cf8ed233a0ebb94659ded00c5924,0x29fdc3434576e188e8131b2ad9cf94d3b3e71f56,0.29163488,0x8e10ab38b74eb67e64cc89d52673ab788eca5823,0x05e74a03af1b3c9ea1cd7569bffe2a26ed33b373,Reental-MLG-8
0xe9d5978776ce2b435b7c4ec3076f02f024bc7b76ee3d74663f71dbed24d71bf1,0x55cb210f496df649fd283aa93a360e24fdb40964,1.58299387,0xc73c1573045a3f1f5cc0afb112147c2d3cca21d8,0x05e74a03af1b3c9ea1cd7569bffe2a26ed33b373,Reental-BPT-1
0x6595476c5958bde7ebae88fd033e2baae6ad7358420c5b19116651c98cab76bd,0x7a7e4dd51d1ca1aa701b0eb76ba5f59cec2fbaa1,0.6563186,0xc73c1573045a3f1f5cc0afb112147c2d3cca21d8,0x05e74a03af1b3c9ea1cd7569bffe2a26ed33b373,Reental-MAD-3
0xf432b64548f4207db9a12ac88d720dd003a60b8930a46e7d9b2882176b40a299,0x8eeb57505999d3092c7b00ad5a5e53b943ad235d,0.1208628,0xc73c1573045a3f1f5cc0afb112147c2d3cca21d8,0x05e74a03af1b3c9ea1cd7569bffe2a26ed33b373,Reental-SLA-2
0x46bfd9066d533e5f36fd0466046b92abe4759335094ac83317f886f5e1bbf341,0x55cb210f496df649fd283aa93a360e24fdb40964,1.00001449,0xe50afc8c3add9e95f03c0b9cd08594e667ae6d99,0x05e74a03af1b3c9ea1cd7569bffe2a26ed33b373,Reental-BPT-1
0x83398be6bbb683fea963ae96d117ab2965e0e8a635fc25cfc9b24c882d28c9fc,0x8e08d151466bd8499a89ee9254586ef141f324c9,2.0,0x0f87ec0cae01bbac95f0e070d99f5530f922a148,0x05e74a03af1b3c9ea1cd7569bffe2a26ed33b373,Reental-FMY-1
0x6866d57e3a977084bf911a590c5cf031fede14d5f843a6f3a5fea346971b5f0a,0xb0825e7a4093d21ed076883f8aca33300631291e,3.01456476,0x0f87ec0cae01bbac95f0e070d99f5530f922a148,0x05e74a03af1b3c9ea1cd7569bffe2a26ed33b373,Reental-MIA-3
0x29ba53dc377fe362c1d16bff8453829d1476dc654fe2614210b4b3335ee42085,0xf1ec7e14489683babdb9299e5f9908d19a8759dc,2.663198,0x0f87ec0cae01bbac95f0e070d99f5530f922a148,0x05e74a03af1b3c9ea1cd7569bffe2a26ed33b373,Reental-MIA-2
0xab7741f0e06cd45b55edba77dec4e2442ec7e6c616de95f763a5b256a2e33159,0x8833890a36adb704bfc8bf3726a661395d27c0d7,0.16997506,0xccffa7d14a9dcaa3b63f9cd7395df73563c3a727,0x05e74a03af1b3c9ea1cd7569bffe2a26ed33b373,Reental-GRX-2
0xc9ee2658a2f4b1f8767bff59d8172bc0f1df4f090d948c7a493e4347051a3006,0x954229f463f73a857fddc346857771c1ef3f7c00,1.10689622,0x4ea686d768703965dbf537ffc4ab04047a83c1d0,0x05e74a03af1b3c9ea1cd7569bffe2a26ed33b373,Reental-RDO-4
0xc48ef774ad2d3ef2128f85a03e82f1098883f6fed8fcad38d8f72a99d412fdb7,0x8e08d151466bd8499a89ee9254586ef141f324c9,2.0,0x0f87ec0cae01bbac95f0e070d99f5530f922a148,0x05e74a03af1b3c9ea1cd7569bffe2a26ed33b373,Reental-FMY-1
0x135572109ddb505db3f5282fd0d38c3401baeeda1334e864bb80cb33ad8c2af1,0x55cb210f496df649fd283aa93a360e24fdb40964,2.0,0x0f87ec0cae01bbac95f0e070d99f5530f922a148,0x05e74a03af1b3c9ea1cd7569bffe2a26ed33b373,Reental-BPT-1
0x6239a267156610253d583407fa090fca12a8bca843fe399b69d6d7946d8678cb,0xca53dd67cfa553d9e31c377602fb217dff9eadff,1.36,0x4ea686d768703965dbf537ffc4ab04047a83c1d0,0x05e74a03af1b3c9ea1cd7569bffe2a26ed33b373,Reental-SMA-2
0x740b2959bbe2aedc58dc14ee35d28b57c0f6a13b09515bedcca04808747b7fdb,0x55cb210f496df649fd283aa93a360e24fdb40964,1.17,0x19ad8b60c698805a4974ddcd2ef15417d5d9b3b4,0x05e74a03af1b3c9ea1cd7569bffe2a26ed33b373,Reental-BPT-1
0xdbac8db95c385554a91f5630c61ed6899c720092f5d7a73682c6312b9e204161,0x954229f463f73a857fddc346857771c1ef3f7c00,2.0,0x4ea686d768703965dbf537ffc4ab04047a83c1d0,0x05e74a03af1b3c9ea1cd7569bffe2a26ed33b373,Reental-RDO-4
0x514cda164c9cb5c2c636c8462a11de854217b18128a3683028841d56f1f08bfe,0xe16901dad396fe7b1b77b6d2bd91b2d648e8a762,0.99998939,0x29f75cf7db0e8a711ee1345fc4606d376812b0b7,0x05e74a03af1b3c9ea1cd7569bffe2a26ed33b373,Reental-HOU-3
0xfc525d5b30209dfc23c51fabe6bb5787014c0662a726ebad78482b8b89836b48,0x8e08d151466bd8499a89ee9254586ef141f324c9,2.0,0x0f87ec0cae01bbac95f0e070d99f5530f922a148,0x05e74a03af1b3c9ea1cd7569bffe2a26ed33b373,Reental-FMY-1
0xd382adaee8de09fbe6232addf914ae726243374e70d5413ca6a11e33198eb11f,0x954229f463f73a857fddc346857771c1ef3f7c00,2.0,0x4ea686d768703965dbf537ffc4ab04047a83c1d0,0x05e74a03af1b3c9ea1cd7569bffe2a26ed33b373,Reental-RDO-4
0x783f5380e999d7f70532ff45a0f613a0e961d0f131b1906a875a3f459301fc45,0x55cb210f496df649fd283aa93a360e24fdb40964,1.99997491,0xa3804d27c0d8386b9d4218f5e59ccfa778b59e6a,0x05e74a03af1b3c9ea1cd7569bffe2a26ed33b373,Reental-BPT-1
0x8b38e659e92fc83dda80631a0a0ed56535d8f4f2330d01f15f0b71e76349cc7b,0x2a8bbc241849431e9cc7c4dbea9c05dfac2de553,0.2791936,0xa3804d27c0d8386b9d4218f5e59ccfa778b59e6a,0x05e74a03af1b3c9ea1cd7569bffe2a26ed33b373,Reental-GRX-3
0x94ff6f787f0c8c76bbbf405a2d54034594d8d7c9b09d4d9cff613bb4403ba5e5,0x8e08d151466bd8499a89ee9254586ef141f324c9,2.0,0x0f87ec0cae01bbac95f0e070d99f5530f922a148,0x05e74a03af1b3c9ea1cd7569bffe2a26ed33b373,Reental-FMY-1
0xc9c8609604bf891be573292ab44f9b843e715272b21b2ed92aafd9c9830769fe,0xca53dd67cfa553d9e31c377602fb217dff9eadff,5.08601206,0x99b902d4b63d9703a1357d16f1e24c635c3c2c62,0x05e74a03af1b3c9ea1cd7569bffe2a26ed33b373,Reental-SMA-2
0xede17500030be6c533c0e141c59837ff2e5ce8b48a95c76733809fbb1fbce6ab,0x55cb210f496df649fd283aa93a360e24fdb40964,0.19557349,0xcc568012f3f376785c48a3b036370b9d5c1be9a6,0x05e74a03af1b3c9ea1cd7569bffe2a26ed33b373,Reental-BPT-1
0xd183008323d81c24c9ec7e0cfff9b88bb164295d4faa63497a50e1e219cc9b84,0x8833890a36adb704bfc8bf3726a661395d27c0d7,0.29362614,0x58523dfd74b30d6f9230e782674bb438bcfd8622,0x05e74a03af1b3c9ea1cd7569bffe2a26ed33b373,Reental-GRX-2
0x9b887232301a285821dde848ce8825de62ef22f7b930e893447bb26f7efd856d,0xdecfebdaf1131899fb38a53dc63671246220ab7a,0.21377296,0xcc568012f3f376785c48a3b036370b9d5c1be9a6,0x05e74a03af1b3c9ea1cd7569bffe2a26ed33b373,Reental-RDO-5
0x1674b49173602349ab3aa03b8e21edc4766e8a375927aeec975625b83ec60c4d,0xdecfebdaf1131899fb38a53dc63671246220ab7a,0.42503703,0x26c11cf61d3cbefb3d36571abc8967d5a667e3ab,0x05e74a03af1b3c9ea1cd7569bffe2a26ed33b373,Reental-RDO-5
0x781e9a097c366e23a55259888426cd9d95d49ddb489df822b0a1b8b18d963337,0x8711b4172ed71d2d4f90e3e2f0cb63726acba8e6,0.64,0x26c11cf61d3cbefb3d36571abc8967d5a667e3ab,0x05e74a03af1b3c9ea1cd7569bffe2a26ed33b373,Reental-JAX-1
0xa82388c4c5354721ac006b67dce235f9d45e986903e6afe6e76110dcee4b2534,0x29fdc3434576e188e8131b2ad9cf94d3b3e71f56,0.78407871,0x26c11cf61d3cbefb3d36571abc8967d5a667e3ab,0x05e74a03af1b3c9ea1cd7569bffe2a26ed33b373,Reental-MLG-8
0x96e96c9c8761f7de05ab9b459c24a31c76001696554be81f728b2358c47f8c62,0xb45898179fe8de2818e3ff994559c60aa962e2af,0.79446055,0x26c11cf61d3cbefb3d36571abc8967d5a667e3ab,0x05e74a03af1b3c9ea1cd7569bffe2a26ed33b373,Reental-MLG-7
0xc10e155d7ca50d6217be14ccec4a43ca44a1d45d6ee3286946c7a9d73e2fb669,0x2a8bbc241849431e9cc7c4dbea9c05dfac2de553,0.29285246,0x58523dfd74b30d6f9230e782674bb438bcfd8622,0x05e74a03af1b3c9ea1cd7569bffe2a26ed33b373,Reental-GRX-3
0xacd26ed936e3f68723bde80032c2813e01323cf1effd708088adad2ad2487c31,0x55cb210f496df649fd283aa93a360e24fdb40964,1.0,0x4ea686d768703965dbf537ffc4ab04047a83c1d0,0x05e74a03af1b3c9ea1cd7569bffe2a26ed33b373,Reental-BPT-1
0x11e2f03804b1af445e90459ad9ccfc8f61178b4de15c34efcb3467b94ca38c90,0xaca38d593f7775334fa1b84a865f19396f62f760,1.0,0xd212a7c928b7a61460d67b96769bb8e38b4a4652,0x05e74a03af1b3c9ea1cd7569bffe2a26ed33b373,Reental-MLG-6
0x3af3709832a500b03a80acd93520fa5959d676b527f24a1cd9fc68e112d3e219,0x55cb210f496df649fd283aa93a360e24fdb40964,0.7586787,0x4ea686d768703965dbf537ffc4ab04047a83c1d0,0x05e74a03af1b3c9ea1cd7569bffe2a26ed33b373,Reental-BPT-1
0x2486f48950febf0c0736d573f09595ee74851169caa7ca0294526744166edc00,0xaca38d593f7775334fa1b84a865f19396f62f760,0.15,0xd7246f8404404bfb3a1f04aa8e95e4000bbeb212,0x05e74a03af1b3c9ea1cd7569bffe2a26ed33b373,Reental-MLG-6
0xa9ad911fd6f053cabb5489c7bde1480feb7032507872ebb08b6275b1a3a34b32,0x6bde5421e90a42c6e78faaf3a79e4310a4d6266f,0.483182,0xd7246f8404404bfb3a1f04aa8e95e4000bbeb212,0x05e74a03af1b3c9ea1cd7569bffe2a26ed33b373,Reental-VLC-11
0x215a5b12515a41bb597fa32e2a7b1ca24a53d584d4bd2cf58bb5cec9e52c9a18,0xe59dde10d38df397c996bdb1325b6f81684a8b80,2.0,0xc1213762f0b2010721e34a7d3a4e6742f836b462,0x05e74a03af1b3c9ea1cd7569bffe2a26ed33b373,Reental-DXB-1
0xb7754d752cded2543477ad1d0c503ca5c83e074f0663721c6d1b8074fedbbb9f,0x093984f85f980479172fb96982f79c418ac730f7,1.00758716,0x619485cbd0f78431d709aa20b1ac49768939badf,0x05e74a03af1b3c9ea1cd7569bffe2a26ed33b373,Reental-RDO-6
0x5d5798f26f14eefa4c77930b1dfa6cad7213970794a42de3b059112e1773805f,0x954229f463f73a857fddc346857771c1ef3f7c00,1.09806344,0xf486a748d2981361e272e5b4adefbebbf7a8805d,0x05e74a03af1b3c9ea1cd7569bffe2a26ed33b373,Reental-RDO-4
0x454effa84a4cdedefc0d55ac7df0c4793fc9811cdee07cf08461e8f35804a6fb,0x820380fea111509a38297fa2971eee5b41a5aeca,2.37901271,0xca20609da56c09acb47e7be96a360ef4383d447a,0x05e74a03af1b3c9ea1cd7569bffe2a26ed33b373,Reental-RDO-3
0xc235edaf3c3fcb16135de733eee7cad6f5987503e00fc41cd4f32c9c61437f2f,0xe59dde10d38df397c996bdb1325b6f81684a8b80,0.6456069,0x1015b4011043843560ea01d7d1cd7ff0c7f52493,0x05e74a03af1b3c9ea1cd7569bffe2a26ed33b373,Reental-DXB-1
0xcbbdc8e17cbb21badc862407b44b18213ba9befb6482cad076863ad9e41e3415,0x55cb210f496df649fd283aa93a360e24fdb40964,0.38177081,0x1015b4011043843560ea01d7d1cd7ff0c7f52493,0x05e74a03af1b3c9ea1cd7569bffe2a26ed33b373,Reental-BPT-1
0x3be3976ed804d3ca6d76cf2dc60707441da09ac3e5f08d6687480d9d30c8e648,0x55cb210f496df649fd283aa93a360e24fdb40964,0.74550503,0x4ea686d768703965dbf537ffc4ab04047a83c1d0,0x05e74a03af1b3c9ea1cd7569bffe2a26ed33b373,Reental-BPT-1
0x5e5055909901137c219496a0b185965c6c9fccdb17ff7e47fabd12af6bec5630,0xe59dde10d38df397c996bdb1325b6f81684a8b80,2.0,0xc1213762f0b2010721e34a7d3a4e6742f836b462,0x05e74a03af1b3c9ea1cd7569bffe2a26ed33b373,Reental-DXB-1
0x0f24ab17f01bfe8c610f8f94c442a0c9eba294d23ae43f9574b56206c312e5ec,0xe16901dad396fe7b1b77b6d2bd91b2d648e8a762,1.03004191,0x2c713255e3a15fc4693f4a5b2875e291d1bab42b,0x05e74a03af1b3c9ea1cd7569bffe2a26ed33b373,Reental-HOU-3
0x774fe85da29dc5fa270f5ded8df359d11a6610da63ba134a6509abb32604c9d8,0x3b7455335fc7c3839167ed8fc173405908ffdf15,0.5,0xd73d0b5775caf7ff914d8643bc31bbfb1db2f3c6,0x05e74a03af1b3c9ea1cd7569bffe2a26ed33b373,Reental-TLM-2
0xe90d775166e7e58ada1e62f6fdcbc25bbf312bbd27b3dd3d443e76cd9deaf9ea,0x9c09c8525c5baa3b254cb0a60d3565cfbd5c9f28,0.25,0x74ccf6c72f487948447db636daf9bce199499150,0x05e74a03af1b3c9ea1cd7569bffe2a26ed33b373,Reental-JAX-3
0xd5c7a06ced6a52d96437dee2169e6d9fe6fb2e9fe58e3f0f896cef754245b8dd,0xb0825e7a4093d21ed076883f8aca33300631291e,1.0,0x4ea686d768703965dbf537ffc4ab04047a83c1d0,0x05e74a03af1b3c9ea1cd7569bffe2a26ed33b373,Reental-MIA-3
0x3f3371bbde71e5bd49108386360713aadffeae8fa4279672abaebb46f79f69ef,0x68f73061bdf369c2562f4c0ea4e940f362d1a97f,1.0,0xfb8482d3a050b09d9dd3d3fb44e858864ef649f8,0x05e74a03af1b3c9ea1cd7569bffe2a26ed33b373,Reental-ATL-1
0x1f212b1fc76d64821f7a7ad35355adbe1cfeffe327c8cf538aa2113c22d7a896,0x1998bc7570ae301154e0c3017acbb200b87ad1af,0.46538305,0xa3804d27c0d8386b9d4218f5e59ccfa778b59e6a,0x05e74a03af1b3c9ea1cd7569bffe2a26ed33b373,Reental-IDX-1
0xfdae9f18ccf3a711fd6760e1f8e68b231e2d1ed3080933a941b711bb6f5d9f71,0x9c09c8525c5baa3b254cb0a60d3565cfbd5c9f28,0.00701978,0x74ccf6c72f487948447db636daf9bce199499150,0x05e74a03af1b3c9ea1cd7569bffe2a26ed33b373,Reental-JAX-3
0xae1e8577affa12e74750d61726e311f402cf6ede7ce19d83a4ed8b6a1a1bdf68,0x55cb210f496df649fd283aa93a360e24fdb40964,1.0,0x4ea686d768703965dbf537ffc4ab04047a83c1d0,0x05e74a03af1b3c9ea1cd7569bffe2a26ed33b373,Reental-BPT-1
0x128246dfa4d1b5ce57dab57001bcbf590265f4a601ca0afc4b2e69119ab1dd3b,0xb0825e7a4093d21ed076883f8aca33300631291e,1.0,0x4ea686d768703965dbf537ffc4ab04047a83c1d0,0x05e74a03af1b3c9ea1cd7569bffe2a26ed33b373,Reental-MIA-3
0xdb58711c0102912dffb1734394e97d3720eeeadff7998ad4adba0011235343a6,0x9c09c8525c5baa3b254cb0a60d3565cfbd5c9f28,0.44396604,0xd73d0b5775caf7ff914d8643bc31bbfb1db2f3c6,0x05e74a03af1b3c9ea1cd7569bffe2a26ed33b373,Reental-JAX-3
0x1267caf7c087588d930f8f0dbdacfa6efd30b60290a134307968f91cdbab6a7a,0x9c09c8525c5baa3b254cb0a60d3565cfbd5c9f28,0.5,0xd73d0b5775caf7ff914d8643bc31bbfb1db2f3c6,0x05e74a03af1b3c9ea1cd7569bffe2a26ed33b373,Reental-JAX-3
0x974f005daf126b585fb70b7c5c9b8ba15fd637e4aa08999c2f0f8b2d97d36b5d,0x8711b4172ed71d2d4f90e3e2f0cb63726acba8e6,1.17466118,0xd73d0b5775caf7ff914d8643bc31bbfb1db2f3c6,0x05e74a03af1b3c9ea1cd7569bffe2a26ed33b373,Reental-JAX-1
0x430144561b1325bc5d24f31109b7e2efd2b79eb2ff78545066cf69f78c49d2f3,0xad3e1f50590ef6f323caa0cf43f39d28d1d34144,1.2,0xd73d0b5775caf7ff914d8643bc31bbfb1db2f3c6,0x05e74a03af1b3c9ea1cd7569bffe2a26ed33b373,Reental-JAX-2
0x00046f472a36a011080ac9a4331edcf73a499015fc717a0d53dd955040a29d00,0x2f1026ff5bd94232050364c81d61a2d15e147209,0.5,0xd73d0b5775caf7ff914d8643bc31bbfb1db2f3c6,0x05e74a03af1b3c9ea1cd7569bffe2a26ed33b373,Reental-MIA-1
0x20112db4e4117e747452df407fec526a28d376476a2bf69fba7b868f2f1a0dc4,0xed923b814f1ea3d42c54dda55ba8edfaba994489,0.00082181,0x0f2c1c43da56f484e2fccb4223070ecdf4cad9c5,0x05e74a03af1b3c9ea1cd7569bffe2a26ed33b373,Reental-BKL-2
0x2130cda69656b6db5c339d36c87ef0b8f7071a658f2d0f13be5e0387c6862017,0x21ae95a56ef471370ce89a7a4624117f31810927,1.62109469,0xa3804d27c0d8386b9d4218f5e59ccfa778b59e6a,0x05e74a03af1b3c9ea1cd7569bffe2a26ed33b373,Reental-DNB-1
0x08a2a262dcecb202fe1ecf31a801b834dc10c9d7e63c234d482c46faadeb5bc9,0x68f73061bdf369c2562f4c0ea4e940f362d1a97f,1.0,0xfb8482d3a050b09d9dd3d3fb44e858864ef649f8,0x05e74a03af1b3c9ea1cd7569bffe2a26ed33b373,Reental-ATL-1
0xa11b6bf94ffa121bf748a92c1838677a684aadabc6e2931f79e92d5cc651d8f4,0x68f73061bdf369c2562f4c0ea4e940f362d1a97f,1.0,0xfb8482d3a050b09d9dd3d3fb44e858864ef649f8,0x05e74a03af1b3c9ea1cd7569bffe2a26ed33b373,Reental-ATL-1
0x88be61c500396fc3db5627b4892d420c12a45f68b8b002b78e0e3295073faf70,0x21ae95a56ef471370ce89a7a4624117f31810927,1.0,0xc0896e0e56d45b3c6d3444bff507adf6f15ee068,0x05e74a03af1b3c9ea1cd7569bffe2a26ed33b373,Reental-DNB-1
0xbc31dd6727b01ae57e4125fab2b7d481402ca0a319c5c0dbf19af4ee41e7a155,0x21ae95a56ef471370ce89a7a4624117f31810927,1.0,0xc0896e0e56d45b3c6d3444bff507adf6f15ee068,0x05e74a03af1b3c9ea1cd7569bffe2a26ed33b373,Reental-DNB-1
0x266b80c3108a718b917966792d20438e3c1089d42c454284079574d7cd407b64,0xe7d35f9248ea53943765928c0d9dc027a0129f28,8.82e-06,0x4616df79503fd39c5ce6701f1049b828e6210b3b,0x05e74a03af1b3c9ea1cd7569bffe2a26ed33b373,Reental-MLG-3
0x28a7aa451cf862586dad9b0bcf234f4cb52d518246be99b0a14cd3411c097b0e,0xb0825e7a4093d21ed076883f8aca33300631291e,0.5000051,0x8ab988c40f2d973ea78f1cd2972056b4257aaf6a,0x05e74a03af1b3c9ea1cd7569bffe2a26ed33b373,Reental-MIA-3
0xadf0e932cb748fc412a4dca4383a1381b01bdc0c0bbe7cfb81823bb910448da2,0x21ae95a56ef471370ce89a7a4624117f31810927,1.0,0xc0896e0e56d45b3c6d3444bff507adf6f15ee068,0x05e74a03af1b3c9ea1cd7569bffe2a26ed33b373,Reental-DNB-1
0x7210aa2bc88f1b4e88c8f061e07ffb6173a6148ef7cfabaabd6263b60bc16568,0x2d1838eb7ebb6ae8b1288872f9704e3400ee8b20,1.0,0xce89063272ecce1cda2086670ff94cbc690b8f5f,0x05e74a03af1b3c9ea1cd7569bffe2a26ed33b373,Reental-NPL-1
0xebee97b1bbe4d06c4c1ebcedcb9bec9f3912a388106b343104e0f4bdd0c052e9,0x2d1838eb7ebb6ae8b1288872f9704e3400ee8b20,1.0,0xce89063272ecce1cda2086670ff94cbc690b8f5f,0x05e74a03af1b3c9ea1cd7569bffe2a26ed33b373,Reental-NPL-1
0x23d60fe24cefc14741da81f647b850cd5c275e73f39e3bd01888f644f217bc98,0x2d1838eb7ebb6ae8b1288872f9704e3400ee8b20,0.7,0xce89063272ecce1cda2086670ff94cbc690b8f5f,0x05e74a03af1b3c9ea1cd7569bffe2a26ed33b373,Reental-NPL-1
0x3586e76438b7ecca850492bd816c1b36d076044d00bebb5416d8570bbaa3d164,0x2d1838eb7ebb6ae8b1288872f9704e3400ee8b20,1.0,0xce89063272ecce1cda2086670ff94cbc690b8f5f,0x05e74a03af1b3c9ea1cd7569bffe2a26ed33b373,Reental-NPL-1
0x841b04bb98030b362a9de10d58117d30043ec3279a79684fbd0ec0922c78fe45,0x2d1838eb7ebb6ae8b1288872f9704e3400ee8b20,1.0,0xce89063272ecce1cda2086670ff94cbc690b8f5f,0x05e74a03af1b3c9ea1cd7569bffe2a26ed33b373,Reental-NPL-1
0x69727719f2512c9d421c17ede1b830231fcc561f90dfd1874e83da737c43df72,0x55cb210f496df649fd283aa93a360e24fdb40964,0.99997444,0x009e30e39439bce3fc44ee74353bb46657612f98,0x05e74a03af1b3c9ea1cd7569bffe2a26ed33b373,Reental-BPT-1
0xec206a790d08f6f9bc14ff5eff392b8bd22980c615297b6e128376b23ac2818e,0x21ae95a56ef471370ce89a7a4624117f31810927,2.0,0xc0896e0e56d45b3c6d3444bff507adf6f15ee068,0x05e74a03af1b3c9ea1cd7569bffe2a26ed33b373,Reental-DNB-1
0xdb896bcd28add11855489241354a6f64fa99e0574bb358b442778436c4f628d2,0x21ae95a56ef471370ce89a7a4624117f31810927,1.0,0xc0896e0e56d45b3c6d3444bff507adf6f15ee068,0x05e74a03af1b3c9ea1cd7569bffe2a26ed33b373,Reental-DNB-1
0x136dd2d6f21295ff7c373a8fe9434d5542292c0ac9d17d050ecbec6e8b55f0d9,0x9c09c8525c5baa3b254cb0a60d3565cfbd5c9f28,1.3,0xd212a7c928b7a61460d67b96769bb8e38b4a4652,0x05e74a03af1b3c9ea1cd7569bffe2a26ed33b373,Reental-JAX-3
0xe31cc8ec0ee35d3db69af8dff0ccd5026068a9ddd84a33a7e6ca0305cc03967a,0xf1ec7e14489683babdb9299e5f9908d19a8759dc,0.9114,0x8c44bde75104a91651cc0040b5082c7b4d15a378,0x05e74a03af1b3c9ea1cd7569bffe2a26ed33b373,Reental-MIA-2
0xf879a181f36c9046ab90a6a282b83c345bf7df14de94dd507fdaf8c349836293,0x093984f85f980479172fb96982f79c418ac730f7,1.00002619,0x4c17d010f88148b20e01f38a79ac0dc6c1f1938a,0x05e74a03af1b3c9ea1cd7569bffe2a26ed33b373,Reental-RDO-6
0x056a5f3d10de136ce758a6d66d8849695e25de0e2527cde78c64b10d362f61a8,0x21ae95a56ef471370ce89a7a4624117f31810927,1.0,0xc0896e0e56d45b3c6d3444bff507adf6f15ee068,0x05e74a03af1b3c9ea1cd7569bffe2a26ed33b373,Reental-DNB-1
0xbc2c4744a688f6238b7c1d2a6aa9ae98fcbdea2d33b029590ef2b354ffc319b9,0x21ae95a56ef471370ce89a7a4624117f31810927,1.0,0xc0896e0e56d45b3c6d3444bff507adf6f15ee068,0x05e74a03af1b3c9ea1cd7569bffe2a26ed33b373,Reental-DNB-1
0x3cbf04103c8847d42985c3df1b1c48be3fadfbb6ff209850aaafd8fdc616374e,0xcc4c1ce8d335bd40a0acf17b9ab08c030cc299aa,1.14944842,0x3a20c9e644d6b7cc68eb3d2328cd619eed79c31f,0x05e74a03af1b3c9ea1cd7569bffe2a26ed33b373,Reental-PRO-100
0xa78ac683c3296a95f97513d4cb214830bcc7b8c267192b688ef262e5cbf84fa3,0x21ae95a56ef471370ce89a7a4624117f31810927,1.0,0xce89063272ecce1cda2086670ff94cbc690b8f5f,0x05e74a03af1b3c9ea1cd7569bffe2a26ed33b373,Reental-DNB-1
0x0606ade2fe4f8e6d11a4cd9af1cc7e86a0a48daddd1887b2727b8aab8d547ea8,0x21ae95a56ef471370ce89a7a4624117f31810927,1.0,0xce89063272ecce1cda2086670ff94cbc690b8f5f,0x05e74a03af1b3c9ea1cd7569bffe2a26ed33b373,Reental-DNB-1
0x1991524d724e6e669292eb100831f6969909f7d5198b1eadac9808ff4793307e,0x8711b4172ed71d2d4f90e3e2f0cb63726acba8e6,1.0,0xce89063272ecce1cda2086670ff94cbc690b8f5f,0x05e74a03af1b3c9ea1cd7569bffe2a26ed33b373,Reental-JAX-1
0x5fa6f9bac7c878b5ae8bdf884f00832c9435e2036e87f481634c97daa08b5d0b,0x9c09c8525c5baa3b254cb0a60d3565cfbd5c9f28,0.39196547,0xce89063272ecce1cda2086670ff94cbc690b8f5f,0x05e74a03af1b3c9ea1cd7569bffe2a26ed33b373,Reental-JAX-3
0x499f96ea55c059ed1b9c2f886f35939c5d9260cfd38b9b1da56b069cbe0a0999,0x9c09c8525c5baa3b254cb0a60d3565cfbd5c9f28,1.0,0xce89063272ecce1cda2086670ff94cbc690b8f5f,0x05e74a03af1b3c9ea1cd7569bffe2a26ed33b373,Reental-JAX-3
0x78ba5da2a6ea34e8ceaf708a897b2cf7c1e2de406526d40f075b47443933939d,0xdecfebdaf1131899fb38a53dc63671246220ab7a,1.64495416,0xd601b3ed546840032f42ed32b7de3a753a94ee5f,0x05e74a03af1b3c9ea1cd7569bffe2a26ed33b373,Reental-RDO-5
0xe7a81591680fc41184b8554147a778186742e6aa37b455051e73dd3ea84f765a,0x68f73061bdf369c2562f4c0ea4e940f362d1a97f,1.0,0xce89063272ecce1cda2086670ff94cbc690b8f5f,0x05e74a03af1b3c9ea1cd7569bffe2a26ed33b373,Reental-ATL-1
0x996edc5a401d3fffaf1ff57ff7f51ccaaa2148de9bd48283397188d28035da25,0xd48b1f302c8eb4a0f691fde99deaa9316d67a7db,0.2898,0xce89063272ecce1cda2086670ff94cbc690b8f5f,0x05e74a03af1b3c9ea1cd7569bffe2a26ed33b373,Reental-JAX-5
0x12f3a4c11ba73615deabeb5cbc86c918307bc816a103f059b368ea61ab99c3b8,0x093984f85f980479172fb96982f79c418ac730f7,0.33019067,0xce89063272ecce1cda2086670ff94cbc690b8f5f,0x05e74a03af1b3c9ea1cd7569bffe2a26ed33b373,Reental-RDO-6
0xe3d7ae8b8c1493e4717a1663c734f3360049e06a9dd9f9e0c066dce903930b81,0x21ae95a56ef471370ce89a7a4624117f31810927,1.000321,0xce89063272ecce1cda2086670ff94cbc690b8f5f,0x05e74a03af1b3c9ea1cd7569bffe2a26ed33b373,Reental-DNB-1
0x29814774d6c9b52121b15a846bb2cf34789678af8a28c66583a5bb2be0f19ffe,0xb0825e7a4093d21ed076883f8aca33300631291e,1.11247578,0xce89063272ecce1cda2086670ff94cbc690b8f5f,0x05e74a03af1b3c9ea1cd7569bffe2a26ed33b373,Reental-MIA-3
0xc8565ab266e851480662a67389bfa96d534eb7527f5bad7d8db9382cf79cafdb,0x68f73061bdf369c2562f4c0ea4e940f362d1a97f,2.28,0x4ea686d768703965dbf537ffc4ab04047a83c1d0,0x05e74a03af1b3c9ea1cd7569bffe2a26ed33b373,Reental-ATL-1
0xad5e46d083b662903d0c36c1568a1669ff63dbfde74824f0f063231c18ea1649,0xe56ff2dff2c2e95511f0bef4b3d92da05e8197c0,2.0,0xce89063272ecce1cda2086670ff94cbc690b8f5f,0x05e74a03af1b3c9ea1cd7569bffe2a26ed33b373,Reental-HOU-2
0xd114457c143636d8c14f5c44ad6f89b628c0bfd385104b728e91358e5a2b9219,0xe56ff2dff2c2e95511f0bef4b3d92da05e8197c0,1.0,0x4ea686d768703965dbf537ffc4ab04047a83c1d0,0x05e74a03af1b3c9ea1cd7569bffe2a26ed33b373,Reental-HOU-2
0x8de335ae47524d66697be88a5fd310dcd0a81c12c03d11ba277dba0176d0695b,0xe56ff2dff2c2e95511f0bef4b3d92da05e8197c0,1.0,0x4ea686d768703965dbf537ffc4ab04047a83c1d0,0x05e74a03af1b3c9ea1cd7569bffe2a26ed33b373,Reental-HOU-2
0xe57276797780de6a19c7932033a096b2f8dcfba169941a24a6f3d92b283111c8,0x69072424b70ed26ff987fcb49258b7e8f93c6d82,1.0,0xce89063272ecce1cda2086670ff94cbc690b8f5f,0x05e74a03af1b3c9ea1cd7569bffe2a26ed33b373,Reental-SAM-1
0x2c27369d6becfaa0d96da9e5a232b01fed801ef87d33f190dffdd682d6fe6776,0x69072424b70ed26ff987fcb49258b7e8f93c6d82,1.0,0xce89063272ecce1cda2086670ff94cbc690b8f5f,0x05e74a03af1b3c9ea1cd7569bffe2a26ed33b373,Reental-SAM-1
0x17330296547cb777cc9d7daf6944cacf8cb5211a20798e97ba9c16838e264a6d,0xaca38d593f7775334fa1b84a865f19396f62f760,0.80879792,0x77aba715e2e93820d1cda03b14b92ba20e7bddd9,0x05e74a03af1b3c9ea1cd7569bffe2a26ed33b373,Reental-MLG-6
0x47bafae5bcdb15ad9f6878ef901cfdad73189e6f1365be5218a4cf349d28b8b3,0xe56ff2dff2c2e95511f0bef4b3d92da05e8197c0,1.68,0x4ea686d768703965dbf537ffc4ab04047a83c1d0,0x05e74a03af1b3c9ea1cd7569bffe2a26ed33b373,Reental-HOU-2
0x93650830b77a645028431a350056f7418ebe8832c523bf21e83cc28891e82601,0x954229f463f73a857fddc346857771c1ef3f7c00,0.18735653,0xb2ffd57ac78605d6357879cd6435c05880ff9590,0x05e74a03af1b3c9ea1cd7569bffe2a26ed33b373,Reental-RDO-4
0xb76c53a7754423c7ead593691b49a9c0f213cf7bb91f0d3f35c19f37bf09496d,0x68f73061bdf369c2562f4c0ea4e940f362d1a97f,0.7720845,0xb05725425c80808329a5c8acdee4c79aef648300,0x05e74a03af1b3c9ea1cd7569bffe2a26ed33b373,Reental-ATL-1
0x3209966e8c20ceacbb4db09a468e0661a74cae524be3a72688102dcb0f80d708,0x46182d6937ed8cf2707e187b61b654e8ca59c7b5,0.429,0xb222b61c259e22546bfe9edd0b4eecc73aec3cf9,0x05e74a03af1b3c9ea1cd7569bffe2a26ed33b373,Reental-DXB-2
0x7dbafc71de096dd69f7ea5324782bd8be0be7f6ccf2de07defcb10b30c5c1775,0x2f1026ff5bd94232050364c81d61a2d15e147209,1.0,0xce89063272ecce1cda2086670ff94cbc690b8f5f,0x05e74a03af1b3c9ea1cd7569bffe2a26ed33b373,Reental-MIA-1
0x65d09773eb834b2b6403201d8be88cb8d14939e471c56c1f734c6c8789336cf6,0xe56ff2dff2c2e95511f0bef4b3d92da05e8197c0,2.0,0x8a7ccf8e2c6ccf18dc43ca4191a59506e27d0047,0x05e74a03af1b3c9ea1cd7569bffe2a26ed33b373,Reental-HOU-2
0x1b25c2ffcacb6ad7a12570cfdf4dd3eedd928f0eed1c1952ee965ca4a0991943,0x9c09c8525c5baa3b254cb0a60d3565cfbd5c9f28,1.09201052,0xb05725425c80808329a5c8acdee4c79aef648300,0x05e74a03af1b3c9ea1cd7569bffe2a26ed33b373,Reental-JAX-3
0xe82de88926e249c421483c3f27e384f7da3b4ade2edcf276155f4b17c3f17ab3,0x9c09c8525c5baa3b254cb0a60d3565cfbd5c9f28,0.18303211,0xb2ffd57ac78605d6357879cd6435c05880ff9590,0x05e74a03af1b3c9ea1cd7569bffe2a26ed33b373,Reental-JAX-3
0xecaff5a639efc6f0f47826cf86319a331ef6091ebef366694357832416740188,0x8a96bf9aa5812ce957aed1f554065b64a545c88a,0.00067179,0x8ab988c40f2d973ea78f1cd2972056b4257aaf6a,0x05e74a03af1b3c9ea1cd7569bffe2a26ed33b373,Reental-VLC-12
0xcca670cba84b1fc639764552a41fce34268912459b8b3e606382186bdf368f3e,0xb0825e7a4093d21ed076883f8aca33300631291e,1.82108788,0x15034de8e831dcb5d1c0d372efb230a313f8c95b,0x05e74a03af1b3c9ea1cd7569bffe2a26ed33b373,Reental-MIA-3
0x25254b8ac5ea9a6f8f060f3af1870a2183baeedac0cf58038e623d54000c9586,0xe56ff2dff2c2e95511f0bef4b3d92da05e8197c0,2.0,0x8a7ccf8e2c6ccf18dc43ca4191a59506e27d0047,0x05e74a03af1b3c9ea1cd7569bffe2a26ed33b373,Reental-HOU-2
0x213f988adc9072dda9db002782d8b44142e1c9ba11bc5cd0ea4f79250fb3c9db,0x093984f85f980479172fb96982f79c418ac730f7,1.58399759,0x3024b33c6b6c0e90a908da6a718b9b74ece6b4da,0x05e74a03af1b3c9ea1cd7569bffe2a26ed33b373,Reental-RDO-6
0xfcdcf6ba695d44245e38fe1f83ddb7efad395ad7c80fe8edeb1a97e14b0c2074,0xb0825e7a4093d21ed076883f8aca33300631291e,0.621,0xb552a37e3f07082490b017aa6b43e10cd04176b5,0x05e74a03af1b3c9ea1cd7569bffe2a26ed33b373,Reental-MIA-3
0x9bda7cd01c99d650acb4c5d99cc755828b067343b66427b5e9e7637b82d7e2f7,0xcc4c1ce8d335bd40a0acf17b9ab08c030cc299aa,3.0,0xbe5d189f4cf9fa7d061b7935e088dd11600e18c0,0x05e74a03af1b3c9ea1cd7569bffe2a26ed33b373,Reental-PRO-100
0x7ada92941b5e6625215c867d3f82fe43a825d68131baeb4376e33b177ac7e946,0x21ae95a56ef471370ce89a7a4624117f31810927,1.0,0xbe5d189f4cf9fa7d061b7935e088dd11600e18c0,0x05e74a03af1b3c9ea1cd7569bffe2a26ed33b373,Reental-DNB-1
0x6e0dd6fe1f7b564ba2118a362f7aa4a4a8ce99a102002bac0b2e6c893dac8b80,0x21ae95a56ef471370ce89a7a4624117f31810927,1.0,0xbe5d189f4cf9fa7d061b7935e088dd11600e18c0,0x05e74a03af1b3c9ea1cd7569bffe2a26ed33b373,Reental-DNB-1
0xe56090f9f383eeae399640fd4c4b42530dee4dcf1fea3bd1136e6113e7e4df7a,0x9c09c8525c5baa3b254cb0a60d3565cfbd5c9f28,0.14823675,0xbe5d189f4cf9fa7d061b7935e088dd11600e18c0,0x05e74a03af1b3c9ea1cd7569bffe2a26ed33b373,Reental-JAX-3
0x2674e9174a601e64eaa7f3f4e2383c4a1ad706de39c251d179eadefd0ad901b1,0xe16901dad396fe7b1b77b6d2bd91b2d648e8a762,0.499945,0xd670f58c98181dfbf5a26838cb5ca024c0d77502,0x05e74a03af1b3c9ea1cd7569bffe2a26ed33b373,Reental-HOU-3
0xb53bd9abc71926030c528400a8deef1fb4010f39f93ebb0eb5ca3e67df524bd5,0x093984f85f980479172fb96982f79c418ac730f7,1.00000309,0x6b19c5195dfb08219f6a94fa48be9d2a4274a696,0x05e74a03af1b3c9ea1cd7569bffe2a26ed33b373,Reental-RDO-6
0x759043172ad6bba41eb59f8535749d727f1876fa8a7630bd392353baf2313051,0xdecfebdaf1131899fb38a53dc63671246220ab7a,1.5,0x6b19c5195dfb08219f6a94fa48be9d2a4274a696,0x05e74a03af1b3c9ea1cd7569bffe2a26ed33b373,Reental-RDO-5
0xfce06b314bd3ecc643be57cbad2e774ee8658be3e134e72aa4ca9f4b2a8ac51d,0x954229f463f73a857fddc346857771c1ef3f7c00,2.0,0x6b19c5195dfb08219f6a94fa48be9d2a4274a696,0x05e74a03af1b3c9ea1cd7569bffe2a26ed33b373,Reental-RDO-4
0x95dae5a803dbaa16ec8cd4acb1719f365464924e34b5f8c2d2ca0512e25529f5,0x68f73061bdf369c2562f4c0ea4e940f362d1a97f,1.69976526,0xd670f58c98181dfbf5a26838cb5ca024c0d77502,0x05e74a03af1b3c9ea1cd7569bffe2a26ed33b373,Reental-ATL-1
0x690d76c0df50a861446512937b4340b8997441e1dcb4f85af4610a1cb2c6f9cd,0xe56ff2dff2c2e95511f0bef4b3d92da05e8197c0,1.0,0x4ea686d768703965dbf537ffc4ab04047a83c1d0,0x05e74a03af1b3c9ea1cd7569bffe2a26ed33b373,Reental-HOU-2
0x6842213bf0009ce3bdec28138ea5b998692084b726edd847e36e067b2b111968,0x2f1026ff5bd94232050364c81d61a2d15e147209,0.45356144,0xd212a7c928b7a61460d67b96769bb8e38b4a4652,0x05e74a03af1b3c9ea1cd7569bffe2a26ed33b373,Reental-MIA-1
0x05a543a15331d73a4c65479cf765b5faed731c2ea7f6024204eb2fb93082e74f,0x68f73061bdf369c2562f4c0ea4e940f362d1a97f,1.0,0x4ea686d768703965dbf537ffc4ab04047a83c1d0,0x05e74a03af1b3c9ea1cd7569bffe2a26ed33b373,Reental-ATL-1
0x2c787d4d53692aebefc238d74919b9c2b7615d83648fa8a0cd6ac7d7711615b5,0xf090b60f731583288e8c7c9d9a80680e35bd63e0,1.0,0xa4a22753ecb2f3da4927f94f46e111dcc78c6a66,0x05e74a03af1b3c9ea1cd7569bffe2a26ed33b373,Reental-HOU-1
0xc459fd14104a651ea56662a4a0afb5393b0d3c7fb50b5b2e49bb059ed9dbc083,0x2f1026ff5bd94232050364c81d61a2d15e147209,2.0,0xc0896e0e56d45b3c6d3444bff507adf6f15ee068,0x05e74a03af1b3c9ea1cd7569bffe2a26ed33b373,Reental-MIA-1
0x871f589ff999cf13a59772b602b609dba4eb0961963cc1e3e80e399327cde1ea,0x754f5b74e2639cef67fecec03f4d698470bdc92f,1.0,0xd212a7c928b7a61460d67b96769bb8e38b4a4652,0x05e74a03af1b3c9ea1cd7569bffe2a26ed33b373,Reental-ABD-1
0x60f0c84ca26fc113ee1d3e9b500e2d68aedd9b5f3e41477f0fca76b42fc34901,0x093984f85f980479172fb96982f79c418ac730f7,1.0,0x8ab988c40f2d973ea78f1cd2972056b4257aaf6a,0x05e74a03af1b3c9ea1cd7569bffe2a26ed33b373,Reental-RDO-6
0x181022e376791184f88953381ad5b4e31ad954ba7e79935d1005b6f6f865ef63,0x33be67454ae817337db15877fd4106c5cd5206c5,0.53445096,0xb05725425c80808329a5c8acdee4c79aef648300,0x05e74a03af1b3c9ea1cd7569bffe2a26ed33b373,Reental-MLG-5
0xb5e8d770ed541c7644a93d1b27c89021f305276d6f3a00bec8705fdb316a848b,0x46182d6937ed8cf2707e187b61b654e8ca59c7b5,5.0,0xff36834b16be6a0628b3e8b68c8ff62e541f2af3,0x05e74a03af1b3c9ea1cd7569bffe2a26ed33b373,Reental-DXB-2
0x1838d13789b6a1483bbdb62f97af52a23642db224cd79f8b2aa0964129e4c730,0xaca38d593f7775334fa1b84a865f19396f62f760,9.931e-05,0x864692fecb5e8dd3a923dcb4b87c01d1aeec3a36,0x05e74a03af1b3c9ea1cd7569bffe2a26ed33b373,Reental-MLG-6
0xe7f7acec716016a5e903c94e3fbe04e3a26d67178dcf443719266be085cd1049,0x754f5b74e2639cef67fecec03f4d698470bdc92f,1.06605685,0x6198cbec418171fceb21f625ba742b5b6a073537,0x05e74a03af1b3c9ea1cd7569bffe2a26ed33b373,Reental-ABD-1
0xa946d49aa569d90b8b83de3f527268f5980e1836322f586eb649da2b05e43694,0x8711b4172ed71d2d4f90e3e2f0cb63726acba8e6,1.38368321,0x64e914a8032cf603464713011c31a7a4d0d9c89a,0x05e74a03af1b3c9ea1cd7569bffe2a26ed33b373,Reental-JAX-1
0x03771b3c097d9108f3c9bfbd1a46e6a913ad52c0102319e97832bf93dcd3babf,0x8e08d151466bd8499a89ee9254586ef141f324c9,0.14561345,0x2c58fb2d59eceb33aa40dcb09da2c5e2cc36bb07,0x05e74a03af1b3c9ea1cd7569bffe2a26ed33b373,Reental-FMY-1
0x63ff73a9458a6cb19063547ba72f24db3a9d8b61dd312d122aeca868c9a103ba,0x754f5b74e2639cef67fecec03f4d698470bdc92f,2.62,0xc1213762f0b2010721e34a7d3a4e6742f836b462,0x05e74a03af1b3c9ea1cd7569bffe2a26ed33b373,Reental-ABD-1
0x641f4dd389ebfd9993d601ebbb1c9ceb6e73c6d48b8dc077fb8cb3c6fb4b4fac,0x4caefefa803ded399db5d2b6d38211adcf965bd4,0.30813598,0x5f9e9eecbc85f8257d2d07ea70b000ffda5bf3d5,0x05e74a03af1b3c9ea1cd7569bffe2a26ed33b373,Reental-GRX-4
0x8d701a435d7d9b0f382ff830c22ee3a83df951a2eb35c8ed02717afa5f43de88,0x875b80a36ae0660f7de4178a49f7672c8447d365,1.16173388,0xa3804d27c0d8386b9d4218f5e59ccfa778b59e6a,0x05e74a03af1b3c9ea1cd7569bffe2a26ed33b373,Reental-RET-3
0xea06b292b84f8901b317d6fa387d4c0b63cc87ffc8d56f8e67c2f659ed047e63,0x2d1838eb7ebb6ae8b1288872f9704e3400ee8b20,1.0,0xbb5c220d202fd05c696ed73c18e9db175e7a7a5a,0x05e74a03af1b3c9ea1cd7569bffe2a26ed33b373,Reental-NPL-1
0x5f4263f0c72dd9ffcaf072cc58761717c763726f4a5d82f73ee4ed568425f84b,0x2d1838eb7ebb6ae8b1288872f9704e3400ee8b20,1.0,0xbb5c220d202fd05c696ed73c18e9db175e7a7a5a,0x05e74a03af1b3c9ea1cd7569bffe2a26ed33b373,Reental-NPL-1
0x5a9801e0a6cc802e88e0d28dee8ae45dbf2e0473c0e39e0052f71a491628b829,0x4adaee2dae690cf8f3915f1c1963f16d239c5e11,0.29553252,0xdaac94de619860db23ac7f14a7c6ed101cd10b1a,0x0720c8a82cc6609d082242b2c814e143de7ad3d4,Reental-MRB-1
0x44e277b17f422760e0dd76155f3b2cc38974afd8630043c47dd625a036b947b4,0x29fdc3434576e188e8131b2ad9cf94d3b3e71f56,25.773,0xda097eee619b30e03adb1a6ef996882a4ae8b5ea,0x0720c8a82cc6609d082242b2c814e143de7ad3d4,Reental-MLG-8
0xc0196793bc66473f31b4b026ecb2b40eaad3438369906b5b6688c5d09a5b0710,0xfc5e219788a953ad8e71c3b7cb9484695e7f028e,3.99,0xd4bcede6c4055c12ec03cd383046297d0ed05625,0x07f29c066602d8ac46b69aa242a628650cc9a56f,Reental-SVQ-6
0xbff36564da9ffe093d66b57560509d8dc220c1617ebf51100482e573ccf6472f,0x8711b4172ed71d2d4f90e3e2f0cb63726acba8e6,3.0,0x985702fb3c75a0f45412dbc1937195c28042d92b,0x07f29c066602d8ac46b69aa242a628650cc9a56f,Reental-JAX-1
0x28f3a00791e5a69d03ba95b8e8e271f3fe9645e39f96a7ca600df08d4c54f563,0x954229f463f73a857fddc346857771c1ef3f7c00,1.18,0x644e4df762e7087011246bc3baf3f8b24b40127d,0x07f29c066602d8ac46b69aa242a628650cc9a56f,Reental-RDO-4
0xfcf2d006b89dbf6d90fb2e76583094066b2a4be5c8ab474d3a966986d3dda4f0,0xb45898179fe8de2818e3ff994559c60aa962e2af,11.06213178,0x7c60b3660f4c79ec697b366a676b72556dedd772,0x07f29c066602d8ac46b69aa242a628650cc9a56f,Reental-MLG-7
0x847c85ac5b49d83001f317063fa6be6cba8a8153e9eb94a597838dfa2107780b,0x7469b9381bfa8a34bef9dfaad03d75f60947f957,7.0,0xee21cb5ad21b519849e2a14c1555ca9e00a4f67f,0x07f29c066602d8ac46b69aa242a628650cc9a56f,Reental-CDP-3
0xfec2fbb59b4f6379733a1d201b5a043d8fac662051f5c65a9a097de5336316b2,0xe7d35f9248ea53943765928c0d9dc027a0129f28,1.0,0xd212a7c928b7a61460d67b96769bb8e38b4a4652,0x07f29c066602d8ac46b69aa242a628650cc9a56f,Reental-MLG-3
0xb49c973a63cd2b35f11b1cd1858fdf0cce0b9463a644ab1a2ebe88fbcda5d807,0xa0d99b441a9a5e334b234f31a92b97fa8d663626,2.0,0xc1213762f0b2010721e34a7d3a4e6742f836b462,0x07f29c066602d8ac46b69aa242a628650cc9a56f,Reental-YCT-2
0x8c50d0cef20546789d9ade61136dab3b1332f8b54123609be13bac27fc2d0261,0xe7d35f9248ea53943765928c0d9dc027a0129f28,10.0,0xba31fa71441f47e712eedf2ce973a5e552317af3,0x07f29c066602d8ac46b69aa242a628650cc9a56f,Reental-MLG-3
0x9c807a71791688c8c1df28f1d01025caaadb4cda539d105179059333809f1ea0,0x7469b9381bfa8a34bef9dfaad03d75f60947f957,1.0,0xaead7ad2bb47499d537cfe44fd213372ca61b377,0x07f29c066602d8ac46b69aa242a628650cc9a56f,Reental-CDP-3
0xebb92044daa69dd6f98a37837751ba73c6a72f5be4a9e0a726c6c4914d0feebd,0xb0825e7a4093d21ed076883f8aca33300631291e,0.11416062,0xa1fe7174043ec47259895f2883704231b41da0ad,0x09a2b9de5a1c01b44c53fbc3d8f1fb6670ca685b,Reental-MIA-3
0xcf4ae7203383e202dceb24f20dfa2178fe4fed4f315006f84c7098ee9d9fc612,0x6b4fa3c69e62f8f03dc018b57efa74d560462210,1.0,0x99b6b6f3d833d41cf50c9dc24c1c954e4124bef6,0x09a2b9de5a1c01b44c53fbc3d8f1fb6670ca685b,Reental-MAYA-1
0xce9bdcb960983b0a8f9ad0b43dd272b72042dcde5839eedae7b5b10d4c07cfdc,0x6b4fa3c69e62f8f03dc018b57efa74d560462210,5.0,0x245ec0965be76427f84c9b727d8f230301d6e54e,0x09a2b9de5a1c01b44c53fbc3d8f1fb6670ca685b,Reental-MAYA-1
0xb581b802ed2bb32409163a2670c5ea92663124452d0e7ec9d7ef8bd28635c93b,0x9c09c8525c5baa3b254cb0a60d3565cfbd5c9f28,1.49981659,0x52b71b70ec73defae5e9840e4fa706ecb2b29a25,0x09cf61a6fbfabf4095b2fa1f6b50da94a576867a,Reental-JAX-3
0xea7e0762e0973c8674bbee5f05b2e10e44f9447fa1ddb6a5ff5a9ea6f821d444,0xe7d35f9248ea53943765928c0d9dc027a0129f28,9.32733642,0x0f2c1c43da56f484e2fccb4223070ecdf4cad9c5,0x0a287752e887813791aa548c5da36ae5259367dd,Reental-MLG-3
0x6b61b3a23959e211e287340aab29b666499a30e4b95a1357435ac8196627b73c,0xfd81b5f560700652b1bf73e26662ec4df1469ae3,9.1709133,0x26c11cf61d3cbefb3d36571abc8967d5a667e3ab,0x0a287752e887813791aa548c5da36ae5259367dd,Reental-SVQ-5
0x6adc73ac846d6340e9b5c001d6cab6ce105e93a41a161937a179fa391cb3e451,0xcc4c1ce8d335bd40a0acf17b9ab08c030cc299aa,2.0,0x95077fb59a3c7cea5465d175272408679365e885,0x0a42c37826c268a153050a3246ba11f59e176628,Reental-PRO-100
0x9b67a29d3e46fa4daca03186daa9d1aac6c099ad938106001e0b41e52418fc49,0xe6e3ff145a6ffcd1dac08472f89164c0c43316b2,1.00473392,0x2c58fb2d59eceb33aa40dcb09da2c5e2cc36bb07,0x0a42c37826c268a153050a3246ba11f59e176628,Reental-CMY-1
0x06832d2e98db5c5c5b9d3db45e662982a2df53cff272ecdb7ef8ca804ea853b3,0xcc4c1ce8d335bd40a0acf17b9ab08c030cc299aa,1.0,0xbb5c220d202fd05c696ed73c18e9db175e7a7a5a,0x0a42c37826c268a153050a3246ba11f59e176628,Reental-PRO-100
0x5239d68c3d03bda970c8673fa8d96f77ed1b0b2489c28effefc5540129d7b7cc,0xcc4c1ce8d335bd40a0acf17b9ab08c030cc299aa,10.0,0x9c0e7f3e623e2daf58f9a343348671d76613af2e,0x0a42c37826c268a153050a3246ba11f59e176628,Reental-PRO-100
0x67afe8e5d6372cf4d7e51650e322def8e84e49e551b21854e79005205ff67df4,0xe6e3ff145a6ffcd1dac08472f89164c0c43316b2,1.00473392,0x0a42c37826c268a153050a3246ba11f59e176628,0x23094d34888de2d5bc8eee5a5237026ce20de16d,Reental-CMY-1
0x2ecdec28af62541a0386e8d3bcd0909dcbd4071fdd520ae438971c30c47a38c1,0xcc4c1ce8d335bd40a0acf17b9ab08c030cc299aa,2.42375983,0x66586a1c1c7feed49d464fab89d9f7908ac6fea4,0x0a42c37826c268a153050a3246ba11f59e176628,Reental-PRO-100
0x3a7b157955880f00b9e1f387c54639f5ea09a5f1d1453a55e9961f7a787fec2e,0xad3e1f50590ef6f323caa0cf43f39d28d1d34144,1.0,0xc0896e0e56d45b3c6d3444bff507adf6f15ee068,0x0ac7e18ce2de510e6f5a3ba5621108f29cbc034f,Reental-JAX-2
0xd93c3d086275f0f3e7f5e78ccd474942670f48413d7e92fb5a5007cd636ef360,0xf94ca4e007553917d1f80d013d2544ddfbed555c,1.0,0xdf50cbf0ea828d6d3fb7b59f905a56ec64d5036d,0x0ac7e18ce2de510e6f5a3ba5621108f29cbc034f,Reental-MLG-4
0x770defe3525739c3f268635f7d98b159b53f5741e051c7031f67ff570190218b,0x21ae95a56ef471370ce89a7a4624117f31810927,7.81269574,0xcfef84696c0df6b3f2fa6b780b21551241715f72,0x0b6472693fb81f4b3ec661a0899b38e2c7b9eb2e,Reental-DNB-1
0x9ef577b56629870b2d311c73851a416f8029010bc6a06a449ab46cd89bd94094,0x2d1838eb7ebb6ae8b1288872f9704e3400ee8b20,1.00044585,0x3460f3e3ecdadb7ca18cc363c1ed05d227fda666,0x0b6472693fb81f4b3ec661a0899b38e2c7b9eb2e,Reental-NPL-1
0x3a3f0d22f9d0bb0cda3d21da7251fa99eea56d640d599bd62851cdb922f9be8c,0x093984f85f980479172fb96982f79c418ac730f7,5.0,0xf9c3fa98e7c685ff7964b7a297a7a22cb88eef19,0x0b6472693fb81f4b3ec661a0899b38e2c7b9eb2e,Reental-RDO-6
0x227efd6d462de1f35e6386d38c784576cf5c7d5dfaca72ddd3ae101d01499209,0x7469b9381bfa8a34bef9dfaad03d75f60947f957,2.44113635,0x1f1605891affe7485f923b57364508b9df341eaf,0x0b8b39cd8ad5b304d1a7e0dec4afd8853bfb98d2,Reental-CDP-3
0x2a892aa4be261bb620880190fc183c7958bee1f7398f6933d954fb573d957410,0x33be67454ae817337db15877fd4106c5cd5206c5,1.0,0x1beb9a854c7921d3c06a5608dd96b27a86d79139,0x0c0c6f7940cfb5a5332cfde4623060911df56b64,Reental-MLG-5
0x5591394f9ab0106cf9ca5b26ecede13d99ba7e39b859d7a163c104155d4be18d,0xfd0ea97747f7b1a53ec59ef5001616cde3aead3e,1.0,0xca04b1fdc59b229b31e3eff04ac2d476b283f567,0x0c7c8db962594ce9748e8fd77b5d4a9ddcd55169,Reental-CLVM-2
0x1222ad8916de2a5206ac423b253270f3c114c3dcbfde4173d46f5ef00d467ae2,0x7a7e4dd51d1ca1aa701b0eb76ba5f59cec2fbaa1,0.78630144,0xca04b1fdc59b229b31e3eff04ac2d476b283f567,0x0c7c8db962594ce9748e8fd77b5d4a9ddcd55169,Reental-MAD-3
0x35b36885d7a1c4c310de392fa951a69c2223cd5bfca1bc5e24aac60dca7db825,0x8711b4172ed71d2d4f90e3e2f0cb63726acba8e6,1.35,0x0e8d493d57ff8ac6006d5400ab22d0391c3aed29,0x1affc2882f1397037392b70f13a7bf76870315d2,Reental-JAX-1
0x83a5894afc1af384094002c5093bc5c196cc22f255e2de6a3b54f2fe48ac8011,0x9c09c8525c5baa3b254cb0a60d3565cfbd5c9f28,4.0,0x0e8d493d57ff8ac6006d5400ab22d0391c3aed29,0x8d6e0f86e5421abfd70c387359e6f47a1c84229f,Reental-JAX-3
0x0b7bf50093c3bfa26109b0ad67168296dade4d8ebef611e62c2e9afa1a80bf56,0x7469b9381bfa8a34bef9dfaad03d75f60947f957,0.41463259,0xdc1b2d9fbc6e11edd2a16e17244851f2fbc4b6ba,0x0e8d493d57ff8ac6006d5400ab22d0391c3aed29,Reental-CDP-3
0x8fb8829bb28363dada7e11ff2f11166b2e7f5ce73558e431242319cdfbb2ac66,0xac6b91d535bdedb731045ed823d2a6c3ad5b5177,5.0,0x0e8d493d57ff8ac6006d5400ab22d0391c3aed29,0x75cc59a3bb2c22410e1ea22f8207a415e7d48514,Reental-OVD-1
0x534cc8b9595f70d2cfa568a8778d301fbdda954b196b32a3592aa33610177cf4,0xfd0ea97747f7b1a53ec59ef5001616cde3aead3e,5.0,0x0e8d493d57ff8ac6006d5400ab22d0391c3aed29,0xb64fbeef6b52207a4648308c56b84432b16e9b0f,Reental-CLVM-2
0xf900ad0ef72df6069253e49faf13a0469366c4fa7fc846844f415ec0119c440f,0x6da0652a8481a774f5164612ab0ab18f105ad243,5.0,0x0e8d493d57ff8ac6006d5400ab22d0391c3aed29,0xb64fbeef6b52207a4648308c56b84432b16e9b0f,Reental-CLVM-1
0x6f21d0328d054b2b29ced5f84f240f56a284fbbec789c6705d41bf89ed7a90c9,0xe7d35f9248ea53943765928c0d9dc027a0129f28,5.0,0x0e8d493d57ff8ac6006d5400ab22d0391c3aed29,0x26cb4fdbeadfe4d9541bccd21315dc43b6f219aa,Reental-MLG-3
0xa952b6f991a9f6a567e62d0d6fbc3d0f8f7177a3f29e031c06f5bf057d307465,0x33be67454ae817337db15877fd4106c5cd5206c5,0.16154771,0x6f6aad8d226ba66e7d7f46e32a6819c7e5cd60f3,0x0f2c1c43da56f484e2fccb4223070ecdf4cad9c5,Reental-MLG-5
0x9d8e289a186068f718f91b71b97640cf794f88fca6ac3d42e997a730eaeb6c2b,0xf8657256c5cd5fdb044e55d1ec39e9b8c969dbf1,1.0,0x3323939ed80361335e661ac3db104b3ba17c323a,0x0f2c1c43da56f484e2fccb4223070ecdf4cad9c5,Reental-PAZ-1
0xfe32c17a4e9ff6cf60dd6e26e9f027a3ffdd4cd15610e707c19113f83ec539cb,0x1b0d685f5e4063033e0a1a360db864c9911eedda,1.90429671,0x0f2c1c43da56f484e2fccb4223070ecdf4cad9c5,0xd212a7c928b7a61460d67b96769bb8e38b4a4652,Reental-VLC-9
0x259b6928eb064114fc604703bb044087b36fd87a9e98a153aa37cee455c36ec5,0xf7a694bc2768fc3b26beb5e98bb76f744397e49c,1.00016,0x0f2c1c43da56f484e2fccb4223070ecdf4cad9c5,0xdf50cbf0ea828d6d3fb7b59f905a56ec64d5036d,Reental-RDO-1
0x20b9e027c5fba0909aebf8831014f46262a8760387398e34986e54c0f03987fe,0x6b4fa3c69e62f8f03dc018b57efa74d560462210,1.00096107,0x0f2c1c43da56f484e2fccb4223070ecdf4cad9c5,0xf3e25494bc9e24a1eeb2c3ef9434bc6bbdbba66b,Reental-MAYA-1
0xf04d083771813417e5c97a114e17acdce1353e79bf1661f6e2dff2e8bac7f696,0xdecfebdaf1131899fb38a53dc63671246220ab7a,3.08856521,0x0f2c1c43da56f484e2fccb4223070ecdf4cad9c5,0xf4baf08aee50b3ff26ee76334e8d25d08bdf719f,Reental-RDO-5
0xeca6f63beb4c76d5bfeee450da9e66295c24c4b74c93535afb2d81b43aeb419e,0xb45898179fe8de2818e3ff994559c60aa962e2af,1.25188944,0x8da58a52c848da18dea006be52b8b7ab8d9bb5ef,0x0f2c1c43da56f484e2fccb4223070ecdf4cad9c5,Reental-MLG-7
0x81a50ba932bca4d8b0c4d98728b89e719bc4cff2293eb2c37744f4e58d2ef6d5,0x7469b9381bfa8a34bef9dfaad03d75f60947f957,4.7167287,0x0f2c1c43da56f484e2fccb4223070ecdf4cad9c5,0xa8dff2da2254d094624e0f0cbb4eb2008ce19c2e,Reental-CDP-3
0x7e82c7726d13d59de0b66476fa4e60c8ee329acef2512883ff2156376a5d27d1,0x2f1026ff5bd94232050364c81d61a2d15e147209,10.0,0x0f2c1c43da56f484e2fccb4223070ecdf4cad9c5,0x2e645239fad563717e47f74fb3005c094300724f,Reental-MIA-1
0x8ac2ebc52f5c1ba2df0cc3da0252adf1fe16ad104bba3e57db014157a443d83d,0x6bde5421e90a42c6e78faaf3a79e4310a4d6266f,1.49666613,0x864692fecb5e8dd3a923dcb4b87c01d1aeec3a36,0x0f2c1c43da56f484e2fccb4223070ecdf4cad9c5,Reental-VLC-11
0xb9a4378b43a684844f94ae944b5ae2481f42ed95b477e9430b564ab820fdbd60,0x954229f463f73a857fddc346857771c1ef3f7c00,2.02,0x0f2c1c43da56f484e2fccb4223070ecdf4cad9c5,0x4ea686d768703965dbf537ffc4ab04047a83c1d0,Reental-RDO-4
0xef68621bfa3e065f6cbe912effc4c83465ef5a4c7e36c88d534b41383b05e8a5,0xb45898179fe8de2818e3ff994559c60aa962e2af,1.08022248,0x97f1b24d237b5d4c99735d45c5570164cb483de2,0x0f2c1c43da56f484e2fccb4223070ecdf4cad9c5,Reental-MLG-7
0x51e6e8186c27cb0fc39f3a5d8dcf7960d1d42d3c105c9a4ce4bdda0a18f1def6,0xb45898179fe8de2818e3ff994559c60aa962e2af,1.34770947,0x5cbd3aaabb7dc0bb893a96a6fc696c099ccb775b,0x0f2c1c43da56f484e2fccb4223070ecdf4cad9c5,Reental-MLG-7
0xa8e24147a489be09ed949ee6f962df77c15bb1cc96387a086585f16c10876f54,0x093984f85f980479172fb96982f79c418ac730f7,1.16677633,0x97f1b24d237b5d4c99735d45c5570164cb483de2,0x0f2c1c43da56f484e2fccb4223070ecdf4cad9c5,Reental-RDO-6
0x3db3bffad5cab393f746c56befd0fc07a7b34a6f94291eb833c94c14fba25270,0xca53dd67cfa553d9e31c377602fb217dff9eadff,1.25,0x0f2c1c43da56f484e2fccb4223070ecdf4cad9c5,0x1f1605891affe7485f923b57364508b9df341eaf,Reental-SMA-2
0x0d688324a6b8a4adc0ac1c0ca167aeeadd83db9ecaad8d2f139e9331986a4ef9,0xca53dd67cfa553d9e31c377602fb217dff9eadff,1.0,0x0f2c1c43da56f484e2fccb4223070ecdf4cad9c5,0x1f1605891affe7485f923b57364508b9df341eaf,Reental-SMA-2
0xe788de794bb9646b21e19b0e49a29bc5e3bfb8a673fc6800e2d2c23436ada0a8,0xca53dd67cfa553d9e31c377602fb217dff9eadff,2.0,0x0f2c1c43da56f484e2fccb4223070ecdf4cad9c5,0x1f1605891affe7485f923b57364508b9df341eaf,Reental-SMA-2
0x36a97f10342e1dceb4447ab7084a7e35e90b6c8d6c024f26e575a072f7b97176,0xca53dd67cfa553d9e31c377602fb217dff9eadff,2.0,0x0f2c1c43da56f484e2fccb4223070ecdf4cad9c5,0x1f1605891affe7485f923b57364508b9df341eaf,Reental-SMA-2
0xaf684b15cb5fbc04a6dd88ab2e44ef3fe2d0129678f6bd579d4e69ddacd4e7c3,0x33be67454ae817337db15877fd4106c5cd5206c5,2.0,0x3903f6e74c9c6eb235e22efe48001058fbbe2e4c,0x0f2c1c43da56f484e2fccb4223070ecdf4cad9c5,Reental-MLG-5
0x9764270e5e99bf4a0bee715ac8ae2afe0b59b6b861fe78017085e1ac5260768a,0xd48b1f302c8eb4a0f691fde99deaa9316d67a7db,5.01715338,0x0f2c1c43da56f484e2fccb4223070ecdf4cad9c5,0xa8dff2da2254d094624e0f0cbb4eb2008ce19c2e,Reental-JAX-5
0xbbc0039bbf8265364f129aa6856feb9caaa3af23ac06f1015cde2903a340323e,0xf8657256c5cd5fdb044e55d1ec39e9b8c969dbf1,2.0,0x47b4494ef25c957910a1def6a78f43853859ead9,0x0f2c1c43da56f484e2fccb4223070ecdf4cad9c5,Reental-PAZ-1
0x28109d44c9d9c428e8e34e2815a463ce8eb30e7db04484c86ce27dfe4b62acf6,0xca53dd67cfa553d9e31c377602fb217dff9eadff,4.00004379,0x0f2c1c43da56f484e2fccb4223070ecdf4cad9c5,0x7e186016b365c79ae28a243dbfb53f6762854c29,Reental-SMA-2
0x783cd328cf8feac9e08c03ce218c07afe8ba904e16abc0d9ef3026af7f885428,0x093984f85f980479172fb96982f79c418ac730f7,1.41097919,0x58523dfd74b30d6f9230e782674bb438bcfd8622,0x0f2c1c43da56f484e2fccb4223070ecdf4cad9c5,Reental-RDO-6
0x8b2bd8d8924ff7a017aef7c249706881970a1a570aa0e7afc0315dc48a950df0,0x29fdc3434576e188e8131b2ad9cf94d3b3e71f56,1.85199129,0x922e21af5c912a6c2283cd1a792bd52ba6523149,0x0f2c1c43da56f484e2fccb4223070ecdf4cad9c5,Reental-MLG-8
0x1c465a6a124ffeeb85d545027a6727345381dbcb3bd3361db6cda9718fd8ac06,0xf7e0069442e3e2d061673e16d2f77a3b87b45a42,4.9997,0x0f2c1c43da56f484e2fccb4223070ecdf4cad9c5,0xadb9cafc4989c2fb7b86b8344245a9cf6a2b9682,Reental-JAX-4
0x136b6bbf52f3c543b15ca6bb07934004e7656d9901194da5d29a9a32e556ceb1,0x9c09c8525c5baa3b254cb0a60d3565cfbd5c9f28,5.0086473,0x0f2c1c43da56f484e2fccb4223070ecdf4cad9c5,0x8a7ccf8e2c6ccf18dc43ca4191a59506e27d0047,Reental-JAX-3
0x366a6c2e97c36358658f369263628501625e83154efbfe5d586a9920b7d580b1,0xad3e1f50590ef6f323caa0cf43f39d28d1d34144,2.21,0x0f2c1c43da56f484e2fccb4223070ecdf4cad9c5,0x8a7ccf8e2c6ccf18dc43ca4191a59506e27d0047,Reental-JAX-2
0x3e809a7ee78784945df6e92261febc4aa521b402b48e57e67e646da06e4977db,0xf7e0069442e3e2d061673e16d2f77a3b87b45a42,5.0,0x0f2c1c43da56f484e2fccb4223070ecdf4cad9c5,0x8a7ccf8e2c6ccf18dc43ca4191a59506e27d0047,Reental-JAX-4
0xbdbfe475917c1affb03e24ed4cd973a1727c5c891b5f06d50748fadee0f125b4,0x29fdc3434576e188e8131b2ad9cf94d3b3e71f56,1.12451906,0x97f1b24d237b5d4c99735d45c5570164cb483de2,0x0f2c1c43da56f484e2fccb4223070ecdf4cad9c5,Reental-MLG-8
0xef57acb58ef03e99f44fb1e8efa7f91a9b7e9a4cb9c50a7e7224b8045f488178,0xaca38d593f7775334fa1b84a865f19396f62f760,5.57299376,0x0f2c1c43da56f484e2fccb4223070ecdf4cad9c5,0xa8dff2da2254d094624e0f0cbb4eb2008ce19c2e,Reental-MLG-6
0xaeb6b938cef609cfb8eacc734de0735c3ddd1dece2a4ec6720342726118d5e93,0x33be67454ae817337db15877fd4106c5cd5206c5,3.06146753,0x0f2c1c43da56f484e2fccb4223070ecdf4cad9c5,0xa8dff2da2254d094624e0f0cbb4eb2008ce19c2e,Reental-MLG-5
0x15af293623ea56d0b315337249b6dd4551e2bf565c56ce716e6556eec32cef7a,0x093984f85f980479172fb96982f79c418ac730f7,1.5,0xa72ed54fb61853c823820a264870b7bdf46c0ddb,0x0f2c1c43da56f484e2fccb4223070ecdf4cad9c5,Reental-RDO-6
0x49ceacdfd6037a7869627a05dbc7f5f1dfba855bad59ba537662310e34e19398,0x6bde5421e90a42c6e78faaf3a79e4310a4d6266f,0.64355208,0x58523dfd74b30d6f9230e782674bb438bcfd8622,0x0f2c1c43da56f484e2fccb4223070ecdf4cad9c5,Reental-VLC-11
0xd107ebdd724226963b6e70d1a7939d5eb71fe90ef55711f0b74490c6ea540c96,0xb45898179fe8de2818e3ff994559c60aa962e2af,1.16161885,0xb8593663f8a61275dd73fa8ab9594a8e2f45072c,0x0f2c1c43da56f484e2fccb4223070ecdf4cad9c5,Reental-MLG-7
0xc6aed0da47dcda93c4e173af6d1f7b902a92c1dbfc249abc6d7a85704f188db0,0x093984f85f980479172fb96982f79c418ac730f7,1.5,0xa72ed54fb61853c823820a264870b7bdf46c0ddb,0x0f2c1c43da56f484e2fccb4223070ecdf4cad9c5,Reental-RDO-6
0x3ead0f5ba9306a774a8ad56b7fcb829e94a6cae575f36f32dc374b1481516c14,0x7f6b82381bce03e7cf6af2fb1dcd41993406d4ae,11.01290863,0x0f2c1c43da56f484e2fccb4223070ecdf4cad9c5,0xf021a90753fd51994c7d2ae3da9e63fb0e7c0ff3,Reental-MLG-2
0x97d439ecb95ce0b38cc5b21e0dda39028ad3b7da2a4f427d96967c7138fa7d5e,0x093984f85f980479172fb96982f79c418ac730f7,1.55,0xa72ed54fb61853c823820a264870b7bdf46c0ddb,0x0f2c1c43da56f484e2fccb4223070ecdf4cad9c5,Reental-RDO-6
0xb372569c4f531d4b65d1a43fd48a9b164e1aa5a95fff0c55d9f95c8baeea4129,0x093984f85f980479172fb96982f79c418ac730f7,0.24124518,0x67f41ceabfd6f47f3c826860bc9f582f86f9f609,0x0f2c1c43da56f484e2fccb4223070ecdf4cad9c5,Reental-RDO-6
0x6bac139fddb5089de2392909af8553fdae8c1274181d9748b88bf2b3d1b719b4,0x093984f85f980479172fb96982f79c418ac730f7,1.49793255,0xa72ed54fb61853c823820a264870b7bdf46c0ddb,0x0f2c1c43da56f484e2fccb4223070ecdf4cad9c5,Reental-RDO-6
0x128346a18be26fb9b5c2d7da661f91e6384dd73fbfc993f2479dc8d0040b278d,0xf94ca4e007553917d1f80d013d2544ddfbed555c,4.79805183,0x0f2c1c43da56f484e2fccb4223070ecdf4cad9c5,0x85c68edc1669636ef317940981f75dc7a463c1c0,Reental-MLG-4
0x681c14e3a3a69dcb5d3ee5a958e287d85cfc6bd4b1f18ab284f71399097b686e,0xad3e1f50590ef6f323caa0cf43f39d28d1d34144,5.00058295,0x0f2c1c43da56f484e2fccb4223070ecdf4cad9c5,0x4b38369010a4cbc543a4cc68f998631c4c660842,Reental-JAX-2
0x77b27103c7ae869ec983a818635fd77d312f6b34ef75f5d27ae60ac6e8ff0f70,0x6bde5421e90a42c6e78faaf3a79e4310a4d6266f,3.79557945,0x468043dc6314e6d0ae6bb4d03de0d3f460372d08,0x0f2c1c43da56f484e2fccb4223070ecdf4cad9c5,Reental-VLC-11
0x68cf2c73b94f47bd62646d060b9caa7490985e58bc3d5dfcfa5890b317972c5f,0xb45898179fe8de2818e3ff994559c60aa962e2af,0.5,0x5f86529e7d7d248f7d84854c45777db0e23ac7d0,0x0f2c1c43da56f484e2fccb4223070ecdf4cad9c5,Reental-MLG-7
0x62e3cc718a8748faa1d1907188317898e2c62080d7a7a321d2c0a4f6e395e409,0x8711b4172ed71d2d4f90e3e2f0cb63726acba8e6,5.5075,0x0f2c1c43da56f484e2fccb4223070ecdf4cad9c5,0xa7dfea257bea38a69367ba5d695c0e8aaf57900f,Reental-JAX-1
0x7cc23593b4dfbe6a4671f48b1ecfe13a5c83d9c0e8030fc6d4e6404de3f0ce3e,0x093984f85f980479172fb96982f79c418ac730f7,1.0002302,0x1f1605891affe7485f923b57364508b9df341eaf,0x0f2c1c43da56f484e2fccb4223070ecdf4cad9c5,Reental-RDO-6
0xe25a780a408adb40a5f972012e058e8329a29cca96d16eedc8e968653bc17e82,0xfb759e0cc5cff4aea606064acd41c71c7c11bf40,1.16692866,0x1f1605891affe7485f923b57364508b9df341eaf,0x0f2c1c43da56f484e2fccb4223070ecdf4cad9c5,Reental-BKL-1
0x80ee69b549dd31c37885132aaa15d25d342da6f63c7dce632e036e3248813168,0x093984f85f980479172fb96982f79c418ac730f7,2.0,0x1f1605891affe7485f923b57364508b9df341eaf,0x0f2c1c43da56f484e2fccb4223070ecdf4cad9c5,Reental-RDO-6
0xf5404775732eae7a47befe4b9ea2dac3a21e8e3c389abec48b94fcc3d99dcffd,0x29fdc3434576e188e8131b2ad9cf94d3b3e71f56,1.55979271,0xc0896e0e56d45b3c6d3444bff507adf6f15ee068,0x0f2c1c43da56f484e2fccb4223070ecdf4cad9c5,Reental-MLG-8
0x2ddd9235658f97b9ba799a492d96f32ec3e17839e02a00bbe479a58c8027da56,0x29fdc3434576e188e8131b2ad9cf94d3b3e71f56,0.53256993,0xb6d61b7cc9feca2b226ffdbcd5e8b0544c8bf4ef,0x0f2c1c43da56f484e2fccb4223070ecdf4cad9c5,Reental-MLG-8
0xd811d336f5324cdbdbadf4be84b87e0ab816cf7fd7385cffb2c181cc29778080,0x093984f85f980479172fb96982f79c418ac730f7,1.24772222,0x7882d24e65a18b87ce84079fb7e9fbf82ab2e100,0x0f2c1c43da56f484e2fccb4223070ecdf4cad9c5,Reental-RDO-6
0x5280171c7c9d7c34d6ca253067e93f043543164b986ff8b148433d2405edb0c8,0x093984f85f980479172fb96982f79c418ac730f7,11.12,0x9c59b4a3992af8306cfa59e36a367189768ae4b1,0x0f2c1c43da56f484e2fccb4223070ecdf4cad9c5,Reental-RDO-6
0x2f6de9c99ebe925e92b656435ed9c2057f49b808542596ebf635ce5b7a6cd4b4,0x29fdc3434576e188e8131b2ad9cf94d3b3e71f56,1.12059442,0x7d6c736f532ff02d853b1ee553d0a869372886d1,0x0f2c1c43da56f484e2fccb4223070ecdf4cad9c5,Reental-MLG-8
0xc447a5a21cc73f6659ef4f199b4bffb8bd6a4a241f1fedc751ddaa6e5cad4f89,0x29fdc3434576e188e8131b2ad9cf94d3b3e71f56,2.28978992,0x9b04ba99ad57a8cfc5d1273f4cfe80d67a9bb9bb,0x0f2c1c43da56f484e2fccb4223070ecdf4cad9c5,Reental-MLG-8
0xee765dc6839d49aab3f2ca09b708dfbb69b1ed22c1a20237832f7d057eab2190,0xa17e89f33e80b506af759f9e493efe29a47ea905,1.67795893,0x1015b4011043843560ea01d7d1cd7ff0c7f52493,0x0f2c1c43da56f484e2fccb4223070ecdf4cad9c5,Reental-VLC-10
0x84a668a5f7da6e0d996658ccec4f9e1c5bb3d2bb1a836203d5b4d969dba156bb,0xfb759e0cc5cff4aea606064acd41c71c7c11bf40,1.0,0x7d7f876e1534faccec1b96a3e17f6951e1c07f76,0x0f2c1c43da56f484e2fccb4223070ecdf4cad9c5,Reental-BKL-1
0x24c67b6a9dc5c8525894646c6bf175c93300be03dcbbde5e94d2771b4702d33e,0x1b0d685f5e4063033e0a1a360db864c9911eedda,1.0,0xf19a356746a188cc0bc364eb7aea90da4ba905d2,0x0f2c1c43da56f484e2fccb4223070ecdf4cad9c5,Reental-VLC-9
0xbdd126fffc166ff69383ea6fb30460c81f16e9e625ceb2c39fb9845bed70abe4,0x1b0d685f5e4063033e0a1a360db864c9911eedda,1.0,0xfb8482d3a050b09d9dd3d3fb44e858864ef649f8,0x0f2c1c43da56f484e2fccb4223070ecdf4cad9c5,Reental-VLC-9
0x8887a368f577a43e3ee45f9665c9803b8c5e5d3323ff93bc8008461fba8014c6,0x1b0d685f5e4063033e0a1a360db864c9911eedda,2.0,0xfb8482d3a050b09d9dd3d3fb44e858864ef649f8,0x0f2c1c43da56f484e2fccb4223070ecdf4cad9c5,Reental-VLC-9
0x9e24b1d65542a38f0f12d4f054819a59d63779cc877e76cac7997e81cc66ab9e,0x6bde5421e90a42c6e78faaf3a79e4310a4d6266f,1.15106526,0x9b04ba99ad57a8cfc5d1273f4cfe80d67a9bb9bb,0x0f2c1c43da56f484e2fccb4223070ecdf4cad9c5,Reental-VLC-11
0x0292c4935f01f5ff33adf242a7efeb21a6624dfedc8ee3c177f04332016daae0,0xfb759e0cc5cff4aea606064acd41c71c7c11bf40,1.19540883,0x7c5064798e078fb315e066c1c8fd1fbeb55f3c68,0x0f2c1c43da56f484e2fccb4223070ecdf4cad9c5,Reental-BKL-1
0x107bc35e77ad2079940ac90a76a8e0d2dcc4805f0371eee2c7743310bf68a40f,0xa17e89f33e80b506af759f9e493efe29a47ea905,1.11820998,0x9b04ba99ad57a8cfc5d1273f4cfe80d67a9bb9bb,0x0f2c1c43da56f484e2fccb4223070ecdf4cad9c5,Reental-VLC-10
0x8bb7863e84e8e80e61470ab8460e23c32af0919202613220e6080d2ad78d368e,0x1b0d685f5e4063033e0a1a360db864c9911eedda,1.0,0xf19a356746a188cc0bc364eb7aea90da4ba905d2,0x0f2c1c43da56f484e2fccb4223070ecdf4cad9c5,Reental-VLC-9
0x8b8eff220e148f43b124e7cce8f637ab828eb761bb277dcac418b7ed096af4dc,0xa17e89f33e80b506af759f9e493efe29a47ea905,2.0505757,0x1015b4011043843560ea01d7d1cd7ff0c7f52493,0x0f2c1c43da56f484e2fccb4223070ecdf4cad9c5,Reental-VLC-10
0xdc6fe08e062fda083963f5d20c5361d0b1ee71a212a0c8693710143351d4ec95,0x6bde5421e90a42c6e78faaf3a79e4310a4d6266f,1.62165144,0x1015b4011043843560ea01d7d1cd7ff0c7f52493,0x0f2c1c43da56f484e2fccb4223070ecdf4cad9c5,Reental-VLC-11
0x93de43334c3b06f4d50767da5ca675903974b05e133fced7aeb6f02313d36527,0xfb759e0cc5cff4aea606064acd41c71c7c11bf40,1.0,0xef21127129bebda91612a5e5bfb19987f955f561,0x0f2c1c43da56f484e2fccb4223070ecdf4cad9c5,Reental-BKL-1
0x8ee112a256c93ba2dba1d05c01234e17813c908210c758e2597547a7a3d11408,0x4adaee2dae690cf8f3915f1c1963f16d239c5e11,2.0,0xef21127129bebda91612a5e5bfb19987f955f561,0x0f2c1c43da56f484e2fccb4223070ecdf4cad9c5,Reental-MRB-1
0x4538355b9ad98c7d2adb0026cf1b7cd7f4532872c6103446009c3f783c43c36c,0x1b0d685f5e4063033e0a1a360db864c9911eedda,1.0,0xf19a356746a188cc0bc364eb7aea90da4ba905d2,0x0f2c1c43da56f484e2fccb4223070ecdf4cad9c5,Reental-VLC-9
0xd05ba1b56647700b78b861aa511d086e6bc01d0ccdd5012c1581f95ba51a69dc,0x093984f85f980479172fb96982f79c418ac730f7,1.0004,0x47b4494ef25c957910a1def6a78f43853859ead9,0x0f2c1c43da56f484e2fccb4223070ecdf4cad9c5,Reental-RDO-6
0xdfc65131622686190744aff652c7ae41994113ff876424e2e2f6682f73716145,0xa17e89f33e80b506af759f9e493efe29a47ea905,2.0,0x1015b4011043843560ea01d7d1cd7ff0c7f52493,0x0f2c1c43da56f484e2fccb4223070ecdf4cad9c5,Reental-VLC-10
0x1ba59462b4a6ed77400b645b8d285cf3dd0547df4341df956feead75e4fc0f6e,0x6bde5421e90a42c6e78faaf3a79e4310a4d6266f,2.0,0x1015b4011043843560ea01d7d1cd7ff0c7f52493,0x0f2c1c43da56f484e2fccb4223070ecdf4cad9c5,Reental-VLC-11
0xaded72a2243d872dec404ecd4cfb1827ac4d7c4d6ede2468ba83f5283bdfc3e8,0xa17e89f33e80b506af759f9e493efe29a47ea905,2.0,0x1015b4011043843560ea01d7d1cd7ff0c7f52493,0x0f2c1c43da56f484e2fccb4223070ecdf4cad9c5,Reental-VLC-10
0xa208675fdc27adf951df417549f481aec8267bacda6cce26d0ca0c57d4e87b12,0xa17e89f33e80b506af759f9e493efe29a47ea905,3.0,0x1015b4011043843560ea01d7d1cd7ff0c7f52493,0x0f2c1c43da56f484e2fccb4223070ecdf4cad9c5,Reental-VLC-10
0xde35afe3e9195df7ab2cf19507eb9eac25d9f3407a56bcab541fd8ecfb39b1ef,0x29fdc3434576e188e8131b2ad9cf94d3b3e71f56,1.32049322,0x616a7729521b31823e34aca5dbd5ef8d955732d8,0x0f2c1c43da56f484e2fccb4223070ecdf4cad9c5,Reental-MLG-8
0x213a6cd76db4fa7bfe5d69ceb86b6ba6a2a9cc2648e1f7a1735e9ff089338c27,0xed923b814f1ea3d42c54dda55ba8edfaba994489,0.91968334,0xf9c3fa98e7c685ff7964b7a297a7a22cb88eef19,0x0f2c1c43da56f484e2fccb4223070ecdf4cad9c5,Reental-BKL-2
0x392b1a5983e99a1bd0fd34b0718b9ed9836d250a1ddb850e75d20eaaff2a92b9,0xfb759e0cc5cff4aea606064acd41c71c7c11bf40,0.27095649,0xd73d0b5775caf7ff914d8643bc31bbfb1db2f3c6,0x0f2c1c43da56f484e2fccb4223070ecdf4cad9c5,Reental-BKL-1
0xa4e419ff2f201411cd1424a8fd7e78782006ee9962cd437874b98c7d33811bc6,0xfb759e0cc5cff4aea606064acd41c71c7c11bf40,0.4,0xd73d0b5775caf7ff914d8643bc31bbfb1db2f3c6,0x0f2c1c43da56f484e2fccb4223070ecdf4cad9c5,Reental-BKL-1
0x25c13357c937685ae85ac7216b1d7052acd55b50a7a614b90929371783b83fec,0x4adaee2dae690cf8f3915f1c1963f16d239c5e11,0.5,0x5f86529e7d7d248f7d84854c45777db0e23ac7d0,0x0f2c1c43da56f484e2fccb4223070ecdf4cad9c5,Reental-MRB-1
0x45d650a2805821752519ca63223e94350dc9b4767c1850adeb1d758393f76268,0xfb759e0cc5cff4aea606064acd41c71c7c11bf40,0.2,0xd73d0b5775caf7ff914d8643bc31bbfb1db2f3c6,0x0f2c1c43da56f484e2fccb4223070ecdf4cad9c5,Reental-BKL-1
0xc63cb4405d2c32913b18528c1e0e74c47426fe68855ba2dfa00cfed499b8485e,0xa17e89f33e80b506af759f9e493efe29a47ea905,1.0,0xd212a7c928b7a61460d67b96769bb8e38b4a4652,0x0f2c1c43da56f484e2fccb4223070ecdf4cad9c5,Reental-VLC-10
0xa6c0d38f1b3352efb2712cb53d6b734abc4c179f511bff392c9b3bbd33d31e61,0xa17e89f33e80b506af759f9e493efe29a47ea905,1.6797959,0xd212a7c928b7a61460d67b96769bb8e38b4a4652,0x0f2c1c43da56f484e2fccb4223070ecdf4cad9c5,Reental-VLC-10
0x5c16f31e42a3e7ff2231ddf4795ba3c9ca7cf0d70aec6db0482fb0f5845dde3d,0x6bde5421e90a42c6e78faaf3a79e4310a4d6266f,1.23915846,0xd212a7c928b7a61460d67b96769bb8e38b4a4652,0x0f2c1c43da56f484e2fccb4223070ecdf4cad9c5,Reental-VLC-11
0x08c66c2c9f94589f72f951bfbceba9bafa128ddd689ee730014fd1ca88b490d8,0x6bde5421e90a42c6e78faaf3a79e4310a4d6266f,1.0,0xd212a7c928b7a61460d67b96769bb8e38b4a4652,0x0f2c1c43da56f484e2fccb4223070ecdf4cad9c5,Reental-VLC-11
0x54627f6df18e0d28cb439434dbef48dac559bd5673fffc4cf738872f8e88b864,0xa17e89f33e80b506af759f9e493efe29a47ea905,1.0,0xd212a7c928b7a61460d67b96769bb8e38b4a4652,0x0f2c1c43da56f484e2fccb4223070ecdf4cad9c5,Reental-VLC-10
0xa7fbfd8788573801dd2bf154b47d93d780b2692b36f4d6bf601f4c89faecff2f,0x6bde5421e90a42c6e78faaf3a79e4310a4d6266f,1.0,0xd212a7c928b7a61460d67b96769bb8e38b4a4652,0x0f2c1c43da56f484e2fccb4223070ecdf4cad9c5,Reental-VLC-11
0x69cb436e2f1340f70fa6cf39c294a0f3551ee4a69e993c9b3b6c45cfc1ce9746,0x4adaee2dae690cf8f3915f1c1963f16d239c5e11,0.8576932,0x9f9daec64f6f05696d1578b7159cdf7e504afdb9,0x0f2c1c43da56f484e2fccb4223070ecdf4cad9c5,Reental-MRB-1
0x0a53b09437521ecbe24707905c88cfa2d8589161fe5cfa872d2f3e62967b1990,0xfb759e0cc5cff4aea606064acd41c71c7c11bf40,0.50008056,0x9ba730b3a21fe1bb1aefc88e412e143928ac0ebf,0x0f2c1c43da56f484e2fccb4223070ecdf4cad9c5,Reental-BKL-1
0x73fd54781e63f9ef1d308f78c477de645737070ee47f2ba5919d39afbd2d948e,0x093984f85f980479172fb96982f79c418ac730f7,1.00081806,0x9ba730b3a21fe1bb1aefc88e412e143928ac0ebf,0x0f2c1c43da56f484e2fccb4223070ecdf4cad9c5,Reental-RDO-6
0x9c29f21b23cd4ae51ced709a037f9c3d785be1134e0235358f6eff3b86b01c97,0xf8657256c5cd5fdb044e55d1ec39e9b8c969dbf1,0.5,0x5f86529e7d7d248f7d84854c45777db0e23ac7d0,0x0f2c1c43da56f484e2fccb4223070ecdf4cad9c5,Reental-PAZ-1
0x99b73f783b44bad25f8ec83c8e53190a310bde6690dccd1734f7d575f70d2609,0x4adaee2dae690cf8f3915f1c1963f16d239c5e11,0.495,0x5f86529e7d7d248f7d84854c45777db0e23ac7d0,0x0f2c1c43da56f484e2fccb4223070ecdf4cad9c5,Reental-MRB-1
0x34143633cbe25158efb3ec7ed244fcdcbb60e9cc303960da073772e85d44687b,0xa17e89f33e80b506af759f9e493efe29a47ea905,1.0,0xd212a7c928b7a61460d67b96769bb8e38b4a4652,0x0f2c1c43da56f484e2fccb4223070ecdf4cad9c5,Reental-VLC-10
0x07a394e4cf92b5da4effeef22f8bff089f3e409ccd8bb42ca0c62d21b5a5b918,0xa17e89f33e80b506af759f9e493efe29a47ea905,0.5,0x5f86529e7d7d248f7d84854c45777db0e23ac7d0,0x0f2c1c43da56f484e2fccb4223070ecdf4cad9c5,Reental-VLC-10
0x99f5f17d6b520d489b09c9b1a2385ef16c3bc9b79e4c41b08fc4c9b4f3772dfe,0x1b0d685f5e4063033e0a1a360db864c9911eedda,1.0,0xfb8482d3a050b09d9dd3d3fb44e858864ef649f8,0x0f2c1c43da56f484e2fccb4223070ecdf4cad9c5,Reental-VLC-9
0x8a68a3148b5b55aba781e51d4e37b1b7bf87650a302fef1a8a54a5f78439373c,0x1b0d685f5e4063033e0a1a360db864c9911eedda,1.0,0xfb8482d3a050b09d9dd3d3fb44e858864ef649f8,0x0f2c1c43da56f484e2fccb4223070ecdf4cad9c5,Reental-VLC-9
0x69d80e0df39ce2a8db9fe36e94087f5bc8a95905602e40b82f39fd29e22e9449,0x6bde5421e90a42c6e78faaf3a79e4310a4d6266f,0.3,0xd73d0b5775caf7ff914d8643bc31bbfb1db2f3c6,0x0f2c1c43da56f484e2fccb4223070ecdf4cad9c5,Reental-VLC-11
0xe751152738bfd95d0dde7701d3b30bba9fbe081e8f382de72c6a1c7b43b12715,0x6bde5421e90a42c6e78faaf3a79e4310a4d6266f,0.4,0xd73d0b5775caf7ff914d8643bc31bbfb1db2f3c6,0x0f2c1c43da56f484e2fccb4223070ecdf4cad9c5,Reental-VLC-11
0xda3c5a29af42bf9e704303adac6fab4d20c7389c5f851e7bf8819e4cf9d9456d,0xa17e89f33e80b506af759f9e493efe29a47ea905,2.0,0xd212a7c928b7a61460d67b96769bb8e38b4a4652,0x0f2c1c43da56f484e2fccb4223070ecdf4cad9c5,Reental-VLC-10
0x428621a2def6fb4144b6a6618f8c6cde0d1d1017623bdfffd0a5d8036719e5e9,0xa17e89f33e80b506af759f9e493efe29a47ea905,1.0,0xd212a7c928b7a61460d67b96769bb8e38b4a4652,0x0f2c1c43da56f484e2fccb4223070ecdf4cad9c5,Reental-VLC-10
0xfad4055a6f72fe23d0380666067c47615373fb24595246474d9e92d4df72ae41,0x1b0d685f5e4063033e0a1a360db864c9911eedda,1.74,0xd212a7c928b7a61460d67b96769bb8e38b4a4652,0x0f2c1c43da56f484e2fccb4223070ecdf4cad9c5,Reental-VLC-9
0xeca436434479e9347938b6ab4eab93c289e86a9b1ff2f85bfac79885527f026b,0x1b0d685f5e4063033e0a1a360db864c9911eedda,1.0,0xd212a7c928b7a61460d67b96769bb8e38b4a4652,0x0f2c1c43da56f484e2fccb4223070ecdf4cad9c5,Reental-VLC-9
0x9ccd53a0ec28ec92c06cde45b1053a08cf173dd74d51a4bf31e7370cd161c490,0x1b0d685f5e4063033e0a1a360db864c9911eedda,5.00165374,0xd212a7c928b7a61460d67b96769bb8e38b4a4652,0x0f2c1c43da56f484e2fccb4223070ecdf4cad9c5,Reental-VLC-9
0xbfc787dd5714356f1db78fedaccf970aed7e94491d3b5d78e5280d55a6b39635,0xb45898179fe8de2818e3ff994559c60aa962e2af,0.5,0x5f86529e7d7d248f7d84854c45777db0e23ac7d0,0x0f2c1c43da56f484e2fccb4223070ecdf4cad9c5,Reental-MLG-7
0xfdd2b6a4c1c66cb12de6bced1c3eab4d3fb1ecad49fe84388620beace3a819c5,0xfb759e0cc5cff4aea606064acd41c71c7c11bf40,5.0,0x1f16c2d016cb02c94ba226e8c6975dd777d417ef,0x0f2c1c43da56f484e2fccb4223070ecdf4cad9c5,Reental-BKL-1
0x3535a5fc9b91f1f869b8b53682124767700b7f50e3301bafc54aeec39e587bb1,0x4adaee2dae690cf8f3915f1c1963f16d239c5e11,1.0,0xd212a7c928b7a61460d67b96769bb8e38b4a4652,0x0f2c1c43da56f484e2fccb4223070ecdf4cad9c5,Reental-MRB-1
0xfa0b2d407704a6c4c293cd97a0e7a2f29c608351f9c09b7eec344076014aa768,0x4adaee2dae690cf8f3915f1c1963f16d239c5e11,1.0,0xd212a7c928b7a61460d67b96769bb8e38b4a4652,0x0f2c1c43da56f484e2fccb4223070ecdf4cad9c5,Reental-MRB-1
0xa46e6305892fb09a3c8a046347aabc0c751528f103a75a4f2c66bde645ce3b12,0x29fdc3434576e188e8131b2ad9cf94d3b3e71f56,0.95187997,0x468043dc6314e6d0ae6bb4d03de0d3f460372d08,0x0f2c1c43da56f484e2fccb4223070ecdf4cad9c5,Reental-MLG-8
0xac72aad376a9ce724fca339e6fc698b4d86850a4989f817b5a2260111808e0af,0x4adaee2dae690cf8f3915f1c1963f16d239c5e11,1.17681679,0xddb4a32bf2eda184d9798d65d8cda2dd2dc05404,0x0f2c1c43da56f484e2fccb4223070ecdf4cad9c5,Reental-MRB-1
0xbda3844f332feb7b0e4318a2cfa70b69f7eb3b0258bb3d66fb8247f8af62e754,0x1b0d685f5e4063033e0a1a360db864c9911eedda,6.0,0xdf1e0f983e177b6499a042d6d11a4584a498fb2c,0x0f2c1c43da56f484e2fccb4223070ecdf4cad9c5,Reental-VLC-9
0x5d585dc681f0d57ff9230660d3498193e30e48d2310ee8f1b8dc746c76e4c299,0x6bde5421e90a42c6e78faaf3a79e4310a4d6266f,3.1268951,0xcfef84696c0df6b3f2fa6b780b21551241715f72,0x0f2c1c43da56f484e2fccb4223070ecdf4cad9c5,Reental-VLC-11
0x186c85cec26e31cd80d1f004793ceb78c88493a900b606334ec4c7240eb19c25,0x29fdc3434576e188e8131b2ad9cf94d3b3e71f56,3.0,0x4ea686d768703965dbf537ffc4ab04047a83c1d0,0x0f2c1c43da56f484e2fccb4223070ecdf4cad9c5,Reental-MLG-8
0x137b26bafabda1ed83f844333740d52c9fc51e1997cdeb7f4fa611ca36a03a70,0x093984f85f980479172fb96982f79c418ac730f7,5.57686947,0x4ea686d768703965dbf537ffc4ab04047a83c1d0,0x0f2c1c43da56f484e2fccb4223070ecdf4cad9c5,Reental-RDO-6
0x68d10db0d5408773cf340fd68dfc504da3444bd032c0efa11bbf9653ec489253,0xaaad2db2f624dc5a350d579d834b5fe12b2bcd8d,5.0,0xc0896e0e56d45b3c6d3444bff507adf6f15ee068,0x0f2c1c43da56f484e2fccb4223070ecdf4cad9c5,Reental-YCT-1
0x3c5b9097ec497ea7916fe54f7ca8cdb59ffc0bdee43d492a334104bf2a314fd0,0xaaad2db2f624dc5a350d579d834b5fe12b2bcd8d,1.0,0xe50afc8c3add9e95f03c0b9cd08594e667ae6d99,0x0f2c1c43da56f484e2fccb4223070ecdf4cad9c5,Reental-YCT-1
0x7bd592e0017892b097b221b66ded573804b223e624dd576645e52a7946a7d647,0xaaad2db2f624dc5a350d579d834b5fe12b2bcd8d,5.0,0xc0896e0e56d45b3c6d3444bff507adf6f15ee068,0x0f2c1c43da56f484e2fccb4223070ecdf4cad9c5,Reental-YCT-1
0xce3984564d6dd51d5fad56fb869b296abcd442c78d1ffb62aee906316c5255f7,0xaaad2db2f624dc5a350d579d834b5fe12b2bcd8d,2.0,0xc0896e0e56d45b3c6d3444bff507adf6f15ee068,0x0f2c1c43da56f484e2fccb4223070ecdf4cad9c5,Reental-YCT-1
0x33d7412bec5523fd945af2b33d1562624bcf1d5fe56dfc3f578ee26ee376ef3d,0xaaad2db2f624dc5a350d579d834b5fe12b2bcd8d,1.0,0xc0896e0e56d45b3c6d3444bff507adf6f15ee068,0x0f2c1c43da56f484e2fccb4223070ecdf4cad9c5,Reental-YCT-1
0x041001b32c22c168dea456bda86d485e6e45c97fb45296c91976c8b2091c0a37,0xaaad2db2f624dc5a350d579d834b5fe12b2bcd8d,1.0,0xc0896e0e56d45b3c6d3444bff507adf6f15ee068,0x0f2c1c43da56f484e2fccb4223070ecdf4cad9c5,Reental-YCT-1
0xd4f219104f795f32aa0e95b61d28b0bcb50e4e9401cc4cfb9a82c9f30adf7b97,0xaaad2db2f624dc5a350d579d834b5fe12b2bcd8d,1.0,0xc0896e0e56d45b3c6d3444bff507adf6f15ee068,0x0f2c1c43da56f484e2fccb4223070ecdf4cad9c5,Reental-YCT-1
0xf188eea91e35d73e45addbac16b2a1ebc64977d21b821f897d09ca0ce8a5bf6d,0xaaad2db2f624dc5a350d579d834b5fe12b2bcd8d,1.0,0xc0896e0e56d45b3c6d3444bff507adf6f15ee068,0x0f2c1c43da56f484e2fccb4223070ecdf4cad9c5,Reental-YCT-1
0x3210161938305627d16bd5b05a39fb9533e1fd782a5ce62f6f6f9f8e2ab11a7b,0xaaad2db2f624dc5a350d579d834b5fe12b2bcd8d,2.0,0xc0896e0e56d45b3c6d3444bff507adf6f15ee068,0x0f2c1c43da56f484e2fccb4223070ecdf4cad9c5,Reental-YCT-1
0x762f16dc0b1c6420bbc00f8a9d6c129e857efe46956edf60eb14acb644a09ed0,0xfb759e0cc5cff4aea606064acd41c71c7c11bf40,0.34071274,0x0f87ec0cae01bbac95f0e070d99f5530f922a148,0x0f2c1c43da56f484e2fccb4223070ecdf4cad9c5,Reental-BKL-1
0xb5fecb06a9f6970b01c7b24e8525f1800b436be0abfb3b48148e8bf0108bc04d,0x093984f85f980479172fb96982f79c418ac730f7,0.67720752,0x0f87ec0cae01bbac95f0e070d99f5530f922a148,0x0f2c1c43da56f484e2fccb4223070ecdf4cad9c5,Reental-RDO-6
0x8161bf7cd38f14f6838ed75b985c374565d638cd30fc64b5219aee79757bb0fe,0xed923b814f1ea3d42c54dda55ba8edfaba994489,1.0,0xa3804d27c0d8386b9d4218f5e59ccfa778b59e6a,0x0f2c1c43da56f484e2fccb4223070ecdf4cad9c5,Reental-BKL-2
0x9be8f160cfc678d0e03b7d818164b832a1e8f3c5dc4c81484509dc6f0417aca4,0xed923b814f1ea3d42c54dda55ba8edfaba994489,2.0,0xa3804d27c0d8386b9d4218f5e59ccfa778b59e6a,0x0f2c1c43da56f484e2fccb4223070ecdf4cad9c5,Reental-BKL-2
0xf67a16b7cce64e12f77982c723cb3087897f1312753f4dd8c3325f60e148d41f,0x29fdc3434576e188e8131b2ad9cf94d3b3e71f56,0.99999384,0x13298289c119438e0dd2bce32e23f71192d063fb,0x0f2c1c43da56f484e2fccb4223070ecdf4cad9c5,Reental-MLG-8
0x3812dc6c28092d3a3e6fe7a8060e5db918a0a0205f7fb24ef02c43fbc9342048,0xaaad2db2f624dc5a350d579d834b5fe12b2bcd8d,2.0,0xa3804d27c0d8386b9d4218f5e59ccfa778b59e6a,0x0f2c1c43da56f484e2fccb4223070ecdf4cad9c5,Reental-YCT-1
0x9c53097fb114de8d046ac77702ea8e7efc856d0820502ad5b7c4fe6de3334b08,0xaaad2db2f624dc5a350d579d834b5fe12b2bcd8d,2.0,0xa3804d27c0d8386b9d4218f5e59ccfa778b59e6a,0x0f2c1c43da56f484e2fccb4223070ecdf4cad9c5,Reental-YCT-1
0x1ade1ad0b0919c8e84f5bc0f9eaee20f4ae4e87cfac5bab9f36a95ebf25cfe7f,0x4adaee2dae690cf8f3915f1c1963f16d239c5e11,18.30566001,0x0f2c1c43da56f484e2fccb4223070ecdf4cad9c5,0x85c68edc1669636ef317940981f75dc7a463c1c0,Reental-MRB-1
0x9c98e588ae64f0956a8c51f12d4db42d48072fb632541a8e1be2925eee010f60,0x29fdc3434576e188e8131b2ad9cf94d3b3e71f56,1.05,0xb8f2c072c3f286e4be59180c86f587e039bcd716,0x0f2c1c43da56f484e2fccb4223070ecdf4cad9c5,Reental-MLG-8
0x058976a2f5591e799d983074a90ee4522e20531af633f466409913ecce8f32fe,0xf8657256c5cd5fdb044e55d1ec39e9b8c969dbf1,2.0,0xc73c1573045a3f1f5cc0afb112147c2d3cca21d8,0x0f2c1c43da56f484e2fccb4223070ecdf4cad9c5,Reental-PAZ-1
0xd8e1a6b227dd22599c04defdd1fab153b017ab05025b995989ab1926cff3f7da,0x093984f85f980479172fb96982f79c418ac730f7,5.5,0x58523dfd74b30d6f9230e782674bb438bcfd8622,0x0f2c1c43da56f484e2fccb4223070ecdf4cad9c5,Reental-RDO-6
0x2338e95a3283e73fb0cb16e27b7dfc0d9269a07a941303ce0d33cd9196f76e7e,0x29fdc3434576e188e8131b2ad9cf94d3b3e71f56,3.0395586,0x4ea686d768703965dbf537ffc4ab04047a83c1d0,0x0f2c1c43da56f484e2fccb4223070ecdf4cad9c5,Reental-MLG-8
0x2ed186df7b4ff4791ca70fc96d94dca4084acdc5302a8d32da9b80def395a057,0x7a7e4dd51d1ca1aa701b0eb76ba5f59cec2fbaa1,0.99967656,0x618ea09c2f939509367dd9d5da064de291539d9f,0x0f2c1c43da56f484e2fccb4223070ecdf4cad9c5,Reental-MAD-3
0xfd28cc517e1c7673b7e4ddeb14895919fdfd254804aee98d987fe218b2a13b60,0xaaad2db2f624dc5a350d579d834b5fe12b2bcd8d,1.00000217,0x618ea09c2f939509367dd9d5da064de291539d9f,0x0f2c1c43da56f484e2fccb4223070ecdf4cad9c5,Reental-YCT-1
0x38f13d022cd43ea18f3571eea92f2653ac50f0d1fce6ad4ae39e1927e64b26ad,0x70e77c5f094534505d6a42f913d3a387e6db0842,0.99967656,0xe50afc8c3add9e95f03c0b9cd08594e667ae6d99,0x0f2c1c43da56f484e2fccb4223070ecdf4cad9c5,Reental-BKL-3
0x47e36e2b949c922235d6e409c01f1f267c5f4e10bab206837c611961a3d968cf,0x093984f85f980479172fb96982f79c418ac730f7,1.01018412,0x4ea686d768703965dbf537ffc4ab04047a83c1d0,0x0f2c1c43da56f484e2fccb4223070ecdf4cad9c5,Reental-RDO-6
0x7bc18b302373e0c36477f9f474fdf26bc525fe4ba1aff00f42873220fbfc3369,0x7a7e4dd51d1ca1aa701b0eb76ba5f59cec2fbaa1,0.99967656,0x0f2c1c43da56f484e2fccb4223070ecdf4cad9c5,0x8042d82d16405de78e477526e66d4602360cad3a,Reental-MAD-3
0xc9c2d1c0970ddb6935e89eb16541102bab53ff509c5d25068fdd51e67a841377,0xa0d99b441a9a5e334b234f31a92b97fa8d663626,2.0,0xa3804d27c0d8386b9d4218f5e59ccfa778b59e6a,0x0f2c1c43da56f484e2fccb4223070ecdf4cad9c5,Reental-YCT-2
0x50155273f18263830d0fcad81ad456999526c835c5852d29049f34c06ecf3dce,0xf8657256c5cd5fdb044e55d1ec39e9b8c969dbf1,15.50953908,0x0f2c1c43da56f484e2fccb4223070ecdf4cad9c5,0xb54d1ee3859a24789d931962b7313bb2a2529785,Reental-PAZ-1
0xa952ea2d34b4e27c7c965e72be8377c0c6f9e8866d80332cbb4504afe1960038,0x5ab768c8ca1cc20cb8ec7b90554a3b12524b6c47,40.23825486,0x0f2c1c43da56f484e2fccb4223070ecdf4cad9c5,0x210de01bb7d9ef70e8b9452ad4e922cc92c70c6f,Reental-CDS-1
0x2be423a840c476e0db11eb4c2f4a73ea092712832b742c9f3c9a40f5d2aeb0e0,0xa17e89f33e80b506af759f9e493efe29a47ea905,4.60727025,0x58523dfd74b30d6f9230e782674bb438bcfd8622,0x0f2c1c43da56f484e2fccb4223070ecdf4cad9c5,Reental-VLC-10
0xc325d16a2d1cd6402c56afc22a145d054d8729c9658a1c191628bce8f79f8561,0x1b0d685f5e4063033e0a1a360db864c9911eedda,5.27114123,0x58523dfd74b30d6f9230e782674bb438bcfd8622,0x0f2c1c43da56f484e2fccb4223070ecdf4cad9c5,Reental-VLC-9
0x89a34b79921098cf0359fe8cb7d394a3da9ebdf5e79710a6b0985edc9c137658,0xa0d99b441a9a5e334b234f31a92b97fa8d663626,2.0,0xc1213762f0b2010721e34a7d3a4e6742f836b462,0x0f2c1c43da56f484e2fccb4223070ecdf4cad9c5,Reental-YCT-2
0x455eadb0b2197e93bb26359375c1d895230bd8b47068bdafff15a7736e7347eb,0xa0d99b441a9a5e334b234f31a92b97fa8d663626,2.0,0xc1213762f0b2010721e34a7d3a4e6742f836b462,0x0f2c1c43da56f484e2fccb4223070ecdf4cad9c5,Reental-YCT-2
0x775e5aacde14e08bac554ed26fe3fd1c704fa58edb4b0b8d5df0f862fab8c796,0xfb759e0cc5cff4aea606064acd41c71c7c11bf40,4.0,0x922e21af5c912a6c2283cd1a792bd52ba6523149,0x0f2c1c43da56f484e2fccb4223070ecdf4cad9c5,Reental-BKL-1
0xcb9c43d6c3d446f56b2308ba9266c924922250f8df5c672d74966f5a94db843b,0xa17e89f33e80b506af759f9e493efe29a47ea905,5.0,0x5a739b2c150c32194f03491a2d6e746d4d4d63f0,0x0f2c1c43da56f484e2fccb4223070ecdf4cad9c5,Reental-VLC-10
0x6a2f352fd06f7ff624a04725494180b1a722a3b4d3fe6a129b8a7f7bec67dce3,0xa0d99b441a9a5e334b234f31a92b97fa8d663626,2.0,0xc1213762f0b2010721e34a7d3a4e6742f836b462,0x0f2c1c43da56f484e2fccb4223070ecdf4cad9c5,Reental-YCT-2
0x1ba8f4fe221b86e3f52fb39cce786414b04c33bbb9594d74ab2c010b6fb3c48b,0xa0d99b441a9a5e334b234f31a92b97fa8d663626,2.0,0xc1213762f0b2010721e34a7d3a4e6742f836b462,0x0f2c1c43da56f484e2fccb4223070ecdf4cad9c5,Reental-YCT-2
0x3f0537c2fe655a8dab9df74b857c226abec89d7eada66fd714aa1f2e24b71529,0xa0d99b441a9a5e334b234f31a92b97fa8d663626,2.0,0xc1213762f0b2010721e34a7d3a4e6742f836b462,0x0f2c1c43da56f484e2fccb4223070ecdf4cad9c5,Reental-YCT-2
0x01876161010dea01d194873c9567331705522fa7b2d0e8dc212dc6de70975f1e,0xa0d99b441a9a5e334b234f31a92b97fa8d663626,2.0,0xc1213762f0b2010721e34a7d3a4e6742f836b462,0x0f2c1c43da56f484e2fccb4223070ecdf4cad9c5,Reental-YCT-2
0x05f493a7186348b71d6e9f8457b216f70161b4a7f971b6b3dea41c63fa67c260,0xa0d99b441a9a5e334b234f31a92b97fa8d663626,2.0,0xc1213762f0b2010721e34a7d3a4e6742f836b462,0x0f2c1c43da56f484e2fccb4223070ecdf4cad9c5,Reental-YCT-2
0x56318ee7299691226aa03c7fcc28a4bfefb549c9adac48758d6f25f99329b613,0xfb759e0cc5cff4aea606064acd41c71c7c11bf40,2.0,0xc1213762f0b2010721e34a7d3a4e6742f836b462,0x0f2c1c43da56f484e2fccb4223070ecdf4cad9c5,Reental-BKL-1
0x0891225f68dcfabe840ae48d431d2ae55a0eb8a9c7cb85d901775099f1b4a10d,0x1b0d685f5e4063033e0a1a360db864c9911eedda,2.0,0x1015b4011043843560ea01d7d1cd7ff0c7f52493,0x0f2c1c43da56f484e2fccb4223070ecdf4cad9c5,Reental-VLC-9
0x0aab2e29586349cb76735245b3b36f6dfdce3b205905283f60f57f4d25642c97,0x6bde5421e90a42c6e78faaf3a79e4310a4d6266f,4.18196855,0xec2797928a075ac322e0a1f2fca0f253b961b9b5,0x0f2c1c43da56f484e2fccb4223070ecdf4cad9c5,Reental-VLC-11
0x306daacd3f6b2148dab22007766404e6b72483d89f2298ed4ddfc3cf6e1d431b,0xa0d99b441a9a5e334b234f31a92b97fa8d663626,2.0,0xc1213762f0b2010721e34a7d3a4e6742f836b462,0x0f2c1c43da56f484e2fccb4223070ecdf4cad9c5,Reental-YCT-2
0x19a55a55efe8d400640361f2697d1d16f8e6916c5fe5ebda4ea39658ef062310,0x29fdc3434576e188e8131b2ad9cf94d3b3e71f56,0.23793874,0xd7246f8404404bfb3a1f04aa8e95e4000bbeb212,0x0f2c1c43da56f484e2fccb4223070ecdf4cad9c5,Reental-MLG-8
0xafaabc865606b90fe30ba3443f1b7c75b08ab78b7ae8890a654cb2c5f18d6fa8,0xa0d99b441a9a5e334b234f31a92b97fa8d663626,2.0,0xc1213762f0b2010721e34a7d3a4e6742f836b462,0x0f2c1c43da56f484e2fccb4223070ecdf4cad9c5,Reental-YCT-2
0x29d9712d1ddb19d89182ab9a9d5b7c9a1cfffac39b764b1a73966e0e571f0e1d,0xa0d99b441a9a5e334b234f31a92b97fa8d663626,2.0,0xc1213762f0b2010721e34a7d3a4e6742f836b462,0x0f2c1c43da56f484e2fccb4223070ecdf4cad9c5,Reental-YCT-2
0x1a32fa6781ce3c789f04fe7c568b7c3de6cf4f5e88bf3abc885ab10fbcb4a0e7,0x70e77c5f094534505d6a42f913d3a387e6db0842,0.99967656,0x0f2c1c43da56f484e2fccb4223070ecdf4cad9c5,0x26cb4fdbeadfe4d9541bccd21315dc43b6f219aa,Reental-BKL-3
0xd733b2270735bd06848d29f103d3ecbb7b591068dc18dd8b7477b3dbe34f13f4,0x29fdc3434576e188e8131b2ad9cf94d3b3e71f56,1.47255239,0x2c713255e3a15fc4693f4a5b2875e291d1bab42b,0x0f2c1c43da56f484e2fccb4223070ecdf4cad9c5,Reental-MLG-8
0x7ce0fe219401829f3477075ab3233a3059ae7712667ec140c8ecc407e6312d75,0x8a96bf9aa5812ce957aed1f554065b64a545c88a,1.84645657,0x0f2c1c43da56f484e2fccb4223070ecdf4cad9c5,0x597b0a5affb28059f315f6dfca6c67d365514a01,Reental-VLC-12
0xc1435f0d3125155fb3007eb78f8d34981c184ff34585aadff1cac183e2270d3d,0xfb759e0cc5cff4aea606064acd41c71c7c11bf40,10.0,0x0f2c1c43da56f484e2fccb4223070ecdf4cad9c5,0x384e7aaa8917f3e2d32faab649c2d41917c739cc,Reental-BKL-1
0xe6601de48ba2346169801729c77a28283417f396b52479259a45936696142a36,0xa0d99b441a9a5e334b234f31a92b97fa8d663626,5.0,0xc1213762f0b2010721e34a7d3a4e6742f836b462,0x0f2c1c43da56f484e2fccb4223070ecdf4cad9c5,Reental-YCT-2
0x2000036c7824fde19b0ac03fbd92b699f7c189eb73ddce05497c662a5cd641ee,0xed923b814f1ea3d42c54dda55ba8edfaba994489,10.0,0x0f2c1c43da56f484e2fccb4223070ecdf4cad9c5,0x384e7aaa8917f3e2d32faab649c2d41917c739cc,Reental-BKL-2
0x80e5f0f0ce30a8f15eeaf99555c28f8d748c5e661e4aa1fb224d14987c5233a0,0xed923b814f1ea3d42c54dda55ba8edfaba994489,10.0,0x0f2c1c43da56f484e2fccb4223070ecdf4cad9c5,0x384e7aaa8917f3e2d32faab649c2d41917c739cc,Reental-BKL-2
0x43260c0dc19e7daaa1ec6948f16ed1d50c47d71e33bf8f96f1419b680f7cd943,0xed923b814f1ea3d42c54dda55ba8edfaba994489,10.0,0x0f2c1c43da56f484e2fccb4223070ecdf4cad9c5,0x384e7aaa8917f3e2d32faab649c2d41917c739cc,Reental-BKL-2
0xeea7deb8455476ab90e24017cd552e4abce4fca06288390abe75d95608a1b375,0xfb759e0cc5cff4aea606064acd41c71c7c11bf40,10.0,0x0f2c1c43da56f484e2fccb4223070ecdf4cad9c5,0x384e7aaa8917f3e2d32faab649c2d41917c739cc,Reental-BKL-1
0x909fee369f977e6c6961da1d5c8f5fd1944f848377f3956debc1753e13ec9a27,0xfb759e0cc5cff4aea606064acd41c71c7c11bf40,3.07,0x0f2c1c43da56f484e2fccb4223070ecdf4cad9c5,0xc76d16142b13f2497a0d820bef503c4403970879,Reental-BKL-1
0x3b09e94bbb117281d9b7cc705de758ceaeb9bd7374cf61d377cf5e79289afbe6,0xed923b814f1ea3d42c54dda55ba8edfaba994489,8.832,0x0f2c1c43da56f484e2fccb4223070ecdf4cad9c5,0x210de01bb7d9ef70e8b9452ad4e922cc92c70c6f,Reental-BKL-2
0xe2db2bc93de862f0f3b311d8b1dfb008688ec3aa062490b0c410dc4a7595353d,0xa0d99b441a9a5e334b234f31a92b97fa8d663626,1.0,0x0f2c1c43da56f484e2fccb4223070ecdf4cad9c5,0xdf50cbf0ea828d6d3fb7b59f905a56ec64d5036d,Reental-YCT-2
0x3c9ff32b8ccee9c6fe3a2a0af1d1df6304078218c616cce02f2ca9d1bd4ea154,0x21ae95a56ef471370ce89a7a4624117f31810927,7.68697398,0xf9c3fa98e7c685ff7964b7a297a7a22cb88eef19,0x0f2c1c43da56f484e2fccb4223070ecdf4cad9c5,Reental-DNB-1
0x03ac5ac0b0a80127db334e68ea89303839a88743cba45199c6ee6d86d30f0a1e,0xfb759e0cc5cff4aea606064acd41c71c7c11bf40,0.00398344,0x0f2c1c43da56f484e2fccb4223070ecdf4cad9c5,0xb64fbeef6b52207a4648308c56b84432b16e9b0f,Reental-BKL-1
0xb744b37cc374db09b1e03d791fd679c411ac7369e0cc502f1b53dd7a53eeed63,0xaaad2db2f624dc5a350d579d834b5fe12b2bcd8d,24.00000217,0x0f2c1c43da56f484e2fccb4223070ecdf4cad9c5,0xca04b1fdc59b229b31e3eff04ac2d476b283f567,Reental-YCT-1
0xdb4034bd08b966fc65902e0de58d0c354ab702525cf1da14ece33e9939639484,0xa0d99b441a9a5e334b234f31a92b97fa8d663626,50.00480072,0x0f2c1c43da56f484e2fccb4223070ecdf4cad9c5,0xc1213762f0b2010721e34a7d3a4e6742f836b462,Reental-YCT-2
0x34830a1f5f1370a734cd5e6f733954973d56a051a1f3238b8c65974e5b2a9bc9,0x21ae95a56ef471370ce89a7a4624117f31810927,11.6,0x91b449094033dbdd4a077307bd73c46d4de75a0e,0x0f2c1c43da56f484e2fccb4223070ecdf4cad9c5,Reental-DNB-1
0x3235ddc10066e1ea09eb662ad2295308f9b8b3b7d535f8e39860573047b0bf16,0x8ddea623f8ffa94aae50dc4c44da22d6e570a749,1.99999546,0x0f2c1c43da56f484e2fccb4223070ecdf4cad9c5,0x566669e13b9079c2fa7efc63d8e5fe37b8bd8724,Reental-SAM-2
0x98273b6550de37dff941dd8a9d3cff023b32649cc46f6719e56214b4c4923373,0x21ae95a56ef471370ce89a7a4624117f31810927,1.0,0xc0896e0e56d45b3c6d3444bff507adf6f15ee068,0x0f2c1c43da56f484e2fccb4223070ecdf4cad9c5,Reental-DNB-1
0xe0335dea94f13a553620e11829a2ac4568b26426ef28cb3688cbc1789b0f9b48,0x21ae95a56ef471370ce89a7a4624117f31810927,2.0,0x4ea686d768703965dbf537ffc4ab04047a83c1d0,0x0f2c1c43da56f484e2fccb4223070ecdf4cad9c5,Reental-DNB-1
0x864050599fe84738c52adb745200bd5b08d598d2a3fefd02849b1a75a66a06e4,0x55cb210f496df649fd283aa93a360e24fdb40964,7.06372555,0x0f2c1c43da56f484e2fccb4223070ecdf4cad9c5,0x4b38369010a4cbc543a4cc68f998631c4c660842,Reental-BPT-1
0x3475ff3ce4b067df78447d78d99f66678a6863f3e719a57bec49e2a1722ea168,0x2d1838eb7ebb6ae8b1288872f9704e3400ee8b20,2.22648612,0x0f2c1c43da56f484e2fccb4223070ecdf4cad9c5,0xe2c864f2e2681f0803a5b0f45012f608abc9ea22,Reental-NPL-1
0x8e2e6188b0379011acbd9227e6d364a9456cbc1b5088c05819c8f91bcf2e9e50,0x8ddea623f8ffa94aae50dc4c44da22d6e570a749,1.14316617,0x3a20c9e644d6b7cc68eb3d2328cd619eed79c31f,0x0f2c1c43da56f484e2fccb4223070ecdf4cad9c5,Reental-SAM-2
0x273941068b85d69ca5c4758d456353f721b59c5e46b9d3b228cace00e726a7c0,0x093984f85f980479172fb96982f79c418ac730f7,52.47830862,0x0f2c1c43da56f484e2fccb4223070ecdf4cad9c5,0xf9c3fa98e7c685ff7964b7a297a7a22cb88eef19,Reental-RDO-6
0x273c190adb9e9557aca4adb7b4c3de4ea09bf3457f681dc5aebdfc6e0b156649,0xcc4c1ce8d335bd40a0acf17b9ab08c030cc299aa,1.0,0x76b665ed9eb85e333a529382b1cb9b565097327f,0x0f2c1c43da56f484e2fccb4223070ecdf4cad9c5,Reental-PRO-100
0x94e9977f4b491e1c0ec10d76e912959dcd0869dacec4e4c30bb2367540648e01,0xcc4c1ce8d335bd40a0acf17b9ab08c030cc299aa,2.0,0x76b665ed9eb85e333a529382b1cb9b565097327f,0x0f2c1c43da56f484e2fccb4223070ecdf4cad9c5,Reental-PRO-100
0x962414d16ae345be65fbf0098608d13064436a8e3e6009c85f4d6be161cff415,0xcc4c1ce8d335bd40a0acf17b9ab08c030cc299aa,2.0,0x76b665ed9eb85e333a529382b1cb9b565097327f,0x0f2c1c43da56f484e2fccb4223070ecdf4cad9c5,Reental-PRO-100
0xf080805fe5ba6777c8db1ae0d533d44022ba55f2c40eda0b055acfdf10c52d8a,0x8ddea623f8ffa94aae50dc4c44da22d6e570a749,5.0,0xce89063272ecce1cda2086670ff94cbc690b8f5f,0x0f2c1c43da56f484e2fccb4223070ecdf4cad9c5,Reental-SAM-2
0x9e1dec684fc14807114205c56e65cd4cabb8fee0b93036a0e2b52355a9b2bf97,0x8ddea623f8ffa94aae50dc4c44da22d6e570a749,5.0,0xce89063272ecce1cda2086670ff94cbc690b8f5f,0x0f2c1c43da56f484e2fccb4223070ecdf4cad9c5,Reental-SAM-2
0xe6b1d1308b997963549481771b2e76234ab3ed21278be9c60581cf37ba5f22d2,0xcc4c1ce8d335bd40a0acf17b9ab08c030cc299aa,5.0,0x76b665ed9eb85e333a529382b1cb9b565097327f,0x0f2c1c43da56f484e2fccb4223070ecdf4cad9c5,Reental-PRO-100
0xf798cbfc2cf32bfc72173840eb4d983a0fa542fc7b4611502f5d4c175f38569e,0xcc4c1ce8d335bd40a0acf17b9ab08c030cc299aa,5.0,0x76b665ed9eb85e333a529382b1cb9b565097327f,0x0f2c1c43da56f484e2fccb4223070ecdf4cad9c5,Reental-PRO-100
0x4b776c51595bcfd58a146459fc5c9a2bf27262bccbe04a4326e2cb3bff8f4cef,0xcc4c1ce8d335bd40a0acf17b9ab08c030cc299aa,32.06342797,0x77aba715e2e93820d1cda03b14b92ba20e7bddd9,0x0f2c1c43da56f484e2fccb4223070ecdf4cad9c5,Reental-PRO-100
0x8fcf3c1a7e562d89178f7fe0567583fcf20d914c5fe007bc8fb81318156a19b3,0xcc4c1ce8d335bd40a0acf17b9ab08c030cc299aa,1.0,0xce89063272ecce1cda2086670ff94cbc690b8f5f,0x0f2c1c43da56f484e2fccb4223070ecdf4cad9c5,Reental-PRO-100
0x6ba7921fd2cbf6c68edfd5bd9e7fb38ee0b3dfd8e265a533a181189096097292,0xcc4c1ce8d335bd40a0acf17b9ab08c030cc299aa,1.0,0xce89063272ecce1cda2086670ff94cbc690b8f5f,0x0f2c1c43da56f484e2fccb4223070ecdf4cad9c5,Reental-PRO-100
0x37dca9097a1cf93c1504c98baf46eebedeaf60fedb751bb4f75898cd1982475f,0x69072424b70ed26ff987fcb49258b7e8f93c6d82,5.006,0xce89063272ecce1cda2086670ff94cbc690b8f5f,0x0f2c1c43da56f484e2fccb4223070ecdf4cad9c5,Reental-SAM-1
0x0747a1123af6b46702de9dfb0084a7d7cf3a178fff96ecf4bc339c8bd4111271,0xc48b58aae1fb770a8655e44de960eb7dc84a5de9,1.00964161,0x41357519d563c225d9e499b4da4808bf023aa696,0x0f2c1c43da56f484e2fccb4223070ecdf4cad9c5,Reental-RET-1
0x3d4aec1038e54373009ca3d7ee53a65d2a93676e0a7eb279233457e37d2d1bd4,0x754f5b74e2639cef67fecec03f4d698470bdc92f,4.0,0xf9c3fa98e7c685ff7964b7a297a7a22cb88eef19,0x0f2c1c43da56f484e2fccb4223070ecdf4cad9c5,Reental-ABD-1
0x0f0d3db4e4e01d53daeef4e9ec2dab4d99ee1e467a2ca98c5e76a37598810131,0xa5f1c9a6567213fb7fa5511013ae3c9bb0b235a0,1.01999671,0x0f2c1c43da56f484e2fccb4223070ecdf4cad9c5,0xf9c3fa98e7c685ff7964b7a297a7a22cb88eef19,Reental-MAD-4
0x76f36d33a591fb467d78a8ca59e37fdc3fcc04a3b9f529b67b9579d67c412b70,0x46182d6937ed8cf2707e187b61b654e8ca59c7b5,2.0098191,0x0f2c1c43da56f484e2fccb4223070ecdf4cad9c5,0xc20b4d3f8d4594769cb01fb24b8a4eeaf64866ef,Reental-DXB-2
0xcdcdc184d72fbf7b9fe69b4ee4c22ab68a9f5c97123af50ef1cae4220314b3bc,0x18bb9840fd7185c0589ca5fb81a32e3e2d0f2676,5.95169946,0x0f2c1c43da56f484e2fccb4223070ecdf4cad9c5,0xf9c3fa98e7c685ff7964b7a297a7a22cb88eef19,Reental-OPO-1
0xe3b15d5f49cb3d172ddb0c242b4463c0fc5bb44f3a3008ec1c05f0f7c0703395,0xe6e3ff145a6ffcd1dac08472f89164c0c43316b2,5.59057902,0x0f2c1c43da56f484e2fccb4223070ecdf4cad9c5,0xc0896e0e56d45b3c6d3444bff507adf6f15ee068,Reental-CMY-1
0xd30369b3abe4c6208a7f1afe2a5d4a77488a8c7b78a3a82d3cbbbd0687000dcb,0xcfc9462da1a6b9664251d78c5d30296220bd1f45,1.88052255,0x0f2c1c43da56f484e2fccb4223070ecdf4cad9c5,0x26cb4fdbeadfe4d9541bccd21315dc43b6f219aa,Reental-SLA-4
0xaee9aa29cb1188b5ec2fbdcb6d7f27f987faa46b319a11f1870ce3f2a8c8df7e,0x69072424b70ed26ff987fcb49258b7e8f93c6d82,4.0,0x94264445fb3d0cd4f90e2e641ca1bd2a01e5c65a,0x0f2c1c43da56f484e2fccb4223070ecdf4cad9c5,Reental-SAM-1
0x787bc5b9fc8070073d8919c8ad6c43e4c1f2ea1b67034684ab30deed66a40c0a,0x69072424b70ed26ff987fcb49258b7e8f93c6d82,6.0,0x94264445fb3d0cd4f90e2e641ca1bd2a01e5c65a,0x0f2c1c43da56f484e2fccb4223070ecdf4cad9c5,Reental-SAM-1
0xeaa18960c2bb383d59d225cf34282602834a22cd84696e5ff2765f13bea3a3e9,0x69072424b70ed26ff987fcb49258b7e8f93c6d82,5.0,0x94264445fb3d0cd4f90e2e641ca1bd2a01e5c65a,0x0f2c1c43da56f484e2fccb4223070ecdf4cad9c5,Reental-SAM-1
0x563ee513d2794ca3e8622d4aa73bfebf2b222e8c74ea017752c7cf8f5210a57d,0xcc4c1ce8d335bd40a0acf17b9ab08c030cc299aa,5.0,0xd3d40870c53c407880605631f14d473eb7c6a6f5,0x0f2c1c43da56f484e2fccb4223070ecdf4cad9c5,Reental-PRO-100
0xbdad0e999457a9bd8a8184275ce9ea1eccc5feaa7f023b5f89c7113a69684984,0xcc4c1ce8d335bd40a0acf17b9ab08c030cc299aa,6.83,0xd3d40870c53c407880605631f14d473eb7c6a6f5,0x0f2c1c43da56f484e2fccb4223070ecdf4cad9c5,Reental-PRO-100
0x298caed1341c0a0131b45da5e741cd4c4deeffb43defb5bc0045b32579be3fbe,0x6ade0a100a561664b417130b5c78bc6ed57890a0,9.998,0x0f2c1c43da56f484e2fccb4223070ecdf4cad9c5,0x4fb14355104381a34c734b115517f8eb89477d02,Reental-SAT-1
0x015ef5207e894677bd379aeaafde5258754af683b2fbee3078effee7a597139c,0x0627fc2b5552308f0417f14257e69f76f5d1f322,2.77479259,0x0f2c1c43da56f484e2fccb4223070ecdf4cad9c5,0x4fb14355104381a34c734b115517f8eb89477d02,Reental-SAT-2
0x593a5f5ec3132d08b3fa6461b1d4b3cb91e39e8f4d87603aaf741e4319c6167d,0x1998bc7570ae301154e0c3017acbb200b87ad1af,1.95200896,0x0f2c1c43da56f484e2fccb4223070ecdf4cad9c5,0x94264445fb3d0cd4f90e2e641ca1bd2a01e5c65a,Reental-IDX-1
0xfdd44286f7b673b0c4512fd6bea87d59229a3700239e131fd08e8ab0acd0b13c,0xe92169619de6b5725322229b353287563b603fd3,3.44912551,0x0f2c1c43da56f484e2fccb4223070ecdf4cad9c5,0x94264445fb3d0cd4f90e2e641ca1bd2a01e5c65a,Reental-OPO-2
0x62b5a4d548de7884b7d705a860d1b7fa8eb40e3a68100dad694320db6bd9777c,0x7cb85443eab0851d9b4558db23e1026af07c700d,6.21324588,0x0f2c1c43da56f484e2fccb4223070ecdf4cad9c5,0x94264445fb3d0cd4f90e2e641ca1bd2a01e5c65a,Reental-RET-2
0x786844bda634e413428d7e4e6f0d9d5922e2097d62cac6bdcc3a81e0ee9a3782,0xb45898179fe8de2818e3ff994559c60aa962e2af,10.72488798,0x0f2c1c43da56f484e2fccb4223070ecdf4cad9c5,0x94264445fb3d0cd4f90e2e641ca1bd2a01e5c65a,Reental-MLG-7
0x37f53a09035879d6e9e609a5a4d23009103a9eea145c1afc5536aa43229425c6,0x29fdc3434576e188e8131b2ad9cf94d3b3e71f56,11.27,0x0f2c1c43da56f484e2fccb4223070ecdf4cad9c5,0x94264445fb3d0cd4f90e2e641ca1bd2a01e5c65a,Reental-MLG-8
0xa7050bd8d28a5f101d13b76c1ff1207fbd9429160f1ff5e86b3dae3dd5b2ac51,0x29fdc3434576e188e8131b2ad9cf94d3b3e71f56,10.0,0x0f2c1c43da56f484e2fccb4223070ecdf4cad9c5,0x94264445fb3d0cd4f90e2e641ca1bd2a01e5c65a,Reental-MLG-8
0x9ae8401f45fb3c166f686871b8da847718b4bef89b453a7f4ff76a4360afb5ad,0x29fdc3434576e188e8131b2ad9cf94d3b3e71f56,10.0,0x0f2c1c43da56f484e2fccb4223070ecdf4cad9c5,0x94264445fb3d0cd4f90e2e641ca1bd2a01e5c65a,Reental-MLG-8
0x1685dc48d2ddc0644284188b02ce051bffcd54999094b5e779f13d031c6dd537,0x29fdc3434576e188e8131b2ad9cf94d3b3e71f56,10.0,0x0f2c1c43da56f484e2fccb4223070ecdf4cad9c5,0x94264445fb3d0cd4f90e2e641ca1bd2a01e5c65a,Reental-MLG-8
0xbb150874882dc62454275fb375d7caae2aa7cc7c33672627b11856b4fc1f3303,0x29fdc3434576e188e8131b2ad9cf94d3b3e71f56,10.0,0x0f2c1c43da56f484e2fccb4223070ecdf4cad9c5,0x94264445fb3d0cd4f90e2e641ca1bd2a01e5c65a,Reental-MLG-8
0x0c610e417da0a6241822eea2b484d53ed6857f02719f9cfa6b8dfc3141cc7367,0x29fdc3434576e188e8131b2ad9cf94d3b3e71f56,10.0,0x0f2c1c43da56f484e2fccb4223070ecdf4cad9c5,0x94264445fb3d0cd4f90e2e641ca1bd2a01e5c65a,Reental-MLG-8
0xaba5d45f4cc4f28eb1eb715699e2e1d643d08fe75298dafda2fb25742df81529,0x69072424b70ed26ff987fcb49258b7e8f93c6d82,20.006,0x0f2c1c43da56f484e2fccb4223070ecdf4cad9c5,0x4fb14355104381a34c734b115517f8eb89477d02,Reental-SAM-1
0x7bf13c6b705cf96feb87e571e28cfe8a92fc0871d78382990d2448f3ac8bd59a,0x8ddea623f8ffa94aae50dc4c44da22d6e570a749,11.14316617,0x0f2c1c43da56f484e2fccb4223070ecdf4cad9c5,0xc0896e0e56d45b3c6d3444bff507adf6f15ee068,Reental-SAM-2
0x9bcefb86a114dd0efc6966d42c90ddb6348292a86dc91eb02bb2ac804ac6ae93,0x2f1026ff5bd94232050364c81d61a2d15e147209,2.0,0xc0896e0e56d45b3c6d3444bff507adf6f15ee068,0x0f6f8203449dacc62d65ea6c816b71dd6a0a8228,Reental-MIA-1
0x3c2ef07da88fe48231fb49bffa4be2006a3801b8cf737bad7dcadb7622c32830,0x6b4fa3c69e62f8f03dc018b57efa74d560462210,5.0,0x245ec0965be76427f84c9b727d8f230301d6e54e,0x0f87ec0cae01bbac95f0e070d99f5530f922a148,Reental-MAYA-1
0x54218d2be1aeeec451507cbd2772a50f36da9ecfca959da3be0b14830e1fc7eb,0xed923b814f1ea3d42c54dda55ba8edfaba994489,1.61142035,0x0f87ec0cae01bbac95f0e070d99f5530f922a148,0x30f855efb7322346c3d80cd49fec14e684b1ad5d,Reental-BKL-2
0x42210bf6f13ab35d2166633bb10578961cb5a54b5bf90982f2a708d4c80901d4,0x33be67454ae817337db15877fd4106c5cd5206c5,1.4470929,0x0f87ec0cae01bbac95f0e070d99f5530f922a148,0x8042d82d16405de78e477526e66d4602360cad3a,Reental-MLG-5
0xa6813ecb7c4ade1b52f98b309c96c2eb4f4380ab130249f4bc211642b0678465,0xf7a694bc2768fc3b26beb5e98bb76f744397e49c,2.0,0x0f87ec0cae01bbac95f0e070d99f5530f922a148,0x8042d82d16405de78e477526e66d4602360cad3a,Reental-RDO-1
0x2c1e896cc6f9e4d83711db72814aee374ff77c88582ca46c3f843b73b410133f,0x4adaee2dae690cf8f3915f1c1963f16d239c5e11,2.0,0x0f87ec0cae01bbac95f0e070d99f5530f922a148,0x8042d82d16405de78e477526e66d4602360cad3a,Reental-MRB-1
0x85df391bf16375c2d73c69dbb590c2e30b765df3e74db93d316117580c0730a2,0x7f6b82381bce03e7cf6af2fb1dcd41993406d4ae,2.0,0x0f87ec0cae01bbac95f0e070d99f5530f922a148,0xa3804d27c0d8386b9d4218f5e59ccfa778b59e6a,Reental-MLG-2
0x17bf19f74e1464c94c918e9fc00a6c671de9e4e479b15c59512ff470a865ed49,0x8711b4172ed71d2d4f90e3e2f0cb63726acba8e6,2.0,0x0f87ec0cae01bbac95f0e070d99f5530f922a148,0xe50afc8c3add9e95f03c0b9cd08594e667ae6d99,Reental-JAX-1
0x786620f6e197d839c77490a217c76ded06866f662f94a5ce13bc8905b72e79dd,0xca53dd67cfa553d9e31c377602fb217dff9eadff,2.0,0x0f87ec0cae01bbac95f0e070d99f5530f922a148,0x4ea686d768703965dbf537ffc4ab04047a83c1d0,Reental-SMA-2
0x6556359649e5ce6b250e4902d7aa7a472d82da4958ebf41a2273c7b5c7e5a075,0xac6b91d535bdedb731045ed823d2a6c3ad5b5177,2.0,0x0f87ec0cae01bbac95f0e070d99f5530f922a148,0x8042d82d16405de78e477526e66d4602360cad3a,Reental-OVD-1
0xf1af2ef8649213f95a64e5de840fd87a7789de9ea8f4b0d0abec387a4b607460,0xaca38d593f7775334fa1b84a865f19396f62f760,2.0,0x0f87ec0cae01bbac95f0e070d99f5530f922a148,0xc8d87578f9c7005020d82625693ab46932d6491a,Reental-MLG-6
0x13523f2cf752035c114899a67cc67d587807ca9e8477c4a29970378f9b8ceb07,0x7469b9381bfa8a34bef9dfaad03d75f60947f957,2.0,0x0f87ec0cae01bbac95f0e070d99f5530f922a148,0xc8d87578f9c7005020d82625693ab46932d6491a,Reental-CDP-3
0xb1e9df48a698edecf6fecb83ffa8ae8821805778fe3530f97bd6ceb85f125a28,0x6bde5421e90a42c6e78faaf3a79e4310a4d6266f,1.21098946,0x0f87ec0cae01bbac95f0e070d99f5530f922a148,0xc8d87578f9c7005020d82625693ab46932d6491a,Reental-VLC-11
0xf3abf24ff565cf41cd146ca12f12f50fca493efbb157e595fd55509ae9089e3c,0xf7a694bc2768fc3b26beb5e98bb76f744397e49c,1.0,0x0f87ec0cae01bbac95f0e070d99f5530f922a148,0xe50afc8c3add9e95f03c0b9cd08594e667ae6d99,Reental-RDO-1
0xc00d97dd130215eef05a917ec507595072201c1e2caa8bd4287f9d515e00e480,0x8711b4172ed71d2d4f90e3e2f0cb63726acba8e6,1.38,0x0f87ec0cae01bbac95f0e070d99f5530f922a148,0xaf446f6f480b440afb23340c7684b9811415ed4f,Reental-JAX-1
0x9e8388c269c6a57cc9ec56b33be947bec2daba7cce3a6ce7b16a3fe6e55b8ea5,0x68f73061bdf369c2562f4c0ea4e940f362d1a97f,1.0,0x0f87ec0cae01bbac95f0e070d99f5530f922a148,0xaf446f6f480b440afb23340c7684b9811415ed4f,Reental-ATL-1
0x18d182bd7e42b129daccdd4ac736c8346814440ffb2b293ee796dfcec13b53f3,0xac6b91d535bdedb731045ed823d2a6c3ad5b5177,1.0,0x0f87ec0cae01bbac95f0e070d99f5530f922a148,0x8042d82d16405de78e477526e66d4602360cad3a,Reental-OVD-1
0x929dcb181a14f1d7e91af52127149a7101220bf8d198c9af41a7df5f0f1f34c3,0xca53dd67cfa553d9e31c377602fb217dff9eadff,1.36,0x0f87ec0cae01bbac95f0e070d99f5530f922a148,0x4ea686d768703965dbf537ffc4ab04047a83c1d0,Reental-SMA-2
0xc251000cd07957d649c6150f2612c7e0de55e1db5b1a212ff7042ccbea781c69,0x4adaee2dae690cf8f3915f1c1963f16d239c5e11,8.59568501,0x0f87ec0cae01bbac95f0e070d99f5530f922a148,0x8b064b79f1f26009e2b1e35ae8e55eb04d5bec6c,Reental-MRB-1
0x01c43cf96462b6951cda3f33b91d6fd532bb60b3ca450255392ad23c52775830,0xaca38d593f7775334fa1b84a865f19396f62f760,1.0,0x0f87ec0cae01bbac95f0e070d99f5530f922a148,0xee21cb5ad21b519849e2a14c1555ca9e00a4f67f,Reental-MLG-6
0x1805d2b4aa220e89663c5bb36b428ef2f9c85a3b295a22906d198dd9d66076da,0x7f6b82381bce03e7cf6af2fb1dcd41993406d4ae,1.43,0x0f87ec0cae01bbac95f0e070d99f5530f922a148,0x8b064b79f1f26009e2b1e35ae8e55eb04d5bec6c,Reental-MLG-2
0x950fa6122d1cce9b8ae9ed3815686bc97822cd28f793c94b25627c61e3753295,0x7469b9381bfa8a34bef9dfaad03d75f60947f957,1.87,0x0f87ec0cae01bbac95f0e070d99f5530f922a148,0xc8d87578f9c7005020d82625693ab46932d6491a,Reental-CDP-3
0x448360dce7e077af113b7c5f761293c5065518d3e18f4bea8a870629e2687910,0x8e08d151466bd8499a89ee9254586ef141f324c9,0.63754546,0xd212a7c928b7a61460d67b96769bb8e38b4a4652,0x0f87ec0cae01bbac95f0e070d99f5530f922a148,Reental-FMY-1
0x89f477900eaa0ece3bdab442d715825e4fe534bb0c307af68bc62a61b0558a91,0xca53dd67cfa553d9e31c377602fb217dff9eadff,1.0,0x0f87ec0cae01bbac95f0e070d99f5530f922a148,0x95bcb7708bc6efeaf79545c0fb18ffae793f0bcd,Reental-SMA-2
0x5fe437322960e513ec48375e895df22ea06b07e6279fe6dd2b89f5db64f45327,0x8711b4172ed71d2d4f90e3e2f0cb63726acba8e6,1.0,0x0f87ec0cae01bbac95f0e070d99f5530f922a148,0x95bcb7708bc6efeaf79545c0fb18ffae793f0bcd,Reental-JAX-1
0x72951bb09916bb18ebd1b9b3bf7d8915f53e83a1695a4b2470e533598838cd2e,0xf7a694bc2768fc3b26beb5e98bb76f744397e49c,1.0,0x0f87ec0cae01bbac95f0e070d99f5530f922a148,0x95bcb7708bc6efeaf79545c0fb18ffae793f0bcd,Reental-RDO-1
0x443c4c3518a79d07186b787de0dc622c86ca3a4eb9cb0bcd7422b9c3cf170d03,0x68f73061bdf369c2562f4c0ea4e940f362d1a97f,1.3,0x0f87ec0cae01bbac95f0e070d99f5530f922a148,0xd212a7c928b7a61460d67b96769bb8e38b4a4652,Reental-ATL-1
0x20b4f273b1820ec2d4bc5ec7f46a94498c821efcba6fc45697957cefc2a9859e,0xac6b91d535bdedb731045ed823d2a6c3ad5b5177,1.03,0x0f87ec0cae01bbac95f0e070d99f5530f922a148,0xba9e9281a9adf656191724f7bef219c96e498b29,Reental-OVD-1
0x4deb99990cce39e08dc8db8c25d42aa521d2a1411a24caddef31e41f4e8d36b5,0x7f6b82381bce03e7cf6af2fb1dcd41993406d4ae,1.0,0x0f87ec0cae01bbac95f0e070d99f5530f922a148,0xba9e9281a9adf656191724f7bef219c96e498b29,Reental-MLG-2
0x45cac1902486a9f0f35b5b895e13efca27e232c930d57f6f76ead79d65c99fb7,0xaca38d593f7775334fa1b84a865f19396f62f760,1.46,0x0f87ec0cae01bbac95f0e070d99f5530f922a148,0xba9e9281a9adf656191724f7bef219c96e498b29,Reental-MLG-6
0xd2e4705651121ecc9d386481dd93b24a55955bef73357663ab4c574995526f34,0xca53dd67cfa553d9e31c377602fb217dff9eadff,1.00440796,0x0f87ec0cae01bbac95f0e070d99f5530f922a148,0x95bcb7708bc6efeaf79545c0fb18ffae793f0bcd,Reental-SMA-2
0x5d499df0db1480d5956416c857c86406e2ae001239460ae959514c24f8b6f39b,0x68f73061bdf369c2562f4c0ea4e940f362d1a97f,0.99928678,0x0f87ec0cae01bbac95f0e070d99f5530f922a148,0xd212a7c928b7a61460d67b96769bb8e38b4a4652,Reental-ATL-1
0x89eee5346eb6e599535cd73d28c3d91d0ce4fac2e83a804199fd6152363c6603,0x7469b9381bfa8a34bef9dfaad03d75f60947f957,1.0,0x0f87ec0cae01bbac95f0e070d99f5530f922a148,0xa8dff2da2254d094624e0f0cbb4eb2008ce19c2e,Reental-CDP-3
0x8b4d80bc92ce780f00691be6ff9415b015b3ed93f5688349d683a5d7c4dcc8d1,0xf7a694bc2768fc3b26beb5e98bb76f744397e49c,1.2465594,0x0f87ec0cae01bbac95f0e070d99f5530f922a148,0x8042d82d16405de78e477526e66d4602360cad3a,Reental-RDO-1
0x98156d3ea728cf0c442f92a117baf8addca6609fd4c12e72fc15520a1c1a8ff4,0xac6b91d535bdedb731045ed823d2a6c3ad5b5177,0.99588438,0x0f87ec0cae01bbac95f0e070d99f5530f922a148,0x8042d82d16405de78e477526e66d4602360cad3a,Reental-OVD-1
0x7731dfef99388bbef78480878c82152518a0f29b60ccf6398f602acf5cc3beda,0x8711b4172ed71d2d4f90e3e2f0cb63726acba8e6,0.99588438,0x0f87ec0cae01bbac95f0e070d99f5530f922a148,0xc8d87578f9c7005020d82625693ab46932d6491a,Reental-JAX-1
0x61bca403376a176d193716e3e3c9ef2d7b794c66b7c6f9d78b337fe227368397,0x7f6b82381bce03e7cf6af2fb1dcd41993406d4ae,0.99588438,0x0f87ec0cae01bbac95f0e070d99f5530f922a148,0xc8d87578f9c7005020d82625693ab46932d6491a,Reental-MLG-2
0xfe10cef6939712337f1448fca2f57e426dec2f91739cf66459fcb9799504372b,0x7469b9381bfa8a34bef9dfaad03d75f60947f957,0.99999802,0x0f87ec0cae01bbac95f0e070d99f5530f922a148,0xa8dff2da2254d094624e0f0cbb4eb2008ce19c2e,Reental-CDP-3
0x8d26fa6cfd53adaa7cc5ee2f4def7e17b493f869de0aec022fc2369dfaba7008,0xaca38d593f7775334fa1b84a865f19396f62f760,0.99736769,0x0f87ec0cae01bbac95f0e070d99f5530f922a148,0xa8dff2da2254d094624e0f0cbb4eb2008ce19c2e,Reental-MLG-6
0x566384b8c0f13c38401f04023fe59e1452bee0d2aa659d28552668586dc2c011,0xb0825e7a4093d21ed076883f8aca33300631291e,2.0,0x0f87ec0cae01bbac95f0e070d99f5530f922a148,0xd212a7c928b7a61460d67b96769bb8e38b4a4652,Reental-MIA-3
0x08838021878d9f6464e1b170fae208e5abb57f6eca212cf871da9008ab0ace79,0x8711b4172ed71d2d4f90e3e2f0cb63726acba8e6,0.00411562,0x0f87ec0cae01bbac95f0e070d99f5530f922a148,0xd212a7c928b7a61460d67b96769bb8e38b4a4652,Reental-JAX-1
0x7baf8e30ad7df7e1ccf33d212f9c8583934c8cb19506661a95c979bea2537846,0xac6b91d535bdedb731045ed823d2a6c3ad5b5177,0.00270767,0x0f87ec0cae01bbac95f0e070d99f5530f922a148,0xd212a7c928b7a61460d67b96769bb8e38b4a4652,Reental-OVD-1
0x7496897c6f5e307e1e4773816753bfba7097a938a85196480c4f848602fbde83,0xf1ec7e14489683babdb9299e5f9908d19a8759dc,2.0,0x0f87ec0cae01bbac95f0e070d99f5530f922a148,0xd212a7c928b7a61460d67b96769bb8e38b4a4652,Reental-MIA-2
0x7b4103224f82a23353babbf8f76568a35ec319371de5274a6b6e872e9f25f566,0xf1ec7e14489683babdb9299e5f9908d19a8759dc,2.0,0x0f87ec0cae01bbac95f0e070d99f5530f922a148,0x19ad8b60c698805a4974ddcd2ef15417d5d9b3b4,Reental-MIA-2
0x1a43d05fdf5b1eb65a2352c2c9fc0973def5bedf39fba5a9367dd8e81fd8aac5,0xb0825e7a4093d21ed076883f8aca33300631291e,2.0,0x0f87ec0cae01bbac95f0e070d99f5530f922a148,0x19ad8b60c698805a4974ddcd2ef15417d5d9b3b4,Reental-MIA-3
0xa6b5c6a4bddbd0f973b3b9b1f853d6d4ccd6e13f23031723a216ee81e1b3ed43,0xf1ec7e14489683babdb9299e5f9908d19a8759dc,2.0,0x0f87ec0cae01bbac95f0e070d99f5530f922a148,0x19ad8b60c698805a4974ddcd2ef15417d5d9b3b4,Reental-MIA-2
0x0147da0a9fd8ef479d373f603fa2d7eadb3c093fc519162655ae5846474c690d,0xb0825e7a4093d21ed076883f8aca33300631291e,2.0,0x0f87ec0cae01bbac95f0e070d99f5530f922a148,0x19ad8b60c698805a4974ddcd2ef15417d5d9b3b4,Reental-MIA-3
0x2478e455a0711e0090885a32f3d9e31cee5a3605bbc61f943e8631c697f7ae7d,0xf1ec7e14489683babdb9299e5f9908d19a8759dc,2.0,0x0f87ec0cae01bbac95f0e070d99f5530f922a148,0x19ad8b60c698805a4974ddcd2ef15417d5d9b3b4,Reental-MIA-2
0xe0205d96658b5701aa359b10744603a441d5f36e6100e1057b2bc01b476c1989,0xb0825e7a4093d21ed076883f8aca33300631291e,2.0,0x0f87ec0cae01bbac95f0e070d99f5530f922a148,0x19ad8b60c698805a4974ddcd2ef15417d5d9b3b4,Reental-MIA-3
0x5631e6e1f0715b82d1dd78dbc7dd973b2964e35976b6025539ba24b525dce352,0x8eeb57505999d3092c7b00ad5a5e53b943ad235d,2.0,0x0f87ec0cae01bbac95f0e070d99f5530f922a148,0x19ad8b60c698805a4974ddcd2ef15417d5d9b3b4,Reental-SLA-2
0x85b40081658416701264871a00e8160094aeb6e4153dace38b87c84d8608609c,0x55cb210f496df649fd283aa93a360e24fdb40964,2.0,0x0f87ec0cae01bbac95f0e070d99f5530f922a148,0x19ad8b60c698805a4974ddcd2ef15417d5d9b3b4,Reental-BPT-1
0x8a9fa6514f0b1db9d459b35cef73d926d8524692527d996c680e891e540ff4cd,0x8eeb57505999d3092c7b00ad5a5e53b943ad235d,2.0,0x0f87ec0cae01bbac95f0e070d99f5530f922a148,0x1015b4011043843560ea01d7d1cd7ff0c7f52493,Reental-SLA-2
0x92e63b5466189682d8dd2540570e6918117f0a94ca9a9998b068b3467809a376,0x7a7e4dd51d1ca1aa701b0eb76ba5f59cec2fbaa1,2.0,0x0f87ec0cae01bbac95f0e070d99f5530f922a148,0x85c68edc1669636ef317940981f75dc7a463c1c0,Reental-MAD-3
0xa16c5c4f8fbe4043a63c4ddd2555e4dfd52bcc6c62a7491687160ae28f4de06d,0x55cb210f496df649fd283aa93a360e24fdb40964,2.0,0x0f87ec0cae01bbac95f0e070d99f5530f922a148,0x30f855efb7322346c3d80cd49fec14e684b1ad5d,Reental-BPT-1
0xd52ccc12d06b3ba16b25bea4b7e2b648dc34c90638f2728f0101455b94f5cd47,0x8eeb57505999d3092c7b00ad5a5e53b943ad235d,2.0,0x0f87ec0cae01bbac95f0e070d99f5530f922a148,0x19ad8b60c698805a4974ddcd2ef15417d5d9b3b4,Reental-SLA-2
0x972e8511ff5d6cf492d0efd9a223cb1c115764fa23296bdf572a73e8eacb9ec2,0x7a7e4dd51d1ca1aa701b0eb76ba5f59cec2fbaa1,2.0,0x0f87ec0cae01bbac95f0e070d99f5530f922a148,0x85c68edc1669636ef317940981f75dc7a463c1c0,Reental-MAD-3
0xe27db7414ec2179533fdb2f2cf4db4de43d1730e20ddc134ba2bf08dc2b4c0a8,0x8eeb57505999d3092c7b00ad5a5e53b943ad235d,2.0,0x0f87ec0cae01bbac95f0e070d99f5530f922a148,0x99b902d4b63d9703a1357d16f1e24c635c3c2c62,Reental-SLA-2
0x2194f9e91976f6723dc5a8cc3796d8fcdc42200acfa3cd3eaf812b380801cc06,0x55cb210f496df649fd283aa93a360e24fdb40964,2.0,0x0f87ec0cae01bbac95f0e070d99f5530f922a148,0x4ea686d768703965dbf537ffc4ab04047a83c1d0,Reental-BPT-1
0xc2db5f939b5eac385a588f85610c3c4d3b84f098d785f18c001af22bf8c7b7c4,0x7a7e4dd51d1ca1aa701b0eb76ba5f59cec2fbaa1,2.0,0x0f87ec0cae01bbac95f0e070d99f5530f922a148,0x85c68edc1669636ef317940981f75dc7a463c1c0,Reental-MAD-3
0x02158c9155d4115001a6776c587f94844cb5c90075df86ae8e282cb5585a11bf,0x8eeb57505999d3092c7b00ad5a5e53b943ad235d,2.0,0x0f87ec0cae01bbac95f0e070d99f5530f922a148,0x19ad8b60c698805a4974ddcd2ef15417d5d9b3b4,Reental-SLA-2
0x4ead9253309eca710db0ae25850d17e9dabb18f3efe6c12527fbdf7b748a78c7,0x55cb210f496df649fd283aa93a360e24fdb40964,2.0,0x0f87ec0cae01bbac95f0e070d99f5530f922a148,0x19ad8b60c698805a4974ddcd2ef15417d5d9b3b4,Reental-BPT-1
0x73ded203ce6533770f5b2c0c8b058b0d6c7d0786696c8362ace83b39089f0784,0x7a7e4dd51d1ca1aa701b0eb76ba5f59cec2fbaa1,2.0,0x0f87ec0cae01bbac95f0e070d99f5530f922a148,0x99b902d4b63d9703a1357d16f1e24c635c3c2c62,Reental-MAD-3
0x95ccc5b6b51662e83da86a88e7ceaa7c8f3318f3070d2a808b03b40c16a8bc8e,0x8e08d151466bd8499a89ee9254586ef141f324c9,2.63533549,0x0f87ec0cae01bbac95f0e070d99f5530f922a148,0x4b38369010a4cbc543a4cc68f998631c4c660842,Reental-FMY-1
0x91672fc9c9ed46c29c12c1b6dc917c6d7afa6450bd549c1291745618ab20c8de,0x7a7e4dd51d1ca1aa701b0eb76ba5f59cec2fbaa1,2.00029297,0x0f87ec0cae01bbac95f0e070d99f5530f922a148,0x99b902d4b63d9703a1357d16f1e24c635c3c2c62,Reental-MAD-3
0x969c9957324496113faab120f387cd83a6215aca540d647f720f6e7f1ffe872e,0x9c09c8525c5baa3b254cb0a60d3565cfbd5c9f28,1.0,0x1015b4011043843560ea01d7d1cd7ff0c7f52493,0xa7dfea257bea38a69367ba5d695c0e8aaf57900f,Reental-JAX-3
0xc8bf691596854315c5fe0ddb5a2eb24225910ffbe1c7599350094fb2ffbbf966,0x6b4fa3c69e62f8f03dc018b57efa74d560462210,2.0,0x99b6b6f3d833d41cf50c9dc24c1c954e4124bef6,0x1015b4011043843560ea01d7d1cd7ff0c7f52493,Reental-MAYA-1
0x0d0c1bf9ae1cc376b47401aa62939dd83230077215e390117b294d59d987c918,0x9c09c8525c5baa3b254cb0a60d3565cfbd5c9f28,0.06936052,0x1015b4011043843560ea01d7d1cd7ff0c7f52493,0x1995c246244f3d6f86c17a5a1fafaddac5b6cfd4,Reental-JAX-3
0xcece632618e6ba9b38ea5b6e8711236875bb8d4eb53e87de0b8b5d3f927a5b9e,0xac6b91d535bdedb731045ed823d2a6c3ad5b5177,1.0,0x6bd9cbc55bdbab4c5e177c6a4684a6d50c17b378,0x1015b4011043843560ea01d7d1cd7ff0c7f52493,Reental-OVD-1
0x62ac12c97fac4ddfb0295a4e475f3d07a2bdf767b39c0ebf1c059f33cc6c903c,0xac6b91d535bdedb731045ed823d2a6c3ad5b5177,1.23594073,0x1015b4011043843560ea01d7d1cd7ff0c7f52493,0xc0e8b90c8ab3be3a6afdaf09c47b76f2e530da29,Reental-OVD-1
0x8617c14959140ab4672e1ce0cea2209db537834aabb3807cd667436a9b315af4,0x6b4fa3c69e62f8f03dc018b57efa74d560462210,2.0,0x99b6b6f3d833d41cf50c9dc24c1c954e4124bef6,0x1015b4011043843560ea01d7d1cd7ff0c7f52493,Reental-MAYA-1
0x24897eac63344a7cfdd1574b7bf0351beca1675caca7d99269f7ec31e1aa5bf6,0x6b4fa3c69e62f8f03dc018b57efa74d560462210,2.0,0x99b6b6f3d833d41cf50c9dc24c1c954e4124bef6,0x1015b4011043843560ea01d7d1cd7ff0c7f52493,Reental-MAYA-1
0x61c4f288a3b59f1b8cf9e357c6ff138b9ae08f69a764ddac89de71889332ac3f,0x6b4fa3c69e62f8f03dc018b57efa74d560462210,2.0,0x99b6b6f3d833d41cf50c9dc24c1c954e4124bef6,0x1015b4011043843560ea01d7d1cd7ff0c7f52493,Reental-MAYA-1
0xaaa47ece10fd5276a06e3ca857e7ea528cd0d2160a6e6e72dc734901521e61aa,0x6b4fa3c69e62f8f03dc018b57efa74d560462210,2.0,0x99b6b6f3d833d41cf50c9dc24c1c954e4124bef6,0x1015b4011043843560ea01d7d1cd7ff0c7f52493,Reental-MAYA-1
0x3570686c318e922fb684507df513d49c35cc339ec25493fdd64bd20c1510f762,0x6b4fa3c69e62f8f03dc018b57efa74d560462210,2.0,0x99b6b6f3d833d41cf50c9dc24c1c954e4124bef6,0x1015b4011043843560ea01d7d1cd7ff0c7f52493,Reental-MAYA-1
0xfb54d898b9ebddde750faeadff5426066980c28b4848e54f64d8963703c20ce4,0xb7632e6fa54b05846cf20ec3570c6dc948b7a72f,1.288,0x1015b4011043843560ea01d7d1cd7ff0c7f52493,0x8ef1018c559a597c36b3cee7b53c44f9614b0190,Reental-ONDA-1
0x31c4390f8d8fdd3701f4479ef13c7642f13b9d32b0afa7635fc97cd95897a691,0xac6b91d535bdedb731045ed823d2a6c3ad5b5177,1.0,0x1015b4011043843560ea01d7d1cd7ff0c7f52493,0x8ef1018c559a597c36b3cee7b53c44f9614b0190,Reental-OVD-1
0x4095bccc30e9c9c86e8ce582cf64ccf885d9427bbc28ddcefe4afecf036d702d,0x6b4fa3c69e62f8f03dc018b57efa74d560462210,2.0,0x99b6b6f3d833d41cf50c9dc24c1c954e4124bef6,0x1015b4011043843560ea01d7d1cd7ff0c7f52493,Reental-MAYA-1
0x8c859230e4176116e4c1c82cc38f8f083782a5cb96ed014b41d39e75624cd323,0xac6b91d535bdedb731045ed823d2a6c3ad5b5177,2.0,0x1015b4011043843560ea01d7d1cd7ff0c7f52493,0xc5be371a0fedbd2fde487593d40b172a4c4505eb,Reental-OVD-1
0x480a1d059732f5cb5ee422b532f1299d0c418a3923657ba721b3d6a4618b2480,0x2f1026ff5bd94232050364c81d61a2d15e147209,0.95,0x1015b4011043843560ea01d7d1cd7ff0c7f52493,0xc5be371a0fedbd2fde487593d40b172a4c4505eb,Reental-MIA-1
0x5974bdad4b76370b086241700e43573eb84a4f44389ffcdc30be11bc004b0758,0x6b4fa3c69e62f8f03dc018b57efa74d560462210,5.0,0x245ec0965be76427f84c9b727d8f230301d6e54e,0x1015b4011043843560ea01d7d1cd7ff0c7f52493,Reental-MAYA-1
0x5bf9be732aeb928775abb0ea29ba3a54a4778108c7f0ccff953c45feaa3ccfd8,0x2f1026ff5bd94232050364c81d61a2d15e147209,2.0,0x1015b4011043843560ea01d7d1cd7ff0c7f52493,0xd73d0b5775caf7ff914d8643bc31bbfb1db2f3c6,Reental-MIA-1
0x84bcb05b7d42db933bfd3b2cdd4fd5454d767a9ba3946f404b5eebdb01581d9c,0x6b4fa3c69e62f8f03dc018b57efa74d560462210,5.0,0x245ec0965be76427f84c9b727d8f230301d6e54e,0x1015b4011043843560ea01d7d1cd7ff0c7f52493,Reental-MAYA-1
0x77f9a2d2b39c4a0c3df4b333e5899ac6f98fe90be28fdc36a6c21a1d9d2fde7b,0x6f7a7dd1bbe3c3c1c3ee169abf9b7e29df641788,1.0,0x6bd9cbc55bdbab4c5e177c6a4684a6d50c17b378,0x1015b4011043843560ea01d7d1cd7ff0c7f52493,Reental-MAD-1
0x265ade82947069f58a1baa8cd9c26c6fe277df0da328759cb7476def37240cbb,0x6f7a7dd1bbe3c3c1c3ee169abf9b7e29df641788,2.0,0x6bd9cbc55bdbab4c5e177c6a4684a6d50c17b378,0x1015b4011043843560ea01d7d1cd7ff0c7f52493,Reental-MAD-1
0x417db3973024244a3b103797e7f8b9bff0083e7c26b97288e877d40a1d03175c,0x6b4fa3c69e62f8f03dc018b57efa74d560462210,1.0,0x3460f3e3ecdadb7ca18cc363c1ed05d227fda666,0x1015b4011043843560ea01d7d1cd7ff0c7f52493,Reental-MAYA-1
0xa8a0e7aefa039d943d9242c9a27cbc9d3e410fae1201b3024d1f9bb09c669691,0x6b4fa3c69e62f8f03dc018b57efa74d560462210,1.0,0x99b6b6f3d833d41cf50c9dc24c1c954e4124bef6,0x1015b4011043843560ea01d7d1cd7ff0c7f52493,Reental-MAYA-1
0xa5fb86e2139f0d05aa2484186c170d7a008fbcc2f8b07293a040ab97a6b4cb17,0x820380fea111509a38297fa2971eee5b41a5aeca,0.77,0x1015b4011043843560ea01d7d1cd7ff0c7f52493,0x58523dfd74b30d6f9230e782674bb438bcfd8622,Reental-RDO-3
0x7b656d660688a0227de27cefbcd987137be1a079c9cb87a001357bfadcd37517,0x954229f463f73a857fddc346857771c1ef3f7c00,0.05887869,0x1015b4011043843560ea01d7d1cd7ff0c7f52493,0x4ea686d768703965dbf537ffc4ab04047a83c1d0,Reental-RDO-4
0x276a867663f93d3c8232e28fd41c64499c07956b5df7f840436e6ebf2ac4dd6f,0xf7a694bc2768fc3b26beb5e98bb76f744397e49c,0.27,0x1015b4011043843560ea01d7d1cd7ff0c7f52493,0x58523dfd74b30d6f9230e782674bb438bcfd8622,Reental-RDO-1
0xf089c8a82caf68261d1bec8be054ec634c603a5870b5e398e4202615c88914e2,0xaca38d593f7775334fa1b84a865f19396f62f760,1.0,0x1015b4011043843560ea01d7d1cd7ff0c7f52493,0x8a7ccf8e2c6ccf18dc43ca4191a59506e27d0047,Reental-MLG-6
0x9f9b119bba3bfc9f35a66fdc7c0ff8a425ad76fa070305e0fd926f747454d8cb,0xca53dd67cfa553d9e31c377602fb217dff9eadff,2.0,0x1015b4011043843560ea01d7d1cd7ff0c7f52493,0xac702af1c3076299325d02bc86e61c8e0149b5a0,Reental-SMA-2
0xffd56d9a863c827d9377b690a072d5a639a7d7d52b14e4eff89e461783eac1ab,0xca53dd67cfa553d9e31c377602fb217dff9eadff,6.0,0x1015b4011043843560ea01d7d1cd7ff0c7f52493,0x4b38369010a4cbc543a4cc68f998631c4c660842,Reental-SMA-2
0x711e7a4d92c3870029be8dfb0bd5101fc043f7344395f91a3c9a5edb26d4dd1c,0xaca38d593f7775334fa1b84a865f19396f62f760,2.0,0x1015b4011043843560ea01d7d1cd7ff0c7f52493,0x8a7ccf8e2c6ccf18dc43ca4191a59506e27d0047,Reental-MLG-6
0x315d23c3fc03a3ede8d48a8c026043f251ba68190543d1e04880ec5936710341,0xaca38d593f7775334fa1b84a865f19396f62f760,2.0,0x1015b4011043843560ea01d7d1cd7ff0c7f52493,0x23094d34888de2d5bc8eee5a5237026ce20de16d,Reental-MLG-6
0x5d1f4e9a4a5638f4708cb3d5b1a0b850a8ce409cc97e25d2f91e1325ab456213,0x6b4fa3c69e62f8f03dc018b57efa74d560462210,1.0,0xafb2735179c625dd1d199b415a88a32c5d0fccce,0x1015b4011043843560ea01d7d1cd7ff0c7f52493,Reental-MAYA-1
0x8a2c3c8ac283d53fc13994f465185acc1f62863c1b5a4ee505090cbebb790798,0x6b4fa3c69e62f8f03dc018b57efa74d560462210,1.0,0xafb2735179c625dd1d199b415a88a32c5d0fccce,0x1015b4011043843560ea01d7d1cd7ff0c7f52493,Reental-MAYA-1
0x86d35977ddb81b2f7afd97bf3d41782d5ebf7d7516a540dde422a3529620eeb7,0x6b4fa3c69e62f8f03dc018b57efa74d560462210,1.0,0xafb2735179c625dd1d199b415a88a32c5d0fccce,0x1015b4011043843560ea01d7d1cd7ff0c7f52493,Reental-MAYA-1
0x021c8302e99cafcdc93d36f1a836b96bae49774b3d6fbba900534b82997b84bd,0x6b4fa3c69e62f8f03dc018b57efa74d560462210,1.0,0xafb2735179c625dd1d199b415a88a32c5d0fccce,0x1015b4011043843560ea01d7d1cd7ff0c7f52493,Reental-MAYA-1
0x2f72bb993abe8b924756f3124f666ad89914e27a27a9e35c22c68d19875666c2,0x6b4fa3c69e62f8f03dc018b57efa74d560462210,1.0,0xafb2735179c625dd1d199b415a88a32c5d0fccce,0x1015b4011043843560ea01d7d1cd7ff0c7f52493,Reental-MAYA-1
0xbc8571d9549f35411ac809a681cfff15d193cf68368c2987061f8c1e780b8d4e,0x6b4fa3c69e62f8f03dc018b57efa74d560462210,1.0,0xafb2735179c625dd1d199b415a88a32c5d0fccce,0x1015b4011043843560ea01d7d1cd7ff0c7f52493,Reental-MAYA-1
0xb9dfad8a3f5f0db070286b4d7c95e4a759a9b9cb6b58c2b020155eeb566003b3,0x6b4fa3c69e62f8f03dc018b57efa74d560462210,1.0,0xafb2735179c625dd1d199b415a88a32c5d0fccce,0x1015b4011043843560ea01d7d1cd7ff0c7f52493,Reental-MAYA-1
0x676e0bf763ef1c1fd2f031d9010f34196f093e616dfc620e7d8f78e9e5c993c4,0xaca38d593f7775334fa1b84a865f19396f62f760,2.0,0x1015b4011043843560ea01d7d1cd7ff0c7f52493,0x384e7aaa8917f3e2d32faab649c2d41917c739cc,Reental-MLG-6
0x727df15dfcfd0440fa2c4d7b244ad5467d488dcd3665844fdede52c9d22e37de,0x6b4fa3c69e62f8f03dc018b57efa74d560462210,10.0,0x245ec0965be76427f84c9b727d8f230301d6e54e,0x1015b4011043843560ea01d7d1cd7ff0c7f52493,Reental-MAYA-1
0x0de2f086dadfc503dda4a29e91bee13fcbbec3df48413ca223bb2f678db58283,0xd48b1f302c8eb4a0f691fde99deaa9316d67a7db,2.0,0x1015b4011043843560ea01d7d1cd7ff0c7f52493,0xcc568012f3f376785c48a3b036370b9d5c1be9a6,Reental-JAX-5
0xd24df8ab5e33333a9072fcaddf13e2c15c3def8e335a997f5957aea81eb0d615,0xaca38d593f7775334fa1b84a865f19396f62f760,3.5,0x1015b4011043843560ea01d7d1cd7ff0c7f52493,0x8a7ccf8e2c6ccf18dc43ca4191a59506e27d0047,Reental-MLG-6
0x4f474f92f2a4706abde09b4d95049c07f546eec0dfee2df59067d7cd98ad83b7,0xf7a694bc2768fc3b26beb5e98bb76f744397e49c,2.0,0x1015b4011043843560ea01d7d1cd7ff0c7f52493,0x8042d82d16405de78e477526e66d4602360cad3a,Reental-RDO-1
0x69a44c34deb0047ba9b098eabd4ab38c9e27f6b6356f89154851e4cf97373063,0xf7a694bc2768fc3b26beb5e98bb76f744397e49c,2.0,0x1015b4011043843560ea01d7d1cd7ff0c7f52493,0x8042d82d16405de78e477526e66d4602360cad3a,Reental-RDO-1
0x293a02012d6335eee24273dc6748d6a40c4eaa688fe087b456539bb063d8b029,0x954229f463f73a857fddc346857771c1ef3f7c00,1.0,0x1015b4011043843560ea01d7d1cd7ff0c7f52493,0x5d1400e13c875bdba24fff07d1f928b5a566bc94,Reental-RDO-4
0xb2c0336d171ce9ed58104c89d9fc1770f5970c90addcd36a6929f6a0e606c14f,0x33be67454ae817337db15877fd4106c5cd5206c5,1.59,0x1015b4011043843560ea01d7d1cd7ff0c7f52493,0x8a7ccf8e2c6ccf18dc43ca4191a59506e27d0047,Reental-MLG-5
0x1c797c9a5814997f116dd8d0fc06e1ed4c0ca03b353c1afba6f531498e25c5a3,0xe7d35f9248ea53943765928c0d9dc027a0129f28,3.39,0x1015b4011043843560ea01d7d1cd7ff0c7f52493,0xeb4ea3b80a787863c729fc6c28b68c64a5a27089,Reental-MLG-3
0x1c104d35b703c66ea1b1b540ccec2f897acd8fe9bb5a432e01043e9f3cbdbc1d,0x7aa21fabd73e8d3aa5d5c5994af6b62cfcea3fe4,5.0,0x1015b4011043843560ea01d7d1cd7ff0c7f52493,0x85c68edc1669636ef317940981f75dc7a463c1c0,Reental-SHL-1
0x58bcc2004dc9b9aa74269c80232be56422af32ce3643cc038d74c423f7fe0550,0xf7a694bc2768fc3b26beb5e98bb76f744397e49c,2.0,0x1015b4011043843560ea01d7d1cd7ff0c7f52493,0x8042d82d16405de78e477526e66d4602360cad3a,Reental-RDO-1
0x4a6ea5a4fc4a67a702049c4f08bc22a1a6d4c21fc201160542a8322f4a723c38,0x33be67454ae817337db15877fd4106c5cd5206c5,2.0,0x1015b4011043843560ea01d7d1cd7ff0c7f52493,0xeb4ea3b80a787863c729fc6c28b68c64a5a27089,Reental-MLG-5
0xe3d704bdd38b442b147a19031d5c550e29dec3f22fd29a564d340bff67a67569,0x3b7455335fc7c3839167ed8fc173405908ffdf15,2.0,0x1015b4011043843560ea01d7d1cd7ff0c7f52493,0x4ea686d768703965dbf537ffc4ab04047a83c1d0,Reental-TLM-2
0xfa588fa709bc6188d57137885bdc89edab2f1a5815d6295389901f3ce7d2b717,0x7f6b82381bce03e7cf6af2fb1dcd41993406d4ae,2.0,0x1015b4011043843560ea01d7d1cd7ff0c7f52493,0xeb4ea3b80a787863c729fc6c28b68c64a5a27089,Reental-MLG-2
0xb72cbbf80ed8567a480fd5caf1a828cea90b44118f4c56defdca7054c2089763,0x33be67454ae817337db15877fd4106c5cd5206c5,2.0,0x1015b4011043843560ea01d7d1cd7ff0c7f52493,0x35add79c62fdd05932a61c35b96905ca175f0030,Reental-MLG-5
0x8c77738c8dd99d32264043e0dc8b5abe27b5d974c00655623583ec3c2890d6b4,0x454c0841a409b1752a6cf51fa8ed2fd28a6291c6,2.4309,0x1015b4011043843560ea01d7d1cd7ff0c7f52493,0x8042d82d16405de78e477526e66d4602360cad3a,Reental-RDO-2
0x4e76d6ea2905c475039f6f81d54717bfe87dcdbe73897ace0b5a91b0516b1c65,0x820380fea111509a38297fa2971eee5b41a5aeca,2.0,0x1015b4011043843560ea01d7d1cd7ff0c7f52493,0x8042d82d16405de78e477526e66d4602360cad3a,Reental-RDO-3
0x2a154eb5d9184ccae91b13e2bde92567c0383acb1c6dd62446242789b6ee7137,0x4adaee2dae690cf8f3915f1c1963f16d239c5e11,0.0296762,0x1015b4011043843560ea01d7d1cd7ff0c7f52493,0xdf50cbf0ea828d6d3fb7b59f905a56ec64d5036d,Reental-MRB-1
0xfc45b1ad3b3ed289d36ccbfcbb2cac1c35aa91a8fc73bafc0831bdc91d56f4c5,0xdecfebdaf1131899fb38a53dc63671246220ab7a,0.00026973,0x1015b4011043843560ea01d7d1cd7ff0c7f52493,0x105697a07be5aee6c68ab4ff841aeea8f9d5a7d8,Reental-RDO-5
0xd5b55d15bb3a9c6b9cc7c8cf944e3f542037f3b73200bd5158044d4a2164285a,0x33be67454ae817337db15877fd4106c5cd5206c5,1.99885211,0x1015b4011043843560ea01d7d1cd7ff0c7f52493,0xf021a90753fd51994c7d2ae3da9e63fb0e7c0ff3,Reental-MLG-5
0xaee0ae128dcc6aa63ae1d6d52b99dbde964747e75df32454821b5ccee0b962bc,0x33be67454ae817337db15877fd4106c5cd5206c5,2.0,0x1015b4011043843560ea01d7d1cd7ff0c7f52493,0xf021a90753fd51994c7d2ae3da9e63fb0e7c0ff3,Reental-MLG-5
0x28cdc98656fb8e98291801740fb65bec5b865b687820061ffa8796fd541fcd3c,0x7f6b82381bce03e7cf6af2fb1dcd41993406d4ae,2.0,0x1015b4011043843560ea01d7d1cd7ff0c7f52493,0xf021a90753fd51994c7d2ae3da9e63fb0e7c0ff3,Reental-MLG-2
0x229d01f9c8694d5e4c9edd0a4a8600bc9b1e09404562ba2fa2fee0ffa8c2ea23,0x820380fea111509a38297fa2971eee5b41a5aeca,1.9953,0x1015b4011043843560ea01d7d1cd7ff0c7f52493,0x8042d82d16405de78e477526e66d4602360cad3a,Reental-RDO-3
0xf866b8bd9f567b886d90f89797a4d0322258da827cb85157fb957039642cabc8,0x7f6b82381bce03e7cf6af2fb1dcd41993406d4ae,3.0,0x1015b4011043843560ea01d7d1cd7ff0c7f52493,0xf021a90753fd51994c7d2ae3da9e63fb0e7c0ff3,Reental-MLG-2
0x7002ab76effb6ed0bacea29f4242be67d4218ccfe88ce248c253e492d65594cd,0xa17e89f33e80b506af759f9e493efe29a47ea905,9.0505757,0xcc3659a853e78ad346df199bcc5d6a715c107ecd,0x1015b4011043843560ea01d7d1cd7ff0c7f52493,Reental-VLC-10
0x428b72d74fb4b2585fe8d46d11d1afac591ea8d0705b9530a22df246b1c9f892,0x6b7c34c8a1ffd4238e702243f0ff005680037fad,1.87554415,0x1015b4011043843560ea01d7d1cd7ff0c7f52493,0x8a7ccf8e2c6ccf18dc43ca4191a59506e27d0047,Reental-VLC-8
0x2d782cd614e83e4996b32d84c3e3351864b29ee9f608d026951f774264871c52,0x67f43c75ddc47762c1f5d0e4c97f0e3d38be8fc9,2.0,0x1015b4011043843560ea01d7d1cd7ff0c7f52493,0xe2fd23b414378ce9c67889100b51b1c7dc8eacad,Reental-MLG-9
0xc9d378f52975f2bef2c21849ce4859156e8cf2ec551c9173bda331d10fce3efb,0xfd0ea97747f7b1a53ec59ef5001616cde3aead3e,2.0,0x1015b4011043843560ea01d7d1cd7ff0c7f52493,0xe2fd23b414378ce9c67889100b51b1c7dc8eacad,Reental-CLVM-2
0xbbf7bcf5d7a64f4cee3aa48bdf2ad9287248377a4c143e0ed1e187f1a6b073e6,0x3b7455335fc7c3839167ed8fc173405908ffdf15,2.25342477,0x1015b4011043843560ea01d7d1cd7ff0c7f52493,0x4ed1d500e66ad8c592d4660dbf4c178475d03e74,Reental-TLM-2
0xb953978627d9787870fdcb1d5fe6404b60ff3dbc3f7056a7a8bc5fb0ba46204a,0xf7a694bc2768fc3b26beb5e98bb76f744397e49c,2.0,0x1015b4011043843560ea01d7d1cd7ff0c7f52493,0x8042d82d16405de78e477526e66d4602360cad3a,Reental-RDO-1
0x94560938ce38f4244d3e15bcdfc19b391ca11582fdba33f40290d54440a00d1d,0x3b7455335fc7c3839167ed8fc173405908ffdf15,2.0,0x1015b4011043843560ea01d7d1cd7ff0c7f52493,0xc8d87578f9c7005020d82625693ab46932d6491a,Reental-TLM-2
0x6d380edfccaa9b45893ebe431eabdff4bea8b8490d3861fec45ddf3509ed6638,0x3b7455335fc7c3839167ed8fc173405908ffdf15,2.0,0x1015b4011043843560ea01d7d1cd7ff0c7f52493,0x4ea686d768703965dbf537ffc4ab04047a83c1d0,Reental-TLM-2
0xd7e9dc6799743d0dfeec39af06a184d092ca35dde3f5a7f4a903c9489d951603,0x7aa21fabd73e8d3aa5d5c5994af6b62cfcea3fe4,2.0,0x1015b4011043843560ea01d7d1cd7ff0c7f52493,0xb794cda2cb82b55acde628f5ba71794af9cfbf3f,Reental-SHL-1
0xba853f0c9f6348cc3e36109f3b4f1416d29bf3e32baafa3797d9d26a6aa39db1,0x3b7455335fc7c3839167ed8fc173405908ffdf15,2.0,0x1015b4011043843560ea01d7d1cd7ff0c7f52493,0xc8d87578f9c7005020d82625693ab46932d6491a,Reental-TLM-2
0x779b46179655883a630da873170d49d4cb5cfec4be316b370e66f15741814388,0xe7d35f9248ea53943765928c0d9dc027a0129f28,2.0,0x1015b4011043843560ea01d7d1cd7ff0c7f52493,0xc8d87578f9c7005020d82625693ab46932d6491a,Reental-MLG-3
0x3a49cf8cbbe933ad8a03f3e161991d96f625ddaa6eaa3a684063016c0a1bd5f3,0x3b7455335fc7c3839167ed8fc173405908ffdf15,2.0,0x1015b4011043843560ea01d7d1cd7ff0c7f52493,0xc8d87578f9c7005020d82625693ab46932d6491a,Reental-TLM-2
0xb3d7f0e2a09798ade17f276c165aa9cdb1e22a2ba9dfc24e9469b18ed5ef1192,0x3b7455335fc7c3839167ed8fc173405908ffdf15,2.0,0x1015b4011043843560ea01d7d1cd7ff0c7f52493,0x649b1d2b2758ebc1a883cb92a5952e22611f9200,Reental-TLM-2
0x4daf6d7a7e686c9b6e3f8cbb438a92dbddf9e00c7e6a7cdccd4ec53765793584,0x1b0d685f5e4063033e0a1a360db864c9911eedda,2.0,0x1f1605891affe7485f923b57364508b9df341eaf,0x1015b4011043843560ea01d7d1cd7ff0c7f52493,Reental-VLC-9
0x599355f4747965df018df7c27b6695fdc959b7c993c783a3d669b806f7ad1733,0x29da137d6dba774ad4f79323374f685682542767,2.07822973,0xf9c3fa98e7c685ff7964b7a297a7a22cb88eef19,0x1015b4011043843560ea01d7d1cd7ff0c7f52493,Reental-MUR-1
0xd5bf657c058f164c2a527829fbd0bdb01b17e6ce96d0bb16b74f6840475eb2a6,0x1b0d685f5e4063033e0a1a360db864c9911eedda,0.9356376,0x1f1605891affe7485f923b57364508b9df341eaf,0x1015b4011043843560ea01d7d1cd7ff0c7f52493,Reental-VLC-9
0x41adf2dc22d7566f4fd62ea0481096119af74adcf6e0ea1ef0dabb5331d5976d,0x1b0d685f5e4063033e0a1a360db864c9911eedda,1.0,0x1f1605891affe7485f923b57364508b9df341eaf,0x1015b4011043843560ea01d7d1cd7ff0c7f52493,Reental-VLC-9
0x52b2a733620c456fa15ad654d2bcfb619039e40cbe172d3e317aac8ebcbd78ed,0x1b0d685f5e4063033e0a1a360db864c9911eedda,1.0,0x1f1605891affe7485f923b57364508b9df341eaf,0x1015b4011043843560ea01d7d1cd7ff0c7f52493,Reental-VLC-9
0x9f33b70e010933574ea48d1d5d1a66e430ddded3bf4b9adab5c06a62ed7e49ab,0xf7a694bc2768fc3b26beb5e98bb76f744397e49c,2.0017,0x1015b4011043843560ea01d7d1cd7ff0c7f52493,0x624b6cd03483f0a680f52107dfb6ae10a6168713,Reental-RDO-1
0x2a30d741dfe7ec7fe599f155deb4d7bc9e6045bd84ea9b66fe5d4b137cac4530,0x60d595922e964b5cc002b5c207fde25d98d6fcd1,2.0,0x1015b4011043843560ea01d7d1cd7ff0c7f52493,0xd73d0b5775caf7ff914d8643bc31bbfb1db2f3c6,Reental-VLC-5
0x823c48405ebded8956bb1ca52e7ef387d1cf0d6e4eb5e74243b3997a4dd44e61,0x33be67454ae817337db15877fd4106c5cd5206c5,1.0,0xd212a7c928b7a61460d67b96769bb8e38b4a4652,0x1015b4011043843560ea01d7d1cd7ff0c7f52493,Reental-MLG-5
0x17530f69891e96deaac413856fba0a8ffdc8dfca42b4e01448403f0eb470e16b,0xe16901dad396fe7b1b77b6d2bd91b2d648e8a762,2.15510526,0xf9c3fa98e7c685ff7964b7a297a7a22cb88eef19,0x1015b4011043843560ea01d7d1cd7ff0c7f52493,Reental-HOU-3
0x49a9b22daa2207345d872156ac06bcb32fcf6f2426c050004860ada3cf54cb2a,0x33be67454ae817337db15877fd4106c5cd5206c5,1.0,0x1015b4011043843560ea01d7d1cd7ff0c7f52493,0xee21cb5ad21b519849e2a14c1555ca9e00a4f67f,Reental-MLG-5
0x03fc3402eec0969cf18765cf5ad1bde2db03e43cf206d8a49320f8406396c252,0x6b7c34c8a1ffd4238e702243f0ff005680037fad,1.0,0xed9f944b9674a7efbb73b85867b41af6a727d96b,0x1015b4011043843560ea01d7d1cd7ff0c7f52493,Reental-VLC-8
0x3e45599043618e02792dac7524401dbeed4bb3bd8b796ff02af3690116114c12,0xfd0ea97747f7b1a53ec59ef5001616cde3aead3e,2.0,0x1015b4011043843560ea01d7d1cd7ff0c7f52493,0xee21cb5ad21b519849e2a14c1555ca9e00a4f67f,Reental-CLVM-2
0x23b21b1a95617df1e63eca9e2255d6e63d0a5fd7a06d929aa3c2303c3fe66f9d,0x67f43c75ddc47762c1f5d0e4c97f0e3d38be8fc9,1.99948951,0x1015b4011043843560ea01d7d1cd7ff0c7f52493,0x85c68edc1669636ef317940981f75dc7a463c1c0,Reental-MLG-9
0xea06b1608e21ca59bbe6dc35dc3ff5a11f023059ff626ff0df6336a233865858,0xf7a694bc2768fc3b26beb5e98bb76f744397e49c,2.0,0x1015b4011043843560ea01d7d1cd7ff0c7f52493,0x74f1d4840b1ffdd9939e83794a89683493ee1915,Reental-RDO-1
0x079ff4528608e58451066e78b6fedfa8e6719d16f569ef2e29ddb9b9db670fac,0x6b7c34c8a1ffd4238e702243f0ff005680037fad,0.5,0x5f86529e7d7d248f7d84854c45777db0e23ac7d0,0x1015b4011043843560ea01d7d1cd7ff0c7f52493,Reental-VLC-8
0x1f31d2e2f48139065810f20badbeba00fdd93f171b5b30f3e86fd75005d21915,0xfd0ea97747f7b1a53ec59ef5001616cde3aead3e,2.0,0x1015b4011043843560ea01d7d1cd7ff0c7f52493,0x85c68edc1669636ef317940981f75dc7a463c1c0,Reental-CLVM-2
0x3f0cf5eb4821e851a86be1ef51de7c146a1c6203e668584accdd5afa79bb0356,0x60d595922e964b5cc002b5c207fde25d98d6fcd1,2.0,0x1015b4011043843560ea01d7d1cd7ff0c7f52493,0x85c68edc1669636ef317940981f75dc7a463c1c0,Reental-VLC-5
0xd5dc389277708a99d022e8883897070ebe01df3e3cc16448b8679bdd86039181,0x7aa21fabd73e8d3aa5d5c5994af6b62cfcea3fe4,1.94773487,0x1015b4011043843560ea01d7d1cd7ff0c7f52493,0x85c68edc1669636ef317940981f75dc7a463c1c0,Reental-SHL-1
0x8b8ba9c0cb2a9d9bfee7a85541c59623a8ff0782d929bd370ed73f19e45bcf3a,0x60d595922e964b5cc002b5c207fde25d98d6fcd1,1.0,0x1015b4011043843560ea01d7d1cd7ff0c7f52493,0x8042d82d16405de78e477526e66d4602360cad3a,Reental-VLC-5
0xf103b6589b5fe345227f0c8b4d025ee8854f3a6ae173cd3f90db981552cd75d0,0xfd0ea97747f7b1a53ec59ef5001616cde3aead3e,2.0,0x1015b4011043843560ea01d7d1cd7ff0c7f52493,0xc8d87578f9c7005020d82625693ab46932d6491a,Reental-CLVM-2
0x5d1400c4bfedbe380226edb11f2a019e5f5a6b28d892d0a9f642de5d52d29bbf,0xe7d35f9248ea53943765928c0d9dc027a0129f28,2.0,0x1015b4011043843560ea01d7d1cd7ff0c7f52493,0xc8d87578f9c7005020d82625693ab46932d6491a,Reental-MLG-3
0x366d790dab26f57076fdd8cfa130f83084a0ff749092b860f9f08de8da5d61ba,0x67f43c75ddc47762c1f5d0e4c97f0e3d38be8fc9,2.0,0x1015b4011043843560ea01d7d1cd7ff0c7f52493,0xd212a7c928b7a61460d67b96769bb8e38b4a4652,Reental-MLG-9
0xf3e9ef33b5936b5d79c7b09562944c0c94a65a6c8e9c1317ebaeff0439c2803c,0x33be67454ae817337db15877fd4106c5cd5206c5,2.0,0x1015b4011043843560ea01d7d1cd7ff0c7f52493,0xc8d87578f9c7005020d82625693ab46932d6491a,Reental-MLG-5
0x569f9cf62fe1b7d0d8b83c4b4c0f124b0d9d57b2509064f841b0870eb7c15040,0x6b7c34c8a1ffd4238e702243f0ff005680037fad,0.5,0x5f86529e7d7d248f7d84854c45777db0e23ac7d0,0x1015b4011043843560ea01d7d1cd7ff0c7f52493,Reental-VLC-8
0x986823c08bb0136bd039848ab4456912996b883295fdb121be7aedb0a9a6f3b3,0x67f43c75ddc47762c1f5d0e4c97f0e3d38be8fc9,2.0,0x1015b4011043843560ea01d7d1cd7ff0c7f52493,0xd212a7c928b7a61460d67b96769bb8e38b4a4652,Reental-MLG-9
0xdd2d3666fb71d849e00f2c62d708acaffb654cdebf90b1f842eb7f8d600e423a,0xfd0ea97747f7b1a53ec59ef5001616cde3aead3e,2.0,0x1015b4011043843560ea01d7d1cd7ff0c7f52493,0xc8d87578f9c7005020d82625693ab46932d6491a,Reental-CLVM-2
0xd438d580ceae488ba121ec0c751c44897724ecc997b65e03a7a4fd86b5276095,0xe7d35f9248ea53943765928c0d9dc027a0129f28,2.0,0x1015b4011043843560ea01d7d1cd7ff0c7f52493,0xc8d87578f9c7005020d82625693ab46932d6491a,Reental-MLG-3
0x94035123545534fee00ec62327c236dab731cc043bd1bd4b47091be110ffba2b,0xe7d35f9248ea53943765928c0d9dc027a0129f28,2.0,0x1015b4011043843560ea01d7d1cd7ff0c7f52493,0xc8d87578f9c7005020d82625693ab46932d6491a,Reental-MLG-3
0xff21f99a909181f6864c4c1485565f51e95974d0777d307b8e9cce98b14ead8a,0x67f43c75ddc47762c1f5d0e4c97f0e3d38be8fc9,2.0,0x1015b4011043843560ea01d7d1cd7ff0c7f52493,0xc8d87578f9c7005020d82625693ab46932d6491a,Reental-MLG-9
0x8100e6c077b1e9220e685fc9185ece726bd9ef6a3824d3f49b4f2c7cfa64cca3,0xe7d35f9248ea53943765928c0d9dc027a0129f28,10.0,0x1015b4011043843560ea01d7d1cd7ff0c7f52493,0x886a651fde78b07e4ff7a2ff086b11c66db41057,Reental-MLG-3
0x01d01a0200acc61472a879efe065a80756b5e18ed5edb26d4f8664e7b9f7c46e,0x7aa21fabd73e8d3aa5d5c5994af6b62cfcea3fe4,2.0,0x1015b4011043843560ea01d7d1cd7ff0c7f52493,0xa3804d27c0d8386b9d4218f5e59ccfa778b59e6a,Reental-SHL-1
0x49d0639adcd1d2af5a4dc9d68dc2ab347b2327622e89c8d2bb1ee405474c849a,0xca53dd67cfa553d9e31c377602fb217dff9eadff,1.0,0xa3804d27c0d8386b9d4218f5e59ccfa778b59e6a,0x1015b4011043843560ea01d7d1cd7ff0c7f52493,Reental-SMA-2
0x67bfef3b72a5a4a58077743565c5b729b7c1be0598753e1d9b0708d00458181a,0x6b7c34c8a1ffd4238e702243f0ff005680037fad,5.0,0x1015b4011043843560ea01d7d1cd7ff0c7f52493,0x99b902d4b63d9703a1357d16f1e24c635c3c2c62,Reental-VLC-8
0x38e83366d9284dcae7033a80106eaead2af6aa09b5edf5f11e1ad34a51eda338,0x6b7c34c8a1ffd4238e702243f0ff005680037fad,2.0,0x1015b4011043843560ea01d7d1cd7ff0c7f52493,0x6f14249fe1388870bcc1ef67156bfc9f5704010a,Reental-VLC-8
0xfac351e04a535aba31e6b5674d13897da37cd1f46263a4568508675ea491bb54,0x6b7c34c8a1ffd4238e702243f0ff005680037fad,2.0,0x1015b4011043843560ea01d7d1cd7ff0c7f52493,0xc0edf7382937a736c8deaa527e7c50c650506345,Reental-VLC-8
0xf46973a9a88d24c6c16d4b9ac051b34092e86e2844908c8cea637204bc109aea,0xca53dd67cfa553d9e31c377602fb217dff9eadff,1.0,0x1015b4011043843560ea01d7d1cd7ff0c7f52493,0xc0edf7382937a736c8deaa527e7c50c650506345,Reental-SMA-2
0x15a9b416dd34ad0fcc6be79935fa8d19458377479769bb623a0f91d0a04d3a12,0xfb759e0cc5cff4aea606064acd41c71c7c11bf40,5.7560601,0xec2797928a075ac322e0a1f2fca0f253b961b9b5,0x1015b4011043843560ea01d7d1cd7ff0c7f52493,Reental-BKL-1
0x2a198069e64890edd31a80c49aab12a2bd0ab7bf3f7e6345ba992605a4845d96,0xe59dde10d38df397c996bdb1325b6f81684a8b80,1.0,0x1015b4011043843560ea01d7d1cd7ff0c7f52493,0xaf446f6f480b440afb23340c7684b9811415ed4f,Reental-DXB-1
0x792fc0c77cfbb5e989ffadb9a0ed6daf85f11b6797930ecc01cc5198ee1bda65,0xe59dde10d38df397c996bdb1325b6f81684a8b80,1.0,0x1015b4011043843560ea01d7d1cd7ff0c7f52493,0xc8d87578f9c7005020d82625693ab46932d6491a,Reental-DXB-1
0x7edd9334ab82d0dd66c80f23c02be39d5835ece03e19a592e4698b223bb72654,0x6b7c34c8a1ffd4238e702243f0ff005680037fad,5.0,0xcfef84696c0df6b3f2fa6b780b21551241715f72,0x1015b4011043843560ea01d7d1cd7ff0c7f52493,Reental-VLC-8
0x35a01836978b9864ceacab05d082e4059c80b370594e07e50a4905d0cc4f826b,0xa0d99b441a9a5e334b234f31a92b97fa8d663626,2.0,0xa3804d27c0d8386b9d4218f5e59ccfa778b59e6a,0x1015b4011043843560ea01d7d1cd7ff0c7f52493,Reental-YCT-2
0xdcbf823c0b5ece681dabeb8299f0d926518b47c18ec4c11e7546ed75e82f2b53,0x4adaee2dae690cf8f3915f1c1963f16d239c5e11,1.0,0xeb4ea3b80a787863c729fc6c28b68c64a5a27089,0x1015b4011043843560ea01d7d1cd7ff0c7f52493,Reental-MRB-1
0xb6053eb8302bc9f21c806933b7a7f65dec6d4757773247a102365d114db604e6,0x7a7e4dd51d1ca1aa701b0eb76ba5f59cec2fbaa1,1.62326001,0x58523dfd74b30d6f9230e782674bb438bcfd8622,0x1015b4011043843560ea01d7d1cd7ff0c7f52493,Reental-MAD-3
0x34b16fde37e61a2a34ff097250c8ab647aa43151cab5fb97c667e6405c427e85,0xe7d35f9248ea53943765928c0d9dc027a0129f28,2.0,0x1015b4011043843560ea01d7d1cd7ff0c7f52493,0x85c68edc1669636ef317940981f75dc7a463c1c0,Reental-MLG-3
0x6d133a4fd636084be625b3d9a823239aab3b49dbb078ee45abc816059eb4c57f,0xe16901dad396fe7b1b77b6d2bd91b2d648e8a762,2.15510526,0x1015b4011043843560ea01d7d1cd7ff0c7f52493,0xbc50d552cf5cfd8a397a9dde478e740ca0494c1d,Reental-HOU-3
0x666cc7460aedc0313d1f2660d04d89dec5176a47a114b21cbee97b0ae2b9f282,0xe7d35f9248ea53943765928c0d9dc027a0129f28,2.0,0x1015b4011043843560ea01d7d1cd7ff0c7f52493,0x8ef1018c559a597c36b3cee7b53c44f9614b0190,Reental-MLG-3
0xaa895aae648b38f03de8ad9acfe42e8dde7d2448fd124b5ccad6a2a646afcbc3,0x4adaee2dae690cf8f3915f1c1963f16d239c5e11,2.0,0x1015b4011043843560ea01d7d1cd7ff0c7f52493,0x26cb4fdbeadfe4d9541bccd21315dc43b6f219aa,Reental-MRB-1
0x3078b42aa95bd90f335c75eb4192b8fb2a971a623dd684f5f196652213917a2f,0x69072424b70ed26ff987fcb49258b7e8f93c6d82,2.0,0x1015b4011043843560ea01d7d1cd7ff0c7f52493,0xf91c3b48d3de7e104f7174f44399e817bbe33dd8,Reental-SAM-1
0xadc74df6887015660fa25331f6ca31ddbaeace09980004e1becdca0e758e8aa6,0x7a7e4dd51d1ca1aa701b0eb76ba5f59cec2fbaa1,1.62326001,0x1015b4011043843560ea01d7d1cd7ff0c7f52493,0x8ef1018c559a597c36b3cee7b53c44f9614b0190,Reental-MAD-3
0x56156160ed7d0fa164ec12a6b586879a5403f7518ac347523160cbb18b2d9b80,0x2f1026ff5bd94232050364c81d61a2d15e147209,3.0,0x75cc59a3bb2c22410e1ea22f8207a415e7d48514,0x1015b4011043843560ea01d7d1cd7ff0c7f52493,Reental-MIA-1
0x6070fb4f4717c1fb4726e3cbd92136d9f248b58bf808fe948e11a8a5f4f3c1da,0x46182d6937ed8cf2707e187b61b654e8ca59c7b5,0.41479971,0x1015b4011043843560ea01d7d1cd7ff0c7f52493,0xf459185178c49adc9e16bb23f3e78e1a8c7ea190,Reental-DXB-2
0xe94e22de6b8a048490c05569f63765e9688ad69704de7f906853e089cff4c397,0x55cb210f496df649fd283aa93a360e24fdb40964,1.0,0x1015b4011043843560ea01d7d1cd7ff0c7f52493,0x50f4c4e6eb311b5c57a2d38a675bdf3595723954,Reental-BPT-1
0xbbb9df303e204d0059e965e3df893b6d9a157a9a768563f9148fad92cdc2af0f,0xf8657256c5cd5fdb044e55d1ec39e9b8c969dbf1,1.0,0x1015b4011043843560ea01d7d1cd7ff0c7f52493,0x50f4c4e6eb311b5c57a2d38a675bdf3595723954,Reental-PAZ-1
0x4ac490be9ebb58efc93e7f8486c420e50957546d32fc3a566f354ac7db5654bf,0xed923b814f1ea3d42c54dda55ba8edfaba994489,1.46488683,0x1015b4011043843560ea01d7d1cd7ff0c7f52493,0x23094d34888de2d5bc8eee5a5237026ce20de16d,Reental-BKL-2
0x865c3b8d75a3747dd7864b31e3ebc6fd8ff49295f40ed3ed6f3714bc6e0fdfa2,0xb0825e7a4093d21ed076883f8aca33300631291e,0.25139424,0x840485ea36dc71c48265756b23f5751a8ac05dc5,0x1015b4011043843560ea01d7d1cd7ff0c7f52493,Reental-MIA-3
0x8ddf64516fc1279de540e3462d68c1c09e95e81840b19ed1066c57749e95779d,0xe46db3677c06a3424cafb5aa3c96e3c5d6ceb986,5.0,0xf9c3fa98e7c685ff7964b7a297a7a22cb88eef19,0x1015b4011043843560ea01d7d1cd7ff0c7f52493,Reental-SLA-3
0x58b0ec0cd05b7019632712b906608333dbea562c5e41ccc4b3953d8d75889827,0x46182d6937ed8cf2707e187b61b654e8ca59c7b5,5.0,0xff36834b16be6a0628b3e8b68c8ff62e541f2af3,0x1015b4011043843560ea01d7d1cd7ff0c7f52493,Reental-DXB-2
0x17ce80178013b290cd8ca0a9b820c401873cf73513fc29a5d33ffe6db5753e57,0x46182d6937ed8cf2707e187b61b654e8ca59c7b5,5.0,0xff36834b16be6a0628b3e8b68c8ff62e541f2af3,0x1015b4011043843560ea01d7d1cd7ff0c7f52493,Reental-DXB-2
0x71613348aa66016f43f1b4b0812d7564843c2d99c49f8e648e998532dc1899f8,0xdecfebdaf1131899fb38a53dc63671246220ab7a,6.32,0x9c0e7f3e623e2daf58f9a343348671d76613af2e,0x1015b4011043843560ea01d7d1cd7ff0c7f52493,Reental-RDO-5
0x9d043a3af56744cdcbb884353fbecd1ba8bb25b1f2844a770f639a773a795d3d,0x2a8bbc241849431e9cc7c4dbea9c05dfac2de553,0.9999738,0xb552a37e3f07082490b017aa6b43e10cd04176b5,0x1015b4011043843560ea01d7d1cd7ff0c7f52493,Reental-GRX-3
0xbaabb9720faf7555e7e6de9cc54d75c7b044c7c186042557f3cb6297a6345e31,0xcc4c1ce8d335bd40a0acf17b9ab08c030cc299aa,2.0,0x76b665ed9eb85e333a529382b1cb9b565097327f,0x104e991798dab360bffb6a5a57edbcabc85d1590,Reental-PRO-100
0x5e6bae43beb9d6797524b0604e86860ed43f78dfcb3e63d84d09766e828c2883,0xcc4c1ce8d335bd40a0acf17b9ab08c030cc299aa,2.0,0x76b665ed9eb85e333a529382b1cb9b565097327f,0x104e991798dab360bffb6a5a57edbcabc85d1590,Reental-PRO-100
0x3c5150a5a45bbd6f2231def270361d296da82de6c13a094aa800ebe8229fd6a6,0xca53dd67cfa553d9e31c377602fb217dff9eadff,1.0,0x985702fb3c75a0f45412dbc1937195c28042d92b,0x1225944ea782bf66da9ef8f61e95e83730995a38,Reental-SMA-2
0xa20e257f7d81dceea58c0a9193fa0485c808cb4f58a9374b9c483a3c2568efdb,0x49b8f29f17a27ae89121642838e37bc8ce77d2f2,1.0,0x985702fb3c75a0f45412dbc1937195c28042d92b,0x1225944ea782bf66da9ef8f61e95e83730995a38,Reental-SMA-1
0x59fe2e1caaf711a12c1c86f2e0aa15fb28309bbf27913afb5d61642aea97c350,0xca53dd67cfa553d9e31c377602fb217dff9eadff,1.0,0x985702fb3c75a0f45412dbc1937195c28042d92b,0x1225944ea782bf66da9ef8f61e95e83730995a38,Reental-SMA-2
0xc77b1058e4ec49799942abc62eaa088b14b236a5fd8972eb451ec4b48f2a5178,0xca53dd67cfa553d9e31c377602fb217dff9eadff,0.68675373,0xe010737ac1cfce590436346cae509c15be492cbd,0x1225944ea782bf66da9ef8f61e95e83730995a38,Reental-SMA-2
0x728c69dd9172250fb4bccfd0c44b660bb028b8f64763f25380a8f39cc421708c,0xca53dd67cfa553d9e31c377602fb217dff9eadff,1.0,0x3323939ed80361335e661ac3db104b3ba17c323a,0x1225944ea782bf66da9ef8f61e95e83730995a38,Reental-SMA-2
0x7baa218e5f93ba6d50932dd24e1dd2849503035349dbe159447cf454a2ac4cfd,0x49b8f29f17a27ae89121642838e37bc8ce77d2f2,1.0,0x1225944ea782bf66da9ef8f61e95e83730995a38,0x4ea686d768703965dbf537ffc4ab04047a83c1d0,Reental-SMA-1
0xdd4ced66817128ba167015964a66bf93b40c5e88133bab6e73549185b3942885,0x7469b9381bfa8a34bef9dfaad03d75f60947f957,1.56,0x6bd9cbc55bdbab4c5e177c6a4684a6d50c17b378,0x14842c0ffac610e53ff589279d226dca688023bb,Reental-CDP-3
0x74d28731bd57d73191299ffa54db13d2e27bbd7d180e8d10e72466970126d1e6,0xf7a694bc2768fc3b26beb5e98bb76f744397e49c,0.86168809,0x15034de8e831dcb5d1c0d372efb230a313f8c95b,0xcd650c9be67dcf3aa10debbefc4e3be1d89f83ca,Reental-RDO-1
0x141bf66b36d98f23189afc91899445cb90700d143d20a503d30ade5ba5d2f187,0xb0825e7a4093d21ed076883f8aca33300631291e,0.54565617,0x0b0d3c6cfe3bbdc24dcdc91d51fcf13649b73b6d,0x15034de8e831dcb5d1c0d372efb230a313f8c95b,Reental-MIA-3
0x26a970439d91a31cf892e771f95f6c37aa75970b1ad9d2b310da779fe7d10a6d,0x8711b4172ed71d2d4f90e3e2f0cb63726acba8e6,5.0,0x15034de8e831dcb5d1c0d372efb230a313f8c95b,0xc3a8e0c76574defbba0d65994c7efa17182122dc,Reental-JAX-1
0x4984f4c83d95a607351c39a5add64756717dfdb5be67c35cb362a1ab3c251218,0x8711b4172ed71d2d4f90e3e2f0cb63726acba8e6,10.0,0x15034de8e831dcb5d1c0d372efb230a313f8c95b,0xb64fbeef6b52207a4648308c56b84432b16e9b0f,Reental-JAX-1
0xc9bfc21b407977dfb974d00ae7dc0938c9890be56972995179256e4419c59b2f,0x8711b4172ed71d2d4f90e3e2f0cb63726acba8e6,3.5,0x15034de8e831dcb5d1c0d372efb230a313f8c95b,0xac9a8416cc426326d75e89f76dcfdd1b0cb66290,Reental-JAX-1
0x321d6119deaeb9aeb729aed92e2c4d4614a2f3d95ff82fc323dbc1b6839a9a82,0x8711b4172ed71d2d4f90e3e2f0cb63726acba8e6,4.0,0x15034de8e831dcb5d1c0d372efb230a313f8c95b,0xb54d1ee3859a24789d931962b7313bb2a2529785,Reental-JAX-1
0x7425d62496c8cc5bd6b26ec745117ac37df6baa280e06a225646c0234e33a6ee,0x2f1026ff5bd94232050364c81d61a2d15e147209,3.5,0x15034de8e831dcb5d1c0d372efb230a313f8c95b,0xb64fbeef6b52207a4648308c56b84432b16e9b0f,Reental-MIA-1
0x93eba379b5b1be792adfdd8f76a3f04b60ba2c3bd83f283b96b1d5e73217c18e,0x9c09c8525c5baa3b254cb0a60d3565cfbd5c9f28,5.0,0x15034de8e831dcb5d1c0d372efb230a313f8c95b,0xf946b798367fdf5afd05d94ed4f1185cbead1788,Reental-JAX-3
0x341dacc9a367ad49f19c06869b6fc21706db316c7862db80f399148975084d30,0x8711b4172ed71d2d4f90e3e2f0cb63726acba8e6,4.0,0x15034de8e831dcb5d1c0d372efb230a313f8c95b,0x2b80a70d2431794b953ebbff1b976f8ab6cf10d3,Reental-JAX-1
0x12fa957046a260b7e83e42e1225ea7a1f3fdbb7191186d744683392a2446c8d6,0x8711b4172ed71d2d4f90e3e2f0cb63726acba8e6,5.0,0x15034de8e831dcb5d1c0d372efb230a313f8c95b,0xb802567ccd163f6c02b34c23652912805b66bb96,Reental-JAX-1
0x6940f61997aee9ff5ead3ca25504e93fcd5d31df61d50d97fa95b943779d0435,0x9c09c8525c5baa3b254cb0a60d3565cfbd5c9f28,5.0,0x15034de8e831dcb5d1c0d372efb230a313f8c95b,0x2b80a70d2431794b953ebbff1b976f8ab6cf10d3,Reental-JAX-3
0x3fc59678f81b87ac9bf4f4dbf2f3b61f0742734c427dd6d9f75e3fbbb50a3020,0x8711b4172ed71d2d4f90e3e2f0cb63726acba8e6,5.0,0x15034de8e831dcb5d1c0d372efb230a313f8c95b,0xce89063272ecce1cda2086670ff94cbc690b8f5f,Reental-JAX-1
0xcb4661739ff6fe44a3c5d60b6951a8476b1a72951985a40d8bebe69c0681b054,0x9c09c8525c5baa3b254cb0a60d3565cfbd5c9f28,5.0,0x15034de8e831dcb5d1c0d372efb230a313f8c95b,0xce89063272ecce1cda2086670ff94cbc690b8f5f,Reental-JAX-3
0xdd2f0c81018b182f7a14f90b3463c333853a981bc7fd11af199bb279ac852b87,0x9c09c8525c5baa3b254cb0a60d3565cfbd5c9f28,3.0,0x15034de8e831dcb5d1c0d372efb230a313f8c95b,0x75cc59a3bb2c22410e1ea22f8207a415e7d48514,Reental-JAX-3
0xd61156d41d5b3e508f3e5a90f3fd5eb75d9797e81bda5406150268369bba8c39,0x8711b4172ed71d2d4f90e3e2f0cb63726acba8e6,3.0,0x15034de8e831dcb5d1c0d372efb230a313f8c95b,0x2b80a70d2431794b953ebbff1b976f8ab6cf10d3,Reental-JAX-1
0x47afa22ea15cf86066ad8e2d1c18ac228f4862d60e64f15befba7c64bb34600d,0x9c09c8525c5baa3b254cb0a60d3565cfbd5c9f28,3.0,0x15034de8e831dcb5d1c0d372efb230a313f8c95b,0x2b80a70d2431794b953ebbff1b976f8ab6cf10d3,Reental-JAX-3
0x7e1e8d12d654b754ae92fd76574f96616b027915d27bd837c6df9a98f033c116,0x8711b4172ed71d2d4f90e3e2f0cb63726acba8e6,4.0,0x15034de8e831dcb5d1c0d372efb230a313f8c95b,0x6f14249fe1388870bcc1ef67156bfc9f5704010a,Reental-JAX-1
0x68667be0a237c7d0bc74a436e069d3e3039dd600dbb31cf523aa3737bceb282d,0x9c09c8525c5baa3b254cb0a60d3565cfbd5c9f28,2.71,0x15034de8e831dcb5d1c0d372efb230a313f8c95b,0x2e645239fad563717e47f74fb3005c094300724f,Reental-JAX-3
0x6965262015614fb3dd77df3de52e87212cc225843e713e7dc3c14f5e8dca5141,0x9c09c8525c5baa3b254cb0a60d3565cfbd5c9f28,3.0,0x15034de8e831dcb5d1c0d372efb230a313f8c95b,0x68afe637188f685a2173019beeaeb50ed2eb32fd,Reental-JAX-3
0xcf52148ab71cee8d0dce12e25fec46033abebc07cedd32efae4f5d46b531cb34,0x8711b4172ed71d2d4f90e3e2f0cb63726acba8e6,2.78,0x15034de8e831dcb5d1c0d372efb230a313f8c95b,0x591b968283ad9db35478f8f6e0310c05496432db,Reental-JAX-1
0xa8569eb241bdcd8c4ffd27519c19782bae398493fabc54993c6a0b95e0ea0a56,0x8711b4172ed71d2d4f90e3e2f0cb63726acba8e6,3.004,0x15034de8e831dcb5d1c0d372efb230a313f8c95b,0x4b38369010a4cbc543a4cc68f998631c4c660842,Reental-JAX-1
0x5c62aa7210c0adf7f05ae48dd2b615e37e9f6ccb5095a02580e014ad96d021f7,0x9c09c8525c5baa3b254cb0a60d3565cfbd5c9f28,3.5,0x15034de8e831dcb5d1c0d372efb230a313f8c95b,0x8042d82d16405de78e477526e66d4602360cad3a,Reental-JAX-3
0x76859a98ff9db661783ca0291c0ab2244e095a40576f7312b40915a7c5686eca,0x2f1026ff5bd94232050364c81d61a2d15e147209,4.0,0x15034de8e831dcb5d1c0d372efb230a313f8c95b,0xd3d40870c53c407880605631f14d473eb7c6a6f5,Reental-MIA-1
0xa3c44a41f18e08dd33f0e4a9b7c7d4bdb63af0596cfd1389177acbb855714437,0x9c09c8525c5baa3b254cb0a60d3565cfbd5c9f28,3.5,0x15034de8e831dcb5d1c0d372efb230a313f8c95b,0x8a7ccf8e2c6ccf18dc43ca4191a59506e27d0047,Reental-JAX-3
0x349dfe3e998b95dfb599b8221464548fa6657c05b1501ed19aded6de0f10410f,0xf1ec7e14489683babdb9299e5f9908d19a8759dc,4.1742,0x64441cc873d5f2014ac6c1a2f039b405abca3d09,0x176136c5aafa5061c20039931eed7347335a7cc6,Reental-MIA-2
0xd17a50b42ec2dda3bd898dd38526778e84b837f1452a678c04950f71778902d9,0x9c09c8525c5baa3b254cb0a60d3565cfbd5c9f28,14.295,0xf9c3fa98e7c685ff7964b7a297a7a22cb88eef19,0x18e0d8a9d557c532ebf7c43ece1fdfa0feb25de8,Reental-JAX-3
0xe2cd617a1b3c3a87eafd5d86e06c7664aa0dce4286f4600451078a6fc3f7deab,0x093984f85f980479172fb96982f79c418ac730f7,12.47830862,0xf9c3fa98e7c685ff7964b7a297a7a22cb88eef19,0x18e0d8a9d557c532ebf7c43ece1fdfa0feb25de8,Reental-RDO-6
0x283808ec60ff66aa6c17d6b0a0695aac4a1ed2f08052b8725481a09110e61212,0x8711b4172ed71d2d4f90e3e2f0cb63726acba8e6,0.03,0x985702fb3c75a0f45412dbc1937195c28042d92b,0x1995c246244f3d6f86c17a5a1fafaddac5b6cfd4,Reental-JAX-1
0x5702d5aa34ff02ed797c48e95faa8007506395105646e3d9e808d5112736dfb8,0x9c09c8525c5baa3b254cb0a60d3565cfbd5c9f28,0.14997396,0xcd650c9be67dcf3aa10debbefc4e3be1d89f83ca,0x1995c246244f3d6f86c17a5a1fafaddac5b6cfd4,Reental-JAX-3
0x74780d40459ba57b4c85f7a3bc3a8cdc8a189c17e6f38009ae499c18f44f3f7f,0xfc5e219788a953ad8e71c3b7cb9484695e7f028e,0.00520706,0xcd85a5512f7d6ecb2d60256f9975b5f52617db57,0x1995c246244f3d6f86c17a5a1fafaddac5b6cfd4,Reental-SVQ-6
0xe677c2ff678fe1f89c8ec4bb4952c2f2d4db6e5548b4a03ae419bbe081d221bf,0xca53dd67cfa553d9e31c377602fb217dff9eadff,1.0,0x1f1605891affe7485f923b57364508b9df341eaf,0x19ad8b60c698805a4974ddcd2ef15417d5d9b3b4,Reental-SMA-2
0x4195d5cd31c907a15cf26e7a77328eadaed9338bb26c33667a19dc925c49a552,0x954229f463f73a857fddc346857771c1ef3f7c00,2.0,0x1f1605891affe7485f923b57364508b9df341eaf,0x19ad8b60c698805a4974ddcd2ef15417d5d9b3b4,Reental-RDO-4
0x1116c48db3e31bc9ed59e41b331090bfce3f93c7392a991f59a194a8ca5bc26c,0xca53dd67cfa553d9e31c377602fb217dff9eadff,1.03030698,0x1b828e61617b58a292ea3f589fca5b4ff98d3156,0x19ad8b60c698805a4974ddcd2ef15417d5d9b3b4,Reental-SMA-2
0xb5186c75ec6660eb155538084b8f13b654f5ab418c5aa8ede40fd100c3686186,0xca53dd67cfa553d9e31c377602fb217dff9eadff,0.15622519,0x1bff0228f85596345d73c93a40f5014f41efe4ea,0x19ad8b60c698805a4974ddcd2ef15417d5d9b3b4,Reental-SMA-2
0x5e328d6fcf70280a47295f73db5a8120d16a868a2a10c520c3daa510f579be75,0xaca38d593f7775334fa1b84a865f19396f62f760,1.0,0x1f1605891affe7485f923b57364508b9df341eaf,0x19ad8b60c698805a4974ddcd2ef15417d5d9b3b4,Reental-MLG-6
0xd2db8c946a1574781db57863d3d0eefa5bf45eb9613346cdeb0f9661322b1a3d,0xed923b814f1ea3d42c54dda55ba8edfaba994489,1.0,0x90a6b5f670b5b5b8a2d165f2c0ad16c577ad7a27,0x19ad8b60c698805a4974ddcd2ef15417d5d9b3b4,Reental-BKL-2
0x10678493c71f164cba0c4aae3cf25c582bc63afa9655408354f9acb70ecb10ef,0xaca38d593f7775334fa1b84a865f19396f62f760,3.99996509,0x6b7aa6eed204c22c199db0044d9369c2712a7e26,0x19ad8b60c698805a4974ddcd2ef15417d5d9b3b4,Reental-MLG-6
0xc9ef7a926598a014ac47c84713931672106056634c2e3a7adfcbde39f1ad6c2a,0xca53dd67cfa553d9e31c377602fb217dff9eadff,0.00784572,0x9b04ba99ad57a8cfc5d1273f4cfe80d67a9bb9bb,0x19ad8b60c698805a4974ddcd2ef15417d5d9b3b4,Reental-SMA-2
0xa7d00d98fe3c5fefecd586590d3f0fc44e616aa84516ef1075894df72c1fef3b,0x954229f463f73a857fddc346857771c1ef3f7c00,1.074163,0x748c714cc1c0db01b580975fca0d2349e6fd7e6a,0x19ad8b60c698805a4974ddcd2ef15417d5d9b3b4,Reental-RDO-4
0x7902e31bff9b649ee97e4636103fc77cb59322b4e68d6f579d6a043f4f52de1a,0xb0825e7a4093d21ed076883f8aca33300631291e,1.0,0x945cc731837950bae00930060ba294e85d207934,0x19ad8b60c698805a4974ddcd2ef15417d5d9b3b4,Reental-MIA-3
0x679acbe70e5458ab9c4406fb512375c5d67bdf3cf26108f7c6b3dd3fdd2e2cf3,0x68f73061bdf369c2562f4c0ea4e940f362d1a97f,2.1625799,0xccffa7d14a9dcaa3b63f9cd7395df73563c3a727,0x19ad8b60c698805a4974ddcd2ef15417d5d9b3b4,Reental-ATL-1
0x5ac3e259141237948e8fac162c2e70c2d3a744f50fe2ac6156f8e3a46fdeafa6,0xa0d99b441a9a5e334b234f31a92b97fa8d663626,1.0,0x19ad8b60c698805a4974ddcd2ef15417d5d9b3b4,0xc1213762f0b2010721e34a7d3a4e6742f836b462,Reental-YCT-2
0xfc846342140075704d3127b14d00c98a8e61a9dd1576cf499d37719ed87ec499,0xa0d99b441a9a5e334b234f31a92b97fa8d663626,2.0,0xc1213762f0b2010721e34a7d3a4e6742f836b462,0x19ad8b60c698805a4974ddcd2ef15417d5d9b3b4,Reental-YCT-2
0x9703e0106b590cd5cf5df97c62f1f69b55b49a37a38296f8cf79dc83e0b5ffc7,0xca53dd67cfa553d9e31c377602fb217dff9eadff,5.0,0x99b902d4b63d9703a1357d16f1e24c635c3c2c62,0x19ad8b60c698805a4974ddcd2ef15417d5d9b3b4,Reental-SMA-2
0xc91db18fc095108e7b6801e364af486c4b081f980a8b931798423ca507de901f,0xca53dd67cfa553d9e31c377602fb217dff9eadff,3.0,0x4ea686d768703965dbf537ffc4ab04047a83c1d0,0x19ad8b60c698805a4974ddcd2ef15417d5d9b3b4,Reental-SMA-2
0xf6279202a7351b5052d019cd2d155fa2333b2c20e3bfa620091b99b59fde1760,0xca53dd67cfa553d9e31c377602fb217dff9eadff,1.0100505,0xf486a748d2981361e272e5b4adefbebbf7a8805d,0x19ad8b60c698805a4974ddcd2ef15417d5d9b3b4,Reental-SMA-2
0x819e2c58fa6d53a891f90a2ac6acc17fb50bfcbc12cc897a55f01d349a5ecc03,0xf1ec7e14489683babdb9299e5f9908d19a8759dc,5.0,0x3a0143fc158bae4919900c38edfb472027fa2706,0x19ad8b60c698805a4974ddcd2ef15417d5d9b3b4,Reental-MIA-2
0xbd42d1aee6e638d318dece5b26d4d89e3ad9446c2a453e0b7294143bb5f0c018,0x5120d475fc24952f1a1575aacd8d6e5daf57bcf0,1.80582902,0x58523dfd74b30d6f9230e782674bb438bcfd8622,0x19ad8b60c698805a4974ddcd2ef15417d5d9b3b4,Reental-MLG-1
0x541bd6452cf063d5bf094e2f6ad3e1bcdc7eed36951d942cb04f962ceee29977,0xca53dd67cfa553d9e31c377602fb217dff9eadff,5.0,0x86a8f2c6251b94e6ec9812225056392d5af723c0,0x19ad8b60c698805a4974ddcd2ef15417d5d9b3b4,Reental-SMA-2
0xa446f223bb60d2ca03afa4df754dad05768d0056e13b33d21d996858a583c27b,0xca53dd67cfa553d9e31c377602fb217dff9eadff,5.0,0x86a8f2c6251b94e6ec9812225056392d5af723c0,0x19ad8b60c698805a4974ddcd2ef15417d5d9b3b4,Reental-SMA-2
0x90622f85e58c55683651e992b4b140eaa5fa2677dbb553fcd587478de7463b52,0xca53dd67cfa553d9e31c377602fb217dff9eadff,5.0,0x86a8f2c6251b94e6ec9812225056392d5af723c0,0x19ad8b60c698805a4974ddcd2ef15417d5d9b3b4,Reental-SMA-2
0xef1a477e26c898dbd41f7ddf7fc69bc73030b7b1e793d90f335cf661a25a14cb,0xdecfebdaf1131899fb38a53dc63671246220ab7a,2.67940528,0xe2c864f2e2681f0803a5b0f45012f608abc9ea22,0x19ad8b60c698805a4974ddcd2ef15417d5d9b3b4,Reental-RDO-5
0x9480db3e2141e24b5f41111751f7ec9899fb684e0c11c6a2265960da9d2e6fea,0xed923b814f1ea3d42c54dda55ba8edfaba994489,6.0,0x19ad8b60c698805a4974ddcd2ef15417d5d9b3b4,0xdf50cbf0ea828d6d3fb7b59f905a56ec64d5036d,Reental-BKL-2
0x5c4f6a11495a97cf628475033fe4df27e73d72de62e345d93072bdb4f744bcac,0xb0825e7a4093d21ed076883f8aca33300631291e,0.69240017,0x4616df79503fd39c5ce6701f1049b828e6210b3b,0x19ad8b60c698805a4974ddcd2ef15417d5d9b3b4,Reental-MIA-3
0x2e368d035752ceb17caefa67b8914c411b1d41bd3ec0fd989a52a40f950b0295,0x6b4fa3c69e62f8f03dc018b57efa74d560462210,1.0,0x99b6b6f3d833d41cf50c9dc24c1c954e4124bef6,0x1a70a791454e85d20d785dff724e02450592698c,Reental-MAYA-1
0xfe05f255baca3da4f193e74a95472f5fb1d5fb9905b15ff9e53d0630f6eea183,0xf1ec7e14489683babdb9299e5f9908d19a8759dc,5.0,0xac269ddf29b1f3aac469e28efb906ef1a49755e7,0x1affc2882f1397037392b70f13a7bf76870315d2,Reental-MIA-2
0x319805a120b57d3e0c27c3ea32575b89485cab2f382c8c1316310994ce31125c,0x8711b4172ed71d2d4f90e3e2f0cb63726acba8e6,5.23526374,0x89b5416968540a8b504bcaeba2d7b3dc0753f1cc,0x1affc2882f1397037392b70f13a7bf76870315d2,Reental-JAX-1
0xe941b95e180c7232f35480d033a33a05e037a7447c8c69ab68b8ea0032f9252f,0x8711b4172ed71d2d4f90e3e2f0cb63726acba8e6,2.0,0x6107da77b7e200de44af71de2e6dbd5faddfcc8c,0x1affc2882f1397037392b70f13a7bf76870315d2,Reental-JAX-1
0x78bb75e1f201f7a7d7beb27e092348e7c67a987b4b8f4e6bfe4ac14114f98d6b,0x8711b4172ed71d2d4f90e3e2f0cb63726acba8e6,3.0,0xfc083ae8973c130a9f86198529cf61e7e053d626,0x1affc2882f1397037392b70f13a7bf76870315d2,Reental-JAX-1
0x6782e2306921d42652a588d064c4660f73d3f6a81374e0039f00f452a0115a51,0xfc5e219788a953ad8e71c3b7cb9484695e7f028e,1.18408317,0x6107da77b7e200de44af71de2e6dbd5faddfcc8c,0x1b6e484f4130abb2054b7d05b332d9affbec3b81,Reental-SVQ-6
0xe98f841d7888812683b94f7fa81575a27cd96e8f63ef0ebed34e88d1fa0cb5c5,0x55fe4ba4f47410802fb84f2d635098dade71e551,0.26605955,0x37a8e6a01e9e4baad0f700257f6326005ad29c0e,0x1b6e484f4130abb2054b7d05b332d9affbec3b81,Reental-OND-2
0x10f0b2cd412acd630206ed56861d37d1c755d2c21d50e8138970eaf0626095ac,0xac6b91d535bdedb731045ed823d2a6c3ad5b5177,3.01251231,0x89b5416968540a8b504bcaeba2d7b3dc0753f1cc,0x1b6e484f4130abb2054b7d05b332d9affbec3b81,Reental-OVD-1
0xe110d7d6e2ca40fc1dd9520c47e374c08eb4dfc863975b44f47f8451a3594fa5,0xaca38d593f7775334fa1b84a865f19396f62f760,1.919,0x864692fecb5e8dd3a923dcb4b87c01d1aeec3a36,0x1b6e484f4130abb2054b7d05b332d9affbec3b81,Reental-MLG-6
0x4b307cce2f40f7a0459fc9390826a8f5a95f274dc3a48760d8d04e7b1d57e6aa,0xe27f1e1d5ef28f560cbd9500342b24dd989635d2,1.0,0x6bd9cbc55bdbab4c5e177c6a4684a6d50c17b378,0x1b6e484f4130abb2054b7d05b332d9affbec3b81,Reental-VLC-1
0x0b1b3c62b00059ccb632ac3281f84caefa65ae9ae17d7331875a525305a1036f,0xfc5e219788a953ad8e71c3b7cb9484695e7f028e,1.0,0x6bd9cbc55bdbab4c5e177c6a4684a6d50c17b378,0x1b6e484f4130abb2054b7d05b332d9affbec3b81,Reental-SVQ-6
0x67f000c9d04985fb41cefa55f05fb9b7598c47ee0ddc5f53da818309dfbb92d0,0x9626bb1cd5536c2a3acc5c0cd98a589d9ea31638,1.0,0x6bd9cbc55bdbab4c5e177c6a4684a6d50c17b378,0x1b6e484f4130abb2054b7d05b332d9affbec3b81,Reental-CDP-2
0xd15d1a5d918e1bd33a5a6dc7bfafd72a1dd4cdd8c8cf597025b307e9eb696a6f,0xff2a9f1731b0243978c5080c34db617a8f5a1ae3,1.0,0x6bd9cbc55bdbab4c5e177c6a4684a6d50c17b378,0x1b6e484f4130abb2054b7d05b332d9affbec3b81,Reental-CDP-1
0xb022f9d021932e1e65a0c4dbbbb3f3660118c8231547b8d7b937d64b04e85f11,0xb5a1a4f29b7376c091d6f4c7689be4b7cd5a6d98,1.0,0x6bd9cbc55bdbab4c5e177c6a4684a6d50c17b378,0x1b6e484f4130abb2054b7d05b332d9affbec3b81,Reental-VLC-6
0xb27967fcd178b647f6f87b255c87cde3045235c2cf80c1c52c67c13eea11fb3e,0xb5a1a4f29b7376c091d6f4c7689be4b7cd5a6d98,1.0,0x6bd9cbc55bdbab4c5e177c6a4684a6d50c17b378,0x1b6e484f4130abb2054b7d05b332d9affbec3b81,Reental-VLC-6
0x81544ed9b669c585fcfb3eee3f167d3f080b3fad9e61933f18a6f0a3dbe2c70b,0x60d595922e964b5cc002b5c207fde25d98d6fcd1,1.0,0x6bd9cbc55bdbab4c5e177c6a4684a6d50c17b378,0x1b6e484f4130abb2054b7d05b332d9affbec3b81,Reental-VLC-5
0x949b06d389c54d97c2e320b2e83a68b9eb63b473f763de91158ad4f061384cc0,0xac6b91d535bdedb731045ed823d2a6c3ad5b5177,1.0,0x1b6e484f4130abb2054b7d05b332d9affbec3b81,0xd212a7c928b7a61460d67b96769bb8e38b4a4652,Reental-OVD-1
0x7c40c363e5d75ec2027ad7e5891707f55f83d4f5abe2acff7db6cd58749edbc7,0x7798f8c28ce575188f4e65aeb6719c0ec5c69195,1.13756709,0xd8bf40febaadb4c1d5e336d064512bd9182786ea,0x1b6e484f4130abb2054b7d05b332d9affbec3b81,Reental-VLC-4
0x5fa5e81f54c8ecddf167ae45c5d6a43f56f3370c7ff47fbbc6110dbb61ce1590,0x7f6b82381bce03e7cf6af2fb1dcd41993406d4ae,8.0,0xe1ab1a7ea56667e26832e8d6b6f987bcb8f8f3d3,0x1b6e484f4130abb2054b7d05b332d9affbec3b81,Reental-MLG-2
0x7963803f0fb4abb0a333e84ee4a8d0eb2f034760daa0fef4850976b0d57a643d,0x6da0652a8481a774f5164612ab0ab18f105ad243,1.02797158,0xcc568012f3f376785c48a3b036370b9d5c1be9a6,0x1b6e484f4130abb2054b7d05b332d9affbec3b81,Reental-CLVM-1
0xd888f3fdab26fe027160336a7bcdcb929337e87844363324c9dc5dd932583058,0xfd0ea97747f7b1a53ec59ef5001616cde3aead3e,1.01270041,0xcc568012f3f376785c48a3b036370b9d5c1be9a6,0x1b6e484f4130abb2054b7d05b332d9affbec3b81,Reental-CLVM-2
0x92bd4ce2106fc6b39ef9f97db03b6742c5b4a51423eb6507e29a71348c0203ea,0xcac847f077fc0a13db7e2476c0dd25bffd116809,1.0042129,0xcc568012f3f376785c48a3b036370b9d5c1be9a6,0x1b6e484f4130abb2054b7d05b332d9affbec3b81,Reental-VIL-1
0x1cb25122a654876734bac8828717d51f283ce1aa122d54383e1d419fa11814b5,0x9626bb1cd5536c2a3acc5c0cd98a589d9ea31638,1.01261559,0xcc568012f3f376785c48a3b036370b9d5c1be9a6,0x1b6e484f4130abb2054b7d05b332d9affbec3b81,Reental-CDP-2
0x3f4ace3fae7e95eca8caaa3d4ac12a356cfa8ca3ac5767ae2935506477aa98a6,0xac6b91d535bdedb731045ed823d2a6c3ad5b5177,1.0,0x1b6e484f4130abb2054b7d05b332d9affbec3b81,0x97ec993c772d12c925191ceb9668fa9fe1908ea8,Reental-OVD-1
0x17d2e86daff6ef0fcac4facf19863cc9bb36f8199352773545dd38c0f5946f6c,0x6da0652a8481a774f5164612ab0ab18f105ad243,2.16769638,0x0cb29d82f3631b457cf4fd8bb4c616256097c9a4,0x1b6e484f4130abb2054b7d05b332d9affbec3b81,Reental-CLVM-1
0x2255ac20f89c62955bf737e63e42d682a6d26d627cfb313c54cc58bfe63d5001,0x754f5b74e2639cef67fecec03f4d698470bdc92f,0.99999999,0xf5a7c467188ab04aef5d8db983fc82edbc5b47ac,0x1e8fbb73028f2d13f6c87beadf9b7b5557fc123d,Reental-ABD-1
0xda80de76f1dd2ab09dcc3fc48843ba4e9ee9f56bf34125297b1a364320c991a2,0x68f73061bdf369c2562f4c0ea4e940f362d1a97f,1.00008524,0xf5a7c467188ab04aef5d8db983fc82edbc5b47ac,0x1e8fbb73028f2d13f6c87beadf9b7b5557fc123d,Reental-ATL-1
0xe75c1421d5d40d21362935a5e271fb993c47e55314c96a953c9d6c5c9e9e906f,0xe6e3ff145a6ffcd1dac08472f89164c0c43316b2,1.0000016,0xf5a7c467188ab04aef5d8db983fc82edbc5b47ac,0x1e8fbb73028f2d13f6c87beadf9b7b5557fc123d,Reental-CMY-1
0x46608c4a507dd69f0917c15fce65f9cf1fb4f0b1fdfbd808c29a37404a450db5,0xe16901dad396fe7b1b77b6d2bd91b2d648e8a762,1.0,0xf5a7c467188ab04aef5d8db983fc82edbc5b47ac,0x1e8fbb73028f2d13f6c87beadf9b7b5557fc123d,Reental-HOU-3
0xd856c0ed90c99a8d713675d0ebe8f4b7760619bb833ba23c903d835b520a4624,0xcc4c1ce8d335bd40a0acf17b9ab08c030cc299aa,2.0000194,0xf5a7c467188ab04aef5d8db983fc82edbc5b47ac,0x1e8fbb73028f2d13f6c87beadf9b7b5557fc123d,Reental-PRO-100
0xea7cc2d18ecfef5c94bbeb08ae0095ae737e414c3b5837734e2f5a256155055b,0xe16901dad396fe7b1b77b6d2bd91b2d648e8a762,0.99999999,0xa4a22753ecb2f3da4927f94f46e111dcc78c6a66,0x1e8fbb73028f2d13f6c87beadf9b7b5557fc123d,Reental-HOU-3
0x49a20f17de55dda0941210c61f1d74f90fca6956dce8a4e8353627e383fe1ebe,0x754f5b74e2639cef67fecec03f4d698470bdc92f,3.0,0x94264445fb3d0cd4f90e2e641ca1bd2a01e5c65a,0x1e8fbb73028f2d13f6c87beadf9b7b5557fc123d,Reental-ABD-1
0xe311a3305ebb7cd34e1ca647bb5305e1a406c31b98253b9fa9f2d1b97050250b,0x754f5b74e2639cef67fecec03f4d698470bdc92f,3.0,0x94264445fb3d0cd4f90e2e641ca1bd2a01e5c65a,0x1e8fbb73028f2d13f6c87beadf9b7b5557fc123d,Reental-ABD-1
0x1c3469596f571ec3da1b74d9ad0ea70c4f451d9be17848f486da84ae73a0983f,0x754f5b74e2639cef67fecec03f4d698470bdc92f,3.0,0x94264445fb3d0cd4f90e2e641ca1bd2a01e5c65a,0x1e8fbb73028f2d13f6c87beadf9b7b5557fc123d,Reental-ABD-1
0x4216f0ee864bc4298ecbeb02fe221b7536d69731335f432babae825dec81fb83,0x6ade0a100a561664b417130b5c78bc6ed57890a0,7.7153,0x4e10efc01d3c54adbd5afe673c52ec3f661041f6,0x1e8fbb73028f2d13f6c87beadf9b7b5557fc123d,Reental-SAT-1
0xc6e4a9c6d77d17de019340cb5540bcca4dbb514b3e283a768eebdd3f22b9006e,0x754f5b74e2639cef67fecec03f4d698470bdc92f,5.0,0x94264445fb3d0cd4f90e2e641ca1bd2a01e5c65a,0x1e8fbb73028f2d13f6c87beadf9b7b5557fc123d,Reental-ABD-1
0xdb7c61badf4ff9f9191c437fb87d46443cc07628946dbca1b28193e018288f94,0x8711b4172ed71d2d4f90e3e2f0cb63726acba8e6,1.33779255,0x5cbd3aaabb7dc0bb893a96a6fc696c099ccb775b,0x1f1605891affe7485f923b57364508b9df341eaf,Reental-JAX-1
0x850982963bb8acbc6f263bafef654f0a97e1f18d9b7b8fa3016ca610ec9c4cea,0xad3e1f50590ef6f323caa0cf43f39d28d1d34144,1.01,0xb6691debd25d6343bc6c3d620168180b97c4973e,0x1f1605891affe7485f923b57364508b9df341eaf,Reental-JAX-2
0x4507aef5e7e19d14aebdf5aeea15bd74354eccdbb8d3aa0f404ff0943155a751,0xad3e1f50590ef6f323caa0cf43f39d28d1d34144,5.5,0x255d3707cfbee4afb8424cda064b8a3d190fdd08,0x1f1605891affe7485f923b57364508b9df341eaf,Reental-JAX-2
0x5e86cbe9dec0adcadbdfc9f46fdc59ffee3af4a9765e899e5919e5d301ff82d6,0xf7a694bc2768fc3b26beb5e98bb76f744397e49c,1.24090999,0x5cbd3aaabb7dc0bb893a96a6fc696c099ccb775b,0x1f1605891affe7485f923b57364508b9df341eaf,Reental-RDO-1
0xd2323204d4e15f2f578158e4631958052e1028b03ffbb22887a053802619559f,0x454c0841a409b1752a6cf51fa8ed2fd28a6291c6,0.15379457,0x75ddc05b408d2d4a310e139179cd27c78a6d473a,0x1f1605891affe7485f923b57364508b9df341eaf,Reental-RDO-2
0x0f4076eff8d862c35c8b29a62b206af59c452d099f0c063c08ac07265bd444d7,0x7469b9381bfa8a34bef9dfaad03d75f60947f957,0.44113635,0x6332931191fb4d7266d6bddbae9fb8850746d8d8,0x1f1605891affe7485f923b57364508b9df341eaf,Reental-CDP-3
0xdf2abb43f0182cbc9503185e4b51663cc479fad009c322f2fd65c86cfa24b4f9,0x6da0652a8481a774f5164612ab0ab18f105ad243,1.27578995,0xc0896e0e56d45b3c6d3444bff507adf6f15ee068,0x1f1605891affe7485f923b57364508b9df341eaf,Reental-CLVM-1
0x45931541ded82ba776f29800e7d445226d51287b424e10aabe1e82cea7516183,0x7469b9381bfa8a34bef9dfaad03d75f60947f957,1.0,0xc0896e0e56d45b3c6d3444bff507adf6f15ee068,0x1f1605891affe7485f923b57364508b9df341eaf,Reental-CDP-3
0xba4dbbfb1a16d170a63ff91b6162bdd021bf28b08726d94967d7b3fa42c6e97d,0xcac847f077fc0a13db7e2476c0dd25bffd116809,5.51593833,0xd9135bda4ccd4291e3f3dcedfbb0994844b0c627,0x1f1605891affe7485f923b57364508b9df341eaf,Reental-VIL-1
0xeacddc5cd2b1b6ff0f31fe62d731ee6e2b756888c45b6870475e362c21e86742,0x954229f463f73a857fddc346857771c1ef3f7c00,11.2366,0x5cbd3aaabb7dc0bb893a96a6fc696c099ccb775b,0x1f1605891affe7485f923b57364508b9df341eaf,Reental-RDO-4
0x9630abe23331bd26f8721b466f6098440aef4fe97c12d1bcf2d2c4792a7be9cc,0xca53dd67cfa553d9e31c377602fb217dff9eadff,3.0,0x64441cc873d5f2014ac6c1a2f039b405abca3d09,0x1f1605891affe7485f923b57364508b9df341eaf,Reental-SMA-2
0xe58a46ab5fb4d3ce6781476f8d31d4b41cf4305b84df365b47e75396080525b3,0xcac847f077fc0a13db7e2476c0dd25bffd116809,5.0,0xd9135bda4ccd4291e3f3dcedfbb0994844b0c627,0x1f1605891affe7485f923b57364508b9df341eaf,Reental-VIL-1
0xf35725949ddd5d500fe0d05923be89507340ad42b0a3c4846b95b089200ab64c,0x7aa21fabd73e8d3aa5d5c5994af6b62cfcea3fe4,2.0,0xc0896e0e56d45b3c6d3444bff507adf6f15ee068,0x1f1605891affe7485f923b57364508b9df341eaf,Reental-SHL-1
0xf79280c8ade1a0612f5b5165918ede21440661e09cb211c92fcfb937248867b9,0xfd0ea97747f7b1a53ec59ef5001616cde3aead3e,46.97,0x5cbd3aaabb7dc0bb893a96a6fc696c099ccb775b,0x1f1605891affe7485f923b57364508b9df341eaf,Reental-CLVM-2
0x407592048bcdfbea9e29f1a1089d3edfa3aba89f89675653983807e57feae305,0x1b0d685f5e4063033e0a1a360db864c9911eedda,9.9356376,0x5cbd3aaabb7dc0bb893a96a6fc696c099ccb775b,0x1f1605891affe7485f923b57364508b9df341eaf,Reental-VLC-9
0xcc177c6a8409726ccb010d8d4ae61784b4e50704cc8a5151a89922954a9b7451,0xb5a1a4f29b7376c091d6f4c7689be4b7cd5a6d98,1.0,0x3903f6e74c9c6eb235e22efe48001058fbbe2e4c,0x1f1605891affe7485f923b57364508b9df341eaf,Reental-VLC-6
0xe83bfe5ee1229dac1db38fa735977852e0f816967aea6553b91456bb66ad97b7,0xca53dd67cfa553d9e31c377602fb217dff9eadff,5.0,0x64441cc873d5f2014ac6c1a2f039b405abca3d09,0x1f1605891affe7485f923b57364508b9df341eaf,Reental-SMA-2
0x273b507f9d88cd0807e6363bf74b44faf0d158dec584ede5007c767f26cca487,0xca53dd67cfa553d9e31c377602fb217dff9eadff,3.70501181,0x5cbd3aaabb7dc0bb893a96a6fc696c099ccb775b,0x1f1605891affe7485f923b57364508b9df341eaf,Reental-SMA-2
0x70e4579e289ecbbd8b467cbdbd6be230d094af867b6ae530f4e2015186d9421a,0xaca38d593f7775334fa1b84a865f19396f62f760,18.8749189,0x5cbd3aaabb7dc0bb893a96a6fc696c099ccb775b,0x1f1605891affe7485f923b57364508b9df341eaf,Reental-MLG-6
0x1ca38b347f054253887ab59ce304c873a50480ef806a32b1b5d40894804a6b9f,0x33be67454ae817337db15877fd4106c5cd5206c5,1.38927205,0x5cbd3aaabb7dc0bb893a96a6fc696c099ccb775b,0x1f1605891affe7485f923b57364508b9df341eaf,Reental-MLG-5
0xffa3b19a8bd5182ad75bedd1c7d5b53c0105e907cdd8421fba3cfd30d847d110,0x7469b9381bfa8a34bef9dfaad03d75f60947f957,1.0,0xdf50cbf0ea828d6d3fb7b59f905a56ec64d5036d,0x1f1605891affe7485f923b57364508b9df341eaf,Reental-CDP-3
0x4ed749c29902013b40c7b82ceef873182e1a3399be324dda480e617050f4680b,0xf7e0069442e3e2d061673e16d2f77a3b87b45a42,1.0,0xdf50cbf0ea828d6d3fb7b59f905a56ec64d5036d,0x1f1605891affe7485f923b57364508b9df341eaf,Reental-JAX-4
0x3263bd19b95a92f6ec9c5ce9ca7f4b158ee365d418db9dee8f4327c6d03143de,0xe7d35f9248ea53943765928c0d9dc027a0129f28,1.0,0xdf50cbf0ea828d6d3fb7b59f905a56ec64d5036d,0x1f1605891affe7485f923b57364508b9df341eaf,Reental-MLG-3
0xb5f681760f12a37d1fa77d54ce08ab4fd82fa7feb2fd04ca27b479a671f0e6d3,0x954229f463f73a857fddc346857771c1ef3f7c00,1.0,0xdf50cbf0ea828d6d3fb7b59f905a56ec64d5036d,0x1f1605891affe7485f923b57364508b9df341eaf,Reental-RDO-4
0xd8655f55419ecc17bb9098991fea9b679bdea95a039fa873ab5359c64ae3917b,0x3b7455335fc7c3839167ed8fc173405908ffdf15,1.06621286,0xc0896e0e56d45b3c6d3444bff507adf6f15ee068,0x1f1605891affe7485f923b57364508b9df341eaf,Reental-TLM-2
0xbb9eaa42ad61caeb793892fb33b9f962bc0e9fa4f9dfaea98c260f518f5ce319,0x49b8f29f17a27ae89121642838e37bc8ce77d2f2,1.0,0xc0896e0e56d45b3c6d3444bff507adf6f15ee068,0x1f1605891affe7485f923b57364508b9df341eaf,Reental-SMA-1
0xa937d747665289feb90aa63c9b5bd1699031d38a029f2dfaa5af7dcab07c8fc4,0x3b7455335fc7c3839167ed8fc173405908ffdf15,1.0,0xc0896e0e56d45b3c6d3444bff507adf6f15ee068,0x1f1605891affe7485f923b57364508b9df341eaf,Reental-TLM-2
0xfb9c41a9e0c15de9a7d180baf77d89fef1dfe687b8886aafa69095e061e09e41,0x3b7455335fc7c3839167ed8fc173405908ffdf15,2.0,0xc0896e0e56d45b3c6d3444bff507adf6f15ee068,0x1f1605891affe7485f923b57364508b9df341eaf,Reental-TLM-2
0x7c0c42d301ce3ac2bf7ef0b39ba9d7d3945d011ceeec1ac497dffd823456a3e0,0xf7a694bc2768fc3b26beb5e98bb76f744397e49c,1.24090999,0x1f1605891affe7485f923b57364508b9df341eaf,0x8042d82d16405de78e477526e66d4602360cad3a,Reental-RDO-1
0x596d7f8fee8727ad4fa09e4addafa6e707f68290647802aa4daddf87e6a41f39,0x4adaee2dae690cf8f3915f1c1963f16d239c5e11,0.91782743,0x1f1605891affe7485f923b57364508b9df341eaf,0xa75ef832099e1374635ad44ae64bfa0326a8fc0b,Reental-MRB-1
0x2423eaa8bfc123b38295f01b83fa759651fee3b9b0cacccfe505c93dcab51506,0x49b8f29f17a27ae89121642838e37bc8ce77d2f2,1.0,0x1f1605891affe7485f923b57364508b9df341eaf,0x78f79ab9849fee3335a2a65c5bfa03167ae7ec4e,Reental-SMA-1
0xf86dc9cc9e20ed21cd2799d1a15edb80f4e3e01c938605682b5727407159afcc,0x454c0841a409b1752a6cf51fa8ed2fd28a6291c6,0.15379457,0x1f1605891affe7485f923b57364508b9df341eaf,0xba9e9281a9adf656191724f7bef219c96e498b29,Reental-RDO-2
0x47b6405c1c61302f86bb8076cc2b59e0ed75c96de820462ef0890ffc762ece4c,0xe7d35f9248ea53943765928c0d9dc027a0129f28,1.0,0x1f1605891affe7485f923b57364508b9df341eaf,0x23094d34888de2d5bc8eee5a5237026ce20de16d,Reental-MLG-3
0x86b7d1333e0c4139d7b777da10c027252407c222f3a0602880c001b8307c1a1d,0xf7e0069442e3e2d061673e16d2f77a3b87b45a42,1.0,0x1f1605891affe7485f923b57364508b9df341eaf,0x5f86529e7d7d248f7d84854c45777db0e23ac7d0,Reental-JAX-4
0x204a1bfe7e0f21a95860f9739f6dc809ce52b82bd1560afd2b5b58a7827a34c3,0x7aa21fabd73e8d3aa5d5c5994af6b62cfcea3fe4,1.0,0x1f1605891affe7485f923b57364508b9df341eaf,0xb54d1ee3859a24789d931962b7313bb2a2529785,Reental-SHL-1
0x1e022f5872ec0a7006ebddfa47943c0791eed7ac521315f239d859aec8891948,0x6da0652a8481a774f5164612ab0ab18f105ad243,1.27578995,0x1f1605891affe7485f923b57364508b9df341eaf,0x384e7aaa8917f3e2d32faab649c2d41917c739cc,Reental-CLVM-1
0xcd095599757082e218d19ecc213345a653e727ae4065498472bd3648d681e16c,0xca53dd67cfa553d9e31c377602fb217dff9eadff,2.0,0x1f1605891affe7485f923b57364508b9df341eaf,0xfb8482d3a050b09d9dd3d3fb44e858864ef649f8,Reental-SMA-2
0x861cb55d985fb121b71979b821ee2286f944e4613dd0446ed74b65407893f618,0x954229f463f73a857fddc346857771c1ef3f7c00,4.0,0x1f1605891affe7485f923b57364508b9df341eaf,0x78f79ab9849fee3335a2a65c5bfa03167ae7ec4e,Reental-RDO-4
0x9262bfc75f9f2eb56ca3954e8f76cf4df1c7026fff3d73dc9fa8d0f3184d50ef,0xca53dd67cfa553d9e31c377602fb217dff9eadff,2.95501181,0x1f1605891affe7485f923b57364508b9df341eaf,0x78f79ab9849fee3335a2a65c5bfa03167ae7ec4e,Reental-SMA-2
0x6a595cd251c08262965cece022798fcd87d1c8dd7837a42a6842af3a67f54f30,0xad3e1f50590ef6f323caa0cf43f39d28d1d34144,2.51,0x1f1605891affe7485f923b57364508b9df341eaf,0x78f79ab9849fee3335a2a65c5bfa03167ae7ec4e,Reental-JAX-2
0x1c366886e94d7b3174c1f12952db9b76bd45dd0bd7b8aa3fb20a97cde329e03a,0xfd0ea97747f7b1a53ec59ef5001616cde3aead3e,3.0,0x1f1605891affe7485f923b57364508b9df341eaf,0xeb4ea3b80a787863c729fc6c28b68c64a5a27089,Reental-CLVM-2
0x599424321d206c393626de0ff6a863ffa3e5b3e57e7d9b5dd5b4f6f10cd74aae,0x33be67454ae817337db15877fd4106c5cd5206c5,1.38927205,0x1f1605891affe7485f923b57364508b9df341eaf,0xeb4ea3b80a787863c729fc6c28b68c64a5a27089,Reental-MLG-5
0x5ed6c74fc6dd4e84b29178897d8f2082815e2b945c71517d45c48150d4de4447,0xb5a1a4f29b7376c091d6f4c7689be4b7cd5a6d98,1.0,0x1f1605891affe7485f923b57364508b9df341eaf,0xaf940915d9dce561c5ed55faa21ad5e87812b796,Reental-VLC-6
0x8296d366f87d2b6ece906951bb97b99313fe70d29318e351a8c1c85a552cc08b,0x954229f463f73a857fddc346857771c1ef3f7c00,2.0,0x1f1605891affe7485f923b57364508b9df341eaf,0x8042d82d16405de78e477526e66d4602360cad3a,Reental-RDO-4
0xc7e9e8aa775db63992e370fe62d57ff1bd08d25fdcabe3b9cc63783000fe188b,0xad3e1f50590ef6f323caa0cf43f39d28d1d34144,2.0,0x1f1605891affe7485f923b57364508b9df341eaf,0x8042d82d16405de78e477526e66d4602360cad3a,Reental-JAX-2
0xc8d0b7a048e6ccf98b03ca7dbf40bfbdfc7c19165d90c4bc95e5f880eba24503,0x8711b4172ed71d2d4f90e3e2f0cb63726acba8e6,1.33779255,0x1f1605891affe7485f923b57364508b9df341eaf,0xaaaf3b3b941d28884ecf4cd8f0ae2162dcab5e94,Reental-JAX-1
0x5ed73cd9374ff9100b0a636ecbee2ccae3f74c04de99ddf77ebb0854ee3446f9,0xca53dd67cfa553d9e31c377602fb217dff9eadff,3.0,0x1f1605891affe7485f923b57364508b9df341eaf,0x24bbcb31db20841f9517668b2692866b4942fa10,Reental-SMA-2
0xc4c194ccce5eba7815790287451fe9ef49f3af311129241567aec6fbc00cf025,0xca53dd67cfa553d9e31c377602fb217dff9eadff,2.0,0x1f1605891affe7485f923b57364508b9df341eaf,0x4ed1d500e66ad8c592d4660dbf4c178475d03e74,Reental-SMA-2
0x76d407367d28c6fb6cf154f2b005f9cb8121ff6b9687e8d0a56b4024ffab2fa0,0x954229f463f73a857fddc346857771c1ef3f7c00,1.2366,0x1f1605891affe7485f923b57364508b9df341eaf,0x4ea686d768703965dbf537ffc4ab04047a83c1d0,Reental-RDO-4
0x6a85a717dceb6ff323af6f1593d4df3ba630395b7c498dbee60765c1a865927d,0xaca38d593f7775334fa1b84a865f19396f62f760,5.0,0x1f1605891affe7485f923b57364508b9df341eaf,0x95c768b5108a4e3b7f1e68d04e945147b8996fa9,Reental-MLG-6
0x4238e3dc949ec44d5720bd231347fee28cceb30e677dc31520cfbc350854c98f,0x3b7455335fc7c3839167ed8fc173405908ffdf15,2.0,0x1f1605891affe7485f923b57364508b9df341eaf,0x95c768b5108a4e3b7f1e68d04e945147b8996fa9,Reental-TLM-2
0x5c228ac2558a4a81575725101b71706c81f85cb4043ee3691885274c353a6b40,0xca53dd67cfa553d9e31c377602fb217dff9eadff,3.0,0x1f1605891affe7485f923b57364508b9df341eaf,0x2b80a70d2431794b953ebbff1b976f8ab6cf10d3,Reental-SMA-2
0xed61000827ad0ab5f5fd97545f8d8f11df19a065e6306c6ff32d3527686dd447,0x954229f463f73a857fddc346857771c1ef3f7c00,1.0,0x1f1605891affe7485f923b57364508b9df341eaf,0x8a7ccf8e2c6ccf18dc43ca4191a59506e27d0047,Reental-RDO-4
0x16c528810cc18664d9bd41c81b756d79416383d28a390492149e8a57ab896c89,0xca53dd67cfa553d9e31c377602fb217dff9eadff,3.0,0x1f1605891affe7485f923b57364508b9df341eaf,0xc8d87578f9c7005020d82625693ab46932d6491a,Reental-SMA-2
0x0c47a01912ea6df6920d464bfeaef05f29bfc374ae97fa34ad550559880618b4,0x3b7455335fc7c3839167ed8fc173405908ffdf15,2.06621286,0x1f1605891affe7485f923b57364508b9df341eaf,0x8a7ccf8e2c6ccf18dc43ca4191a59506e27d0047,Reental-TLM-2
0x9870e8e7ed41381da55a03a288fc93037a7b15e310326f555a367cd7e281d85d,0xfd0ea97747f7b1a53ec59ef5001616cde3aead3e,1.0,0x1f1605891affe7485f923b57364508b9df341eaf,0xc8d87578f9c7005020d82625693ab46932d6491a,Reental-CLVM-2
0xbcd2acb1db471f96871bfab77800c6d03089866c9afd936c7b3c767daa96c588,0x1b0d685f5e4063033e0a1a360db864c9911eedda,1.0,0x1f1605891affe7485f923b57364508b9df341eaf,0xc8d87578f9c7005020d82625693ab46932d6491a,Reental-VLC-9
0x4c0d1de5cf9c52b5b00b8c657bdf6626fdf1f4ec86e22ca5b6b1f621027ef51f,0x1b0d685f5e4063033e0a1a360db864c9911eedda,2.0,0x1f1605891affe7485f923b57364508b9df341eaf,0xc8d87578f9c7005020d82625693ab46932d6491a,Reental-VLC-9
0x9f9281e3284e1ea51e867896cc44d66200cda5548fdf3ae19b2043d71f771d09,0x1b0d685f5e4063033e0a1a360db864c9911eedda,1.0,0x1f1605891affe7485f923b57364508b9df341eaf,0x8a7ccf8e2c6ccf18dc43ca4191a59506e27d0047,Reental-VLC-9
0x16ccfbed6c2275cdabdfc9d602196e375d026ea9b79143c843d99b27ba507c27,0xaca38d593f7775334fa1b84a865f19396f62f760,2.0,0x1f1605891affe7485f923b57364508b9df341eaf,0x3d77d26098f5ad3544a4d7407172f809d5e67472,Reental-MLG-6
0x40c76961e7cf7b5b196b6b2a5a0c867f92db6e64ae8c77df78bafbd1a612ef49,0xfd0ea97747f7b1a53ec59ef5001616cde3aead3e,1.0,0x1f1605891affe7485f923b57364508b9df341eaf,0xc8d87578f9c7005020d82625693ab46932d6491a,Reental-CLVM-2
0x25a98f16ed2bcd10ea2c66313127e8099ff60c764d2bb54e88975ade3678fe66,0xaca38d593f7775334fa1b84a865f19396f62f760,1.0,0x1f1605891affe7485f923b57364508b9df341eaf,0xee21cb5ad21b519849e2a14c1555ca9e00a4f67f,Reental-MLG-6
0x3933ccdd4cd31e6708c7cae6f4809820b9be514aa3ccf8c722d03db41c333d85,0xfd0ea97747f7b1a53ec59ef5001616cde3aead3e,3.0,0x1f1605891affe7485f923b57364508b9df341eaf,0xd212a7c928b7a61460d67b96769bb8e38b4a4652,Reental-CLVM-2
0xe6907c8c4b70f83f0cf334906a9b2ffcce941fab06500e4bab91e522a6ddf352,0xaca38d593f7775334fa1b84a865f19396f62f760,3.0,0x1f1605891affe7485f923b57364508b9df341eaf,0xee21cb5ad21b519849e2a14c1555ca9e00a4f67f,Reental-MLG-6
0x3b848d619b26e96aea276749dd264baf2c462a9290ac8144d38e6e97e5d242e2,0xaca38d593f7775334fa1b84a865f19396f62f760,3.0,0x1f1605891affe7485f923b57364508b9df341eaf,0xee21cb5ad21b519849e2a14c1555ca9e00a4f67f,Reental-MLG-6
0xcc863b165b98fa752088ef2d422726feb0ed6e354f59fb54a180adc85f2482c0,0x1b0d685f5e4063033e0a1a360db864c9911eedda,1.0,0x1f1605891affe7485f923b57364508b9df341eaf,0x4ea686d768703965dbf537ffc4ab04047a83c1d0,Reental-VLC-9
0xa540cf9195ff900ac3d99173be8464b681c0803e3f93d58366093b1c45f61347,0xaca38d593f7775334fa1b84a865f19396f62f760,2.0,0x1f1605891affe7485f923b57364508b9df341eaf,0xee21cb5ad21b519849e2a14c1555ca9e00a4f67f,Reental-MLG-6
0x15cb320f223b67a7623ff0c8bedca8a1edb6490b29906c556d6645f7f6e8bd80,0xaca38d593f7775334fa1b84a865f19396f62f760,1.8749189,0x1f1605891affe7485f923b57364508b9df341eaf,0x5d12f4462a52c6d0ecba11f275eed40ae04272c5,Reental-MLG-6
0x5822fa4cd1c96aaae136888fee9fc924526331e323db83548f427f749deae9d9,0xfd0ea97747f7b1a53ec59ef5001616cde3aead3e,4.0,0x1f1605891affe7485f923b57364508b9df341eaf,0x23094d34888de2d5bc8eee5a5237026ce20de16d,Reental-CLVM-2
0x2c56521743139a1d11c9a193a76f3f46cdb129672e5bf0a1841ee94eecddaa6a,0xfd0ea97747f7b1a53ec59ef5001616cde3aead3e,1.0,0x1f1605891affe7485f923b57364508b9df341eaf,0xadb9cafc4989c2fb7b86b8344245a9cf6a2b9682,Reental-CLVM-2
0xc3ac22c47810ac0fc9820b46cc664eecc2a04541a0ff6901c21f81309755e1c9,0xfd0ea97747f7b1a53ec59ef5001616cde3aead3e,1.0,0x1f1605891affe7485f923b57364508b9df341eaf,0x8a7ccf8e2c6ccf18dc43ca4191a59506e27d0047,Reental-CLVM-2
0xab1f19a922da4e8bb947f1be9d2f6511d15705b873e1a42170dfab6809915340,0xfd0ea97747f7b1a53ec59ef5001616cde3aead3e,6.0,0x1f1605891affe7485f923b57364508b9df341eaf,0xb64fbeef6b52207a4648308c56b84432b16e9b0f,Reental-CLVM-2
0x86cafaa708208866fff6aa81da81299aff443408e163318d4fba6446a67d4261,0xfd0ea97747f7b1a53ec59ef5001616cde3aead3e,5.0,0x1f1605891affe7485f923b57364508b9df341eaf,0x23094d34888de2d5bc8eee5a5237026ce20de16d,Reental-CLVM-2
0x411e5375629026668e491e2f940da06f6811c6f0bcda9883371576d1798c1c1d,0xfd0ea97747f7b1a53ec59ef5001616cde3aead3e,1.0,0x1f1605891affe7485f923b57364508b9df341eaf,0xc8d87578f9c7005020d82625693ab46932d6491a,Reental-CLVM-2
0x155c0e1be5425eb247a03de910706074e051ac07ac9479313a155e416888b04d,0xfd0ea97747f7b1a53ec59ef5001616cde3aead3e,2.0,0x1f1605891affe7485f923b57364508b9df341eaf,0xd212a7c928b7a61460d67b96769bb8e38b4a4652,Reental-CLVM-2
0x95643e9819893fbc71eb880347675e6513592c006f7f6f4d04461fa24c310e70,0xfd0ea97747f7b1a53ec59ef5001616cde3aead3e,3.0,0x1f1605891affe7485f923b57364508b9df341eaf,0xb64fbeef6b52207a4648308c56b84432b16e9b0f,Reental-CLVM-2
0xedbe3d28a07effd6c6523fa722ba80bc51155e01f6ca5a02ffe77b70f0f14f89,0xfd0ea97747f7b1a53ec59ef5001616cde3aead3e,1.0,0x1f1605891affe7485f923b57364508b9df341eaf,0xc8d87578f9c7005020d82625693ab46932d6491a,Reental-CLVM-2
0x64e7b12639abd348adcd2aa91e930513cd6438e78252848989a1536a9c2f0b80,0xfd0ea97747f7b1a53ec59ef5001616cde3aead3e,2.0,0x1f1605891affe7485f923b57364508b9df341eaf,0xa3804d27c0d8386b9d4218f5e59ccfa778b59e6a,Reental-CLVM-2
0x81ae8081bc60943d1e458b928820360fe2988f29cfc9f6e2605cceb1b97596b3,0xfd0ea97747f7b1a53ec59ef5001616cde3aead3e,0.97,0x1f1605891affe7485f923b57364508b9df341eaf,0xb64fbeef6b52207a4648308c56b84432b16e9b0f,Reental-CLVM-2
0xe35c760ee5bb23c2fb68a6f18f43ad87f3b07c071bc20d281672da1314a4b8f9,0xfd0ea97747f7b1a53ec59ef5001616cde3aead3e,1.0,0x1f1605891affe7485f923b57364508b9df341eaf,0xc8d87578f9c7005020d82625693ab46932d6491a,Reental-CLVM-2
0xcc6e4e23b0177ed8382db4f61ec0a0fb8f441fa95c5e2423194608a4965c5860,0xfd0ea97747f7b1a53ec59ef5001616cde3aead3e,3.0,0x1f1605891affe7485f923b57364508b9df341eaf,0xd212a7c928b7a61460d67b96769bb8e38b4a4652,Reental-CLVM-2
0xe55a3cf6d56019d3127fe17f28113cdd7f1630cf162c4a9557ff9f03de89c998,0xfd0ea97747f7b1a53ec59ef5001616cde3aead3e,2.0,0x1f1605891affe7485f923b57364508b9df341eaf,0xd212a7c928b7a61460d67b96769bb8e38b4a4652,Reental-CLVM-2
0x8109de1ecb22112f5ff38b3bbe8ad71145d4183a4710adec07fe8d5ef06fe84c,0xfd0ea97747f7b1a53ec59ef5001616cde3aead3e,2.0,0x1f1605891affe7485f923b57364508b9df341eaf,0xd212a7c928b7a61460d67b96769bb8e38b4a4652,Reental-CLVM-2
0xa4ccdfcaffd1753bb305e629e7a1767d00327192d1ecc8956baceb356c3497a9,0xfd0ea97747f7b1a53ec59ef5001616cde3aead3e,2.0,0x1f1605891affe7485f923b57364508b9df341eaf,0x8b064b79f1f26009e2b1e35ae8e55eb04d5bec6c,Reental-CLVM-2
0xd03f8b7a2987f2a35a5e41826ca76d0627a463c81e61a175dfcb8d3e2ed758e9,0x29da137d6dba774ad4f79323374f685682542767,1.85162695,0x1f1605891affe7485f923b57364508b9df341eaf,0x90d5f0db43c5f0be2849097c0cd2afaec66356e8,Reental-MUR-1
0x99e8a020cf7ceb74c4a8cf012a5fdc1a6e11c6708fd157308e21e0715a0cef0e,0x49b8f29f17a27ae89121642838e37bc8ce77d2f2,1.4492107,0x1f39c286b0e498d68bee113e928469ce90ff4c2a,0x4ea686d768703965dbf537ffc4ab04047a83c1d0,Reental-SMA-1
0x215ab9dfab0e17f78c7de926f499458c6ef009adb43aed813534da0fc4967155,0xf7a694bc2768fc3b26beb5e98bb76f744397e49c,0.49521776,0x1f39c286b0e498d68bee113e928469ce90ff4c2a,0x5f86529e7d7d248f7d84854c45777db0e23ac7d0,Reental-RDO-1
0x8476d6001aff943d687bb34952cef31165c01a02df947d3a69f306140f1c5dd1,0x8711b4172ed71d2d4f90e3e2f0cb63726acba8e6,0.48684538,0x1f39c286b0e498d68bee113e928469ce90ff4c2a,0x5f86529e7d7d248f7d84854c45777db0e23ac7d0,Reental-JAX-1
0xeffd489fab53142620a92ae5fe1a2acef70300d605dc3c5ac221fdd46555ee24,0x6b4fa3c69e62f8f03dc018b57efa74d560462210,10.0,0x54f6626902f5d9887bf4fd2b5bcad60c3201c403,0x1f39c286b0e498d68bee113e928469ce90ff4c2a,Reental-MAYA-1
0x95d776163bfd7b9181a00e4f381ceec71bad1d814a623815f2690db6b102d308,0xf8657256c5cd5fdb044e55d1ec39e9b8c969dbf1,0.23898961,0x9f9daec64f6f05696d1578b7159cdf7e504afdb9,0x1f39c286b0e498d68bee113e928469ce90ff4c2a,Reental-PAZ-1
0x1da7d8736efedf9544fde6d22115a0183eda319d0741d5bc9c5ce06fe14116df,0xfb759e0cc5cff4aea606064acd41c71c7c11bf40,24.99,0x90d78a3f201489c371bd3625b7c2ad81719fb43f,0x1f39c286b0e498d68bee113e928469ce90ff4c2a,Reental-BKL-1
0xcab09c6574dd042c8c973ab8576d280cd67a9b9043ba163c8f5ba3ebf7940488,0x7469b9381bfa8a34bef9dfaad03d75f60947f957,7.0,0xf021a90753fd51994c7d2ae3da9e63fb0e7c0ff3,0x1f39c286b0e498d68bee113e928469ce90ff4c2a,Reental-CDP-3
0x95d7f8367eaa811ac6badb0e485777799144d6598d4609f856df4bafcadb8ef2,0x8a96bf9aa5812ce957aed1f554065b64a545c88a,6.64306389,0xcfef84696c0df6b3f2fa6b780b21551241715f72,0x1f39c286b0e498d68bee113e928469ce90ff4c2a,Reental-VLC-12
0x8a2ec946e48e1211534e0af7aa4ca2b26a4ae3dc082bdb6d5e82038da76c235c,0x093984f85f980479172fb96982f79c418ac730f7,3.83258143,0xd3d40870c53c407880605631f14d473eb7c6a6f5,0x1f4ea0303c3a4ff8880289db041e921a90456e85,Reental-RDO-6
0xbc361b8875116f54323c0c50be52d6a5182762ccecd0668a7f63c6d908afcf04,0x093984f85f980479172fb96982f79c418ac730f7,3.02542792,0xd3d40870c53c407880605631f14d473eb7c6a6f5,0x1f4ea0303c3a4ff8880289db041e921a90456e85,Reental-RDO-6
0x0015ce7fa276f93471b9028b760baa315aa8dc258877fe549a5db3f2bcb8517a,0x093984f85f980479172fb96982f79c418ac730f7,1.09970908,0xd3d40870c53c407880605631f14d473eb7c6a6f5,0x1f4ea0303c3a4ff8880289db041e921a90456e85,Reental-RDO-6
0xdd08b8b887f1fdec0bf6c4d1004de367c6fdc77dce96e09c705f539554d48704,0xe56ff2dff2c2e95511f0bef4b3d92da05e8197c0,1.0,0xa087dcd612b8ba98580ea48a33ba4dfa2ab8c2f3,0x20bf60873dee6add26197aa7dc9f58340f8eae50,Reental-HOU-2
0x568264d522464485b741b22273e66161bde044cbb1f3dd429e8fa686fce40ab9,0xe56ff2dff2c2e95511f0bef4b3d92da05e8197c0,1.0,0x20bf60873dee6add26197aa7dc9f58340f8eae50,0x7c27a000cc83864cf1fe982757824cb1de104ad0,Reental-HOU-2
0x1fb86df851c08bdd005a1c8f54b46aa64338328a9ff5cd2f348daa4aab43d511,0x2f1026ff5bd94232050364c81d61a2d15e147209,1.0,0xf53b24f33d20a88ac4ace661982817da7d64269e,0x210de01bb7d9ef70e8b9452ad4e922cc92c70c6f,Reental-MIA-1
0xbd72502ec73b98a71268f48cc7c7c2849e5096097b63db210c1831b62b7fa652,0x8711b4172ed71d2d4f90e3e2f0cb63726acba8e6,1.0,0x985702fb3c75a0f45412dbc1937195c28042d92b,0x210de01bb7d9ef70e8b9452ad4e922cc92c70c6f,Reental-JAX-1
0x3d2ceae21a44393eaab076c016e9a70706e283470979f2f3e796856c5f2c9766,0xad3e1f50590ef6f323caa0cf43f39d28d1d34144,1.0,0x985702fb3c75a0f45412dbc1937195c28042d92b,0x210de01bb7d9ef70e8b9452ad4e922cc92c70c6f,Reental-JAX-2
0x232b882db3fd7b92fdd34b28f465c637cd7962a6ea1a4ca177ad9eea994601a1,0x49b8f29f17a27ae89121642838e37bc8ce77d2f2,2.0,0x985702fb3c75a0f45412dbc1937195c28042d92b,0x210de01bb7d9ef70e8b9452ad4e922cc92c70c6f,Reental-SMA-1
0x41df2b320aee99eee360f346a712bdb3325801ea1dce21aa3d05d43155227ffa,0x6da0652a8481a774f5164612ab0ab18f105ad243,3.0,0x6bd9cbc55bdbab4c5e177c6a4684a6d50c17b378,0x210de01bb7d9ef70e8b9452ad4e922cc92c70c6f,Reental-CLVM-1
0xbfa4259224db7b6ad21ee426627050b42dab9766711e5a61be02c1e3f9b1f332,0xca53dd67cfa553d9e31c377602fb217dff9eadff,5.0,0xaca1d60f849c82085aa71aed7a68342421e7e8e9,0x210de01bb7d9ef70e8b9452ad4e922cc92c70c6f,Reental-SMA-2
0x04f30cf5413b75c3be99fee5728e90ea749d0d8b6a79d615ab7967c23c79f5f2,0xaca38d593f7775334fa1b84a865f19396f62f760,2.01794471,0xbe4dd0c066d01842f7c79ea850fa7bd0f4d52e44,0x210de01bb7d9ef70e8b9452ad4e922cc92c70c6f,Reental-MLG-6
0xf95db5ebe698481fd21bffcf1874dd05323362a37d50874a0a36399f840b5afc,0x6da0652a8481a774f5164612ab0ab18f105ad243,2.0,0x6bd9cbc55bdbab4c5e177c6a4684a6d50c17b378,0x210de01bb7d9ef70e8b9452ad4e922cc92c70c6f,Reental-CLVM-1
0x729cc9286d15d750d60a63b6eeec6f5a962a2a5def6bd16b8ce968d88a955bbb,0xe16901dad396fe7b1b77b6d2bd91b2d648e8a762,5.0,0xf9c3fa98e7c685ff7964b7a297a7a22cb88eef19,0x210de01bb7d9ef70e8b9452ad4e922cc92c70c6f,Reental-HOU-3
0x425a50bf78d2bad4a0efd2590edc94a1ead4ccf634333d700460f2107b0c5036,0xe16901dad396fe7b1b77b6d2bd91b2d648e8a762,10.0,0xf9c3fa98e7c685ff7964b7a297a7a22cb88eef19,0x210de01bb7d9ef70e8b9452ad4e922cc92c70c6f,Reental-HOU-3
0x2770ce98eca1cf039f6a5b6baf3615329a1ac58d89ffc749ceb1c6d12228668c,0xe16901dad396fe7b1b77b6d2bd91b2d648e8a762,10.0,0xf9c3fa98e7c685ff7964b7a297a7a22cb88eef19,0x210de01bb7d9ef70e8b9452ad4e922cc92c70c6f,Reental-HOU-3
0xadb884e956fff7b45dcb39b8a48aebc07bc8e41752f19ddcf87a4b3709428281,0xa0d99b441a9a5e334b234f31a92b97fa8d663626,2.0,0xa3804d27c0d8386b9d4218f5e59ccfa778b59e6a,0x210de01bb7d9ef70e8b9452ad4e922cc92c70c6f,Reental-YCT-2
0x683cea39bd815d1668d385d9e7b54f7e73015e6000d4acbd2ea4256cf5923c00,0xa0d99b441a9a5e334b234f31a92b97fa8d663626,3.0,0xa3804d27c0d8386b9d4218f5e59ccfa778b59e6a,0x210de01bb7d9ef70e8b9452ad4e922cc92c70c6f,Reental-YCT-2
0x381e500affee262303adfc356c371aff3ba1fedaea1a1869d1cf06409952e685,0xa0d99b441a9a5e334b234f31a92b97fa8d663626,2.0,0xa3804d27c0d8386b9d4218f5e59ccfa778b59e6a,0x210de01bb7d9ef70e8b9452ad4e922cc92c70c6f,Reental-YCT-2
0x7fdf7b14ecf71edfd1e12e734c4e116485ab2c5fc44a717d825c74e7d270ddc4,0x6da0652a8481a774f5164612ab0ab18f105ad243,1.0,0xce89063272ecce1cda2086670ff94cbc690b8f5f,0x21b5e99702e5455b18c1d62531897f063a0653f6,Reental-CLVM-1
0x506d9dcd008a234d76b243a4a72aebce81106fd744ecd755cc5d067e1e659c15,0x6b4fa3c69e62f8f03dc018b57efa74d560462210,2.43476234,0x89b5416968540a8b504bcaeba2d7b3dc0753f1cc,0x2253be825148395a7b3886134e41acc599920ed8,Reental-MAYA-1
0x8fd7ea2e7737ee086a9a81ff9e7ccdd99cda864407b56562b8bc63c59a10ca5e,0xe59dde10d38df397c996bdb1325b6f81684a8b80,3.6459239,0xf9c3fa98e7c685ff7964b7a297a7a22cb88eef19,0x229873618080e9fac3ae5e7c6e5b47df59f8b151,Reental-DXB-1
0xe8db18db8b0483d852e5d08f6c229e20f22b8ae21951738cc66473282c5a1733,0xe59dde10d38df397c996bdb1325b6f81684a8b80,1.0,0xa3804d27c0d8386b9d4218f5e59ccfa778b59e6a,0x229873618080e9fac3ae5e7c6e5b47df59f8b151,Reental-DXB-1
0x5ed7337459b3b41319e3bd0e5932644ae476fbf4d9edf7e9996361a7900d1e0c,0xe59dde10d38df397c996bdb1325b6f81684a8b80,1.44670419,0xa3804d27c0d8386b9d4218f5e59ccfa778b59e6a,0x229873618080e9fac3ae5e7c6e5b47df59f8b151,Reental-DXB-1
0x6be9438b71847a70e94ee1715f97231958c9bfa9aabf9a6144b00cf4ebad569a,0xe59dde10d38df397c996bdb1325b6f81684a8b80,2.0,0xc1213762f0b2010721e34a7d3a4e6742f836b462,0x229873618080e9fac3ae5e7c6e5b47df59f8b151,Reental-DXB-1
0xba22624c4c909dbe914b30154d9eeeeec25483744593fb9bfba5bb64bd33fee5,0xe16901dad396fe7b1b77b6d2bd91b2d648e8a762,10.0,0xf9c3fa98e7c685ff7964b7a297a7a22cb88eef19,0x229873618080e9fac3ae5e7c6e5b47df59f8b151,Reental-HOU-3
0x438755911d672b02b7ce76781f64291786a9c3ec88cc39d77d1f5802ad9578af,0x3b7455335fc7c3839167ed8fc173405908ffdf15,11.882,0x468043dc6314e6d0ae6bb4d03de0d3f460372d08,0x23094d34888de2d5bc8eee5a5237026ce20de16d,Reental-TLM-2
0xedf636facb5b852a79beca89e7518d087ca5da5c270e8391e0b36ca64a3640b0,0x3b7455335fc7c3839167ed8fc173405908ffdf15,1.0,0xc73c1573045a3f1f5cc0afb112147c2d3cca21d8,0x23094d34888de2d5bc8eee5a5237026ce20de16d,Reental-TLM-2
0xcde15eb43347ff8a110c9d700f5ae87617121cdccebaf7b4b17119ba88602488,0x6b4fa3c69e62f8f03dc018b57efa74d560462210,9.0,0x245ec0965be76427f84c9b727d8f230301d6e54e,0x23094d34888de2d5bc8eee5a5237026ce20de16d,Reental-MAYA-1
0x760a548cea0be573c036c7ab1fc3655297f488c2da4c9f1566aee63c99d5d49a,0x7f6b82381bce03e7cf6af2fb1dcd41993406d4ae,10.0,0xf021a90753fd51994c7d2ae3da9e63fb0e7c0ff3,0x23094d34888de2d5bc8eee5a5237026ce20de16d,Reental-MLG-2
0x68b9e12284e4912d061fb627e2b8405bec06cf5f835eb7ba7ffb1498a7fb515d,0x7f6b82381bce03e7cf6af2fb1dcd41993406d4ae,5.83068794,0x8bdf687599153a62dbb6e0d85c0c81c98f408d2d,0x23094d34888de2d5bc8eee5a5237026ce20de16d,Reental-MLG-2
0xd45241037442f7fa523f20aa4c4e4c474a9685b6f323e324c8e1da6ba1b7f7e7,0xe7d35f9248ea53943765928c0d9dc027a0129f28,4.39,0xeb4ea3b80a787863c729fc6c28b68c64a5a27089,0x23094d34888de2d5bc8eee5a5237026ce20de16d,Reental-MLG-3
0xf6b72c3ae598a3d2b5bb643550d408d1d6c0d448eb3b9e85d63fdfa3547128f3,0xfd0ea97747f7b1a53ec59ef5001616cde3aead3e,3.0,0xeb4ea3b80a787863c729fc6c28b68c64a5a27089,0x23094d34888de2d5bc8eee5a5237026ce20de16d,Reental-CLVM-2
0x608887b2c982a503c05d4292a0d13155bc55be7f2cd543b8e2ccf0b94fae6ba3,0xfd0ea97747f7b1a53ec59ef5001616cde3aead3e,2.0,0xe2fd23b414378ce9c67889100b51b1c7dc8eacad,0x23094d34888de2d5bc8eee5a5237026ce20de16d,Reental-CLVM-2
0x02389ecd10e93cf474d3b471797a31113811b1f933b4da1dd35d8e73a332cffa,0x1998bc7570ae301154e0c3017acbb200b87ad1af,5.0,0x91b449094033dbdd4a077307bd73c46d4de75a0e,0x23094d34888de2d5bc8eee5a5237026ce20de16d,Reental-IDX-1
0x9651c842ffd6581022578746fe1402dac6a4facf57b3ee398ccd57fc32e32e23,0x8ddea623f8ffa94aae50dc4c44da22d6e570a749,6.0,0x76b665ed9eb85e333a529382b1cb9b565097327f,0x23094d34888de2d5bc8eee5a5237026ce20de16d,Reental-SAM-2
0xc6f56ae8bee9a772ecad044dadc1e067e88fda64100b700bdaa90bbf8ffea472,0xa0d99b441a9a5e334b234f31a92b97fa8d663626,3.0,0xa3804d27c0d8386b9d4218f5e59ccfa778b59e6a,0x23094d34888de2d5bc8eee5a5237026ce20de16d,Reental-YCT-2
0x78c99e035dbe15340dd1cfb0fa692dc8b6ea74804ff7574b0c6882338f08895a,0x2f1026ff5bd94232050364c81d61a2d15e147209,5.0,0x23094d34888de2d5bc8eee5a5237026ce20de16d,0x8ef1018c559a597c36b3cee7b53c44f9614b0190,Reental-MIA-1
0x0722555913c45cbc9fd5fae508de8df68dd84963ea6733b5b89c05b585c2f9b6,0xa0d99b441a9a5e334b234f31a92b97fa8d663626,3.0,0xa3804d27c0d8386b9d4218f5e59ccfa778b59e6a,0x23094d34888de2d5bc8eee5a5237026ce20de16d,Reental-YCT-2
0x2b922d7e4b8b79a934fbe5742a797f6892f04e286932196691a3859eca7620db,0x2f1026ff5bd94232050364c81d61a2d15e147209,5.0,0x23094d34888de2d5bc8eee5a5237026ce20de16d,0xc0896e0e56d45b3c6d3444bff507adf6f15ee068,Reental-MIA-1
0xc2e6ad866368dcbfcaf12606e550097124fd3171e58a5f2a6ca643e5d2ceaa05,0x2f1026ff5bd94232050364c81d61a2d15e147209,5.0,0x23094d34888de2d5bc8eee5a5237026ce20de16d,0x75cc59a3bb2c22410e1ea22f8207a415e7d48514,Reental-MIA-1
0x3c5e3b258221a524fdff476d5a4338c109cb466cfb6a3259fe6b99883240e975,0x21ae95a56ef471370ce89a7a4624117f31810927,5.0,0x23094d34888de2d5bc8eee5a5237026ce20de16d,0xc1213762f0b2010721e34a7d3a4e6742f836b462,Reental-DNB-1
0xc4d1c4dc9d32d0cbfd1c7e56a1547b9e06db1f0e8f25dd6d3bf6e1f8f899dda6,0x2f1026ff5bd94232050364c81d61a2d15e147209,10.43,0x23094d34888de2d5bc8eee5a5237026ce20de16d,0xd3d40870c53c407880605631f14d473eb7c6a6f5,Reental-MIA-1
0x12b73e3264e2a890f7da8e0bab3dbd8d641d3da38d7bc45cec9f2a1984396069,0xa0d99b441a9a5e334b234f31a92b97fa8d663626,2.0,0xa3804d27c0d8386b9d4218f5e59ccfa778b59e6a,0x23094d34888de2d5bc8eee5a5237026ce20de16d,Reental-YCT-2
0x9f6737133dec3c3789f5f754e1d189af37c7fa0541cd89e8403c79f5cddaf01f,0xc48b58aae1fb770a8655e44de960eb7dc84a5de9,1.00770834,0x42b5a6716703f0b501ec3884e41c86697057d70b,0x23094d34888de2d5bc8eee5a5237026ce20de16d,Reental-RET-1
0x38f22e4a6e06a6b7d8809b7ba1c632513d2e9770f45f6e6aaf78c98296105feb,0xa0d99b441a9a5e334b234f31a92b97fa8d663626,2.5,0xa3804d27c0d8386b9d4218f5e59ccfa778b59e6a,0x23094d34888de2d5bc8eee5a5237026ce20de16d,Reental-YCT-2
0x52913d457c627675cb7f2cad7158a57f30f0eda54762a6fb97df5f3ebaa143ea,0xa0d99b441a9a5e334b234f31a92b97fa8d663626,2.0,0xa3804d27c0d8386b9d4218f5e59ccfa778b59e6a,0x23094d34888de2d5bc8eee5a5237026ce20de16d,Reental-YCT-2
0x76326b2208862b598e15a4dd0d2bda0304bba6a1d48c172ba51d2b06c21bee40,0xa0d99b441a9a5e334b234f31a92b97fa8d663626,8.0,0xa3804d27c0d8386b9d4218f5e59ccfa778b59e6a,0x23094d34888de2d5bc8eee5a5237026ce20de16d,Reental-YCT-2
0x37a693dd295f3d50211235b8aec2e894e2ab446a25cc6f22b8f03fd159d7f63f,0xe7d35f9248ea53943765928c0d9dc027a0129f28,2.0,0xce89063272ecce1cda2086670ff94cbc690b8f5f,0x23094d34888de2d5bc8eee5a5237026ce20de16d,Reental-MLG-3
0xefe79ab3692b7654aec9a61f317e2d39e89400b5588ec385cc39eab216cc5014,0xa0d99b441a9a5e334b234f31a92b97fa8d663626,10.0,0xc1213762f0b2010721e34a7d3a4e6742f836b462,0x23094d34888de2d5bc8eee5a5237026ce20de16d,Reental-YCT-2
0x469fa963fcaf651506777ba458e64650513e87b726248754bd4d0c3282c8dac0,0xa0d99b441a9a5e334b234f31a92b97fa8d663626,12.0,0xa3804d27c0d8386b9d4218f5e59ccfa778b59e6a,0x23094d34888de2d5bc8eee5a5237026ce20de16d,Reental-YCT-2
0xcc2549c5d88ac8f50d2fa6f99c3efbd1a64cab2612352904bf2cc58717ed9fb2,0xa0d99b441a9a5e334b234f31a92b97fa8d663626,2.0,0xa3804d27c0d8386b9d4218f5e59ccfa778b59e6a,0x23094d34888de2d5bc8eee5a5237026ce20de16d,Reental-YCT-2
0x73d6d750653e21633b2fa04e4d4f6d4ab935c19390fc08ac915824f4dd8e9ed6,0xa0d99b441a9a5e334b234f31a92b97fa8d663626,0.9952867,0xa3804d27c0d8386b9d4218f5e59ccfa778b59e6a,0x23094d34888de2d5bc8eee5a5237026ce20de16d,Reental-YCT-2
0x6626e84ee189f5ee8e440f395075c9da1f430ddb79ed5bec07b5a186ebaa079c,0xfb759e0cc5cff4aea606064acd41c71c7c11bf40,5.0,0x922e21af5c912a6c2283cd1a792bd52ba6523149,0x23094d34888de2d5bc8eee5a5237026ce20de16d,Reental-BKL-1
0x3dcd4bdbaa4aeae6fc3f966244e6f330dc41640bd1905e665e9e5f5ec921cd5b,0xfb759e0cc5cff4aea606064acd41c71c7c11bf40,5.0,0x922e21af5c912a6c2283cd1a792bd52ba6523149,0x23094d34888de2d5bc8eee5a5237026ce20de16d,Reental-BKL-1
0xfb25873a1f2e01030b67ee5558566df9942b9a0fdf213ab2eafd45cc8e8ccce5,0xfb759e0cc5cff4aea606064acd41c71c7c11bf40,5.0,0x922e21af5c912a6c2283cd1a792bd52ba6523149,0x23094d34888de2d5bc8eee5a5237026ce20de16d,Reental-BKL-1
0x68713369b8ac7e51411cf169e3b251f0190a5496eb772db87095ed00b991d910,0xfb759e0cc5cff4aea606064acd41c71c7c11bf40,4.47759839,0x922e21af5c912a6c2283cd1a792bd52ba6523149,0x23094d34888de2d5bc8eee5a5237026ce20de16d,Reental-BKL-1
0x0a750a3d7074742c4c7aac02105249cedd5b56d73c1dcaec75d72082c258d580,0xfb759e0cc5cff4aea606064acd41c71c7c11bf40,5.0,0xce89063272ecce1cda2086670ff94cbc690b8f5f,0x23094d34888de2d5bc8eee5a5237026ce20de16d,Reental-BKL-1
0xb886faa1c109975a1c148a76c4b37b5f315fb0eef97eecba8f1caaa91e4031c6,0xfb759e0cc5cff4aea606064acd41c71c7c11bf40,5.0,0xce89063272ecce1cda2086670ff94cbc690b8f5f,0x23094d34888de2d5bc8eee5a5237026ce20de16d,Reental-BKL-1
0x811fa8034a9d0ec1d457ffb62b05321287739dde48257cc1544dfb290c10211a,0xfb759e0cc5cff4aea606064acd41c71c7c11bf40,5.0,0xce89063272ecce1cda2086670ff94cbc690b8f5f,0x23094d34888de2d5bc8eee5a5237026ce20de16d,Reental-BKL-1
0xf09f9e666852df80cdb8ca2d2c0f7409a28217c10723518f06c493ce2f332906,0xfb759e0cc5cff4aea606064acd41c71c7c11bf40,5.0,0xce89063272ecce1cda2086670ff94cbc690b8f5f,0x23094d34888de2d5bc8eee5a5237026ce20de16d,Reental-BKL-1
0xb4bad0d47ef911fe150f4ba27cc17dab3957c8a569c61c0b841094353009565b,0xaaad2db2f624dc5a350d579d834b5fe12b2bcd8d,50.0,0x302aca556e48bdcfe1ff1afbdfdd06e82d2aa817,0x23094d34888de2d5bc8eee5a5237026ce20de16d,Reental-YCT-1
0x66651ef58611e2a4ea8fb8b811223bf5db5116077ced1263b98f4c66d0992a8c,0xe6e3ff145a6ffcd1dac08472f89164c0c43316b2,10.0,0x3fe2ee56ea77ffccfa0c036b20e7a2269e8da534,0x23094d34888de2d5bc8eee5a5237026ce20de16d,Reental-CMY-1
0x771a1689fe1f0713dfb3894dc5a4643a28c96fecdb316c8ae32a4cf059852f31,0xa0d99b441a9a5e334b234f31a92b97fa8d663626,5.0,0xc1213762f0b2010721e34a7d3a4e6742f836b462,0x23094d34888de2d5bc8eee5a5237026ce20de16d,Reental-YCT-2
0xcdb4f12086051264ef8bfc3e1f8025034eac0f86d1ee0dfcb8c06e33dbca8e70,0xe6e3ff145a6ffcd1dac08472f89164c0c43316b2,3.09,0xf3b9739ed70e548f8e30e81746c80bc6c74edd1a,0x23094d34888de2d5bc8eee5a5237026ce20de16d,Reental-CMY-1
0xac721b9eed9f4e5fd6c88ca08a7a35fb16358999c0c3b03dde7ec8f75fff5382,0xed923b814f1ea3d42c54dda55ba8edfaba994489,1.0,0xbb5c220d202fd05c696ed73c18e9db175e7a7a5a,0x23094d34888de2d5bc8eee5a5237026ce20de16d,Reental-BKL-2
0x6be9423ecf864b94cf271250581dae7ca30fc55a7c86ece3640b08457ff6a5d2,0xa0d99b441a9a5e334b234f31a92b97fa8d663626,1.0,0xbb5c220d202fd05c696ed73c18e9db175e7a7a5a,0x23094d34888de2d5bc8eee5a5237026ce20de16d,Reental-YCT-2
0xaca1f6af2caaf98e90ae0389579623407cc9bbf2ab2cf44b986f8ca203661277,0xfd0ea97747f7b1a53ec59ef5001616cde3aead3e,2.0,0x8042d82d16405de78e477526e66d4602360cad3a,0x23094d34888de2d5bc8eee5a5237026ce20de16d,Reental-CLVM-2
0xadd7c4ea3716018d2775e53260b1510ccb074533a7e48a6546b1d0843e15cff3,0xfb759e0cc5cff4aea606064acd41c71c7c11bf40,0.42,0x9c0e7f3e623e2daf58f9a343348671d76613af2e,0x23094d34888de2d5bc8eee5a5237026ce20de16d,Reental-BKL-1
0x541e21e5a0c80e7dcfa9ffaa7aa4b0c048ba28dc791907b92f0b4266e8a94583,0xa0d99b441a9a5e334b234f31a92b97fa8d663626,2.0,0x8042d82d16405de78e477526e66d4602360cad3a,0x23094d34888de2d5bc8eee5a5237026ce20de16d,Reental-YCT-2
0x2bfbe34e1c42b2b86e9e5492d8a5f0cbd8d79d076939739872826dd7af486365,0x2f1026ff5bd94232050364c81d61a2d15e147209,1.0,0xc0896e0e56d45b3c6d3444bff507adf6f15ee068,0x23435b770cbf47bc5868eb998610d43f973d0597,Reental-MIA-1
0x1e21c9d918dd05c56f1d1380ea5f0b1a0d6528d9232eff80859bb24d3eafa892,0x2f1026ff5bd94232050364c81d61a2d15e147209,1.0,0xc0896e0e56d45b3c6d3444bff507adf6f15ee068,0x23435b770cbf47bc5868eb998610d43f973d0597,Reental-MIA-1
0x07b077592ab2527c9cfc1d32268e35d92b899f1f0674b6d4e884068095f6bba6,0x2f1026ff5bd94232050364c81d61a2d15e147209,1.0,0x23435b770cbf47bc5868eb998610d43f973d0597,0xdac3758f649449ca21ee02ea272b8ae920fa7c06,Reental-MIA-1
0xf5fe1e20db891f8c12e6e061b09289588524a148c7f8776dc084d355a867d518,0x093984f85f980479172fb96982f79c418ac730f7,3.00020078,0xb05725425c80808329a5c8acdee4c79aef648300,0x23435b770cbf47bc5868eb998610d43f973d0597,Reental-RDO-6
0x0d2f6153bc14ed3f4e390d6fa498d6c0cb87285266a45c3499025871300b09f9,0xa0d99b441a9a5e334b234f31a92b97fa8d663626,5.0,0xc1213762f0b2010721e34a7d3a4e6742f836b462,0x23435b770cbf47bc5868eb998610d43f973d0597,Reental-YCT-2
0xc7d927ab1fcc3250920b98d48d3f8069ee6261ca896f587d24b66d996e415ed4,0xa0d99b441a9a5e334b234f31a92b97fa8d663626,5.0,0x23435b770cbf47bc5868eb998610d43f973d0597,0xb64fbeef6b52207a4648308c56b84432b16e9b0f,Reental-YCT-2
0x1a8e379e0ba4912275143c8e6a2dcd69c891f05f871c073c3bc00627e9212553,0x2f1026ff5bd94232050364c81d61a2d15e147209,1.0,0x23435b770cbf47bc5868eb998610d43f973d0597,0x8042d82d16405de78e477526e66d4602360cad3a,Reental-MIA-1
0x124536a9376fa47415bab366551bc9790141f1086807aaee037866344ea2a729,0x093984f85f980479172fb96982f79c418ac730f7,3.00020078,0x23435b770cbf47bc5868eb998610d43f973d0597,0xc8d87578f9c7005020d82625693ab46932d6491a,Reental-RDO-6
0xd2ab8ff0e9e07b662dd1e147021594d3a972b70a7309f85f7a1aa255660b541f,0x8a96bf9aa5812ce957aed1f554065b64a545c88a,5.0,0x5693a921fc4517bda34437e6d95333b693a661a6,0x23885a92d9b48759afbf750b6089afe83e7cc516,Reental-VLC-12
0xdbcec83f923523ba9b9f4eaa6c5bc09d346a457f20ae9a69522d12f3e56491e1,0x2a8bbc241849431e9cc7c4dbea9c05dfac2de553,1.0,0xb05725425c80808329a5c8acdee4c79aef648300,0x23885a92d9b48759afbf750b6089afe83e7cc516,Reental-GRX-3
0xc868e377a6c9793c51b1843472ede8dc64c1d6e014b5dfb346757108cd1f8058,0x33be67454ae817337db15877fd4106c5cd5206c5,5.0,0x94264445fb3d0cd4f90e2e641ca1bd2a01e5c65a,0x23885a92d9b48759afbf750b6089afe83e7cc516,Reental-MLG-5
0x2b78a9f0eba0ff63eb8bcbc3ce69ad78f2c2a3364a8b39bfbb8b86bedc82a5d8,0xaca38d593f7775334fa1b84a865f19396f62f760,1.0,0xbb5c220d202fd05c696ed73c18e9db175e7a7a5a,0x23885a92d9b48759afbf750b6089afe83e7cc516,Reental-MLG-6
0x8e2178a5622e1f5f3f4708f13cfa7cf8be805a53352d11ff7cb7bc051f8d5f23,0x33be67454ae817337db15877fd4106c5cd5206c5,5.0,0x94264445fb3d0cd4f90e2e641ca1bd2a01e5c65a,0x23885a92d9b48759afbf750b6089afe83e7cc516,Reental-MLG-5
0x5bee50f99aca67924869e8a2ec20261d93d494aa3d02045ac715a1f14c57c10d,0x7cb85443eab0851d9b4558db23e1026af07c700d,2.0,0xf3b9739ed70e548f8e30e81746c80bc6c74edd1a,0x23885a92d9b48759afbf750b6089afe83e7cc516,Reental-RET-2
0x34ff3e5af6032c0ee77563aec6066994d3a6cac3fe47f060ead16dc347ebd35f,0x7cb85443eab0851d9b4558db23e1026af07c700d,1.78258148,0x7347acc3c0a67f0d089579208cb4fd1e47ac7b13,0x23885a92d9b48759afbf750b6089afe83e7cc516,Reental-RET-2
0x2336d5114654a9fc4833baa86187d3724bb9475b775d011762b9fe1795805914,0x754f5b74e2639cef67fecec03f4d698470bdc92f,1.0,0x302edd75481c8f1607bf24d500ac6ae506625fe8,0x23885a92d9b48759afbf750b6089afe83e7cc516,Reental-ABD-1
0xac1747799db4bb759b97b91236905977dd22460d3872adab7eabe58aebc42f8f,0x243e4bacc4b4d61b87816c945544286eb29125c6,5.10136135,0x67ac0b7b667d3a266ef70e0e054d14825217794c,0x23885a92d9b48759afbf750b6089afe83e7cc516,Reental-CME-1
0xfba7b0eeea7ead054a181dded5d7a83a105ce47bfde706332e3cb17fd6ef29b1,0x33be67454ae817337db15877fd4106c5cd5206c5,1.41302291,0xa3804d27c0d8386b9d4218f5e59ccfa778b59e6a,0x23885a92d9b48759afbf750b6089afe83e7cc516,Reental-MLG-5
0xf6f080f6d2428edf88e4d3219384cbb5a500c2ef685ef6810753492effc44fda,0x33be67454ae817337db15877fd4106c5cd5206c5,5.0,0x94264445fb3d0cd4f90e2e641ca1bd2a01e5c65a,0x23885a92d9b48759afbf750b6089afe83e7cc516,Reental-MLG-5
0xa2d5d7d30cc0c79b02f8ac0cf52ed5584361a147c54281943d09266ec1e8af0a,0x33be67454ae817337db15877fd4106c5cd5206c5,3.28906763,0x8042d82d16405de78e477526e66d4602360cad3a,0x23885a92d9b48759afbf750b6089afe83e7cc516,Reental-MLG-5
0x1ea4b23de1f79b9ff7e0d0548cfcce52aea1e804e536c373abe4920bdca580df,0x7469b9381bfa8a34bef9dfaad03d75f60947f957,0.26833144,0x2435467d98d22f321c0c81ac18aa7deced9ff464,0x6f14249fe1388870bcc1ef67156bfc9f5704010a,Reental-CDP-3
0x8119e8df5b19cd6019213d674908fad12445052f2c2e9a9c569d7ddfc52738e7,0xb0825e7a4093d21ed076883f8aca33300631291e,1.00111119,0x974223f5b652122c80768b6cba61fd2daf1a852d,0x2435467d98d22f321c0c81ac18aa7deced9ff464,Reental-MIA-3
0xa3719ca552fef490b815f3852e751c528fd1d29360476ae3d4eba51e1f9c922c,0xf1ec7e14489683babdb9299e5f9908d19a8759dc,3.00088296,0x29f75cf7db0e8a711ee1345fc4606d376812b0b7,0x2435467d98d22f321c0c81ac18aa7deced9ff464,Reental-MIA-2
0x11e41439bee45d363d7e581cafcc5d3af753fe903a1208be0c9749a52dad310a,0x55fe4ba4f47410802fb84f2d635098dade71e551,0.46644912,0xcd650c9be67dcf3aa10debbefc4e3be1d89f83ca,0x245ec0965be76427f84c9b727d8f230301d6e54e,Reental-OND-2
0x89fc0a9e18cbcc33680b6a733b07f43f843f9b7429104fef441ba6f4e0ae417a,0xfd0ea97747f7b1a53ec59ef5001616cde3aead3e,5.0,0x245ec0965be76427f84c9b727d8f230301d6e54e,0x4ed1d500e66ad8c592d4660dbf4c178475d03e74,Reental-CLVM-2
0xe02eb4dcd2ec548e8553dda6a0bbe889b20f70c94c04179bef79f77035d4bf2b,0xfd0ea97747f7b1a53ec59ef5001616cde3aead3e,6.0,0x245ec0965be76427f84c9b727d8f230301d6e54e,0xc4b5b82143eedab80c7c9edd912b3f746dd7151c,Reental-CLVM-2
0xf64d7eae9215fa3b846fe7b9aca1739117ec7c39cedece855bdb42010622a2e0,0x6b4fa3c69e62f8f03dc018b57efa74d560462210,5.0,0x245ec0965be76427f84c9b727d8f230301d6e54e,0x9d3ee93ffd1b685399ec8f905e67173d16e9ea26,Reental-MAYA-1
0xa5b197bceb176d52f201bb2f6d6b96f391d818841ed1cd49472020d08d3ce48e,0xfd0ea97747f7b1a53ec59ef5001616cde3aead3e,10.0,0x245ec0965be76427f84c9b727d8f230301d6e54e,0xf4baf08aee50b3ff26ee76334e8d25d08bdf719f,Reental-CLVM-2
0x7e2d15abb20c3f33418e10f22f87f7839993ed492134e5846aa92069b269d046,0xfd0ea97747f7b1a53ec59ef5001616cde3aead3e,5.0,0x245ec0965be76427f84c9b727d8f230301d6e54e,0xf4baf08aee50b3ff26ee76334e8d25d08bdf719f,Reental-CLVM-2
0x7791f3db5be8617642f3618c37d577dc7be631ad043c9aeb9fa79f763a7befb3,0x6b4fa3c69e62f8f03dc018b57efa74d560462210,5.0,0x245ec0965be76427f84c9b727d8f230301d6e54e,0xf8eb35cd541daa06344357239ef3e594459128fe,Reental-MAYA-1
0xb862483ede6b0bab9135067c4d888910646e724ab84d15279e07831d128a54b3,0x6b4fa3c69e62f8f03dc018b57efa74d560462210,5.0,0x245ec0965be76427f84c9b727d8f230301d6e54e,0x4ea686d768703965dbf537ffc4ab04047a83c1d0,Reental-MAYA-1
0xde24806f037a6c81f2d2c9b29302b2f8c298d67539164725ad4fd29a1175e70b,0x6b4fa3c69e62f8f03dc018b57efa74d560462210,6.0,0x245ec0965be76427f84c9b727d8f230301d6e54e,0x4ea686d768703965dbf537ffc4ab04047a83c1d0,Reental-MAYA-1
0xafa6dc8ffdff11a3e01843d398f83a8b054c348d3132226e95af8bd39115de62,0x6b4fa3c69e62f8f03dc018b57efa74d560462210,5.0,0x245ec0965be76427f84c9b727d8f230301d6e54e,0x69dc3560c89f1dedb4106c9526efe43d638a9eb0,Reental-MAYA-1
0xa5aa3c70239ff8dcbac9a17f8adaade27cbd4aab80e26e14140bd768084408da,0x6b4fa3c69e62f8f03dc018b57efa74d560462210,5.0,0x245ec0965be76427f84c9b727d8f230301d6e54e,0x4ea686d768703965dbf537ffc4ab04047a83c1d0,Reental-MAYA-1
0x881ca7a7328eb4999b7bfe94fb160e177579cbf92ca643acd9421452d27c407d,0x6b4fa3c69e62f8f03dc018b57efa74d560462210,5.0,0x245ec0965be76427f84c9b727d8f230301d6e54e,0x922e21af5c912a6c2283cd1a792bd52ba6523149,Reental-MAYA-1
0x5598b2365f5af2a021c72095e6e1a7a6c883bf8a13282cfafaff9df42c10c016,0x6b4fa3c69e62f8f03dc018b57efa74d560462210,6.0,0x245ec0965be76427f84c9b727d8f230301d6e54e,0x3903f6e74c9c6eb235e22efe48001058fbbe2e4c,Reental-MAYA-1
0x1a439a315a0ddf2e44e5cc287511487685ddc71b2da1d0458c50e4ca37e9554e,0x6b4fa3c69e62f8f03dc018b57efa74d560462210,5.0,0x245ec0965be76427f84c9b727d8f230301d6e54e,0x739ff109c9dad8216f49d6d66607e5ac24f79714,Reental-MAYA-1
0xc05134c01db9a1722ea03f8fc444893fad56c82ca16c1a663b764c18979b4144,0xfd0ea97747f7b1a53ec59ef5001616cde3aead3e,5.0,0x245ec0965be76427f84c9b727d8f230301d6e54e,0xaa45ef704b487212613ebf77c5ffa3207810915d,Reental-CLVM-2
0xf8dfa1c89d26adc75f725b3a96871463e7b4cbbd85242a7e1c1c1aef5e686c83,0x3b7455335fc7c3839167ed8fc173405908ffdf15,5.0,0x245ec0965be76427f84c9b727d8f230301d6e54e,0xa6e1fce977d48f02627df4a5dae63ca1b6591478,Reental-TLM-2
0xb1589bdd87fa9897a7870546bfee6e61b25df7b34478ce3b42ec14cecd9086db,0x3b7455335fc7c3839167ed8fc173405908ffdf15,5.9921,0x245ec0965be76427f84c9b727d8f230301d6e54e,0xb64fbeef6b52207a4648308c56b84432b16e9b0f,Reental-TLM-2
0x430d1e2605ad202a3e59bc4ede267076afaddf06f3bd2f09a8cf71c175f3f679,0x6b4fa3c69e62f8f03dc018b57efa74d560462210,7.0,0x245ec0965be76427f84c9b727d8f230301d6e54e,0x58523dfd74b30d6f9230e782674bb438bcfd8622,Reental-MAYA-1
0x60fce38840c4e75996174467d120d95f75ace5f7b4f847372c69e505ff8629db,0x6b4fa3c69e62f8f03dc018b57efa74d560462210,6.0,0x245ec0965be76427f84c9b727d8f230301d6e54e,0x591b968283ad9db35478f8f6e0310c05496432db,Reental-MAYA-1
0xb538d206c3676083cfa6dfa087e845591c65001536fd5f9a0ac6acdee05f08dc,0x6b4fa3c69e62f8f03dc018b57efa74d560462210,5.0,0x245ec0965be76427f84c9b727d8f230301d6e54e,0x58523dfd74b30d6f9230e782674bb438bcfd8622,Reental-MAYA-1
0xe9a69eff32b6f653d643d420182da91c98ad72774742f4def0ccaf0e318e444e,0x6b4fa3c69e62f8f03dc018b57efa74d560462210,6.0,0x245ec0965be76427f84c9b727d8f230301d6e54e,0x5d1400e13c875bdba24fff07d1f928b5a566bc94,Reental-MAYA-1
0xd6a0a6dba3755ce75085203e5c3369ed6d32f7a51b9a0a5d3584476b0ba9b02c,0x6b4fa3c69e62f8f03dc018b57efa74d560462210,8.0,0x245ec0965be76427f84c9b727d8f230301d6e54e,0x60dee03e9ca48311121206cff81e5db217981871,Reental-MAYA-1
0x84063f71bc53d359b2642091e761f4490b8a04ca5adf2182f4ba83594e629c62,0x6b4fa3c69e62f8f03dc018b57efa74d560462210,7.0,0x245ec0965be76427f84c9b727d8f230301d6e54e,0xb64fbeef6b52207a4648308c56b84432b16e9b0f,Reental-MAYA-1
0x5b294dc0bc184c570201ba2848e4882682c1286b7ecbe563f15ec6a5d1609218,0x6b4fa3c69e62f8f03dc018b57efa74d560462210,12.0,0x245ec0965be76427f84c9b727d8f230301d6e54e,0xc76d16142b13f2497a0d820bef503c4403970879,Reental-MAYA-1
0xaa69175a947391a38d46ad513867b7124e4525db63e6fce390b9ce95616bb06c,0x6b4fa3c69e62f8f03dc018b57efa74d560462210,7.0,0x245ec0965be76427f84c9b727d8f230301d6e54e,0xb64fbeef6b52207a4648308c56b84432b16e9b0f,Reental-MAYA-1
0x6db152f9df707a89850a0d47fe5e00da07431eb76f1c9096972d52bc346b477a,0x6b4fa3c69e62f8f03dc018b57efa74d560462210,7.0,0x245ec0965be76427f84c9b727d8f230301d6e54e,0xb64fbeef6b52207a4648308c56b84432b16e9b0f,Reental-MAYA-1
0x054021f9b0a49f18254a6c77dc6f1442693114ebc8323de2d6c3c7ec195ad84f,0x6b4fa3c69e62f8f03dc018b57efa74d560462210,8.0,0x245ec0965be76427f84c9b727d8f230301d6e54e,0xaa45ef704b487212613ebf77c5ffa3207810915d,Reental-MAYA-1
0xef65b727a551888ee9fcdb89aa301a0133aa67a1445c5e37f8f76fd5873bd4de,0x6b4fa3c69e62f8f03dc018b57efa74d560462210,8.0,0x245ec0965be76427f84c9b727d8f230301d6e54e,0x9428615c36a8ab5fb744b3b460960d4a4a86f7b4,Reental-MAYA-1
0x0b48316faaba82b49d4d9bd70cdc0f8895fbd0992cea277dabc16127896dd7a4,0x6b4fa3c69e62f8f03dc018b57efa74d560462210,9.0,0x245ec0965be76427f84c9b727d8f230301d6e54e,0xfb8482d3a050b09d9dd3d3fb44e858864ef649f8,Reental-MAYA-1
0xf4f9e0c79844c3190cc2bfc8c8a3bb9f9f76511434aa4848af13c186528f7651,0x6b4fa3c69e62f8f03dc018b57efa74d560462210,8.0,0x245ec0965be76427f84c9b727d8f230301d6e54e,0x78f79ab9849fee3335a2a65c5bfa03167ae7ec4e,Reental-MAYA-1
0xc08f5d46fc9b21a931b06a0c646df9385be6122a32ec912e906c3e570dd99e37,0x6b4fa3c69e62f8f03dc018b57efa74d560462210,9.0,0x245ec0965be76427f84c9b727d8f230301d6e54e,0xb64fbeef6b52207a4648308c56b84432b16e9b0f,Reental-MAYA-1
0x618d9ea184d7b3b79134176a21f076dde15945a8e4b3748fee25642682ab00f6,0x6b4fa3c69e62f8f03dc018b57efa74d560462210,9.0,0x245ec0965be76427f84c9b727d8f230301d6e54e,0xb9d51bd88e0d00181eda72d3ba87c64f6e932ddc,Reental-MAYA-1
0xbcf078e36fee995bb584eb79b9f43f4d06ca101974064ddb9280830a4c99dfd7,0x6b4fa3c69e62f8f03dc018b57efa74d560462210,9.0,0x245ec0965be76427f84c9b727d8f230301d6e54e,0xb64fbeef6b52207a4648308c56b84432b16e9b0f,Reental-MAYA-1
0x122aa80bd77687951327c12493215a527177d8e2cf90c4690acaf67c2063ae83,0x6b4fa3c69e62f8f03dc018b57efa74d560462210,8.0,0x245ec0965be76427f84c9b727d8f230301d6e54e,0x384e7aaa8917f3e2d32faab649c2d41917c739cc,Reental-MAYA-1
0x6c03b237ba8bae8149ec5d04dfeb9d9d82c22fae5d90c6bb593ae6742779916d,0x6b4fa3c69e62f8f03dc018b57efa74d560462210,9.0,0x245ec0965be76427f84c9b727d8f230301d6e54e,0x8a7ccf8e2c6ccf18dc43ca4191a59506e27d0047,Reental-MAYA-1
0x343a861f50c945f208996a9d8dac46a6007bcf305b9ac2da99133262f6b136a0,0x6b4fa3c69e62f8f03dc018b57efa74d560462210,10.0,0x245ec0965be76427f84c9b727d8f230301d6e54e,0x8a7ccf8e2c6ccf18dc43ca4191a59506e27d0047,Reental-MAYA-1
0x4b7ca240e4827ede328d354a0f03f3e6be7dcc693b6533279121616fabbb52ce,0x6b4fa3c69e62f8f03dc018b57efa74d560462210,10.0,0x245ec0965be76427f84c9b727d8f230301d6e54e,0x75ddc05b408d2d4a310e139179cd27c78a6d473a,Reental-MAYA-1
0x43847aeb980285d27dd2dac4a482e1844d0d92f09f7aefc1841c56c5f69c704e,0x6b4fa3c69e62f8f03dc018b57efa74d560462210,12.0,0x245ec0965be76427f84c9b727d8f230301d6e54e,0xed8b7c97a359845162cf0d6e6c63c74bff09574b,Reental-MAYA-1
0x79325940003137db430a2f8bc7ca237552bf7140984c2fbad40c5414b433dd00,0x6b4fa3c69e62f8f03dc018b57efa74d560462210,12.0,0x245ec0965be76427f84c9b727d8f230301d6e54e,0xba9e9281a9adf656191724f7bef219c96e498b29,Reental-MAYA-1
0x076855c2c0292a6f0fb9af8231d6a57f6056ee86db59525d8291bc35e99bcb1b,0x6b4fa3c69e62f8f03dc018b57efa74d560462210,12.0,0x245ec0965be76427f84c9b727d8f230301d6e54e,0x90d5f0db43c5f0be2849097c0cd2afaec66356e8,Reental-MAYA-1
0xa6adac2c5474491c18676647725a1d8fd6340cbae7b840c8968b5353d2cc78b4,0x6b4fa3c69e62f8f03dc018b57efa74d560462210,10.0,0x245ec0965be76427f84c9b727d8f230301d6e54e,0x75ddc05b408d2d4a310e139179cd27c78a6d473a,Reental-MAYA-1
0x6ff466a1330b0028400328c46e0af48bbc083feeb9773e9393d8429ff2490171,0x6b4fa3c69e62f8f03dc018b57efa74d560462210,7.0,0x245ec0965be76427f84c9b727d8f230301d6e54e,0x75ddc05b408d2d4a310e139179cd27c78a6d473a,Reental-MAYA-1
0xa245d3373b5c7f5a0e19e3c974c3974c1e69af3495ceb4d73139e354de1f95be,0x6b4fa3c69e62f8f03dc018b57efa74d560462210,6.0,0x245ec0965be76427f84c9b727d8f230301d6e54e,0xc8d87578f9c7005020d82625693ab46932d6491a,Reental-MAYA-1
0xd27a71608b968a057e5f9563417d2855bf04d442b657d25e674573cd894dfaa3,0x6b4fa3c69e62f8f03dc018b57efa74d560462210,9.0,0x245ec0965be76427f84c9b727d8f230301d6e54e,0xb64fbeef6b52207a4648308c56b84432b16e9b0f,Reental-MAYA-1
0xc65b29439b529ea14bc845e7c62362d51faaa9e9db1d5fe2f5e6511e803ed4f8,0x6b4fa3c69e62f8f03dc018b57efa74d560462210,4.0,0x245ec0965be76427f84c9b727d8f230301d6e54e,0x9428615c36a8ab5fb744b3b460960d4a4a86f7b4,Reental-MAYA-1
0x6118adf1dac00038e4a14aaa133fec1b9e34f92dc2b21ee30b992a6651d89562,0x6b4fa3c69e62f8f03dc018b57efa74d560462210,4.0,0x245ec0965be76427f84c9b727d8f230301d6e54e,0xb794cda2cb82b55acde628f5ba71794af9cfbf3f,Reental-MAYA-1
0x6325807290b2870aab8e3cf8035dd065f4df153c3f35426b03e882e7862d1eb0,0x6b4fa3c69e62f8f03dc018b57efa74d560462210,5.0,0x245ec0965be76427f84c9b727d8f230301d6e54e,0xc8d87578f9c7005020d82625693ab46932d6491a,Reental-MAYA-1
0x66de8aa112a885e2342c2200ee71b63c661d4571eca4b8e318e6ce165cea33d3,0x6b4fa3c69e62f8f03dc018b57efa74d560462210,3.0,0x245ec0965be76427f84c9b727d8f230301d6e54e,0xc8d87578f9c7005020d82625693ab46932d6491a,Reental-MAYA-1
0x77979c5ba83ef1a0258f5c84ed2437c18ea7f4f6151c588b5f1aa2edc64d5017,0x6b4fa3c69e62f8f03dc018b57efa74d560462210,5.0,0x245ec0965be76427f84c9b727d8f230301d6e54e,0x8042d82d16405de78e477526e66d4602360cad3a,Reental-MAYA-1
0xb10cdc1cbecdeb787727935166d60eb6ac2fb9265599c86e5e03727728166416,0x6b4fa3c69e62f8f03dc018b57efa74d560462210,5.0,0x245ec0965be76427f84c9b727d8f230301d6e54e,0x8c44bde75104a91651cc0040b5082c7b4d15a378,Reental-MAYA-1
0xe5410ad0ee057216274f6059c3b0b369b5bb62854cb4730c81303a0f80c14c68,0x6b4fa3c69e62f8f03dc018b57efa74d560462210,5.0,0x245ec0965be76427f84c9b727d8f230301d6e54e,0xb64fbeef6b52207a4648308c56b84432b16e9b0f,Reental-MAYA-1
0xade474f2ef0ff3dc82d0b27c844161bcf0f2cbe3ec110825a88863f2ffb24244,0x6b4fa3c69e62f8f03dc018b57efa74d560462210,6.0,0x245ec0965be76427f84c9b727d8f230301d6e54e,0x4ed1d500e66ad8c592d4660dbf4c178475d03e74,Reental-MAYA-1
0x7bbc12cc4827bbea7402e014ca8e539efcb950e606f9d43b8b60f54024187656,0x6b4fa3c69e62f8f03dc018b57efa74d560462210,6.0,0x245ec0965be76427f84c9b727d8f230301d6e54e,0x3d77d26098f5ad3544a4d7407172f809d5e67472,Reental-MAYA-1
0x1c15cc27c235a2505d93fa082ac1fa542e859b53643664bdf82a1717c227f08c,0x6b4fa3c69e62f8f03dc018b57efa74d560462210,6.0,0x245ec0965be76427f84c9b727d8f230301d6e54e,0xb64fbeef6b52207a4648308c56b84432b16e9b0f,Reental-MAYA-1
0x6bcf3e8ac23b2aab211bcfa2d58e203ee45bc2c068ea362ba99e702af7aef078,0x6b4fa3c69e62f8f03dc018b57efa74d560462210,9.0,0x245ec0965be76427f84c9b727d8f230301d6e54e,0x384e7aaa8917f3e2d32faab649c2d41917c739cc,Reental-MAYA-1
0x9725575c58d58c85cbb4366b82c5638a46acb6d49f47d82ee3e58106da0fd8e7,0x6b4fa3c69e62f8f03dc018b57efa74d560462210,11.0,0x245ec0965be76427f84c9b727d8f230301d6e54e,0xb64fbeef6b52207a4648308c56b84432b16e9b0f,Reental-MAYA-1
0x3750521df8202e8c747415eb132bd1a2857a84504601084e974bebaa94fea4bf,0x6b4fa3c69e62f8f03dc018b57efa74d560462210,10.0,0x245ec0965be76427f84c9b727d8f230301d6e54e,0xddd162967b4762091145e075a6bd9d534f333209,Reental-MAYA-1
0x57ff3208946b718b5515a2bf7bf9d4949b0bde5952ef5db3827f63a05351223a,0x820380fea111509a38297fa2971eee5b41a5aeca,1.59852418,0x245ec0965be76427f84c9b727d8f230301d6e54e,0x8a7ccf8e2c6ccf18dc43ca4191a59506e27d0047,Reental-RDO-3
0x47638af2c356a8bba1601382d61d8bd27558948edece362bd9b5912748130e3a,0x6b4fa3c69e62f8f03dc018b57efa74d560462210,4.0,0x245ec0965be76427f84c9b727d8f230301d6e54e,0xb64fbeef6b52207a4648308c56b84432b16e9b0f,Reental-MAYA-1
0x3ad3176b35d59f18ee78e1d6940b7e775ab8875040e50304fd3c45dae10b9a96,0xfd0ea97747f7b1a53ec59ef5001616cde3aead3e,2.0,0x245ec0965be76427f84c9b727d8f230301d6e54e,0xa3804d27c0d8386b9d4218f5e59ccfa778b59e6a,Reental-CLVM-2
0x6f5ef30e8e0c92d16fa5f407eb18ff5fa36d3ffb30515ec7a11f7f8830096e00,0x6b4fa3c69e62f8f03dc018b57efa74d560462210,5.0,0x245ec0965be76427f84c9b727d8f230301d6e54e,0x922e21af5c912a6c2283cd1a792bd52ba6523149,Reental-MAYA-1
0x0b0d3740d7ac7478d93af889e374735f3026973965760124f9aa7a5a5afab9bb,0xfd0ea97747f7b1a53ec59ef5001616cde3aead3e,3.0,0x245ec0965be76427f84c9b727d8f230301d6e54e,0xb64fbeef6b52207a4648308c56b84432b16e9b0f,Reental-CLVM-2
0x3787a49b4385b07e12ee2a2490d754950b25f36f5e8240bc83080b07d7ccbb07,0x6b4fa3c69e62f8f03dc018b57efa74d560462210,6.0,0x245ec0965be76427f84c9b727d8f230301d6e54e,0xc1213762f0b2010721e34a7d3a4e6742f836b462,Reental-MAYA-1
0xc6daa4882680706c661dc45de73ffe377b69b89aa67a6ca29e64044c20639174,0x6b4fa3c69e62f8f03dc018b57efa74d560462210,5.0,0x245ec0965be76427f84c9b727d8f230301d6e54e,0x4ea686d768703965dbf537ffc4ab04047a83c1d0,Reental-MAYA-1
0xb70d5ee7926f276bd9ce1fa0e536d446c30a9e1cad50330d3c54751b865fd810,0x6b4fa3c69e62f8f03dc018b57efa74d560462210,23.847335,0x245ec0965be76427f84c9b727d8f230301d6e54e,0xb64fbeef6b52207a4648308c56b84432b16e9b0f,Reental-MAYA-1
0xdf12166e1263ba53f49d6c0d3434e601753850732e6c945dcf01c3f16d9c7ad7,0xfd0ea97747f7b1a53ec59ef5001616cde3aead3e,2.0,0x245ec0965be76427f84c9b727d8f230301d6e54e,0xa3804d27c0d8386b9d4218f5e59ccfa778b59e6a,Reental-CLVM-2
0x87eff9b350c805990bedfbd2cb6699f770eaffe249440b6f54117f7789826c6b,0xfd0ea97747f7b1a53ec59ef5001616cde3aead3e,2.0,0x245ec0965be76427f84c9b727d8f230301d6e54e,0x8042d82d16405de78e477526e66d4602360cad3a,Reental-CLVM-2
0x162dcd1b81ec419a11116196c97330bf455772e3f178dee1a6d85721d2e6ba3c,0xfd0ea97747f7b1a53ec59ef5001616cde3aead3e,3.0,0x245ec0965be76427f84c9b727d8f230301d6e54e,0x8b064b79f1f26009e2b1e35ae8e55eb04d5bec6c,Reental-CLVM-2
0x6f898d6c8ff04feee4bff9efcf8440ea21fbc933651843213ec2b9091e3f41c1,0xfd0ea97747f7b1a53ec59ef5001616cde3aead3e,2.0,0x245ec0965be76427f84c9b727d8f230301d6e54e,0x8b064b79f1f26009e2b1e35ae8e55eb04d5bec6c,Reental-CLVM-2
0x25acf9bd97c7a67f9dc1b2940a64c9c9213b17168ff3f9a7ad4eaf11127f36f4,0xfd0ea97747f7b1a53ec59ef5001616cde3aead3e,3.0,0x245ec0965be76427f84c9b727d8f230301d6e54e,0x8b064b79f1f26009e2b1e35ae8e55eb04d5bec6c,Reental-CLVM-2
0x587a274727ba943cea235272420c9a723024c90170de310c47c656bd966a10c5,0xfd0ea97747f7b1a53ec59ef5001616cde3aead3e,2.0,0x245ec0965be76427f84c9b727d8f230301d6e54e,0xf4baf08aee50b3ff26ee76334e8d25d08bdf719f,Reental-CLVM-2
0x886fb0a39a1ff33de2ab22f8b7a317db706acb7cd72cbb559909844f6fe398eb,0xfd0ea97747f7b1a53ec59ef5001616cde3aead3e,2.0,0x245ec0965be76427f84c9b727d8f230301d6e54e,0xee21cb5ad21b519849e2a14c1555ca9e00a4f67f,Reental-CLVM-2
0xd898c8d87a8f44d999259b96abbbb49612d5fda17ca72e0fe35ceed3bfb5d31c,0xfd0ea97747f7b1a53ec59ef5001616cde3aead3e,2.0,0x245ec0965be76427f84c9b727d8f230301d6e54e,0x8042d82d16405de78e477526e66d4602360cad3a,Reental-CLVM-2
0x8bfc0bb577723e465a8f8930b06a93deb81496d9fe5169f48d51be5398eefb7d,0xfd0ea97747f7b1a53ec59ef5001616cde3aead3e,4.0,0x245ec0965be76427f84c9b727d8f230301d6e54e,0x8042d82d16405de78e477526e66d4602360cad3a,Reental-CLVM-2
0xc9bf209c7f24c9f6899ef8b0621dc783f4573261b72a7a9ecb36d88bb0e3933b,0xfd0ea97747f7b1a53ec59ef5001616cde3aead3e,2.0,0x245ec0965be76427f84c9b727d8f230301d6e54e,0x95bcb7708bc6efeaf79545c0fb18ffae793f0bcd,Reental-CLVM-2
0x6485556503d9523c48490066e3edc7057662d82eb8f528d1f1aae09601f5abd1,0xfd0ea97747f7b1a53ec59ef5001616cde3aead3e,3.0,0x245ec0965be76427f84c9b727d8f230301d6e54e,0x95bcb7708bc6efeaf79545c0fb18ffae793f0bcd,Reental-CLVM-2
0xe2e980ee3b6ad75dc9f54c1531b03b7c6033e4aa720bbcf6422b2485974acfd7,0xfd0ea97747f7b1a53ec59ef5001616cde3aead3e,3.0,0x245ec0965be76427f84c9b727d8f230301d6e54e,0xc8d87578f9c7005020d82625693ab46932d6491a,Reental-CLVM-2
0x295f705ce750674ca866d1743b50b5585b78546ab8092c3847ee7ebeaa49415e,0xfd0ea97747f7b1a53ec59ef5001616cde3aead3e,4.0,0x245ec0965be76427f84c9b727d8f230301d6e54e,0xc8d87578f9c7005020d82625693ab46932d6491a,Reental-CLVM-2
0xfc72784f089c2400ceab13fab65180d32e3935a893bfd06a01b21f5c5224e247,0xfd0ea97747f7b1a53ec59ef5001616cde3aead3e,5.0,0x245ec0965be76427f84c9b727d8f230301d6e54e,0xc8d87578f9c7005020d82625693ab46932d6491a,Reental-CLVM-2
0x082c878dce3b0343f6ec56dcc03134c0c58b6e1f8feaabc162cf381f78fa3731,0xfd0ea97747f7b1a53ec59ef5001616cde3aead3e,5.0,0x245ec0965be76427f84c9b727d8f230301d6e54e,0xc8d87578f9c7005020d82625693ab46932d6491a,Reental-CLVM-2
0x071bcc6da086706e0adfa6b63c230bb02e799034c8496a468729fd7eeddb3440,0xfd0ea97747f7b1a53ec59ef5001616cde3aead3e,5.0,0x245ec0965be76427f84c9b727d8f230301d6e54e,0xc8d87578f9c7005020d82625693ab46932d6491a,Reental-CLVM-2
0xd3daaa96d2240a93f7363e631b5b2848d9fb4228304393eb09b7ea0b28fd6c01,0xfd0ea97747f7b1a53ec59ef5001616cde3aead3e,5.0,0x245ec0965be76427f84c9b727d8f230301d6e54e,0x8042d82d16405de78e477526e66d4602360cad3a,Reental-CLVM-2
0x84fd94b171fa2ac70f697165da022e3e3e32f646341bc1261fe88af4652933da,0xbaea3b53056d42c763d14bef94b39ada218c2dbd,1.0,0x245ec0965be76427f84c9b727d8f230301d6e54e,0xc8d87578f9c7005020d82625693ab46932d6491a,Reental-VLC-7
0x4724396a4b8878e5054c0b4a3ac04d5816ee9ad83907cb94368329ea64d98734,0xfd0ea97747f7b1a53ec59ef5001616cde3aead3e,2.0,0x245ec0965be76427f84c9b727d8f230301d6e54e,0xc8d87578f9c7005020d82625693ab46932d6491a,Reental-CLVM-2
0x3f271b1c2a94485680e248bf68c08e26eb8b7283c250a7cd89b4ec68e42832cb,0xfd0ea97747f7b1a53ec59ef5001616cde3aead3e,6.89665247,0x245ec0965be76427f84c9b727d8f230301d6e54e,0x5366f4aa9bc234316995a4a95b7f6b3d536f759f,Reental-CLVM-2
0xc04dc61b1c811b9e88200ab7c61091291d5c276a0479d5ab19348d9b6b6e43c7,0x7f6b82381bce03e7cf6af2fb1dcd41993406d4ae,0.90881024,0x245ec0965be76427f84c9b727d8f230301d6e54e,0x8b064b79f1f26009e2b1e35ae8e55eb04d5bec6c,Reental-MLG-2
0xbad26d4dd20ffd94082d252c686b23c75641eba14e5f2a74975791a9ce3aaeda,0xe16901dad396fe7b1b77b6d2bd91b2d648e8a762,1.0,0xc79f2a7578d07844d44c4770b0cf5975f4fa8dbc,0x26cb4fdbeadfe4d9541bccd21315dc43b6f219aa,Reental-HOU-3
0x7d05840d34008e8cb5294845dbb2a366be51ea822c4c640159224dbd07c5835f,0x7f6b82381bce03e7cf6af2fb1dcd41993406d4ae,2.0,0xeb4ea3b80a787863c729fc6c28b68c64a5a27089,0x26cb4fdbeadfe4d9541bccd21315dc43b6f219aa,Reental-MLG-2
0x6a3f86f15e66cdb119051a60ae41640816de454bec85a64432e6830a0bef14dd,0x7a7e4dd51d1ca1aa701b0eb76ba5f59cec2fbaa1,1.11511711,0xeb4ea3b80a787863c729fc6c28b68c64a5a27089,0x26cb4fdbeadfe4d9541bccd21315dc43b6f219aa,Reental-MAD-3
0xed855e727c3e4990539d981aa50b0c5c894fdf63654ad9eb7a7dacdce75d5baf,0x68f73061bdf369c2562f4c0ea4e940f362d1a97f,1.0,0xfb8482d3a050b09d9dd3d3fb44e858864ef649f8,0x26cb4fdbeadfe4d9541bccd21315dc43b6f219aa,Reental-ATL-1
0x55519a5d0fcdc36af077b0f1ecb69b889c0d951580004aaae94ac9bfc6a47b1b,0xfd0ea97747f7b1a53ec59ef5001616cde3aead3e,1.0,0xd212a7c928b7a61460d67b96769bb8e38b4a4652,0x26cb4fdbeadfe4d9541bccd21315dc43b6f219aa,Reental-CLVM-2
0xe5fd91714ca2bb67a55c54c8e008e59b5514a11d123c7064484c6210ddf1f34e,0xfd0ea97747f7b1a53ec59ef5001616cde3aead3e,5.0,0x86a8f2c6251b94e6ec9812225056392d5af723c0,0x26cb4fdbeadfe4d9541bccd21315dc43b6f219aa,Reental-CLVM-2
0x88cfcee4cc082bf8713a2900f8bb7ffb16e869d779849c79ecfb866b7f50b34f,0x29fdc3434576e188e8131b2ad9cf94d3b3e71f56,1.0,0xce89063272ecce1cda2086670ff94cbc690b8f5f,0x26cb4fdbeadfe4d9541bccd21315dc43b6f219aa,Reental-MLG-8
0x07e5946afc7270bfb0e2f6cdd053e47c6dc1c4eceeddb442111a5106256bb6fc,0xc48b58aae1fb770a8655e44de960eb7dc84a5de9,5.0,0xc20b4d3f8d4594769cb01fb24b8a4eeaf64866ef,0x26cb4fdbeadfe4d9541bccd21315dc43b6f219aa,Reental-RET-1
0x4f839c12ed4920994819daefe78f96f6efc76e8a32168d6e484c4d841b74a16c,0xc48b58aae1fb770a8655e44de960eb7dc84a5de9,1.0,0xf2a22268c9346a25df4158dec68688a34d369ece,0x26cb4fdbeadfe4d9541bccd21315dc43b6f219aa,Reental-RET-1
0x1a4f058a05dde331ba0f10868759995387880aacc92dff1ec59b3176743a8aed,0xcfc9462da1a6b9664251d78c5d30296220bd1f45,0.8853017,0xa19c4767821f93d392eeefd64868e9e8c914129b,0x26cb4fdbeadfe4d9541bccd21315dc43b6f219aa,Reental-SLA-4
0xb8a490b7a86c86e7a8d4fc9ce0e3c312f240aee06679e704521f3d7392a2a491,0x1998bc7570ae301154e0c3017acbb200b87ad1af,5.0,0x5693a921fc4517bda34437e6d95333b693a661a6,0x26cb4fdbeadfe4d9541bccd21315dc43b6f219aa,Reental-IDX-1
0x1a99cfb6ebfc3e43af34f227505eccbff03c6761b30453c28b8c3ae3b9e2417c,0xfd0ea97747f7b1a53ec59ef5001616cde3aead3e,5.0,0x86a8f2c6251b94e6ec9812225056392d5af723c0,0x26cb4fdbeadfe4d9541bccd21315dc43b6f219aa,Reental-CLVM-2
0x32d9f6c4bf2ff72f6be515c484e8990284611eb15b78e21dae0135663191b2b0,0xc48b58aae1fb770a8655e44de960eb7dc84a5de9,1.0133516,0x11437de83ca3aa147a50b4bbaee67548925b418c,0x26cb4fdbeadfe4d9541bccd21315dc43b6f219aa,Reental-RET-1
0xc638e4df2df2cec9a7b092fd5339c6f93f558e84294f7f7e6fa21f716e578deb,0xf4237a554dcddc007688ffd72046e2b00dc5a905,6.68930266,0xcfef84696c0df6b3f2fa6b780b21551241715f72,0x26cb4fdbeadfe4d9541bccd21315dc43b6f219aa,Reental-MAD-6
0x567b8f8aab9a038e6395f3deee87146aa9e8d08361354c9e84b75541af8ed204,0x5222b24408a3fe2eac65cd505165f7e77f7f2847,5.17871784,0x9dcb37b151f3c77c167a1d7e300440eb6e6ecc7f,0x26cb4fdbeadfe4d9541bccd21315dc43b6f219aa,Reental-MAD-5
0x56f37e1cd97e4fd7f8cde0d97e41da956350a75546fdc67092c87670136983ae,0x29fdc3434576e188e8131b2ad9cf94d3b3e71f56,5.0,0xd212a7c928b7a61460d67b96769bb8e38b4a4652,0x26cb4fdbeadfe4d9541bccd21315dc43b6f219aa,Reental-MLG-8
0xd1d2c63e5131cc8a73484fb29aa651c949463783330a40c0c4ca19cac5dab7ee,0x7cb85443eab0851d9b4558db23e1026af07c700d,2.0659321,0x94264445fb3d0cd4f90e2e641ca1bd2a01e5c65a,0x26cb4fdbeadfe4d9541bccd21315dc43b6f219aa,Reental-RET-2
0xe75eea5ff6594f7f9addc5711e2829a233e1ae7f02a4adaa816674dee5718868,0xc48b58aae1fb770a8655e44de960eb7dc84a5de9,2.1559985,0x221e664b8aa6e4669e2ae39a1295acc7ecb81968,0x26cb4fdbeadfe4d9541bccd21315dc43b6f219aa,Reental-RET-1
0x2fff9e4a836d6f4ec9fa61c16f83cda68b71490a1877f160a46d91b1494cf3de,0xc48b58aae1fb770a8655e44de960eb7dc84a5de9,1.79,0x94264445fb3d0cd4f90e2e641ca1bd2a01e5c65a,0x26cb4fdbeadfe4d9541bccd21315dc43b6f219aa,Reental-RET-1
0x54cb3595850cac1636805b3edd889df1e124ff65169a2e8a3a811f63d6d084f3,0xac6b91d535bdedb731045ed823d2a6c3ad5b5177,5.00998528,0x29f75cf7db0e8a711ee1345fc4606d376812b0b7,0xa8dff2da2254d094624e0f0cbb4eb2008ce19c2e,Reental-OVD-1
0x3ae779a9b6ce69cdac72e67b5ef4b8c5ad55451a7c90026506f6a6d3f9e430eb,0x7469b9381bfa8a34bef9dfaad03d75f60947f957,10.60969581,0x29f75cf7db0e8a711ee1345fc4606d376812b0b7,0xf021a90753fd51994c7d2ae3da9e63fb0e7c0ff3,Reental-CDP-3
0x60710a2075ce1981c22cf466ee49bb446979ab082be910863ce3a54a6164f68a,0xf090b60f731583288e8c7c9d9a80680e35bd63e0,1.37466485,0x29f75cf7db0e8a711ee1345fc4606d376812b0b7,0xaf446f6f480b440afb23340c7684b9811415ed4f,Reental-HOU-1
0x48638c2309a11e195232d3c5a0535124dec8061f881978cb55e12da1bd15ca38,0xe56ff2dff2c2e95511f0bef4b3d92da05e8197c0,5.0,0x29f75cf7db0e8a711ee1345fc4606d376812b0b7,0x99b902d4b63d9703a1357d16f1e24c635c3c2c62,Reental-HOU-2
0x05169bf7e37e96ecbfb722a4633b1be15ada25c6cbbb54d09b18ff1355a08fd5,0xd48b1f302c8eb4a0f691fde99deaa9316d67a7db,4.50213945,0x29f75cf7db0e8a711ee1345fc4606d376812b0b7,0xaf446f6f480b440afb23340c7684b9811415ed4f,Reental-JAX-5
0xf5c4f0c58cbda597a61bd10b353e99bc1601ba405f44af22a33794af1573f3c4,0x8711b4172ed71d2d4f90e3e2f0cb63726acba8e6,5.16486626,0x29f75cf7db0e8a711ee1345fc4606d376812b0b7,0x44493d8db718c2636a9670469270397c65d67955,Reental-JAX-1
0xe4d0f2648dec6cb42a58c6ea23b4b3674aee3c8c07243aa0a3d3f88e63e0bf9a,0xad3e1f50590ef6f323caa0cf43f39d28d1d34144,5.09972883,0x29f75cf7db0e8a711ee1345fc4606d376812b0b7,0xb54d1ee3859a24789d931962b7313bb2a2529785,Reental-JAX-2
0x3ba3e4100b5a9db447d840e7b9d9468bae4154ba8b15d2d546b5adef6430ebd1,0x754f5b74e2639cef67fecec03f4d698470bdc92f,4.0,0x29f75cf7db0e8a711ee1345fc4606d376812b0b7,0x302edd75481c8f1607bf24d500ac6ae506625fe8,Reental-ABD-1
0x0ddb3fb85f73a5c8a3c05ecc7256fc1f2b25abcac12f6f6f78f84d10e63ab721,0x754f5b74e2639cef67fecec03f4d698470bdc92f,5.0,0x29f75cf7db0e8a711ee1345fc4606d376812b0b7,0xd629abe488911a738c1d59854964798865e3bcdb,Reental-ABD-1
0xbc1627c86c89c9e796b609bbafa1407ee403f3c6ed13b69620556f5b16a55fac,0x754f5b74e2639cef67fecec03f4d698470bdc92f,5.0,0x29f75cf7db0e8a711ee1345fc4606d376812b0b7,0xd629abe488911a738c1d59854964798865e3bcdb,Reental-ABD-1
0x286f9f0df7d6644310e0baabec3a3ab90ef16da69b8fc1e27e06719bd2e4e1f8,0x754f5b74e2639cef67fecec03f4d698470bdc92f,5.275,0x29f75cf7db0e8a711ee1345fc4606d376812b0b7,0xd629abe488911a738c1d59854964798865e3bcdb,Reental-ABD-1
0x74ec9a2bdb583bb7a21e0380a87522b988d71406cf16c39e8a53a6b70455d265,0x754f5b74e2639cef67fecec03f4d698470bdc92f,5.0,0x29f75cf7db0e8a711ee1345fc4606d376812b0b7,0xaa7b5dbfb9d5c49a6c0952eda2974d43bb65f0d6,Reental-ABD-1
0x08ebadeb7fe6d5d9ec0a66900b26660b952488b9125757bd50746d383005d6e5,0x754f5b74e2639cef67fecec03f4d698470bdc92f,5.0,0x29f75cf7db0e8a711ee1345fc4606d376812b0b7,0xc8d87578f9c7005020d82625693ab46932d6491a,Reental-ABD-1
0xa1309f7528159eed1ce819e6c332e6f6ae4fa4f386a93efc0cd6e36a427248e2,0x33be67454ae817337db15877fd4106c5cd5206c5,3.96244617,0x29f75cf7db0e8a711ee1345fc4606d376812b0b7,0xc8d87578f9c7005020d82625693ab46932d6491a,Reental-MLG-5
0x858ae480bb3d32b72094271148313aa82341a7dbc21babf60d5ba53dfa58aa7a,0x754f5b74e2639cef67fecec03f4d698470bdc92f,5.0,0x29f75cf7db0e8a711ee1345fc4606d376812b0b7,0xb000aeab63428abddcce87c81027abbf9d027f7d,Reental-ABD-1
0x5dd840eafb736a449280fb32322556a93c939f9ec073b0fa1b4887b0fc04c4fc,0x754f5b74e2639cef67fecec03f4d698470bdc92f,5.0,0x29f75cf7db0e8a711ee1345fc4606d376812b0b7,0xc8d87578f9c7005020d82625693ab46932d6491a,Reental-ABD-1
0x92769f587a7e8e36248e619f5d99f3d0798b27bce2b3f4571ef4da363e8cd5f4,0x754f5b74e2639cef67fecec03f4d698470bdc92f,5.0,0x29f75cf7db0e8a711ee1345fc4606d376812b0b7,0xc8d87578f9c7005020d82625693ab46932d6491a,Reental-ABD-1
0xabeff7404d46e156c67b019374ec3181981303858d5db965be6ab8c934adb5c7,0x754f5b74e2639cef67fecec03f4d698470bdc92f,5.0,0x29f75cf7db0e8a711ee1345fc4606d376812b0b7,0xd8587cb46264d0643f6728af958db226cc1ff578,Reental-ABD-1
0x676c19e52679ce6e37b62f0d64bb9c7596683b0ee51380636ebdcc457eb07a6d,0x754f5b74e2639cef67fecec03f4d698470bdc92f,5.0,0x29f75cf7db0e8a711ee1345fc4606d376812b0b7,0xc8d87578f9c7005020d82625693ab46932d6491a,Reental-ABD-1
0x766a0c39dae5cd62e254c3da03223c5d8a06cba102ab8fd9b1078fffed932421,0x754f5b74e2639cef67fecec03f4d698470bdc92f,4.0,0x29f75cf7db0e8a711ee1345fc4606d376812b0b7,0x302edd75481c8f1607bf24d500ac6ae506625fe8,Reental-ABD-1
0x1e0869b41282990eed307bf623fa5eace68f09fe6a94fad46a30761b32aeb70b,0xaca38d593f7775334fa1b84a865f19396f62f760,1.23780056,0x29f75cf7db0e8a711ee1345fc4606d376812b0b7,0xc8d87578f9c7005020d82625693ab46932d6491a,Reental-MLG-6
0xdc6acf0376608f9b162bcf795dda26d6a8b3871dea2f51e207fd41f455896127,0x875b80a36ae0660f7de4178a49f7672c8447d365,20.11672686,0x625d1200e5869d986ac959572e60869e2a64c43a,0x29f75cf7db0e8a711ee1345fc4606d376812b0b7,Reental-RET-3
0xc5aa4032b3a71e478f17864079f72ce6bb9bd73cdbdda58e59db4de35e510fbc,0x33be67454ae817337db15877fd4106c5cd5206c5,1.0,0xdf50cbf0ea828d6d3fb7b59f905a56ec64d5036d,0x2a9a6c0fbcfe4ba86cd156137ed8db879b3d83f8,Reental-MLG-5
0xcccf6aa8b6704dd80da69b6ee471f1e2a37376aaa2126b49d92475399609a569,0x33be67454ae817337db15877fd4106c5cd5206c5,1.0,0xdf50cbf0ea828d6d3fb7b59f905a56ec64d5036d,0x2a9a6c0fbcfe4ba86cd156137ed8db879b3d83f8,Reental-MLG-5
0x1be2ba1ff08e29a35017b307ed3068615a2c21cd83db6e523c9e84086ba19ce2,0xe56ff2dff2c2e95511f0bef4b3d92da05e8197c0,2.5,0x8a7ccf8e2c6ccf18dc43ca4191a59506e27d0047,0x2b0cc5667f498a5f106485be533e74eaa292e060,Reental-HOU-2
0x3c5ad87d6cf8db47b388e5a1cea49383e254d5725b0c76f3bbdd89a37cda0f40,0xca53dd67cfa553d9e31c377602fb217dff9eadff,1.0,0x3903f6e74c9c6eb235e22efe48001058fbbe2e4c,0x2b80a70d2431794b953ebbff1b976f8ab6cf10d3,Reental-SMA-2
0xbfd95226779e2d887fd9dbf83c5afac7d93c0fd9e28354a56596263c2db68484,0x49b8f29f17a27ae89121642838e37bc8ce77d2f2,1.0,0x985702fb3c75a0f45412dbc1937195c28042d92b,0x2b80a70d2431794b953ebbff1b976f8ab6cf10d3,Reental-SMA-1
0xcb6293fa7d815f8aea6d521dea0d56ec1c1e60d7cf7b3277bdae77d461b81d05,0x8711b4172ed71d2d4f90e3e2f0cb63726acba8e6,1.0,0x985702fb3c75a0f45412dbc1937195c28042d92b,0x2b80a70d2431794b953ebbff1b976f8ab6cf10d3,Reental-JAX-1
0x13d2382a93b9206d768fb4a29ef8515463951010028862443faf04e9c5e64e98,0x8711b4172ed71d2d4f90e3e2f0cb63726acba8e6,1.0,0x985702fb3c75a0f45412dbc1937195c28042d92b,0x2b80a70d2431794b953ebbff1b976f8ab6cf10d3,Reental-JAX-1
0x92a821122b2b1e9a2228e6c9fe25dc93ef2db736ece1da007e7c273bd9c01e95,0xf94ca4e007553917d1f80d013d2544ddfbed555c,1.0,0x922e21af5c912a6c2283cd1a792bd52ba6523149,0x2b80a70d2431794b953ebbff1b976f8ab6cf10d3,Reental-MLG-4
0xf74491f4d5a3acab7a596ea42b6a6e8dd47b68abdc79bbd6fef4d02978a70fab,0x49b8f29f17a27ae89121642838e37bc8ce77d2f2,1.17852738,0xd1aa7e73c79d7faade965ecca298b3a88d9abaea,0x2b80a70d2431794b953ebbff1b976f8ab6cf10d3,Reental-SMA-1
0x565e820c615b7e07d1189798f9c011db4934de3b8e2fc08b628894a28c4e9fbf,0xa1bf01d5fdb5ae190853f49585eea6c910eb8937,1.08569631,0x6107da77b7e200de44af71de2e6dbd5faddfcc8c,0x2b80a70d2431794b953ebbff1b976f8ab6cf10d3,Reental-SVQ-4
0x39a2ccd7ebd7824878ace4c848b81cb0b03d99b12a51b377435509fe619b8966,0x7469b9381bfa8a34bef9dfaad03d75f60947f957,1.0,0x6bd9cbc55bdbab4c5e177c6a4684a6d50c17b378,0x2b80a70d2431794b953ebbff1b976f8ab6cf10d3,Reental-CDP-3
0x27735ac9c770dedc85305d67f0a316b2abc7d12bcb50505898d48a4e0be486ff,0xca53dd67cfa553d9e31c377602fb217dff9eadff,1.0,0x3323939ed80361335e661ac3db104b3ba17c323a,0x2b80a70d2431794b953ebbff1b976f8ab6cf10d3,Reental-SMA-2
0xd6600f0ad0db4a828c2da103dfc07d003323f9be797eb34bdfbd7ad615fb6961,0xac6b91d535bdedb731045ed823d2a6c3ad5b5177,1.0,0x6bd9cbc55bdbab4c5e177c6a4684a6d50c17b378,0x2b80a70d2431794b953ebbff1b976f8ab6cf10d3,Reental-OVD-1
0xc370196004bfae9a530054a22cd058c688dab5a6bcb438daaca46ca1c505fb97,0xca53dd67cfa553d9e31c377602fb217dff9eadff,0.1004759,0x581934593505cb88f61da455cf923b33e4d66f43,0x2b80a70d2431794b953ebbff1b976f8ab6cf10d3,Reental-SMA-2
0xa70e35943a0590d764db39eebea3ee44f56760044b72811bd01f6ba3f862628f,0xe27f1e1d5ef28f560cbd9500342b24dd989635d2,2.0,0x6bd9cbc55bdbab4c5e177c6a4684a6d50c17b378,0x2b80a70d2431794b953ebbff1b976f8ab6cf10d3,Reental-VLC-1
0xfa040b6aa100b748253394d15baab03e23b724119b2460288fc9a6e63814c42e,0x60b3d1920b31da1eedc4e2065ebb7a43a1690113,2.0,0x6bd9cbc55bdbab4c5e177c6a4684a6d50c17b378,0x2b80a70d2431794b953ebbff1b976f8ab6cf10d3,Reental-TLM-1
0xca809e5041d49819b7f5ceed87609c6e69dfe80eb4558f3c39e15e960f499653,0x2f1026ff5bd94232050364c81d61a2d15e147209,2.6,0x6bd9cbc55bdbab4c5e177c6a4684a6d50c17b378,0x2b80a70d2431794b953ebbff1b976f8ab6cf10d3,Reental-MIA-1
0xa64dd3f04a62395b50c3f0a83a2f2211f43b0cef81653a8a1af3dfb3d5e05fab,0x6f7a7dd1bbe3c3c1c3ee169abf9b7e29df641788,4.0,0x6bd9cbc55bdbab4c5e177c6a4684a6d50c17b378,0x2b80a70d2431794b953ebbff1b976f8ab6cf10d3,Reental-MAD-1
0x3ce54e1588a0601fad6ca8534d271bd0bd38aa40864507043cb45bf8303c288f,0x6b4fa3c69e62f8f03dc018b57efa74d560462210,1.0,0x99b6b6f3d833d41cf50c9dc24c1c954e4124bef6,0x2b80a70d2431794b953ebbff1b976f8ab6cf10d3,Reental-MAYA-1
0x9f4442f1478533c7c2fc348de67f6755be1c6cc4e542cb43255e96b91b6f99a5,0x60b3d1920b31da1eedc4e2065ebb7a43a1690113,1.0,0x6bd9cbc55bdbab4c5e177c6a4684a6d50c17b378,0x2b80a70d2431794b953ebbff1b976f8ab6cf10d3,Reental-TLM-1
0xcf2c87e33abbb0e4da3063c1feb7f1e3fc281ccb4ebbcbbfc6e9481db28f2d25,0x6f7a7dd1bbe3c3c1c3ee169abf9b7e29df641788,1.0,0x6bd9cbc55bdbab4c5e177c6a4684a6d50c17b378,0x2b80a70d2431794b953ebbff1b976f8ab6cf10d3,Reental-MAD-1
0x8e02717be808286a1662bc18058124916b8f55e320c980a82816d4ff4afae876,0x3b7455335fc7c3839167ed8fc173405908ffdf15,2.0,0xd8bf40febaadb4c1d5e336d064512bd9182786ea,0x2b80a70d2431794b953ebbff1b976f8ab6cf10d3,Reental-TLM-2
0xbb6728a05b88a31e9b4f408ffb7634afc231997520f27ca8687947f98084f139,0x6b4fa3c69e62f8f03dc018b57efa74d560462210,1.0,0x99b6b6f3d833d41cf50c9dc24c1c954e4124bef6,0x2b80a70d2431794b953ebbff1b976f8ab6cf10d3,Reental-MAYA-1
0x82363db5958858713ed64fa1c9189c2afd81b289e8b535441963eeac2fea79d6,0x2f1026ff5bd94232050364c81d61a2d15e147209,2.0,0x6bd9cbc55bdbab4c5e177c6a4684a6d50c17b378,0x2b80a70d2431794b953ebbff1b976f8ab6cf10d3,Reental-MIA-1
0x71e0504df1914f57b5d5fb5e8b99650f9d184c748e4ead55a31974a389ebd1a9,0xff2a9f1731b0243978c5080c34db617a8f5a1ae3,4.0,0x3460f3e3ecdadb7ca18cc363c1ed05d227fda666,0x2b80a70d2431794b953ebbff1b976f8ab6cf10d3,Reental-CDP-1
0x29f03cfec89f482dedd77435d6231816d7ae5409df73330d5e0031af77a25e94,0x2f1026ff5bd94232050364c81d61a2d15e147209,1.0,0x6bd9cbc55bdbab4c5e177c6a4684a6d50c17b378,0x2b80a70d2431794b953ebbff1b976f8ab6cf10d3,Reental-MIA-1
0xbf0d59b0bcc7db5843d6e70032581d6bf6a70d09e33e89f5a70725fa5ed4e50f,0x6b4fa3c69e62f8f03dc018b57efa74d560462210,1.0,0x99b6b6f3d833d41cf50c9dc24c1c954e4124bef6,0x2b80a70d2431794b953ebbff1b976f8ab6cf10d3,Reental-MAYA-1
0x96f379703f8637e23bbad2cf9be3eeed95d456cd67c9a8376414157f75e7995a,0xa1bf01d5fdb5ae190853f49585eea6c910eb8937,1.0,0x6bd9cbc55bdbab4c5e177c6a4684a6d50c17b378,0x2b80a70d2431794b953ebbff1b976f8ab6cf10d3,Reental-SVQ-4
0x038746ee7f68bdd36aede3005e75ecf3462bf65efbf7dc3f70fcb257f0bff40c,0x2f1026ff5bd94232050364c81d61a2d15e147209,1.09,0xff9a7e604ed719801821e28a3c0e1f097b0887e0,0x2b80a70d2431794b953ebbff1b976f8ab6cf10d3,Reental-MIA-1
0xfb9bc096a747ceb44b24d633db5479465f78945090aca093f0752bf8f98fe265,0x820380fea111509a38297fa2971eee5b41a5aeca,1.75,0x3460f3e3ecdadb7ca18cc363c1ed05d227fda666,0x2b80a70d2431794b953ebbff1b976f8ab6cf10d3,Reental-RDO-3
0x5fc12ec7e0c260f0012c93358b3350b404e827ebdb5e032d01346696f172b750,0x6b4fa3c69e62f8f03dc018b57efa74d560462210,1.0,0x3460f3e3ecdadb7ca18cc363c1ed05d227fda666,0x2b80a70d2431794b953ebbff1b976f8ab6cf10d3,Reental-MAYA-1
0xe6b135fbe9f4d97c42eb3cbddb89e0716d9018c0021193c28aab10bbd4b3fdbb,0x2f1026ff5bd94232050364c81d61a2d15e147209,1.0,0x6bd9cbc55bdbab4c5e177c6a4684a6d50c17b378,0x2b80a70d2431794b953ebbff1b976f8ab6cf10d3,Reental-MIA-1
0x76fa0cff80a3f32c89c0b0e33a14ea8bec0f33a62664626c1138246dc1418808,0xe27f1e1d5ef28f560cbd9500342b24dd989635d2,1.0,0x6bd9cbc55bdbab4c5e177c6a4684a6d50c17b378,0x2b80a70d2431794b953ebbff1b976f8ab6cf10d3,Reental-VLC-1
0xbd21a99a6df6a2fe56ee1794cd7c81172d0aa5d2757c7e597a2af2bf695a6415,0x6b4fa3c69e62f8f03dc018b57efa74d560462210,6.07033852,0x82952d2256eb2ab8d842167c4b5de2fd0bed0c9f,0x2b80a70d2431794b953ebbff1b976f8ab6cf10d3,Reental-MAYA-1
0x167211936a82bf69fff5650a99df1631bfb0fbb65b823febe7413b1b480f42ba,0x49b8f29f17a27ae89121642838e37bc8ce77d2f2,1.0,0x3903f6e74c9c6eb235e22efe48001058fbbe2e4c,0x2b80a70d2431794b953ebbff1b976f8ab6cf10d3,Reental-SMA-1
0x04fb67e520ec5ddf8948663b8b9d6e19503d5ba2b550321a0d9b17c0ebf50696,0x820380fea111509a38297fa2971eee5b41a5aeca,2.67,0x8e5812ae342ae21360b577318a0d9bd0364be9be,0x2b80a70d2431794b953ebbff1b976f8ab6cf10d3,Reental-RDO-3
0xa581f4e132c3fdb4adafcdab382b03bda21e7ab36d508e5317e6b4101d0f34eb,0x49b8f29f17a27ae89121642838e37bc8ce77d2f2,6.37809574,0xb00f45001343e07464d2a40044ef8a527db76039,0x2b80a70d2431794b953ebbff1b976f8ab6cf10d3,Reental-SMA-1
0x59b0a1c70ace3a69b9d6265ad3768ed3a8d3410b95c59f2e4f7faa2321e2275a,0xf94ca4e007553917d1f80d013d2544ddfbed555c,1.0,0x922e21af5c912a6c2283cd1a792bd52ba6523149,0x2b80a70d2431794b953ebbff1b976f8ab6cf10d3,Reental-MLG-4
0x9d7fd642bfd1d93885fc26fe7e560614e64a90628fe7ed59493f8532874af89e,0xf94ca4e007553917d1f80d013d2544ddfbed555c,2.0,0x922e21af5c912a6c2283cd1a792bd52ba6523149,0x2b80a70d2431794b953ebbff1b976f8ab6cf10d3,Reental-MLG-4
0xdade5687d585076f790ae7deac9aff67cfcbc0dcd3ba23c49a1d16f0e1d5ee5e,0x9c09c8525c5baa3b254cb0a60d3565cfbd5c9f28,3.76361232,0xc0896e0e56d45b3c6d3444bff507adf6f15ee068,0x2b80a70d2431794b953ebbff1b976f8ab6cf10d3,Reental-JAX-3
0xb600e64313e1cd6fe4b9f34f61ef8ffde122c7c47d9f99f3c8fcf151ae649ea1,0xf94ca4e007553917d1f80d013d2544ddfbed555c,2.0761597,0x1d4f1a58d7d62513e3fb4d777db81d7de4a0e807,0x2b80a70d2431794b953ebbff1b976f8ab6cf10d3,Reental-MLG-4
0xee7cd4ef00d7c3fef8a0b889f28492527f7a274f5c680fadd79eb2cf8c9b0e95,0xf7a694bc2768fc3b26beb5e98bb76f744397e49c,3.0,0xae853f9dfbebb9648adc12282ec01752a2f0aa63,0x2b80a70d2431794b953ebbff1b976f8ab6cf10d3,Reental-RDO-1
0xc5a461cd9cccb462cc7da0b5531977f3a6e8963b095021d2d1ff417a661214d0,0x454c0841a409b1752a6cf51fa8ed2fd28a6291c6,2.0,0x1beb9a854c7921d3c06a5608dd96b27a86d79139,0x2b80a70d2431794b953ebbff1b976f8ab6cf10d3,Reental-RDO-2
0xdd0188952f19ebb3f876fdd4b9f9d8c90c328e22588dce4b8d947ce611ebd658,0x454c0841a409b1752a6cf51fa8ed2fd28a6291c6,3.0,0x90d5f0db43c5f0be2849097c0cd2afaec66356e8,0x2b80a70d2431794b953ebbff1b976f8ab6cf10d3,Reental-RDO-2
0xdb6f95bb1c4a4b493f517b12f71b4876fa81bb057391e4378fac6454af2547b3,0x9c09c8525c5baa3b254cb0a60d3565cfbd5c9f28,1.0,0xc0896e0e56d45b3c6d3444bff507adf6f15ee068,0x2b80a70d2431794b953ebbff1b976f8ab6cf10d3,Reental-JAX-3
0x95b3f12e504e2eceffc5a2697660c09c5f243873c871965ac7658ce62dfe0d3a,0x9c09c8525c5baa3b254cb0a60d3565cfbd5c9f28,1.0,0xc0896e0e56d45b3c6d3444bff507adf6f15ee068,0x2b80a70d2431794b953ebbff1b976f8ab6cf10d3,Reental-JAX-3
0x85da60363a490807d59b9b74bda890c104e515bc21272adf2726e797cc23c120,0x8711b4172ed71d2d4f90e3e2f0cb63726acba8e6,1.0,0xc0896e0e56d45b3c6d3444bff507adf6f15ee068,0x2b80a70d2431794b953ebbff1b976f8ab6cf10d3,Reental-JAX-1
0x595cdd32907c559d64ebbced49ca7b3331421c20b6937a27a1a5024b93202ee8,0xad3e1f50590ef6f323caa0cf43f39d28d1d34144,2.0,0xc0896e0e56d45b3c6d3444bff507adf6f15ee068,0x2b80a70d2431794b953ebbff1b976f8ab6cf10d3,Reental-JAX-2
0x249cdcf3f683fc77f472ac1ffe556cd66f7a1305e7d4702dbc9ec35a640e3967,0xad3e1f50590ef6f323caa0cf43f39d28d1d34144,2.0,0xc0896e0e56d45b3c6d3444bff507adf6f15ee068,0x2b80a70d2431794b953ebbff1b976f8ab6cf10d3,Reental-JAX-2
0x4cae77ba1cfb30e32dfc5676e705935444394991b4776f774b92562768f35da5,0x8711b4172ed71d2d4f90e3e2f0cb63726acba8e6,1.0,0xcd85a5512f7d6ecb2d60256f9975b5f52617db57,0x2b80a70d2431794b953ebbff1b976f8ab6cf10d3,Reental-JAX-1
0x861c5380436c08ca7e13863e3db1cd3b05729265bc09ee2fb6dda052c5675034,0xad3e1f50590ef6f323caa0cf43f39d28d1d34144,1.4,0xcd85a5512f7d6ecb2d60256f9975b5f52617db57,0x2b80a70d2431794b953ebbff1b976f8ab6cf10d3,Reental-JAX-2
0xc1e3b8feccbf4dda1089fbd7bbf475d8203f39f5f2bfd39d0a9cab421d715704,0xf94ca4e007553917d1f80d013d2544ddfbed555c,2.0,0x922e21af5c912a6c2283cd1a792bd52ba6523149,0x2b80a70d2431794b953ebbff1b976f8ab6cf10d3,Reental-MLG-4
0x3c80a7db3da4d1f53da05e96a499e741435e8a20359b279fa3c9a6822893e0fe,0x454c0841a409b1752a6cf51fa8ed2fd28a6291c6,2.0,0x52864852ff6ba63768a95dcb60f481d10fe4fc3e,0x2b80a70d2431794b953ebbff1b976f8ab6cf10d3,Reental-RDO-2
0x44a2ba15f123247366d898181dc14b55ca0a1516c4715fcdcfdbe7e5b7ebe1bb,0xd48b1f302c8eb4a0f691fde99deaa9316d67a7db,1.0,0xc0896e0e56d45b3c6d3444bff507adf6f15ee068,0x2b80a70d2431794b953ebbff1b976f8ab6cf10d3,Reental-JAX-5
0x7af6e25bf4d54ee6bb11edf38bfe6f5ad4f8c82bfaa05cc10d8afb26d8b15f91,0xf94ca4e007553917d1f80d013d2544ddfbed555c,1.97047598,0x922e21af5c912a6c2283cd1a792bd52ba6523149,0x2b80a70d2431794b953ebbff1b976f8ab6cf10d3,Reental-MLG-4
0xb4580d90c8b54f5e34e909c70434e535091228fc30f6e21e3425bdc06286dc1b,0xad3e1f50590ef6f323caa0cf43f39d28d1d34144,3.78947087,0x82952d2256eb2ab8d842167c4b5de2fd0bed0c9f,0x2b80a70d2431794b953ebbff1b976f8ab6cf10d3,Reental-JAX-2
0x89ca6dea0024e882af123446fa46e3f527568421a696d4ce80b1ca447d3293bd,0x820380fea111509a38297fa2971eee5b41a5aeca,1.0,0xfb8482d3a050b09d9dd3d3fb44e858864ef649f8,0x2b80a70d2431794b953ebbff1b976f8ab6cf10d3,Reental-RDO-3
0x8417c6991a67145dea3666a77f25dd0f901a6ab881c9afa69032c1bcda283b03,0x820380fea111509a38297fa2971eee5b41a5aeca,2.17573778,0xcd85a5512f7d6ecb2d60256f9975b5f52617db57,0x2b80a70d2431794b953ebbff1b976f8ab6cf10d3,Reental-RDO-3
0xd0262a35e68c53cf71c3098bfdf3bb787e99cb9383710281f887aad3db9cf3ee,0xaca38d593f7775334fa1b84a865f19396f62f760,0.17373059,0xa72ed54fb61853c823820a264870b7bdf46c0ddb,0x2b80a70d2431794b953ebbff1b976f8ab6cf10d3,Reental-MLG-6
0x92238656db59fe0a0dc884e2fe2104038d49b61d77e25d1c36fc1651de574b11,0x954229f463f73a857fddc346857771c1ef3f7c00,2.02,0x52b71b70ec73defae5e9840e4fa706ecb2b29a25,0x2b80a70d2431794b953ebbff1b976f8ab6cf10d3,Reental-RDO-4
0x1496e2642e777e4693088bd326d10c9f909d072bba4da5d317a7d6026bc7eeb9,0xaca38d593f7775334fa1b84a865f19396f62f760,4.0,0x384e7aaa8917f3e2d32faab649c2d41917c739cc,0x2b80a70d2431794b953ebbff1b976f8ab6cf10d3,Reental-MLG-6
0x3468a7142446c54eac708834cdc4504e1108282f460c8666dba017b6c7fb3000,0xad3e1f50590ef6f323caa0cf43f39d28d1d34144,1.01,0x52b71b70ec73defae5e9840e4fa706ecb2b29a25,0x2b80a70d2431794b953ebbff1b976f8ab6cf10d3,Reental-JAX-2
0x811be0d14345f3958854d9fa9d26fd24569e566d70c1cfdfd82259eea4264402,0xd48b1f302c8eb4a0f691fde99deaa9316d67a7db,5.0,0xff5e8a5f1fcd06c4bb4e995c7c02a577e86d7290,0x2b80a70d2431794b953ebbff1b976f8ab6cf10d3,Reental-JAX-5
0xcec9c9ae4b98f06989312d06c588d9ceefe0a8fab4ad4904d980397a2600c6e7,0xbaea3b53056d42c763d14bef94b39ada218c2dbd,1.0,0xd212a7c928b7a61460d67b96769bb8e38b4a4652,0x2c556326c6791997fb5d2dbc96f39ed516de76a8,Reental-VLC-7
0x9477737fdb28ec696377e6ec78dc854ea31ece9480f068cc88878129eb7f43d2,0xfd0ea97747f7b1a53ec59ef5001616cde3aead3e,1.0,0xd212a7c928b7a61460d67b96769bb8e38b4a4652,0x2c556326c6791997fb5d2dbc96f39ed516de76a8,Reental-CLVM-2
0x8f3e38973d82d498e5f6ac0a92c6bc2f390dc8d4ed38f86688d2c33f28f201bc,0xfc5e219788a953ad8e71c3b7cb9484695e7f028e,1.0,0x2c58fb2d59eceb33aa40dcb09da2c5e2cc36bb07,0xd212a7c928b7a61460d67b96769bb8e38b4a4652,Reental-SVQ-6
0x990d9344412d3ad99a715d32e65a8b0f7db96e2c67bb8e16bfc467476f16a026,0x60b3d1920b31da1eedc4e2065ebb7a43a1690113,1.0,0x3903f6e74c9c6eb235e22efe48001058fbbe2e4c,0x2c58fb2d59eceb33aa40dcb09da2c5e2cc36bb07,Reental-TLM-1
0x16f13e837231eb446f24efef128be90439e187d25dbb203688ba8349c364f370,0x60b3d1920b31da1eedc4e2065ebb7a43a1690113,1.0,0x3903f6e74c9c6eb235e22efe48001058fbbe2e4c,0x2c58fb2d59eceb33aa40dcb09da2c5e2cc36bb07,Reental-TLM-1
0xdf8d6ce58a204fdc433d91dcb6e9167e1ee78e7e0af2edc61ad65bf8946abe34,0x820380fea111509a38297fa2971eee5b41a5aeca,1.0,0x3323939ed80361335e661ac3db104b3ba17c323a,0x2c58fb2d59eceb33aa40dcb09da2c5e2cc36bb07,Reental-RDO-3
0x3ba9d9d6f90ace5af98ceeb06fcb143b9b0587ee2d20140904d85f19a15b565e,0xca53dd67cfa553d9e31c377602fb217dff9eadff,1.0,0x922e21af5c912a6c2283cd1a792bd52ba6523149,0x2c58fb2d59eceb33aa40dcb09da2c5e2cc36bb07,Reental-SMA-2
0x3033bd1fc304d8158db06eec52531a7eed195678c6a4144d6d206ee08de32fb6,0x820380fea111509a38297fa2971eee5b41a5aeca,1.09881982,0x3323939ed80361335e661ac3db104b3ba17c323a,0x2c58fb2d59eceb33aa40dcb09da2c5e2cc36bb07,Reental-RDO-3
0x0769dc6ea150e246b48b7084e08c9dcb22ec84e88c9c598780b59cccd168d969,0x29fdc3434576e188e8131b2ad9cf94d3b3e71f56,1.0,0x2c58fb2d59eceb33aa40dcb09da2c5e2cc36bb07,0x5f7d2558b22854bee266c17d071e92635e8a751c,Reental-MLG-8
0x884b90734b8fe3fef0d40cba965c0999914df8f37d8f8cc7c949acba9d0a6208,0x820380fea111509a38297fa2971eee5b41a5aeca,2.09881982,0x2c58fb2d59eceb33aa40dcb09da2c5e2cc36bb07,0x94264445fb3d0cd4f90e2e641ca1bd2a01e5c65a,Reental-RDO-3
0x5389602ef7f9c5cecedf3bc92dccfcae74ab0b19c4937aadaec1a3c91f983b0f,0xfb759e0cc5cff4aea606064acd41c71c7c11bf40,0.10264186,0x2c58fb2d59eceb33aa40dcb09da2c5e2cc36bb07,0xdf50cbf0ea828d6d3fb7b59f905a56ec64d5036d,Reental-BKL-1
0xf65fa17cf2f8b4b0ba6374914bcc53989b900bf91fa5b9c3a3c1c131611c820d,0x29fdc3434576e188e8131b2ad9cf94d3b3e71f56,0.51980466,0x2c58fb2d59eceb33aa40dcb09da2c5e2cc36bb07,0xd212a7c928b7a61460d67b96769bb8e38b4a4652,Reental-MLG-8
0xfbbb5b398ebdfe7a99e6ef9add1b1972d45583630e238435abd70dd260d638a4,0x4adaee2dae690cf8f3915f1c1963f16d239c5e11,0.1084323,0x2c58fb2d59eceb33aa40dcb09da2c5e2cc36bb07,0xd212a7c928b7a61460d67b96769bb8e38b4a4652,Reental-MRB-1
0xe97b199048c466865c4033f3b51408ab852b1e6055f3ea668ba4450808f95a3a,0x1998bc7570ae301154e0c3017acbb200b87ad1af,0.13267704,0x2c58fb2d59eceb33aa40dcb09da2c5e2cc36bb07,0xd212a7c928b7a61460d67b96769bb8e38b4a4652,Reental-IDX-1
0xa0b39c15b54cbfc076fa806b4e87711c7309915b7038984d8f47ab5f86737e2c,0x7cb85443eab0851d9b4558db23e1026af07c700d,0.08705688,0x2c58fb2d59eceb33aa40dcb09da2c5e2cc36bb07,0x86f825691954618e576b039d32ef155ef859d179,Reental-RET-2
0xccc367b52f7445c119e3deda2f054806fee6613f1ef71754836bf4d519d24ca9,0x093984f85f980479172fb96982f79c418ac730f7,1.68503327,0x2c58fb2d59eceb33aa40dcb09da2c5e2cc36bb07,0xdc73e1d5f2ac8233d128ff7cee0a43a6863145cd,Reental-RDO-6
0x7d5c9300ba4dccea08be92945ad5027cd11c8a93207db6865fc6c694c72b9d2d,0x7f6b82381bce03e7cf6af2fb1dcd41993406d4ae,115.0,0xe66395100d6dd2ecf4c281739add60816523a298,0x2d30ee938f76bf8a15542197deea5f1441f0ab59,Reental-MLG-2
0xf7428532b3d3c5234a8d4c66ecf4781bd277d01efe36236c2b5b3648f86e5f4d,0x49b8f29f17a27ae89121642838e37bc8ce77d2f2,1.0,0xc0896e0e56d45b3c6d3444bff507adf6f15ee068,0x2d346112e0460533fba706c4ccd527716e342043,Reental-SMA-1
0x43a4677c52cec6df285b9c9aea1442b0888c2bc6ae967dd70f0a92c68f54de87,0xb0825e7a4093d21ed076883f8aca33300631291e,1.0,0x52b71b70ec73defae5e9840e4fa706ecb2b29a25,0x2d5149d629a417b369c0c279fb52b93464601469,Reental-MIA-3
0x736479e2783cbde23374cb237843f74e73204f81ca066f39cc9181f994a137e2,0x8711b4172ed71d2d4f90e3e2f0cb63726acba8e6,1.0,0xd212a7c928b7a61460d67b96769bb8e38b4a4652,0x2d84429a5602b00fa97ecf182b20267dfe388581,Reental-JAX-1
0xacc33430540e8cff15e4371db4004235a4d1117f541eaca2f6a204ad98e7b3d4,0x8711b4172ed71d2d4f90e3e2f0cb63726acba8e6,1.71228883,0x289d2e28b4bfa10199895b8cd055de76b11d0333,0x2d84429a5602b00fa97ecf182b20267dfe388581,Reental-JAX-1
0x264bbbf58e369863c20b656761de9552621951971e6c9d9a3e9fcc6650e29274,0xcac847f077fc0a13db7e2476c0dd25bffd116809,1.0,0x2e645239fad563717e47f74fb3005c094300724f,0xd212a7c928b7a61460d67b96769bb8e38b4a4652,Reental-VIL-1
0xe7e73a0a477c5e458634f66fcce632b772fef6a633a0c43083d1b6c367f10417,0xb0825e7a4093d21ed076883f8aca33300631291e,1.00006,0x1beb9a854c7921d3c06a5608dd96b27a86d79139,0x2e645239fad563717e47f74fb3005c094300724f,Reental-MIA-3
0xc9e400be81a9a86a36b3a4d786994c66bbf1dbcfa95fad59ae6d1e3d3a6efff5,0x2f1026ff5bd94232050364c81d61a2d15e147209,10.65,0xdf1e0f983e177b6499a042d6d11a4584a498fb2c,0x2e645239fad563717e47f74fb3005c094300724f,Reental-MIA-1
0x263b02c8d40a723cb1b1184bb4581241665ba63711b4c689ed4f64ae31ec4258,0xf1ec7e14489683babdb9299e5f9908d19a8759dc,5.0,0xac269ddf29b1f3aac469e28efb906ef1a49755e7,0x2e645239fad563717e47f74fb3005c094300724f,Reental-MIA-2
0x3712d24b2ef71ed8567778d48b9cbe846d6bef943157e15b1cacd1770944a5fe,0x6da0652a8481a774f5164612ab0ab18f105ad243,1.01537631,0x4a0005f21c4be5309dbc8a6245f41053d1bb7ca4,0x2e645239fad563717e47f74fb3005c094300724f,Reental-CLVM-1
0xe6338030a2933b4fff4f7e7d1bda6a84003d188e520d8a768e3c12ca5b0e0826,0xfb759e0cc5cff4aea606064acd41c71c7c11bf40,0.49408418,0x2c713255e3a15fc4693f4a5b2875e291d1bab42b,0x2edcce639512325bd717451efdcdd68779e90658,Reental-BKL-1
0x5adf489e0afcb8200ee79302743bdbbf4340e1feb0d266f347ad5f0c563c8a9b,0x7f6b82381bce03e7cf6af2fb1dcd41993406d4ae,5.15,0x75c59da5cbb7dbfec067b8e9ac8f94e6cc1c6fef,0x2edcce639512325bd717451efdcdd68779e90658,Reental-MLG-2
0xe1970678f06e0576e1d0f684acfefc84bc4769e5d8ab3272f34128c3a5c933a0,0xfb759e0cc5cff4aea606064acd41c71c7c11bf40,0.49,0x2edcce639512325bd717451efdcdd68779e90658,0xf9c3fa98e7c685ff7964b7a297a7a22cb88eef19,Reental-BKL-1
0x0e05e6a157214f2d84096e5331fbf349e04fd115da5bf82865034be320b1b448,0x7f6b82381bce03e7cf6af2fb1dcd41993406d4ae,5.15,0x2edcce639512325bd717451efdcdd68779e90658,0x75cc59a3bb2c22410e1ea22f8207a415e7d48514,Reental-MLG-2
0x33a9dbe1f79f6fb5e42a8d5afe6af12ad465b908a0f0738ffa8b1a7179284605,0xca53dd67cfa553d9e31c377602fb217dff9eadff,0.85,0x30224e3655596370677cf48bd61d01391cb9407a,0xc0896e0e56d45b3c6d3444bff507adf6f15ee068,Reental-SMA-2
0xf32fde9607ef217300b8f97f0824961e924183f419d68b72656fa97855ee4eca,0xf7a694bc2768fc3b26beb5e98bb76f744397e49c,5.47112233,0x30224e3655596370677cf48bd61d01391cb9407a,0x4d47b0a1a2f89717cdec0bb3087e88e845ecc990,Reental-RDO-1
0x711231cb53a0c32ab7c01fa9d20528ad7ffc0b5bd7c6b47ef5347490324245c4,0x6f7a7dd1bbe3c3c1c3ee169abf9b7e29df641788,5.0,0x6bd9cbc55bdbab4c5e177c6a4684a6d50c17b378,0x30224e3655596370677cf48bd61d01391cb9407a,Reental-MAD-1
0x4da0e9f274ef58f4b4a717166a960949823d1f7a20ee8beed30d3861f40eca2d,0x6f7a7dd1bbe3c3c1c3ee169abf9b7e29df641788,1.0,0x6bd9cbc55bdbab4c5e177c6a4684a6d50c17b378,0x30224e3655596370677cf48bd61d01391cb9407a,Reental-MAD-1
0xd653c6ad189cf758592a6492f19accffc7fc441c43ac7e261c64636ddeaab358,0xb5a1a4f29b7376c091d6f4c7689be4b7cd5a6d98,1.32936739,0x82952d2256eb2ab8d842167c4b5de2fd0bed0c9f,0x30224e3655596370677cf48bd61d01391cb9407a,Reental-VLC-6
0x4242f23724285b4383153b74cc64eca6e39dd1c75738c48c637afd0ca8b475bb,0xb5a1a4f29b7376c091d6f4c7689be4b7cd5a6d98,0.00321145,0xcd85a5512f7d6ecb2d60256f9975b5f52617db57,0x30224e3655596370677cf48bd61d01391cb9407a,Reental-VLC-6
0x7cdef1bf300c476edfbd1d09fdf72465b58de5866bf6947f800810f570cb9b2e,0x6da0652a8481a774f5164612ab0ab18f105ad243,0.14868659,0x6f6aad8d226ba66e7d7f46e32a6819c7e5cd60f3,0x30224e3655596370677cf48bd61d01391cb9407a,Reental-CLVM-1
0x45d91073ab72c9c346fcd706dbaa5247291f0ec144f8537ae9d0f34ee0969015,0x1b0d685f5e4063033e0a1a360db864c9911eedda,0.26988884,0x30224e3655596370677cf48bd61d01391cb9407a,0xd212a7c928b7a61460d67b96769bb8e38b4a4652,Reental-VLC-9
0x739bfd0212e82465fc768340028c2c4f14c47782340c35fc5aa8def150b8f004,0xac6b91d535bdedb731045ed823d2a6c3ad5b5177,0.47439345,0x3fd18bcdf53caf473320848283199fe7a1a4751e,0x30224e3655596370677cf48bd61d01391cb9407a,Reental-OVD-1
0xa460aab0cb2ba5ac997e3e920f78dd682e346dd972645d98210798a4a33cdde1,0xac6b91d535bdedb731045ed823d2a6c3ad5b5177,1.0,0xca04b1fdc59b229b31e3eff04ac2d476b283f567,0x30224e3655596370677cf48bd61d01391cb9407a,Reental-OVD-1
0xf7952c74a5689483b9c3496d217f6831d1375b27904a3b032f92c64e6fcc6c52,0xb5a1a4f29b7376c091d6f4c7689be4b7cd5a6d98,6.33257884,0x30224e3655596370677cf48bd61d01391cb9407a,0xd212a7c928b7a61460d67b96769bb8e38b4a4652,Reental-VLC-6
0xa6133c12c39ca81cefce7a057e8704efaa4a1bc548e241c1daccb78769074585,0x3b7455335fc7c3839167ed8fc173405908ffdf15,4.58854323,0x30224e3655596370677cf48bd61d01391cb9407a,0xf9c3fa98e7c685ff7964b7a297a7a22cb88eef19,Reental-TLM-2
0x58234e64057455288a3cd485d3bce8b2f42ef0bd546e5c224f95e98ac5271c21,0xac6b91d535bdedb731045ed823d2a6c3ad5b5177,9.6917396,0x30224e3655596370677cf48bd61d01391cb9407a,0xf9c3fa98e7c685ff7964b7a297a7a22cb88eef19,Reental-OVD-1
0xcd2d612c65ea375dccf18d8c423671123d2278eb88f7e9c0d418ea7d0df92bb4,0x6da0652a8481a774f5164612ab0ab18f105ad243,5.14868659,0x30224e3655596370677cf48bd61d01391cb9407a,0xf9c3fa98e7c685ff7964b7a297a7a22cb88eef19,Reental-CLVM-1
0xa21da0d2f728e53120a0c95b3be96f3139aad19c9d850a125785e4da81cf57ce,0x4adaee2dae690cf8f3915f1c1963f16d239c5e11,20.90945618,0x302aca556e48bdcfe1ff1afbdfdd06e82d2aa817,0x4d47b0a1a2f89717cdec0bb3087e88e845ecc990,Reental-MRB-1
0x9a2944ec0c137067aee83fc5c0a09385b1b36bad075cb996ec974d3a95822dee,0xed923b814f1ea3d42c54dda55ba8edfaba994489,3.0,0x922e21af5c912a6c2283cd1a792bd52ba6523149,0x302aca556e48bdcfe1ff1afbdfdd06e82d2aa817,Reental-BKL-2
0x13cf94b81f0340a8a450b3756c04adee68d7e88f66dfc92f35e656fc0ed7a16f,0xfb759e0cc5cff4aea606064acd41c71c7c11bf40,16.09482449,0x302aca556e48bdcfe1ff1afbdfdd06e82d2aa817,0xf9c3fa98e7c685ff7964b7a297a7a22cb88eef19,Reental-BKL-1
0xb6540e0355fb70058bde79578ec5fe347a434f10ccf2f1c345809a5012036e8b,0xed923b814f1ea3d42c54dda55ba8edfaba994489,4.36575941,0x302aca556e48bdcfe1ff1afbdfdd06e82d2aa817,0xc0896e0e56d45b3c6d3444bff507adf6f15ee068,Reental-BKL-2
0x882f05e86c4e9f8ba47c04cf8c7f446655c1706a74f34acc26159943634e7210,0xa0d99b441a9a5e334b234f31a92b97fa8d663626,4.43441505,0x302aca556e48bdcfe1ff1afbdfdd06e82d2aa817,0x86f825691954618e576b039d32ef155ef859d179,Reental-YCT-2
0x6261406a3646220662fb9afe023628a466a0f64cf3b4c2db47c9a99bdbc64da2,0x4adaee2dae690cf8f3915f1c1963f16d239c5e11,4.0,0x302aca556e48bdcfe1ff1afbdfdd06e82d2aa817,0x9f94eb8ae902abb53a522988f46a02e5400c8331,Reental-MRB-1
0x0d57476b6380670d759817333923ada3fa9dc9416fcc0b3ce1a19a9417d5c83e,0xf8657256c5cd5fdb044e55d1ec39e9b8c969dbf1,108.1,0x302aca556e48bdcfe1ff1afbdfdd06e82d2aa817,0xf9c3fa98e7c685ff7964b7a297a7a22cb88eef19,Reental-PAZ-1
0x9f254b01b8628b47d3e62cf91f9e8bc61c4bd980aef5871f0aa81a6f4f6503ba,0xfb759e0cc5cff4aea606064acd41c71c7c11bf40,10.0,0x302aca556e48bdcfe1ff1afbdfdd06e82d2aa817,0xc6ee11a454cf4e3523f5bf18c1e634a20e2eec26,Reental-BKL-1
0x3ef77c13556be0a544dfa3caef7ae63f9fa0e2b936a9b9e12a9add8292bc78c6,0xaaad2db2f624dc5a350d579d834b5fe12b2bcd8d,1.19,0x302aca556e48bdcfe1ff1afbdfdd06e82d2aa817,0xdf50cbf0ea828d6d3fb7b59f905a56ec64d5036d,Reental-YCT-1
0x248fba02e96bb11395dcf9969d8cd0fc60c1765bcb7849bb5110d8bfe3b9e539,0xaaad2db2f624dc5a350d579d834b5fe12b2bcd8d,10.0,0x302aca556e48bdcfe1ff1afbdfdd06e82d2aa817,0xc6ee11a454cf4e3523f5bf18c1e634a20e2eec26,Reental-YCT-1
0xf3727d289de327ffa6ea2d87847a160124deb5b8261a64efbaea220aca2172f2,0xaaad2db2f624dc5a350d579d834b5fe12b2bcd8d,1.0,0x302aca556e48bdcfe1ff1afbdfdd06e82d2aa817,0xc6ee11a454cf4e3523f5bf18c1e634a20e2eec26,Reental-YCT-1
0xe5d20d35701a943197d29efc7f5e3d23c1d3f8f9f5dc055aba5f9a52aa6505f5,0xaaad2db2f624dc5a350d579d834b5fe12b2bcd8d,1.0,0x302aca556e48bdcfe1ff1afbdfdd06e82d2aa817,0xc6ee11a454cf4e3523f5bf18c1e634a20e2eec26,Reental-YCT-1
0xda54d8dea9a6c671f18554f8155ceba32a9ad0f3d3d80f57ee0769a8f865dd31,0xaaad2db2f624dc5a350d579d834b5fe12b2bcd8d,2.0,0x302aca556e48bdcfe1ff1afbdfdd06e82d2aa817,0xa087dcd612b8ba98580ea48a33ba4dfa2ab8c2f3,Reental-YCT-1
0x18f3982222b5de5f96fb9a24777ad124e498a1937e05b2c29d6c083345d7116b,0xaaad2db2f624dc5a350d579d834b5fe12b2bcd8d,1.0,0x302aca556e48bdcfe1ff1afbdfdd06e82d2aa817,0x50f4c4e6eb311b5c57a2d38a675bdf3595723954,Reental-YCT-1
0xbad12a85be51f06bcc47f9c37f66fa390013d4812091e8fd6c6e8ce33a562986,0xaaad2db2f624dc5a350d579d834b5fe12b2bcd8d,18.0,0x302aca556e48bdcfe1ff1afbdfdd06e82d2aa817,0xc6ee11a454cf4e3523f5bf18c1e634a20e2eec26,Reental-YCT-1
0xb473bc4c3be5923712886a19e90447d9dcb1e8b64bc8edd1bf7732295a754d67,0xaaad2db2f624dc5a350d579d834b5fe12b2bcd8d,4.0,0x302aca556e48bdcfe1ff1afbdfdd06e82d2aa817,0xc6ee11a454cf4e3523f5bf18c1e634a20e2eec26,Reental-YCT-1
0x8ec4da861003ee0b41689189eb099b7b9be1bb8407b7c4ac45660080d5a2d625,0xaaad2db2f624dc5a350d579d834b5fe12b2bcd8d,3.0,0x302aca556e48bdcfe1ff1afbdfdd06e82d2aa817,0xc6ee11a454cf4e3523f5bf18c1e634a20e2eec26,Reental-YCT-1
0x8556acec92b5ce7d7fb36214da4f5b53fb34bd1296234e28f16a75407c993c9c,0x5ab768c8ca1cc20cb8ec7b90554a3b12524b6c47,151.69126237,0x302aca556e48bdcfe1ff1afbdfdd06e82d2aa817,0x94264445fb3d0cd4f90e2e641ca1bd2a01e5c65a,Reental-CDS-1
0x06e8eb357f0a8bc2ddeb514591390dbd4e359c07be30b08e661685e0ef035569,0x754f5b74e2639cef67fecec03f4d698470bdc92f,64.42820763,0x302aca556e48bdcfe1ff1afbdfdd06e82d2aa817,0x94264445fb3d0cd4f90e2e641ca1bd2a01e5c65a,Reental-ABD-1
0xd6485ce3fa7120822b1e1eafd5a9fd511218d1717786ee104731cdc7f08e60d9,0x093984f85f980479172fb96982f79c418ac730f7,2.61189555,0x302aca556e48bdcfe1ff1afbdfdd06e82d2aa817,0x94264445fb3d0cd4f90e2e641ca1bd2a01e5c65a,Reental-RDO-6
0x7b84673b578e525466641d58de953b86313baac563fef8265bf337636c4af418,0x754f5b74e2639cef67fecec03f4d698470bdc92f,6.83164494,0x302edd75481c8f1607bf24d500ac6ae506625fe8,0xd629abe488911a738c1d59854964798865e3bcdb,Reental-ABD-1
0x3ec74b5e4d4e3f8bd9bdd35f25cffed2ab01591937265f38593d240ab0113b78,0x754f5b74e2639cef67fecec03f4d698470bdc92f,4.0,0x302edd75481c8f1607bf24d500ac6ae506625fe8,0xd629abe488911a738c1d59854964798865e3bcdb,Reental-ABD-1
0xa56ea96d21190e6483dbcccf99ad289571e2d2e355b4b088944be95de9d9fe47,0x18bb9840fd7185c0589ca5fb81a32e3e2d0f2676,1.0,0x302edd75481c8f1607bf24d500ac6ae506625fe8,0x67a451462dc7c4dd0d6c792dc35a95906dbf65e1,Reental-OPO-1
0xe2f02dc5e19eea9e23eeb05b2e86cb255b54928fdb052fb85aaef76fbbf2772a,0xe6e3ff145a6ffcd1dac08472f89164c0c43316b2,1.0,0x302edd75481c8f1607bf24d500ac6ae506625fe8,0x50f4c4e6eb311b5c57a2d38a675bdf3595723954,Reental-CMY-1
0x3db44702a301ab1a8b802cd800910cdd396902591507a9cc1b53d5b2cd425498,0xf090b60f731583288e8c7c9d9a80680e35bd63e0,4.12,0x8042d82d16405de78e477526e66d4602360cad3a,0x302edd75481c8f1607bf24d500ac6ae506625fe8,Reental-HOU-1
0xebec63de4e6f3572d930dd81041e5beb198de70be5b9c2985d43481723a25393,0x754f5b74e2639cef67fecec03f4d698470bdc92f,1.0,0x302edd75481c8f1607bf24d500ac6ae506625fe8,0x50f4c4e6eb311b5c57a2d38a675bdf3595723954,Reental-ABD-1
0x8a848d21a078657f184f63e87710e8a9ad4ba938ed787fd59f5ab9bc450ef07e,0x754f5b74e2639cef67fecec03f4d698470bdc92f,1.0,0x302edd75481c8f1607bf24d500ac6ae506625fe8,0x50f4c4e6eb311b5c57a2d38a675bdf3595723954,Reental-ABD-1
0x42faf05c1444a053e06f8179a1e0432d7d806583e8de8d439f7d3c954bc93a16,0x18bb9840fd7185c0589ca5fb81a32e3e2d0f2676,1.0,0x302edd75481c8f1607bf24d500ac6ae506625fe8,0x50f4c4e6eb311b5c57a2d38a675bdf3595723954,Reental-OPO-1
0x567e9c99c79fff6d36b205d792c20e58adfc44f22a050078e122463dc60db46a,0x754f5b74e2639cef67fecec03f4d698470bdc92f,1.0,0x302edd75481c8f1607bf24d500ac6ae506625fe8,0x50f4c4e6eb311b5c57a2d38a675bdf3595723954,Reental-ABD-1
0xb66eb51a05ede5a4e44a5a61cd647aab11b858d588b240d9394e0f7e12a0ed95,0x6ade0a100a561664b417130b5c78bc6ed57890a0,4.99720293,0x302edd75481c8f1607bf24d500ac6ae506625fe8,0xa18f8cd718f6a0984eedd8ba9b23230719860ae8,Reental-SAT-1
0xf28b5322c58cc05fe6c7f4a244ec10802fc71619b6ef3ec99ce410721ee30de1,0xf090b60f731583288e8c7c9d9a80680e35bd63e0,1.0,0x302edd75481c8f1607bf24d500ac6ae506625fe8,0xc8d87578f9c7005020d82625693ab46932d6491a,Reental-HOU-1
0xfc78beee3473538cd84143b024477ff439d4a358aa9c693c2f51b78a3d23ce37,0xe6e3ff145a6ffcd1dac08472f89164c0c43316b2,4.807,0x302edd75481c8f1607bf24d500ac6ae506625fe8,0x8a7ccf8e2c6ccf18dc43ca4191a59506e27d0047,Reental-CMY-1
0x09a4260f42595d5bef0292a2a098142f0b7176146c48c0a125e5b6a49e52fa82,0xf090b60f731583288e8c7c9d9a80680e35bd63e0,1.0,0x302edd75481c8f1607bf24d500ac6ae506625fe8,0x617c68ff2f3ee4b975ffe32101adab0e3158e944,Reental-HOU-1
0x974afa226b4f6b8fc1f5f3340d0c37453592d6c7c141100dea9bb4b5f38a3f9c,0xf090b60f731583288e8c7c9d9a80680e35bd63e0,1.0,0x302edd75481c8f1607bf24d500ac6ae506625fe8,0x95bcb7708bc6efeaf79545c0fb18ffae793f0bcd,Reental-HOU-1
0xe15783c04ad66f98da6101d7936fe7359e1ce225cfce2f8ffd883c2f82367ab0,0xf090b60f731583288e8c7c9d9a80680e35bd63e0,1.12,0x302edd75481c8f1607bf24d500ac6ae506625fe8,0x95bcb7708bc6efeaf79545c0fb18ffae793f0bcd,Reental-HOU-1
0x7548ff83de9775f11d2aaa6e673162cfdeabe53451a9da02af2983ff8a40325f,0x875b80a36ae0660f7de4178a49f7672c8447d365,2.0,0xa2671e9b2ea7d9a0a2f41cd67854303f711b0fa5,0x302edd75481c8f1607bf24d500ac6ae506625fe8,Reental-RET-3
0x1f365fb1d29bb50b572c5f901f9aed69ec42aa9647e8d33c2725fd9101eefc6c,0x875b80a36ae0660f7de4178a49f7672c8447d365,1.0,0xa2671e9b2ea7d9a0a2f41cd67854303f711b0fa5,0x302edd75481c8f1607bf24d500ac6ae506625fe8,Reental-RET-3
0xda37459626a9a3f77413b7cbd3b65aa1c7f7afff16039eaef93237777ba18654,0x875b80a36ae0660f7de4178a49f7672c8447d365,2.0268,0xa2671e9b2ea7d9a0a2f41cd67854303f711b0fa5,0x302edd75481c8f1607bf24d500ac6ae506625fe8,Reental-RET-3
0x511aeafa81eaa4054611a2ab050998bb44a7f18d9e239f1585914ecb5ee0883b,0xe92169619de6b5725322229b353287563b603fd3,5.0,0xd629abe488911a738c1d59854964798865e3bcdb,0x302edd75481c8f1607bf24d500ac6ae506625fe8,Reental-OPO-2
0x15478a4a56474be5066b070eb0dfccedd970006ba1a021a9b44cbcb72a25f68f,0xe92169619de6b5725322229b353287563b603fd3,2.0,0xd629abe488911a738c1d59854964798865e3bcdb,0x302edd75481c8f1607bf24d500ac6ae506625fe8,Reental-OPO-2
0x6f28c2651645d7a8cb55b9edd85b707df32efff054958844be51f3419367374d,0xe92169619de6b5725322229b353287563b603fd3,1.0,0x302edd75481c8f1607bf24d500ac6ae506625fe8,0x50f4c4e6eb311b5c57a2d38a675bdf3595723954,Reental-OPO-2
0xb54c01c85d5641343853d896a76cdebb662698a3da3dd9e4e2cc1dd5e60fa5f0,0xe92169619de6b5725322229b353287563b603fd3,1.0,0x302edd75481c8f1607bf24d500ac6ae506625fe8,0x50f4c4e6eb311b5c57a2d38a675bdf3595723954,Reental-OPO-2
0x1f99aae6bfdd74b95c33be1cff4a485c91f150caa329414aabeb3bdadde6aa3a,0x1998bc7570ae301154e0c3017acbb200b87ad1af,1.459,0x1ebe47779e28a344ead0dcc69b8036fbabf678e8,0x302edd75481c8f1607bf24d500ac6ae506625fe8,Reental-IDX-1
0xb1ca34e402ac7821159f6ff5d69f919864ac0f5f1df48f267517c4a4d14ef5a0,0xe92169619de6b5725322229b353287563b603fd3,1.0,0x302edd75481c8f1607bf24d500ac6ae506625fe8,0x50f4c4e6eb311b5c57a2d38a675bdf3595723954,Reental-OPO-2
0x291e9f1cdf25b86693fe2ca1b9c05c7a640e0064f8fc9ae0fde9c1e4743285d3,0xe92169619de6b5725322229b353287563b603fd3,1.0,0x302edd75481c8f1607bf24d500ac6ae506625fe8,0x50f4c4e6eb311b5c57a2d38a675bdf3595723954,Reental-OPO-2
0x08ce4137a4ca63e9f883a34420df93fb164173f5c67d9574c066f2904af5c4e3,0x1998bc7570ae301154e0c3017acbb200b87ad1af,1.459,0x302edd75481c8f1607bf24d500ac6ae506625fe8,0x81b006f01977c552728a0804a19e80292ae381c3,Reental-IDX-1
0x00b6b12de18853fe9f352083a3a54edd79bd811ebdafb3c9b3d4f4ef59d943e3,0xe92169619de6b5725322229b353287563b603fd3,7.0,0xd3d40870c53c407880605631f14d473eb7c6a6f5,0x302edd75481c8f1607bf24d500ac6ae506625fe8,Reental-OPO-2
0xb09774bb97686fa9b24ee125839b8e7a1069cd4b6c160272353e11d550d81384,0x875b80a36ae0660f7de4178a49f7672c8447d365,0.00310232,0x94264445fb3d0cd4f90e2e641ca1bd2a01e5c65a,0x302edd75481c8f1607bf24d500ac6ae506625fe8,Reental-RET-3
0xb259a768421dbc233ca2bf2c2a9da528a65299be93533756fbf217a674756b94,0xe6e3ff145a6ffcd1dac08472f89164c0c43316b2,2.0,0xc1213762f0b2010721e34a7d3a4e6742f836b462,0x302edd75481c8f1607bf24d500ac6ae506625fe8,Reental-CMY-1
0x1752afc34078d079488f700b82d1d3fa5b9ec045f4f35d2828492bbc11d69614,0xe92169619de6b5725322229b353287563b603fd3,1.0,0x302edd75481c8f1607bf24d500ac6ae506625fe8,0x50f4c4e6eb311b5c57a2d38a675bdf3595723954,Reental-OPO-2
0x5f32c21015a1c2aaa5a876650eb62082a073e89e31b2673101b90a46cba656c7,0xe92169619de6b5725322229b353287563b603fd3,1.0,0x302edd75481c8f1607bf24d500ac6ae506625fe8,0x50f4c4e6eb311b5c57a2d38a675bdf3595723954,Reental-OPO-2
0xf80a08940e182b9250e809b3eeaecf54261a1d5a68477d08c6d16c2a3e3e537c,0xe6e3ff145a6ffcd1dac08472f89164c0c43316b2,1.0,0x302edd75481c8f1607bf24d500ac6ae506625fe8,0xdf50cbf0ea828d6d3fb7b59f905a56ec64d5036d,Reental-CMY-1
0x34ded55b19784f7a74c5ce6073e6cbfb53bcfac2d4795798045b0f479d345131,0xe6e3ff145a6ffcd1dac08472f89164c0c43316b2,1.0,0x302edd75481c8f1607bf24d500ac6ae506625fe8,0xdf50cbf0ea828d6d3fb7b59f905a56ec64d5036d,Reental-CMY-1
0x4851e88f24216262436078c0b1520f3a0661b0e03657d5bca7ddfb2096b243c9,0x754f5b74e2639cef67fecec03f4d698470bdc92f,5.0,0x94264445fb3d0cd4f90e2e641ca1bd2a01e5c65a,0x302edd75481c8f1607bf24d500ac6ae506625fe8,Reental-ABD-1
0x282a09c5c71d3044ec21daeff7e192492f9f1be40bd858b41e5f1e84f45da685,0x49b8f29f17a27ae89121642838e37bc8ce77d2f2,9.86879057,0x26c11cf61d3cbefb3d36571abc8967d5a667e3ab,0x30f855efb7322346c3d80cd49fec14e684b1ad5d,Reental-SMA-1
0x3d6398d5d8985f1efad1d2d790db2d122d18162caa3a16fce7655ddcd4080d8e,0x49b8f29f17a27ae89121642838e37bc8ce77d2f2,0.40211833,0x1bff0228f85596345d73c93a40f5014f41efe4ea,0x30f855efb7322346c3d80cd49fec14e684b1ad5d,Reental-SMA-1
0x749c6189e0535b7cedbf648969cbcc54ab9b43794ae421190ba8bfe0cd2fa67f,0xca53dd67cfa553d9e31c377602fb217dff9eadff,4.125,0x9b04ba99ad57a8cfc5d1273f4cfe80d67a9bb9bb,0x30f855efb7322346c3d80cd49fec14e684b1ad5d,Reental-SMA-2
0xec8cee3b7d917c32fcea94d2692d06d275c9a438bf0e1193b0b1f800e50abd3e,0x954229f463f73a857fddc346857771c1ef3f7c00,1.0,0x9ba730b3a21fe1bb1aefc88e412e143928ac0ebf,0x30f855efb7322346c3d80cd49fec14e684b1ad5d,Reental-RDO-4
0xc4d388aea089c65e28e46222d2c9a059d29ce49cc7091ea1ed3d439172f97145,0x8e08d151466bd8499a89ee9254586ef141f324c9,7.83999847,0xcfef84696c0df6b3f2fa6b780b21551241715f72,0x30f855efb7322346c3d80cd49fec14e684b1ad5d,Reental-FMY-1
0xdfd04fcb72b2df75ad15701eb87093fa771ed3ef9a3747ae24e7cb6796bf30b8,0x8e08d151466bd8499a89ee9254586ef141f324c9,2.1555723,0xf9c3fa98e7c685ff7964b7a297a7a22cb88eef19,0x30f855efb7322346c3d80cd49fec14e684b1ad5d,Reental-FMY-1
0x01a95143cfd07846ed3a01e456e16e58bcd4ae7c378b577d4ffa454d27e456a7,0xf090b60f731583288e8c7c9d9a80680e35bd63e0,15.0,0x30f855efb7322346c3d80cd49fec14e684b1ad5d,0xd3d40870c53c407880605631f14d473eb7c6a6f5,Reental-HOU-1
0x6940f8f9a86c79cd2168dae03c2a95d44ae33d968e597fec1182f6595ebe5365,0xe16901dad396fe7b1b77b6d2bd91b2d648e8a762,9.9966308,0x30f855efb7322346c3d80cd49fec14e684b1ad5d,0x6f14249fe1388870bcc1ef67156bfc9f5704010a,Reental-HOU-3
0xec1342096e1e0b80006eb1df0a3659454b5f1c6f1d478a635717a50492ba26dd,0xf090b60f731583288e8c7c9d9a80680e35bd63e0,14.9709,0x30f855efb7322346c3d80cd49fec14e684b1ad5d,0xd3d40870c53c407880605631f14d473eb7c6a6f5,Reental-HOU-1
0x1945ffe08fd7bfa5d9897cfea99acc2b8380d9feb7d8956feff2343487e13834,0x49b8f29f17a27ae89121642838e37bc8ce77d2f2,1.0,0x985702fb3c75a0f45412dbc1937195c28042d92b,0x3154a6d051ec14bd7c76006e6e7ad83f482a5538,Reental-SMA-1
0x24e0b57965a329a52a35659d8ae47dbac3d195e870f8f172136e9076af57ded2,0x6b4fa3c69e62f8f03dc018b57efa74d560462210,2.0,0x99b6b6f3d833d41cf50c9dc24c1c954e4124bef6,0x3154a6d051ec14bd7c76006e6e7ad83f482a5538,Reental-MAYA-1
0xfb3fada29245a9eda0c13ad1baf0337368c8f5bea01582b6ed99a4ba8571796a,0xca53dd67cfa553d9e31c377602fb217dff9eadff,1.0,0x985702fb3c75a0f45412dbc1937195c28042d92b,0x3154a6d051ec14bd7c76006e6e7ad83f482a5538,Reental-SMA-2
0xab091405a4345cd8684b831039d66652c736ff0340b055e0edf26a0209fa5939,0xca53dd67cfa553d9e31c377602fb217dff9eadff,3.0,0xa3a2a94489831a3f76a5651ca4c0788738f06b4d,0x3154a6d051ec14bd7c76006e6e7ad83f482a5538,Reental-SMA-2
0xf747131f109b36e70f4bd814e3b386a9e8de3abb8fbad0bf6e342f87146b1e43,0x6b4fa3c69e62f8f03dc018b57efa74d560462210,2.0,0x99b6b6f3d833d41cf50c9dc24c1c954e4124bef6,0x3154a6d051ec14bd7c76006e6e7ad83f482a5538,Reental-MAYA-1
0xfb262cf381679997d539b875b62baf5b7e403aa1e7a603d3ea8c8f93bf06219e,0xca53dd67cfa553d9e31c377602fb217dff9eadff,10.0,0xfbd1b0fed15f5c7958314b178e71d1a890abee13,0x3154a6d051ec14bd7c76006e6e7ad83f482a5538,Reental-SMA-2
0x623334cb5cf492dd6a45a9a70d322261f4c40843d6794041a73e55bdaf202b5f,0x33be67454ae817337db15877fd4106c5cd5206c5,50.0,0x864692fecb5e8dd3a923dcb4b87c01d1aeec3a36,0x3154a6d051ec14bd7c76006e6e7ad83f482a5538,Reental-MLG-5
0xc2e956aef59344684ca7879d42d71d6fcf8bb927e81021081079a5c2e3aa701e,0x3b7455335fc7c3839167ed8fc173405908ffdf15,4.0,0x6bd9cbc55bdbab4c5e177c6a4684a6d50c17b378,0x3154a6d051ec14bd7c76006e6e7ad83f482a5538,Reental-TLM-2
0x3bb6b2246940b858ec46174830e952fd38689ba97546cd7d5cf2fbf8fa4362d7,0x60b3d1920b31da1eedc4e2065ebb7a43a1690113,5.0,0x6bd9cbc55bdbab4c5e177c6a4684a6d50c17b378,0x3154a6d051ec14bd7c76006e6e7ad83f482a5538,Reental-TLM-1
0xcb54f9dd84a02dd697837edc8f2ee48154bf95a8ea4566282b97232d0ce40df7,0xca53dd67cfa553d9e31c377602fb217dff9eadff,2.0,0x9a89a02632cc58785be05d41b265ed05dffa6345,0x3154a6d051ec14bd7c76006e6e7ad83f482a5538,Reental-SMA-2
0x7c065bb6eca5af58e69d71b3467390f7477dc6b766e4f4ed77f73bec1c9a2987,0xca53dd67cfa553d9e31c377602fb217dff9eadff,5.0,0x9a89a02632cc58785be05d41b265ed05dffa6345,0x3154a6d051ec14bd7c76006e6e7ad83f482a5538,Reental-SMA-2
0x8812c15210f30108d1b0d339bf6458139837fa2f2f4dc7de9aaa91da8509b890,0x6b4fa3c69e62f8f03dc018b57efa74d560462210,1.0,0x99b6b6f3d833d41cf50c9dc24c1c954e4124bef6,0x3154a6d051ec14bd7c76006e6e7ad83f482a5538,Reental-MAYA-1
0x4547dcc030257f7abecd42315d8d527c011fd3aef713e7f78376fd227eb11d43,0x6b4fa3c69e62f8f03dc018b57efa74d560462210,1.0,0x99b6b6f3d833d41cf50c9dc24c1c954e4124bef6,0x3154a6d051ec14bd7c76006e6e7ad83f482a5538,Reental-MAYA-1
0x72becff2d9c3218e05288d3c77e7af0be1f176dbe8fc54f9d0bd3fcafe555277,0xca53dd67cfa553d9e31c377602fb217dff9eadff,1.0,0x9a89a02632cc58785be05d41b265ed05dffa6345,0x3154a6d051ec14bd7c76006e6e7ad83f482a5538,Reental-SMA-2
0xd9b3efe2870ad4fecfa341b89d4267989e0195f5ea115698878c090f88714dbe,0xca53dd67cfa553d9e31c377602fb217dff9eadff,0.5842158,0xa72ed54fb61853c823820a264870b7bdf46c0ddb,0x3154a6d051ec14bd7c76006e6e7ad83f482a5538,Reental-SMA-2
0x0bf9fa542fee1efa174e3d58a68fada459d77484e72595fe2fcd5485a7453559,0x49b8f29f17a27ae89121642838e37bc8ce77d2f2,2.0,0x3903f6e74c9c6eb235e22efe48001058fbbe2e4c,0x3154a6d051ec14bd7c76006e6e7ad83f482a5538,Reental-SMA-1
0xa72fd233ae512a85605c4779ca15c08885cb6c770e184341d941b9138ebc3a68,0x49b8f29f17a27ae89121642838e37bc8ce77d2f2,1.0,0x3903f6e74c9c6eb235e22efe48001058fbbe2e4c,0x3154a6d051ec14bd7c76006e6e7ad83f482a5538,Reental-SMA-1
0x4de5b6ca336d75563797f13670c709c7e5befa3c38b81c2c4d335dbc960cc66e,0x49b8f29f17a27ae89121642838e37bc8ce77d2f2,4.0,0x3154a6d051ec14bd7c76006e6e7ad83f482a5538,0xa3804d27c0d8386b9d4218f5e59ccfa778b59e6a,Reental-SMA-1
0x1a6ab973fc549fda1ef8d7453bbd1aea1c075710e9d0dbc52193faf2f348506e,0x60b3d1920b31da1eedc4e2065ebb7a43a1690113,5.0,0x3154a6d051ec14bd7c76006e6e7ad83f482a5538,0x8b064b79f1f26009e2b1e35ae8e55eb04d5bec6c,Reental-TLM-1
0x59ad5f38a5663413c3a6fd70c43be4a0c3bf23444ab9a573a2d4c6af99744b27,0x3b7455335fc7c3839167ed8fc173405908ffdf15,4.0,0x3154a6d051ec14bd7c76006e6e7ad83f482a5538,0x8b064b79f1f26009e2b1e35ae8e55eb04d5bec6c,Reental-TLM-2
0x1d92830a0f19943c3a3b96844f25d08d3ebcc8a8bf19b3f4d1ad516a84392d0f,0xca53dd67cfa553d9e31c377602fb217dff9eadff,22.5842158,0x3154a6d051ec14bd7c76006e6e7ad83f482a5538,0x8b064b79f1f26009e2b1e35ae8e55eb04d5bec6c,Reental-SMA-2
0x0accf013ad1fe5502d912a87f0ff044c9d86a8528614a97da972b3ccac3772e2,0xf7a694bc2768fc3b26beb5e98bb76f744397e49c,16.03,0x3154a6d051ec14bd7c76006e6e7ad83f482a5538,0xf9c3fa98e7c685ff7964b7a297a7a22cb88eef19,Reental-RDO-1
0xc26704c378037319c1e344f5bf77468e1756ed29a4182f017f2d7f1ed23011ef,0x33be67454ae817337db15877fd4106c5cd5206c5,50.0,0x3154a6d051ec14bd7c76006e6e7ad83f482a5538,0xf9c3fa98e7c685ff7964b7a297a7a22cb88eef19,Reental-MLG-5
0x67ee39521b79b21775356bc0873d1c36890d503bd662f80fbee2693b4ca09301,0xa0d99b441a9a5e334b234f31a92b97fa8d663626,2.0,0xc1213762f0b2010721e34a7d3a4e6742f836b462,0x31b822f816c98b8064ab46634ee69da834036a52,Reental-YCT-2
0x143c350565d96cfaed60fcc78d79e1c5d7c0fc72c139903db9a42b62409659ee,0xe59dde10d38df397c996bdb1325b6f81684a8b80,3.64268035,0xf9c3fa98e7c685ff7964b7a297a7a22cb88eef19,0x31b822f816c98b8064ab46634ee69da834036a52,Reental-DXB-1
0xa82a06488ae28a5c046099da536ff20ea7ad26dea7d535ccf31bb131c2e892b1,0xdecfebdaf1131899fb38a53dc63671246220ab7a,2.0,0xcc568012f3f376785c48a3b036370b9d5c1be9a6,0x31b822f816c98b8064ab46634ee69da834036a52,Reental-RDO-5
0x504aecf86378cb476bd268c73c64f0fcba82ef7307d9ecb38d8522cd4d48fb09,0x8eeb57505999d3092c7b00ad5a5e53b943ad235d,1.01029689,0x4ea686d768703965dbf537ffc4ab04047a83c1d0,0x31b822f816c98b8064ab46634ee69da834036a52,Reental-SLA-2
0x955257749938a86872d2a32c0be9386906d45253e88eaaa030c8e925d3363720,0x954229f463f73a857fddc346857771c1ef3f7c00,10.856,0xdd5de994cdd5fae199fc5e0dc4cf8576338dc6aa,0x31b822f816c98b8064ab46634ee69da834036a52,Reental-RDO-4
0xe1109ecba389e4ad0e635d93ac6ab10b70635c061633a79de17b3f2ba90abfb0,0xa0d99b441a9a5e334b234f31a92b97fa8d663626,2.0,0xc1213762f0b2010721e34a7d3a4e6742f836b462,0x31b822f816c98b8064ab46634ee69da834036a52,Reental-YCT-2
0x16a4965debddd3d1386899ff5cef9ee456d582faa77816716927a0c0f4fce911,0xe16901dad396fe7b1b77b6d2bd91b2d648e8a762,5.0,0xf9c3fa98e7c685ff7964b7a297a7a22cb88eef19,0x31b822f816c98b8064ab46634ee69da834036a52,Reental-HOU-3
0x71742bb1db84e0fa786b8026d8ad2baed85b6f2905156b9706073c2638dc6c39,0x49b8f29f17a27ae89121642838e37bc8ce77d2f2,2.5,0x75c59da5cbb7dbfec067b8e9ac8f94e6cc1c6fef,0x31b822f816c98b8064ab46634ee69da834036a52,Reental-SMA-1
0x9129b5f0e6d30f23040ce0d9694351eb1f3358793c914a4e41f4886952eecd86,0x49b8f29f17a27ae89121642838e37bc8ce77d2f2,5.0,0x75c59da5cbb7dbfec067b8e9ac8f94e6cc1c6fef,0x31b822f816c98b8064ab46634ee69da834036a52,Reental-SMA-1
0x7e92f445044df5763b2366a490ed78c94f51b215109c40d889da915fca63d430,0x21ae95a56ef471370ce89a7a4624117f31810927,10.0,0xd72be8822f94b45a207b326f71f9ae7cc30018fa,0x31e8a0e87aa560bc8d74b0e4a47e31d6be89ba08,Reental-DNB-1
0xe9baedd33dfffea90ed04d7d4831c0f3efacdaa634194294ebf035b2ec93f94a,0x2f1026ff5bd94232050364c81d61a2d15e147209,1.0,0xce89063272ecce1cda2086670ff94cbc690b8f5f,0x31e8a0e87aa560bc8d74b0e4a47e31d6be89ba08,Reental-MIA-1
0x1df3f353687f7e6ddad6c6ef9196f0c3079ff5239e8a00bf2cc11fb4b6f5b46c,0x2f1026ff5bd94232050364c81d61a2d15e147209,1.0,0xce89063272ecce1cda2086670ff94cbc690b8f5f,0x31e8a0e87aa560bc8d74b0e4a47e31d6be89ba08,Reental-MIA-1
0x4b2b13d9011e0c43c790e5b031acedbde93e5576a3a816a2aec75a14ca8a92f3,0xe6e3ff145a6ffcd1dac08472f89164c0c43316b2,10.0,0x3fe2ee56ea77ffccfa0c036b20e7a2269e8da534,0x32cbd70623e1c2f657b5b687f828f846c12a3c98,Reental-CMY-1
0x7aa37af13c6ac9253a6ac17006cb2234a52b9dc443889e53825a7e9d1efb3fce,0x754f5b74e2639cef67fecec03f4d698470bdc92f,10.0,0x3fe2ee56ea77ffccfa0c036b20e7a2269e8da534,0x32cbd70623e1c2f657b5b687f828f846c12a3c98,Reental-ABD-1
0x805bdf2a5d4c35745858d0bb313722ed564da10a19c5e8c480b2898e1513953a,0x6b4fa3c69e62f8f03dc018b57efa74d560462210,1.0,0x3323939ed80361335e661ac3db104b3ba17c323a,0x90d5f0db43c5f0be2849097c0cd2afaec66356e8,Reental-MAYA-1
0x12a2d007d8d39932a1f176c56752e95f7453b74cab1db1f855d5734c5a3fc0a9,0x6b4fa3c69e62f8f03dc018b57efa74d560462210,1.0,0x3323939ed80361335e661ac3db104b3ba17c323a,0xf8eb35cd541daa06344357239ef3e594459128fe,Reental-MAYA-1
0xc68f3870e555cbb09165e3238d8186fb7c244819bfaea87bbbe8d12d0ce3e941,0x6b4fa3c69e62f8f03dc018b57efa74d560462210,2.0,0x99b6b6f3d833d41cf50c9dc24c1c954e4124bef6,0x3323939ed80361335e661ac3db104b3ba17c323a,Reental-MAYA-1
0x5fb2c2b46e24df3881e2c1db6f2dc7ddaaa856b5b0b414db394132312984d2de,0x6b4fa3c69e62f8f03dc018b57efa74d560462210,1.0,0x3323939ed80361335e661ac3db104b3ba17c323a,0xf8eb35cd541daa06344357239ef3e594459128fe,Reental-MAYA-1
0x2dc03ab8f7478c7bb3407006c79ae2f4a0718f0a391815bbbe4d376687fbeb6b,0x6b4fa3c69e62f8f03dc018b57efa74d560462210,2.0,0x99b6b6f3d833d41cf50c9dc24c1c954e4124bef6,0x3323939ed80361335e661ac3db104b3ba17c323a,Reental-MAYA-1
0x3e12922def5103943b1f0ebc4488ecd28bab9a0ffbe0f985c42e0c9b3b3a26f1,0x6b4fa3c69e62f8f03dc018b57efa74d560462210,1.0,0x99b6b6f3d833d41cf50c9dc24c1c954e4124bef6,0x3323939ed80361335e661ac3db104b3ba17c323a,Reental-MAYA-1
0x85cb2e2b9d4480970894382c80cbd5768e820871ed447ca68870a4fd5a4a4b1d,0x6b4fa3c69e62f8f03dc018b57efa74d560462210,1.0,0x3323939ed80361335e661ac3db104b3ba17c323a,0x4ea686d768703965dbf537ffc4ab04047a83c1d0,Reental-MAYA-1
0x871e725bab410f4e92b495161c637ad3736b8e08d9ae3ef2e226766138562c49,0x6b4fa3c69e62f8f03dc018b57efa74d560462210,1.0,0x99b6b6f3d833d41cf50c9dc24c1c954e4124bef6,0x3323939ed80361335e661ac3db104b3ba17c323a,Reental-MAYA-1
0x7e56bfce2ffe72263a92a37594a27502d53922d5702965475a377075a40a7209,0x6b4fa3c69e62f8f03dc018b57efa74d560462210,1.0,0x3323939ed80361335e661ac3db104b3ba17c323a,0x9de2a1af3fc565bf03158269117d025d2638f5f4,Reental-MAYA-1
0x06e2ef40697333b73721ee57588dc6c5c2ddf859a3f20cd3f7be650ec6ddaad3,0x6b4fa3c69e62f8f03dc018b57efa74d560462210,1.0,0x99b6b6f3d833d41cf50c9dc24c1c954e4124bef6,0x3323939ed80361335e661ac3db104b3ba17c323a,Reental-MAYA-1
0x48b56529bc7c562c8475324588fd2500f20ff5f958ad6704a29518f226f5f63b,0x6b4fa3c69e62f8f03dc018b57efa74d560462210,1.0,0x3323939ed80361335e661ac3db104b3ba17c323a,0x922e21af5c912a6c2283cd1a792bd52ba6523149,Reental-MAYA-1
0x983a92ecc2bc150d5554dbd273bf35a4ef9628cdf20668f0cc841c1fe9bc22ea,0x6b4fa3c69e62f8f03dc018b57efa74d560462210,1.0,0x3323939ed80361335e661ac3db104b3ba17c323a,0xfbd1b0fed15f5c7958314b178e71d1a890abee13,Reental-MAYA-1
0x3adaf9dfad410d717fc4ed5f5afaad99a4da5b944675d7fb154d82ece4e8454b,0x820380fea111509a38297fa2971eee5b41a5aeca,0.59901727,0x5f86529e7d7d248f7d84854c45777db0e23ac7d0,0x3323939ed80361335e661ac3db104b3ba17c323a,Reental-RDO-3
0x3883b6c390d76608e8bd588b89606f32d3190991f57b242c71cd9222739d4f86,0x6b4fa3c69e62f8f03dc018b57efa74d560462210,1.0,0x3323939ed80361335e661ac3db104b3ba17c323a,0xf3e25494bc9e24a1eeb2c3ef9434bc6bbdbba66b,Reental-MAYA-1
0xb9bb498bffe3cd3b9a3d89432c35656e8fa7f5b874ae6d16c16d28f61e0bf051,0xf8657256c5cd5fdb044e55d1ec39e9b8c969dbf1,1.0,0x3323939ed80361335e661ac3db104b3ba17c323a,0x4ea686d768703965dbf537ffc4ab04047a83c1d0,Reental-PAZ-1
0x82a9494ab40be46ca439343bc46494b609e3f149d09d60bcaf50834c599d4e46,0x6b4fa3c69e62f8f03dc018b57efa74d560462210,1.0,0x3323939ed80361335e661ac3db104b3ba17c323a,0xf3e25494bc9e24a1eeb2c3ef9434bc6bbdbba66b,Reental-MAYA-1
0x17b99d5600a94c75622ab8b4ac22266556fd8764151ba6e415008b6b5e5ba836,0x093984f85f980479172fb96982f79c418ac730f7,0.21023191,0x3323939ed80361335e661ac3db104b3ba17c323a,0xba4b31472128d6c90b1f259e43f24f3b90c04444,Reental-RDO-6
0x5d20a5c7226ea7c9a24bfaebec2ca3e0408e6e84f09e74aa0296f01fe9e499f9,0x6b4fa3c69e62f8f03dc018b57efa74d560462210,1.0,0x3323939ed80361335e661ac3db104b3ba17c323a,0xf4a8b9316073a5875dffca7cd535c3915f5dc77f,Reental-MAYA-1
0xbb612e12e453daa6dedf8feb1732b81ad3bdeca249af9697b6b91a57b6065914,0x1b0d685f5e4063033e0a1a360db864c9911eedda,1.0,0x3323939ed80361335e661ac3db104b3ba17c323a,0x644e4df762e7087011246bc3baf3f8b24b40127d,Reental-VLC-9
0x3be257c733780f6d65830ef2da3237e0218b5d1f4f6abee789689e0c6a84dc7b,0x8ddea623f8ffa94aae50dc4c44da22d6e570a749,0.99993105,0x88c628d2602388e2ee211eccc851edd2e8b4678b,0x33c8db6b7859cf49f8dc2bbbeab0d491e3b73a06,Reental-SAM-2
0x9d423cf04d73058865d3a83386d9605d1b8c4c9efc20da852c330094ab9effce,0x2f1026ff5bd94232050364c81d61a2d15e147209,2.0,0xc0896e0e56d45b3c6d3444bff507adf6f15ee068,0x33cb63123f4d3f3f877a1a6aed785e1828b4305c,Reental-MIA-1
0xe1f372e4d21c49d29388034dabbde0496319e10e16ed4d3ad4919e6c05a21480,0xa0d99b441a9a5e334b234f31a92b97fa8d663626,2.0,0xf459185178c49adc9e16bb23f3e78e1a8c7ea190,0x357e35a04ab7ea69ba1399dd363b8cef4a8eaa35,Reental-YCT-2
0xd8faa58ee8b08721c367de7e5b2d2ef721e172201a5884f4a9213eeb3c08da1e,0x954229f463f73a857fddc346857771c1ef3f7c00,1.39,0x9c0e7f3e623e2daf58f9a343348671d76613af2e,0x357e35a04ab7ea69ba1399dd363b8cef4a8eaa35,Reental-RDO-4
0x7a9892eced0d00a495c7b77de2af8dbdd8f75962d61be3c5bba7f9f048517789,0x2f1026ff5bd94232050364c81d61a2d15e147209,4.0,0xc0896e0e56d45b3c6d3444bff507adf6f15ee068,0x357e35a04ab7ea69ba1399dd363b8cef4a8eaa35,Reental-MIA-1
0x57af0e8a0ba9d471c625cba40c91abc424188fd1ddd3096159c6860351089abc,0x3b7455335fc7c3839167ed8fc173405908ffdf15,2.0,0xca04b1fdc59b229b31e3eff04ac2d476b283f567,0x3609f1a66b04c18712e13f1c7ceac07a47a7fdf6,Reental-TLM-2
0x5eca4ceb7330ccff0a2a33c7d3f8bea2c7145394a36aecfb77696528a795e212,0xb0825e7a4093d21ed076883f8aca33300631291e,2.0,0x4ea686d768703965dbf537ffc4ab04047a83c1d0,0x3609f1a66b04c18712e13f1c7ceac07a47a7fdf6,Reental-MIA-3
0xe769c84aad02b1c59ad6693bc97394ac1be99d53cbea642539e6c476a5648b16,0x7f6b82381bce03e7cf6af2fb1dcd41993406d4ae,1.0,0x922e21af5c912a6c2283cd1a792bd52ba6523149,0x384e7aaa8917f3e2d32faab649c2d41917c739cc,Reental-MLG-2
0x78244f2cdd9584546e952204479d2450e5bd1e752be86743487264224a3331de,0xb5a1a4f29b7376c091d6f4c7689be4b7cd5a6d98,0.34328919,0x6f6aad8d226ba66e7d7f46e32a6819c7e5cd60f3,0x384e7aaa8917f3e2d32faab649c2d41917c739cc,Reental-VLC-6
0x3f1ca16b1837554308d71a13208090e1f344bc48e28e2b04bde2a3eacd12f38c,0xbaea3b53056d42c763d14bef94b39ada218c2dbd,0.24607328,0x6f6aad8d226ba66e7d7f46e32a6819c7e5cd60f3,0x384e7aaa8917f3e2d32faab649c2d41917c739cc,Reental-VLC-7
0x9293598a4d6d7562ed4b0ab31e327a073ab88eecf3718f00555a3e086fca62dc,0x7f6b82381bce03e7cf6af2fb1dcd41993406d4ae,1.0,0x922e21af5c912a6c2283cd1a792bd52ba6523149,0x384e7aaa8917f3e2d32faab649c2d41917c739cc,Reental-MLG-2
0xa833b3e8d51c24e46968e3bcaf925b50682b26bd194e20cc5b04b110fde4ddce,0x7f6b82381bce03e7cf6af2fb1dcd41993406d4ae,0.49238804,0x6f6aad8d226ba66e7d7f46e32a6819c7e5cd60f3,0x384e7aaa8917f3e2d32faab649c2d41917c739cc,Reental-MLG-2
0x8efd50d59e7453978fe315de1c165806fe606dc4bd8d0050b1b8f97f2bb25d72,0x7f6b82381bce03e7cf6af2fb1dcd41993406d4ae,3.04869609,0xc538526d642faa85f672abf8bf00e8d6909d7f22,0x384e7aaa8917f3e2d32faab649c2d41917c739cc,Reental-MLG-2
0x428c9b7d400a716c823d43c80e35d654a67d188a08f72dff601f9c5dd81f0611,0xe27f1e1d5ef28f560cbd9500342b24dd989635d2,2.043,0xc538526d642faa85f672abf8bf00e8d6909d7f22,0x384e7aaa8917f3e2d32faab649c2d41917c739cc,Reental-VLC-1
0x8cd52100d3906baa408cef020c3233c5adeb5e4238a75624044ca02978298459,0x60d595922e964b5cc002b5c207fde25d98d6fcd1,3.41475839,0x6332931191fb4d7266d6bddbae9fb8850746d8d8,0x384e7aaa8917f3e2d32faab649c2d41917c739cc,Reental-VLC-5
0x9a1f992f3b39f1cfebf509e47707aec8f9010d29c3f7da294eeba47019cacebc,0xbaea3b53056d42c763d14bef94b39ada218c2dbd,1.12098681,0x21cb12db1844b7d4c0cf3c3f1881737d7efa0702,0x384e7aaa8917f3e2d32faab649c2d41917c739cc,Reental-VLC-7
0x9c07dc518083b23cd5fa83293178bc906f41edf058f08b70f7e4a2564b8b7787,0x7f6b82381bce03e7cf6af2fb1dcd41993406d4ae,3.0,0xe33a753eae22c2c0fc20e4c701dd40cfd36a82b6,0x384e7aaa8917f3e2d32faab649c2d41917c739cc,Reental-MLG-2
0x070a019a803db766a97d5fe7eb6a994d5d2455d2494a6484d3dbb301a117dfea,0x512ee64de3b983d4e05faa949d63020442215a41,2.0342309,0x619485cbd0f78431d709aa20b1ac49768939badf,0x384e7aaa8917f3e2d32faab649c2d41917c739cc,Reental-VLC-3
0xea3f2bb7d35306320a04909390a4534b28f73334b23f7016873756d0366e7782,0xaca38d593f7775334fa1b84a865f19396f62f760,0.6756595,0x64441cc873d5f2014ac6c1a2f039b405abca3d09,0x384e7aaa8917f3e2d32faab649c2d41917c739cc,Reental-MLG-6
0x01407476f0e543eda0952f3e8f205a4dccc2290cb114d0f611f1ea8631b7dc64,0xb5a1a4f29b7376c091d6f4c7689be4b7cd5a6d98,5.0,0x632d6483c59f102c23d97dab6da11f35df0bbb8e,0x384e7aaa8917f3e2d32faab649c2d41917c739cc,Reental-VLC-6
0x8493fc4b7bfabf13ca32701dbf7be905c38e97c5bd738fe53046bc6c279936d2,0xb5a1a4f29b7376c091d6f4c7689be4b7cd5a6d98,5.0,0x632d6483c59f102c23d97dab6da11f35df0bbb8e,0x384e7aaa8917f3e2d32faab649c2d41917c739cc,Reental-VLC-6
0x84d2dd9915f376ed2fb9c0a99282a4223664ae1f9dcad69f085621aaea5155af,0xb5a1a4f29b7376c091d6f4c7689be4b7cd5a6d98,5.0,0x632d6483c59f102c23d97dab6da11f35df0bbb8e,0x384e7aaa8917f3e2d32faab649c2d41917c739cc,Reental-VLC-6
0x3c50dfe8b8e41358692f2256ea48505b103cb4ddc591b83dec39ed1294cb393a,0xa17e89f33e80b506af759f9e493efe29a47ea905,0.74611679,0x644e4df762e7087011246bc3baf3f8b24b40127d,0x384e7aaa8917f3e2d32faab649c2d41917c739cc,Reental-VLC-10
0x91d47029b8b749b7c878e16e30d2d68b3df20f01c895157c4788064377bcfd5d,0x7f6b82381bce03e7cf6af2fb1dcd41993406d4ae,1.24982752,0xc0896e0e56d45b3c6d3444bff507adf6f15ee068,0x384e7aaa8917f3e2d32faab649c2d41917c739cc,Reental-MLG-2
0xfa742900cf3429ada6b6c99d40f322bcefc5adf41c25ac96554816d70297c8c3,0xa17e89f33e80b506af759f9e493efe29a47ea905,4.0,0x58523dfd74b30d6f9230e782674bb438bcfd8622,0x384e7aaa8917f3e2d32faab649c2d41917c739cc,Reental-VLC-10
0x78ba41f3a8fe5a59d7070e2b8e0b585d1a22ba04fe5f16a53253849a4b0f51ac,0x6da0652a8481a774f5164612ab0ab18f105ad243,1.27578995,0x384e7aaa8917f3e2d32faab649c2d41917c739cc,0x58bb53a65780a03524f3c0770852d38c93101b1e,Reental-CLVM-1
0x2d66de54f0ea739bc24c6dc57ae40143dbea2ee813ec5db4243d2060dc1b05db,0xb45898179fe8de2818e3ff994559c60aa962e2af,1.08450709,0x9b04ba99ad57a8cfc5d1273f4cfe80d67a9bb9bb,0x384e7aaa8917f3e2d32faab649c2d41917c739cc,Reental-MLG-7
0x22bfd8faa9121955cdd556cd131286dc1ac87791952d906fd9ac509effda7139,0xaca38d593f7775334fa1b84a865f19396f62f760,4.31768392,0x384e7aaa8917f3e2d32faab649c2d41917c739cc,0xa3804d27c0d8386b9d4218f5e59ccfa778b59e6a,Reental-MLG-6
0x33cc860affffc6c02e1c4d3e679402f2a9466281bef8b455af35a10db06769b9,0x60d595922e964b5cc002b5c207fde25d98d6fcd1,3.41475839,0x384e7aaa8917f3e2d32faab649c2d41917c739cc,0xa3804d27c0d8386b9d4218f5e59ccfa778b59e6a,Reental-VLC-5
0x88073a12d1bdbd2084b72e7dcd99e73a4f817da1840b9872a9b73a92a4b1ad35,0xbaea3b53056d42c763d14bef94b39ada218c2dbd,1.36706009,0x384e7aaa8917f3e2d32faab649c2d41917c739cc,0xb64fbeef6b52207a4648308c56b84432b16e9b0f,Reental-VLC-7
0x2b15e2751f8a4bb803fe1d9a2fe890eafe15dcb03b4dfe9199507f0ca000c83a,0xfb759e0cc5cff4aea606064acd41c71c7c11bf40,9.99994868,0xcf1d4fcb4a2e7617973c75b414b7498f742a88f3,0x384e7aaa8917f3e2d32faab649c2d41917c739cc,Reental-BKL-1
0x39ea719b86be2f5d5da9669e1fa3ec9778a37471663a076ad31c2835f136a1a7,0xb45898179fe8de2818e3ff994559c60aa962e2af,1.08450709,0x384e7aaa8917f3e2d32faab649c2d41917c739cc,0x47816cf56b704a0664d0b5169cd1559c9f65d923,Reental-MLG-7
0xe942229d11a3120651c6ab063c003a73bad919792d226ef738039ecba8d1de36,0x1b0d685f5e4063033e0a1a360db864c9911eedda,2.7309025,0x384e7aaa8917f3e2d32faab649c2d41917c739cc,0x4ea686d768703965dbf537ffc4ab04047a83c1d0,Reental-VLC-9
0x9b1d04131ecbaf8852ad5e2e8f2ea3360fc448d1618f12343aeaaf22c2552099,0xfb759e0cc5cff4aea606064acd41c71c7c11bf40,1.02704524,0x468043dc6314e6d0ae6bb4d03de0d3f460372d08,0x384e7aaa8917f3e2d32faab649c2d41917c739cc,Reental-BKL-1
0x46bbd1737c91c6820f2a33c5d5f64b202f149b7a59eb913c5531021ebd060709,0xfb759e0cc5cff4aea606064acd41c71c7c11bf40,4.08,0xc1213762f0b2010721e34a7d3a4e6742f836b462,0x384e7aaa8917f3e2d32faab649c2d41917c739cc,Reental-BKL-1
0x43980e41148e00ba36c0cf495b2c29f6d23b75f2d62df1f6506f1b7153f8f959,0x4adaee2dae690cf8f3915f1c1963f16d239c5e11,2.0,0xeb4ea3b80a787863c729fc6c28b68c64a5a27089,0x384e7aaa8917f3e2d32faab649c2d41917c739cc,Reental-MRB-1
0x4f580b38cae1fe77e52fe4ef37d5ecc86c845cb33cdfce38deb49a24be4c0430,0xa0d99b441a9a5e334b234f31a92b97fa8d663626,8.0,0xc1213762f0b2010721e34a7d3a4e6742f836b462,0x384e7aaa8917f3e2d32faab649c2d41917c739cc,Reental-YCT-2
0x28e517a06f37c6fa6cd14a98632d57998eaee5fa905d70039445c237032b74cc,0xe56ff2dff2c2e95511f0bef4b3d92da05e8197c0,8.60680283,0x384e7aaa8917f3e2d32faab649c2d41917c739cc,0x6bd9cbc55bdbab4c5e177c6a4684a6d50c17b378,Reental-HOU-2
0x75cd2fc8c7e5a867c1f2bb1756fa838aae2982cb882b1780e705fce6aa6f7de3,0xfb759e0cc5cff4aea606064acd41c71c7c11bf40,5.0,0x922e21af5c912a6c2283cd1a792bd52ba6523149,0x384e7aaa8917f3e2d32faab649c2d41917c739cc,Reental-BKL-1
0xef064d7c4e4cc9ed44635935481ea23b2e6e62b1f109e06ac5d34a630c5329f6,0x68f73061bdf369c2562f4c0ea4e940f362d1a97f,9.99655687,0x384e7aaa8917f3e2d32faab649c2d41917c739cc,0xdac3758f649449ca21ee02ea272b8ae920fa7c06,Reental-ATL-1
0xae513a735f064891941d6a5f6195d0803319a686bfa555da00c40a29b33ad38e,0x243e4bacc4b4d61b87816c945544286eb29125c6,18.42587374,0x7245518c9a22c863dc5605a9e8548c551a650fe2,0x384e7aaa8917f3e2d32faab649c2d41917c739cc,Reental-CME-1
0xfe30508e74d0942c3b0bdb685fa84dda206400a3048461463fc414bd602d3ea8,0x18bb9840fd7185c0589ca5fb81a32e3e2d0f2676,3.0,0xf3b9739ed70e548f8e30e81746c80bc6c74edd1a,0x384e7aaa8917f3e2d32faab649c2d41917c739cc,Reental-OPO-1
0x87289ed5a5ca1a6d184d098b633784ff791d75c3c1c8a14a9a6d2c02232fd34a,0x4adaee2dae690cf8f3915f1c1963f16d239c5e11,27.48,0x76b665ed9eb85e333a529382b1cb9b565097327f,0x384e7aaa8917f3e2d32faab649c2d41917c739cc,Reental-MRB-1
0xfe726e7c48acee23a8657a99d7a392dc52246cce2df0f4373fdcd09736bae74b,0xf4237a554dcddc007688ffd72046e2b00dc5a905,5.0,0xf3b9739ed70e548f8e30e81746c80bc6c74edd1a,0x384e7aaa8917f3e2d32faab649c2d41917c739cc,Reental-MAD-6
0x3485c9a7d526ee2c5f32d99bf1029bcbe90ec6ee81a94e6266066b107ab3fa02,0xc48b58aae1fb770a8655e44de960eb7dc84a5de9,5.0,0x94264445fb3d0cd4f90e2e641ca1bd2a01e5c65a,0x384e7aaa8917f3e2d32faab649c2d41917c739cc,Reental-RET-1
0xb541363d0142d8f80472d85c18e8ae61f3a8002eaceefaecaa89bb9b24dadb71,0xc48b58aae1fb770a8655e44de960eb7dc84a5de9,5.0,0x94264445fb3d0cd4f90e2e641ca1bd2a01e5c65a,0x384e7aaa8917f3e2d32faab649c2d41917c739cc,Reental-RET-1
0xc3577f17c6ad537bc264d6520c8123007fcfadbc8f508a2fda70bfe14da08167,0xdecfebdaf1131899fb38a53dc63671246220ab7a,0.60357705,0x50b6db60a70af1522a1a46010b2843debb53ea2a,0x38c9f22876755767b5645a777380e8bd4a6c8396,Reental-RDO-5
0x9938df0b73a3a2937d8e28e890477083d8081f12153f13648c0a03a1740e41e3,0xdecfebdaf1131899fb38a53dc63671246220ab7a,0.20007387,0xa72ed54fb61853c823820a264870b7bdf46c0ddb,0x38c9f22876755767b5645a777380e8bd4a6c8396,Reental-RDO-5
0x196536da892a6e160a73dc4faf0d4bcfcef8225276d3875f4d823276e7e6b524,0x00201c8a6a9fe002423774d505e82f4f9d7b6c62,5.0,0xd4bcede6c4055c12ec03cd383046297d0ed05625,0x3903f6e74c9c6eb235e22efe48001058fbbe2e4c,Reental-PUZ-1
0xe6983b94df1a4450472ac42fc2480536d10aa811c3144927e4ab10444f5d4ec2,0x55fe4ba4f47410802fb84f2d635098dade71e551,2.0,0x0cb29d82f3631b457cf4fd8bb4c616256097c9a4,0x3903f6e74c9c6eb235e22efe48001058fbbe2e4c,Reental-OND-2
0xfe4498d91d2bd3bbdd904c9436cfb642be2b5878396337075150b2ad55124739,0x9c09c8525c5baa3b254cb0a60d3565cfbd5c9f28,1.0,0x3903f6e74c9c6eb235e22efe48001058fbbe2e4c,0xcd85a5512f7d6ecb2d60256f9975b5f52617db57,Reental-JAX-3
0xec63feda39e57f368633875026610d50d6eaf7cf2d871a23ae15578c83b13156,0x9c09c8525c5baa3b254cb0a60d3565cfbd5c9f28,1.0,0x3903f6e74c9c6eb235e22efe48001058fbbe2e4c,0xa7dfea257bea38a69367ba5d695c0e8aaf57900f,Reental-JAX-3
0xbd48903ad930d517633c4f9453fc9095f5c574122e294ab2082025d094431355,0x49b8f29f17a27ae89121642838e37bc8ce77d2f2,2.0,0x3903f6e74c9c6eb235e22efe48001058fbbe2e4c,0x9b59f0256e0e29062468fc2ec7a2703e0cc554a6,Reental-SMA-1
0xe0e96d03bef3f40d8045ae64b6ab5ef9a7d57e9bee2a65e2819424f0da8ecd1a,0x60d595922e964b5cc002b5c207fde25d98d6fcd1,1.15267766,0x6107da77b7e200de44af71de2e6dbd5faddfcc8c,0x3903f6e74c9c6eb235e22efe48001058fbbe2e4c,Reental-VLC-5
0x16359d94a6af5b45af5cdb5300e1b792d82247539df259a4b0f94066e80f7e95,0x9626bb1cd5536c2a3acc5c0cd98a589d9ea31638,3.0,0x6107da77b7e200de44af71de2e6dbd5faddfcc8c,0x3903f6e74c9c6eb235e22efe48001058fbbe2e4c,Reental-CDP-2
0xaab95d18241fafead744bc546b1553f3f7d2db3920cf02edaece11c0d391ba46,0x92f8150266c3a2a51be53188eebdfb0798ca7910,1.09946065,0x6107da77b7e200de44af71de2e6dbd5faddfcc8c,0x3903f6e74c9c6eb235e22efe48001058fbbe2e4c,Reental-SGT-2
0x11411d3528716bd4997b91fa687cd56989fb134b0a4e6fdfef7bb2256e83c523,0x3b7455335fc7c3839167ed8fc173405908ffdf15,1.0,0x3903f6e74c9c6eb235e22efe48001058fbbe2e4c,0xc0896e0e56d45b3c6d3444bff507adf6f15ee068,Reental-TLM-2
0x454b44329d6e6e2bed68f96c9fc066d817866af25b832a3ef49ecdaa56b0941e,0x9626bb1cd5536c2a3acc5c0cd98a589d9ea31638,3.0,0x6107da77b7e200de44af71de2e6dbd5faddfcc8c,0x3903f6e74c9c6eb235e22efe48001058fbbe2e4c,Reental-CDP-2
0xb7efded55defe260d936af967898f55054431de66be9a15bb22dc0bfeca6dc10,0xaca38d593f7775334fa1b84a865f19396f62f760,3.0,0x3903f6e74c9c6eb235e22efe48001058fbbe2e4c,0x8a7761d07dbeb6b09848083a887a0c6fafa2fa3b,Reental-MLG-6
0x92df8fe6673662973c8cb896fff5d11032d48de653190d79d2acad06d549b00b,0xe7d35f9248ea53943765928c0d9dc027a0129f28,5.0,0x3903f6e74c9c6eb235e22efe48001058fbbe2e4c,0x8a7761d07dbeb6b09848083a887a0c6fafa2fa3b,Reental-MLG-3
0xc8053228ffab9a1f75478ed911ee30135322fd4401be26c94ca9149981ae7c83,0x9626bb1cd5536c2a3acc5c0cd98a589d9ea31638,2.10364654,0x6107da77b7e200de44af71de2e6dbd5faddfcc8c,0x3903f6e74c9c6eb235e22efe48001058fbbe2e4c,Reental-CDP-2
0x3f72b3ff41f28b1b0129b93c45cb75a37e1a9cababc6c156f839a0aa751a643c,0x7f6b82381bce03e7cf6af2fb1dcd41993406d4ae,1.97,0xad64ab35f7675fe552acfe0fa47f6af69228d2f8,0x3903f6e74c9c6eb235e22efe48001058fbbe2e4c,Reental-MLG-2
0x20e1899760cf4c119a2a374cd3191aba688c6cd184da01cc1f04e142c64b9435,0x92f8150266c3a2a51be53188eebdfb0798ca7910,0.09946065,0x3903f6e74c9c6eb235e22efe48001058fbbe2e4c,0xd73d0b5775caf7ff914d8643bc31bbfb1db2f3c6,Reental-SGT-2
0x80f595af51b773ee85431506b809642cfa3e1c4eb4ce602ea3d05d1f3ef53ec7,0xaca38d593f7775334fa1b84a865f19396f62f760,2.0,0x3903f6e74c9c6eb235e22efe48001058fbbe2e4c,0xa863fa19371c285af036b65ff09cc558297559dc,Reental-MLG-6
0x2a190959fb41fd74ffc6e8f26bed50cfd33d4bca9ef0a24c0171fa6f703cac33,0x6b4fa3c69e62f8f03dc018b57efa74d560462210,1.0,0x3903f6e74c9c6eb235e22efe48001058fbbe2e4c,0x922e21af5c912a6c2283cd1a792bd52ba6523149,Reental-MAYA-1
0xa604856426a50548ebbbed3f436abea4e2a84eace4f8540bbec20792166b3b9c,0x33be67454ae817337db15877fd4106c5cd5206c5,3.0,0x99435364c23e8fdb858fccc01f7e1570c8482b65,0x3903f6e74c9c6eb235e22efe48001058fbbe2e4c,Reental-MLG-5
0xb6329e8dc54ed160c5d77dcdae137ec05a91644497d7bc362cf847020130f15d,0x33be67454ae817337db15877fd4106c5cd5206c5,1.0,0x3903f6e74c9c6eb235e22efe48001058fbbe2e4c,0xed9f944b9674a7efbb73b85867b41af6a727d96b,Reental-MLG-5
0xfedff89420efad476bb114d2228f07cb2fa211e1767ec2a4502be85a3c4fd912,0x9626bb1cd5536c2a3acc5c0cd98a589d9ea31638,1.0,0x6bd9cbc55bdbab4c5e177c6a4684a6d50c17b378,0x3903f6e74c9c6eb235e22efe48001058fbbe2e4c,Reental-CDP-2
0x5248560e71d91fed672eb96cb341de481965940f6332f6bd7b28379f5ded6cbc,0x6b4fa3c69e62f8f03dc018b57efa74d560462210,3.0,0x3903f6e74c9c6eb235e22efe48001058fbbe2e4c,0x922e21af5c912a6c2283cd1a792bd52ba6523149,Reental-MAYA-1
0x95368a8717c87adfc95be69c4b33dcca7b12a8b7786d53d6e99774f8b0e57c87,0x55fe4ba4f47410802fb84f2d635098dade71e551,2.0,0x6bd9cbc55bdbab4c5e177c6a4684a6d50c17b378,0x3903f6e74c9c6eb235e22efe48001058fbbe2e4c,Reental-OND-2
0x4df32d8f61879dbf7276292798ef3041e10d2500672550c3cbd1ea3cb45b31fb,0x55fe4ba4f47410802fb84f2d635098dade71e551,1.0,0x6bd9cbc55bdbab4c5e177c6a4684a6d50c17b378,0x3903f6e74c9c6eb235e22efe48001058fbbe2e4c,Reental-OND-2
0x23e593aaf06fa584045e36c9a4874c46e5eb484e63782ea7b69d5c5470679d67,0x60b3d1920b31da1eedc4e2065ebb7a43a1690113,2.0,0x6bd9cbc55bdbab4c5e177c6a4684a6d50c17b378,0x3903f6e74c9c6eb235e22efe48001058fbbe2e4c,Reental-TLM-1
0x381692ae5e2be046d83ed1f38d03466e1b09ec4563e17d14c0350f57e7896c2c,0x9626bb1cd5536c2a3acc5c0cd98a589d9ea31638,1.0,0x6bd9cbc55bdbab4c5e177c6a4684a6d50c17b378,0x3903f6e74c9c6eb235e22efe48001058fbbe2e4c,Reental-CDP-2
0x5898e8e3ee3bd7ffcec0e7fc210ccaa0c5f51ac4c1bf6d8db2504d12a8ad156f,0x9626bb1cd5536c2a3acc5c0cd98a589d9ea31638,0.10364654,0x3903f6e74c9c6eb235e22efe48001058fbbe2e4c,0xd73d0b5775caf7ff914d8643bc31bbfb1db2f3c6,Reental-CDP-2
0xe1343ef6fe76d8f9bf5c4ba2b120e6d69aebbcde4b755454aa1d05216c95fc75,0xfd0ea97747f7b1a53ec59ef5001616cde3aead3e,1.0,0x6bd9cbc55bdbab4c5e177c6a4684a6d50c17b378,0x3903f6e74c9c6eb235e22efe48001058fbbe2e4c,Reental-CLVM-2
0x7ceb8fff1b52fc483185b2d5876326dad42fdf20e9aec61d5b6c9707875383e6,0x7f6b82381bce03e7cf6af2fb1dcd41993406d4ae,0.97,0x3903f6e74c9c6eb235e22efe48001058fbbe2e4c,0xd212a7c928b7a61460d67b96769bb8e38b4a4652,Reental-MLG-2
0x8ce047790085ea2508124339189076e5e194bcbb4a7bf0bcd2d2a1a25dd8e303,0x6b4fa3c69e62f8f03dc018b57efa74d560462210,1.0,0x99b6b6f3d833d41cf50c9dc24c1c954e4124bef6,0x3903f6e74c9c6eb235e22efe48001058fbbe2e4c,Reental-MAYA-1
0x035e57b75e1c2bf6501c835f1861cd7f85abfcd339573a3aff2729c7ea27e056,0x60d595922e964b5cc002b5c207fde25d98d6fcd1,1.0,0x6bd9cbc55bdbab4c5e177c6a4684a6d50c17b378,0x3903f6e74c9c6eb235e22efe48001058fbbe2e4c,Reental-VLC-5
0x88fff55197eb3ca925757241891530c41a1dff41cf4a1c93129deacf019a59ec,0x60d595922e964b5cc002b5c207fde25d98d6fcd1,0.26890649,0x3903f6e74c9c6eb235e22efe48001058fbbe2e4c,0xb64fbeef6b52207a4648308c56b84432b16e9b0f,Reental-VLC-5
0x53676aac3cfe86c94cb6a90e4d2c285061c21f1cd96f2aef7ee5a1e996176ea6,0x60b3d1920b31da1eedc4e2065ebb7a43a1690113,2.0,0x6bd9cbc55bdbab4c5e177c6a4684a6d50c17b378,0x3903f6e74c9c6eb235e22efe48001058fbbe2e4c,Reental-TLM-1
0xdc06c782cb33988ca44bbe1b06ad19ebc03e12bb9a33d9a8b40b06f2b6107deb,0x6b4fa3c69e62f8f03dc018b57efa74d560462210,1.0,0x99b6b6f3d833d41cf50c9dc24c1c954e4124bef6,0x3903f6e74c9c6eb235e22efe48001058fbbe2e4c,Reental-MAYA-1
0x8ffa84b6223177e6dcbec033c0e30b5d8027519203ba68d23f2fa044ab2ba180,0x33be67454ae817337db15877fd4106c5cd5206c5,2.0,0x3903f6e74c9c6eb235e22efe48001058fbbe2e4c,0xd212a7c928b7a61460d67b96769bb8e38b4a4652,Reental-MLG-5
0x5c3aa743192df1f90abeac3884ae93983d727caffe51d58d5d4230019e886af2,0x60b3d1920b31da1eedc4e2065ebb7a43a1690113,1.0,0x6bd9cbc55bdbab4c5e177c6a4684a6d50c17b378,0x3903f6e74c9c6eb235e22efe48001058fbbe2e4c,Reental-TLM-1
0x645d7316fcddf8b8e137fc3922c95873f0313d56b55d8fd9aad497a9386535da,0x49b8f29f17a27ae89121642838e37bc8ce77d2f2,2.0,0x3903f6e74c9c6eb235e22efe48001058fbbe2e4c,0x4ea686d768703965dbf537ffc4ab04047a83c1d0,Reental-SMA-1
0xf457daddeca9ae468a3d6987dc5e498d0937a4b07236379ee534c830d76937bc,0x6b4fa3c69e62f8f03dc018b57efa74d560462210,1.0,0x99b6b6f3d833d41cf50c9dc24c1c954e4124bef6,0x3903f6e74c9c6eb235e22efe48001058fbbe2e4c,Reental-MAYA-1
0xcee4162d0d3c2baff6c924e588a777271a96dcc3c2236b037d779d74c0f4d824,0x92f8150266c3a2a51be53188eebdfb0798ca7910,5.0,0x3460f3e3ecdadb7ca18cc363c1ed05d227fda666,0x3903f6e74c9c6eb235e22efe48001058fbbe2e4c,Reental-SGT-2
0xfd50feb3da480de20f97f173822f4f19ba53297bcad50b1283e5a554586cbd8d,0x7469b9381bfa8a34bef9dfaad03d75f60947f957,1.0,0x3903f6e74c9c6eb235e22efe48001058fbbe2e4c,0xc8d87578f9c7005020d82625693ab46932d6491a,Reental-CDP-3
0x30cfeaf158988c74ff27e7eb3996cdc4e45c25d268d47a98eada7964542aa294,0xe27f1e1d5ef28f560cbd9500342b24dd989635d2,5.0,0x3460f3e3ecdadb7ca18cc363c1ed05d227fda666,0x3903f6e74c9c6eb235e22efe48001058fbbe2e4c,Reental-VLC-1
0x54570134a7f3a3db88ceac69dd8f5fe18caa1b218a74ce6d0513dbadec9976a0,0x7f6b82381bce03e7cf6af2fb1dcd41993406d4ae,1.0,0x3903f6e74c9c6eb235e22efe48001058fbbe2e4c,0x8d56502da9bd98bb676c0dd630152968495bd8c8,Reental-MLG-2
0x4a822f0b9cfcfba79455b613062e471cf0861f6f9771b792a93a0567460678cb,0x92f8150266c3a2a51be53188eebdfb0798ca7910,1.0,0x3903f6e74c9c6eb235e22efe48001058fbbe2e4c,0x59a46a90bcd7567ccac8717b30239a80a1ef6145,Reental-SGT-2
0x50cd94ac196d413253d87021c1d7d9be6db40bdfe8658e4f93c906e21e804445,0x49b8f29f17a27ae89121642838e37bc8ce77d2f2,2.0,0x3903f6e74c9c6eb235e22efe48001058fbbe2e4c,0xb54d1ee3859a24789d931962b7313bb2a2529785,Reental-SMA-1
0x090aed70377cdf7e87a2408989dc32b501a19a10051209cb298c9165da1fb066,0x60b3d1920b31da1eedc4e2065ebb7a43a1690113,2.0,0x6bd9cbc55bdbab4c5e177c6a4684a6d50c17b378,0x3903f6e74c9c6eb235e22efe48001058fbbe2e4c,Reental-TLM-1
0x4ed1054c18001474cdb8868bcc2a05fe6c0474b6c7542a9b53a2686073535cbb,0x49b8f29f17a27ae89121642838e37bc8ce77d2f2,1.0,0x3903f6e74c9c6eb235e22efe48001058fbbe2e4c,0xfb8482d3a050b09d9dd3d3fb44e858864ef649f8,Reental-SMA-1
0xb0327609ba79aa64ecfd5c22b28d5c8f7a6ec8ff38e58c7fa6f4accda0bcb6e7,0x33be67454ae817337db15877fd4106c5cd5206c5,1.0,0x3903f6e74c9c6eb235e22efe48001058fbbe2e4c,0x8a7761d07dbeb6b09848083a887a0c6fafa2fa3b,Reental-MLG-5
0xd79b3c39c8a1214c76be77fb862adafbe5bd93828d51439865eed8b33ac83f4a,0x6b4fa3c69e62f8f03dc018b57efa74d560462210,1.0,0x99b6b6f3d833d41cf50c9dc24c1c954e4124bef6,0x3903f6e74c9c6eb235e22efe48001058fbbe2e4c,Reental-MAYA-1
0x1b86222950fa6caa940c8ad19220b52a9dd084bb6c353a54f5ade36bea2c4aaf,0x7469b9381bfa8a34bef9dfaad03d75f60947f957,1.0,0x3903f6e74c9c6eb235e22efe48001058fbbe2e4c,0xed9f944b9674a7efbb73b85867b41af6a727d96b,Reental-CDP-3
0xea62c38514b310f09976dfe166118b873cdbb7b41d1eb2b33e57d5eaa810739c,0x7469b9381bfa8a34bef9dfaad03d75f60947f957,2.0,0x3903f6e74c9c6eb235e22efe48001058fbbe2e4c,0xed9f944b9674a7efbb73b85867b41af6a727d96b,Reental-CDP-3
0xe636e8b99ea4917b23b057f890f711ab22501fdc42d6c05e6d8b706b53e241c1,0x6b4fa3c69e62f8f03dc018b57efa74d560462210,1.0,0x99b6b6f3d833d41cf50c9dc24c1c954e4124bef6,0x3903f6e74c9c6eb235e22efe48001058fbbe2e4c,Reental-MAYA-1
0xda592b450d4157e5099e1af07be58901994ce7af9c3b104812c4393307577f23,0x6b4fa3c69e62f8f03dc018b57efa74d560462210,1.0,0x99b6b6f3d833d41cf50c9dc24c1c954e4124bef6,0x3903f6e74c9c6eb235e22efe48001058fbbe2e4c,Reental-MAYA-1
0x3914691eab7d99128673a3b5e7db4a77a805eb766be0d3c57767d355e7547554,0x33be67454ae817337db15877fd4106c5cd5206c5,2.0,0x3903f6e74c9c6eb235e22efe48001058fbbe2e4c,0x6500dbb9da71f7646c4050c882c73dbd215c8a73,Reental-MLG-5
0x5d254030b3417438c296b8ac01c8ad9b21b948b8ea63b071760845e9c6e527b2,0x60b3d1920b31da1eedc4e2065ebb7a43a1690113,1.0,0x3903f6e74c9c6eb235e22efe48001058fbbe2e4c,0x6500dbb9da71f7646c4050c882c73dbd215c8a73,Reental-TLM-1
0x721e4014a3ee1355e6f0d8c85d481213cd0f19869b867eb4734c41a45b0add1c,0x6b4fa3c69e62f8f03dc018b57efa74d560462210,1.0,0x99b6b6f3d833d41cf50c9dc24c1c954e4124bef6,0x3903f6e74c9c6eb235e22efe48001058fbbe2e4c,Reental-MAYA-1
0xbe3493daf8268373b503bb590eb61c44487445f9808430afbaad0af58faaf26b,0x6b4fa3c69e62f8f03dc018b57efa74d560462210,1.0,0x99b6b6f3d833d41cf50c9dc24c1c954e4124bef6,0x3903f6e74c9c6eb235e22efe48001058fbbe2e4c,Reental-MAYA-1
0x69af7a7f537ecc677f23706c9684c6766628d873b32750a91154efdffb629db4,0x60d595922e964b5cc002b5c207fde25d98d6fcd1,1.00923692,0xd8bf40febaadb4c1d5e336d064512bd9182786ea,0x3903f6e74c9c6eb235e22efe48001058fbbe2e4c,Reental-VLC-5
0xa9607a13a3d4ca20143f5b3cc0df4f34c1e8fec176719f618457fb97c93c619f,0x60d595922e964b5cc002b5c207fde25d98d6fcd1,0.00923692,0x3903f6e74c9c6eb235e22efe48001058fbbe2e4c,0xd73d0b5775caf7ff914d8643bc31bbfb1db2f3c6,Reental-VLC-5
0xf23795433fb797aa5f36a2f1c17f5ee3caf1e45fd2a23c2704d3fa741e9d7fc6,0x60d595922e964b5cc002b5c207fde25d98d6fcd1,1.0,0x3903f6e74c9c6eb235e22efe48001058fbbe2e4c,0xfb8482d3a050b09d9dd3d3fb44e858864ef649f8,Reental-VLC-5
0xdb8fb3ed6899e157562ce7f884073cddd5390badfe266e0d3532938a3aa97b3a,0x49b8f29f17a27ae89121642838e37bc8ce77d2f2,1.0,0x3903f6e74c9c6eb235e22efe48001058fbbe2e4c,0xf3e25494bc9e24a1eeb2c3ef9434bc6bbdbba66b,Reental-SMA-1
0x5397c4e8b46c30a9d5cbc78223af922b1c70fff8a67cfb8bf960c0e2f8dbe865,0x60b3d1920b31da1eedc4e2065ebb7a43a1690113,1.0,0x3903f6e74c9c6eb235e22efe48001058fbbe2e4c,0xf3e25494bc9e24a1eeb2c3ef9434bc6bbdbba66b,Reental-TLM-1
0xb1f3c69cb29413f99395cd348a5cad04adaab3c981ccd0597e3dd043d5bbc03e,0x60b3d1920b31da1eedc4e2065ebb7a43a1690113,1.0,0x3903f6e74c9c6eb235e22efe48001058fbbe2e4c,0x644e4df762e7087011246bc3baf3f8b24b40127d,Reental-TLM-1
0xe72bbe0f2be034531074b644c77e8e14e45878085771b448b82e46ac6f9bd418,0x3b7455335fc7c3839167ed8fc173405908ffdf15,5.0,0x07894214cdae556893f475389b146ff646d4e3d5,0x3903f6e74c9c6eb235e22efe48001058fbbe2e4c,Reental-TLM-2
0xd4d34976d9139ebb42e312015fb90c7b75abce61597044efe339c09503bd7fd6,0x60b3d1920b31da1eedc4e2065ebb7a43a1690113,1.0,0x3903f6e74c9c6eb235e22efe48001058fbbe2e4c,0x644e4df762e7087011246bc3baf3f8b24b40127d,Reental-TLM-1
0x9e87de9f0843009b182697da075911dc49c820ffda35346733a99f7e27291c88,0x60b3d1920b31da1eedc4e2065ebb7a43a1690113,1.0,0x644e4df762e7087011246bc3baf3f8b24b40127d,0x3903f6e74c9c6eb235e22efe48001058fbbe2e4c,Reental-TLM-1
0x60fb991f9c46b303018a9c6b4497d4a88b47685bcede6a80ff570efc087afff8,0xb5a1a4f29b7376c091d6f4c7689be4b7cd5a6d98,1.0,0x644e4df762e7087011246bc3baf3f8b24b40127d,0x3903f6e74c9c6eb235e22efe48001058fbbe2e4c,Reental-VLC-6
0xeb19c0754654b72e0f21a2035780d830e57c3ad933804210324d25a6bfd66a86,0x60b3d1920b31da1eedc4e2065ebb7a43a1690113,1.0,0x3903f6e74c9c6eb235e22efe48001058fbbe2e4c,0x644e4df762e7087011246bc3baf3f8b24b40127d,Reental-TLM-1
0x72648150f44f272a436fdf02f82d771190cf04f5bb58177f99fd43205df25423,0x60b3d1920b31da1eedc4e2065ebb7a43a1690113,1.0,0x3903f6e74c9c6eb235e22efe48001058fbbe2e4c,0x644e4df762e7087011246bc3baf3f8b24b40127d,Reental-TLM-1
0xf33241dc51a1b817e6496d9e28ad2c7cdd32717d98e36c8fc2c5d154ddb9a0b1,0x3b7455335fc7c3839167ed8fc173405908ffdf15,2.0,0x07894214cdae556893f475389b146ff646d4e3d5,0x3903f6e74c9c6eb235e22efe48001058fbbe2e4c,Reental-TLM-2
0xfc9d229adc8ac75657641f827c8eba8c109f51d1e881045fac619b6ec405d92c,0x3b7455335fc7c3839167ed8fc173405908ffdf15,1.0,0x3903f6e74c9c6eb235e22efe48001058fbbe2e4c,0x4ea686d768703965dbf537ffc4ab04047a83c1d0,Reental-TLM-2
0xb17bcd0c7442dea2341465de22d1a60cad286ddda6cf863ed53469f1095570dd,0x3b7455335fc7c3839167ed8fc173405908ffdf15,1.0,0x3903f6e74c9c6eb235e22efe48001058fbbe2e4c,0x4ea686d768703965dbf537ffc4ab04047a83c1d0,Reental-TLM-2
0xb1018b6ee87268ceb4a8465022e223a73224fcbc6316ef6eeb2d953b01d78b25,0x7469b9381bfa8a34bef9dfaad03d75f60947f957,3.0,0x3903f6e74c9c6eb235e22efe48001058fbbe2e4c,0x7e186016b365c79ae28a243dbfb53f6762854c29,Reental-CDP-3
0x4628b626359209900760e94beef06ed7733c5d19898466477ad5295fdf811b99,0x2f1026ff5bd94232050364c81d61a2d15e147209,1.10072907,0xc1213762f0b2010721e34a7d3a4e6742f836b462,0x3903f6e74c9c6eb235e22efe48001058fbbe2e4c,Reental-MIA-1
0xd96f4be8bac8f0037b907ae981f803dde87af5ca1f6edd0fe56661f456d638d3,0x7469b9381bfa8a34bef9dfaad03d75f60947f957,3.0,0x3903f6e74c9c6eb235e22efe48001058fbbe2e4c,0x75f0268b9864ae585e798a7cbbaaff9198ab88ec,Reental-CDP-3
0x9f1016875aab54a65645cbaa4bd4c95b12e51565520ab793333f80d321b2decc,0x60b3d1920b31da1eedc4e2065ebb7a43a1690113,4.125,0x9b04ba99ad57a8cfc5d1273f4cfe80d67a9bb9bb,0x3903f6e74c9c6eb235e22efe48001058fbbe2e4c,Reental-TLM-1
0x9c813f10417ae1c34909b6768886321ee7d99d194c1dde7db9a21bcfe4aa53bb,0x3b7455335fc7c3839167ed8fc173405908ffdf15,2.5,0x9b04ba99ad57a8cfc5d1273f4cfe80d67a9bb9bb,0x3903f6e74c9c6eb235e22efe48001058fbbe2e4c,Reental-TLM-2
0x5813d396d31b1fdc5796433a3ed97fd0a66918f6896e8f7c2650ca204c07c237,0x60b3d1920b31da1eedc4e2065ebb7a43a1690113,1.125,0x3903f6e74c9c6eb235e22efe48001058fbbe2e4c,0xc8d87578f9c7005020d82625693ab46932d6491a,Reental-TLM-1
0xd029003ebee84023b7f27219ea0ac1b5cf5cb6215217cf686023c6880b6ba9a8,0x3b7455335fc7c3839167ed8fc173405908ffdf15,0.5,0x3903f6e74c9c6eb235e22efe48001058fbbe2e4c,0xc8d87578f9c7005020d82625693ab46932d6491a,Reental-TLM-2
0x1cdc6f1f1adc6d01b1f4a854a212a2bf6184f9b1579023b64c54e4ed0fc52fa3,0x3b7455335fc7c3839167ed8fc173405908ffdf15,2.0,0x3903f6e74c9c6eb235e22efe48001058fbbe2e4c,0xf3e25494bc9e24a1eeb2c3ef9434bc6bbdbba66b,Reental-TLM-2
0xd756117a74228e9e7972c323d71054e2db8b634408d733039a57da1af20501fb,0x3b7455335fc7c3839167ed8fc173405908ffdf15,1.0,0x3903f6e74c9c6eb235e22efe48001058fbbe2e4c,0x4ea686d768703965dbf537ffc4ab04047a83c1d0,Reental-TLM-2
0x372282bb709e2d6aedf6908fe9064db79e322fa97688fb5087a86a5c12772435,0x60b3d1920b31da1eedc4e2065ebb7a43a1690113,1.0,0x3903f6e74c9c6eb235e22efe48001058fbbe2e4c,0x4ea686d768703965dbf537ffc4ab04047a83c1d0,Reental-TLM-1
0x6b5d979729aaf9b5b143e2e32dddd2c27dc92ebe513b844dabbf2934c92cc6cb,0x3b7455335fc7c3839167ed8fc173405908ffdf15,1.0,0x3903f6e74c9c6eb235e22efe48001058fbbe2e4c,0xb54d1ee3859a24789d931962b7313bb2a2529785,Reental-TLM-2
0xc35ebb67d8d5fd060cbae2081f00b08a4f23dbcb32a98ce3311ddf6354696e0f,0xf94ca4e007553917d1f80d013d2544ddfbed555c,2.0,0x922e21af5c912a6c2283cd1a792bd52ba6523149,0x3b65ea9abcd4d9f6a84cbfc27d24b53278fe08bc,Reental-MLG-4
0x70e2ad0bd18c070f3ff3a6eba9ceb602a67a93eb1ab23394b55995cc67e0faf3,0xad3e1f50590ef6f323caa0cf43f39d28d1d34144,0.4,0xd73d0b5775caf7ff914d8643bc31bbfb1db2f3c6,0x3b65ea9abcd4d9f6a84cbfc27d24b53278fe08bc,Reental-JAX-2
0x0daeb0816f05e60a779d85db1865a8fbafd1d4d6261cd74327771a287fa0d565,0xad3e1f50590ef6f323caa0cf43f39d28d1d34144,0.85917138,0x985702fb3c75a0f45412dbc1937195c28042d92b,0x3b65ea9abcd4d9f6a84cbfc27d24b53278fe08bc,Reental-JAX-2
0x9b0a3a5ab6e98cbf115e4f3cb2c6a6f7392d11175184d4590260fc8d14bbf467,0x7cb85443eab0851d9b4558db23e1026af07c700d,0.84984696,0x08682b69c8f955bccb75d9a7fa6eb9a6188cc57b,0x3bf4c46993d76a521a76ca9bfd2af1f177ec3e39,Reental-RET-2
0x539a58efbd21f977efe1fa2d25d044007cd6716b01c611b8b65a7dbf2921c7e7,0x29fdc3434576e188e8131b2ad9cf94d3b3e71f56,5.0,0x7e186016b365c79ae28a243dbfb53f6762854c29,0x3d43f15b4926f7b088981ca81829afc5cdacdb77,Reental-MLG-8
0x8b7641f1acb28ab2287ded8d0c0d6e4730605fc5625f56c577dc059a1549632c,0xc48b58aae1fb770a8655e44de960eb7dc84a5de9,1.00007047,0x355ef1570a6b9373120dae9f25440bd1d9a61028,0x3d43f15b4926f7b088981ca81829afc5cdacdb77,Reental-RET-1
0xea9ff8e78b4c9a1108b604a7c5512b057fb0728fe4f5ef967cdde0679494dd79,0xed923b814f1ea3d42c54dda55ba8edfaba994489,1.0,0xc12a1f7e3cb180c0a64a9635ba76dcb965fc0702,0x3d43f15b4926f7b088981ca81829afc5cdacdb77,Reental-BKL-2
0x32c045e9d9ac1d6bc3e35aa13e2dd68a2cb02e94da3017fe27cab873b95f8c94,0xc48b58aae1fb770a8655e44de960eb7dc84a5de9,2.0,0xb6674d3613172eb97baa525002967cfb137e46b4,0x3d43f15b4926f7b088981ca81829afc5cdacdb77,Reental-RET-1
0xb0a3952eb3f4e063e1239491fa40074483d239f23f16b5e36406c150b33bdf5c,0xe7d35f9248ea53943765928c0d9dc027a0129f28,5.0,0xba31fa71441f47e712eedf2ce973a5e552317af3,0x3d43f15b4926f7b088981ca81829afc5cdacdb77,Reental-MLG-3
0x21a32b3ea24330e5b29a93b52620a2f1d618bf496496be14871aa3d780be0c4c,0xc48b58aae1fb770a8655e44de960eb7dc84a5de9,2.0,0xb6674d3613172eb97baa525002967cfb137e46b4,0x3d43f15b4926f7b088981ca81829afc5cdacdb77,Reental-RET-1
0x7d3d0bbf7532ddf691e5bde2e4ab65f661b0262d2ed6550ff4ae9feaedbf7d4b,0x7f6b82381bce03e7cf6af2fb1dcd41993406d4ae,9.44719095,0x3f9ed6a481392a65009697131b12518b8cb8ce1f,0x3d43f15b4926f7b088981ca81829afc5cdacdb77,Reental-MLG-2
0xa6b47fe8890b79ebb6d5130574dffb09e62d517325dca000fcd573e20e4eacae,0x4adaee2dae690cf8f3915f1c1963f16d239c5e11,1.0,0xede1abaf81e96625ebe7d8f3249e363f0843a0b7,0x3d43f15b4926f7b088981ca81829afc5cdacdb77,Reental-MRB-1
0x273e9709c0797fac9cf3f134aeac83c4605ecf2af147d25dfe063dbd937698ed,0x875b80a36ae0660f7de4178a49f7672c8447d365,1.55670669,0xb552a37e3f07082490b017aa6b43e10cd04176b5,0x3d43f15b4926f7b088981ca81829afc5cdacdb77,Reental-RET-3
0xc3f8d16fe63c96b51a6831bd4c8e58696005dcf15aaff4ecbc0157567ac11390,0xb0825e7a4093d21ed076883f8aca33300631291e,2.74041552,0x9f9daec64f6f05696d1578b7159cdf7e504afdb9,0x3d77d26098f5ad3544a4d7407172f809d5e67472,Reental-MIA-3
0x717d3af2ca5afa3710c1bd21b5d3e2d2a01f0ca80c419b5c062701e1f127d530,0x8eeb57505999d3092c7b00ad5a5e53b943ad235d,5.0,0xf9c3fa98e7c685ff7964b7a297a7a22cb88eef19,0x3d77d26098f5ad3544a4d7407172f809d5e67472,Reental-SLA-2
0xfb4d33ff39768b43bb92210b8ba1db9d00509b925a5dfc266d637d8a925d99ed,0x4adaee2dae690cf8f3915f1c1963f16d239c5e11,2.95232413,0xcc568012f3f376785c48a3b036370b9d5c1be9a6,0x3d77d26098f5ad3544a4d7407172f809d5e67472,Reental-MRB-1
0x4873bcc121666fadbd61eb3cddaf25d8a0a51153c5e4ee6df993c9545dc87083,0xa0d99b441a9a5e334b234f31a92b97fa8d663626,2.0,0xc1213762f0b2010721e34a7d3a4e6742f836b462,0x3d77d26098f5ad3544a4d7407172f809d5e67472,Reental-YCT-2
0xcb533df181cca49081f2319998e7005c282f0c28c37766897b2f44c3a5abcefc,0x8e08d151466bd8499a89ee9254586ef141f324c9,1.0,0x4ea686d768703965dbf537ffc4ab04047a83c1d0,0x41d19e1fe69866a57114267c8dc543770390215d,Reental-FMY-1
0xeb82d75bd7b8914392b0c82d8507eef359eeae3562383382ad85389492d5c953,0x6b4fa3c69e62f8f03dc018b57efa74d560462210,2.0,0x99b6b6f3d833d41cf50c9dc24c1c954e4124bef6,0x42b45e0e1feb29cb4821f51edc09bc2d88b1edf5,Reental-MAYA-1
0x1971c914ac12c8b7e843b4239d0e4ce468594d02568d472a734bc0060b2bc1ca,0x49b8f29f17a27ae89121642838e37bc8ce77d2f2,0.9395,0x985702fb3c75a0f45412dbc1937195c28042d92b,0x42b45e0e1feb29cb4821f51edc09bc2d88b1edf5,Reental-SMA-1
0x20e62cd79b025aad0c7921b40b220c59c1ddfd3e05f23fdd3922f30ef839f354,0x6b4fa3c69e62f8f03dc018b57efa74d560462210,2.0,0x99b6b6f3d833d41cf50c9dc24c1c954e4124bef6,0x42b45e0e1feb29cb4821f51edc09bc2d88b1edf5,Reental-MAYA-1
0x6250004634ec17fd2d02184666d5429bdb232157c8825b28971998d53f856611,0xc9202973248e4052ae2a10759a87f0941c00299f,30.51062448,0xc3a8e0c76574defbba0d65994c7efa17182122dc,0x42c2710407cd31ea75d381b6c5980147a175c4af,Reental-NCA-1
0x6dcdc80f0c247b1f348459da113bf88e8ecb18aeeecd83e342fb08ea0b7c16e9,0x1998bc7570ae301154e0c3017acbb200b87ad1af,0.99260547,0xc73c1573045a3f1f5cc0afb112147c2d3cca21d8,0x444285dcbf67a6ec3eb70577edd9de04c3940492,Reental-IDX-1
0x495a468ea9bbf766d0dfa184e7de2da573d8745d9996a5fef35d9bb213d4ed4a,0x21ae95a56ef471370ce89a7a4624117f31810927,1.0,0x4ea686d768703965dbf537ffc4ab04047a83c1d0,0x444285dcbf67a6ec3eb70577edd9de04c3940492,Reental-DNB-1
0x3d489e224b920e035137982a174b3e336a267da751c18b6d1e4708ec4f7fe85a,0x68f73061bdf369c2562f4c0ea4e940f362d1a97f,2.00918418,0xa3804d27c0d8386b9d4218f5e59ccfa778b59e6a,0x44493d8db718c2636a9670469270397c65d67955,Reental-ATL-1
0x35393349ae51b0c883adcdcefab804df13e12e8b3545e3acea1ecf173ed40e41,0x6da0652a8481a774f5164612ab0ab18f105ad243,3.0,0x6bd9cbc55bdbab4c5e177c6a4684a6d50c17b378,0x4594d0460f573f301f1fd3f1afae68d37b00823f,Reental-CLVM-1
0xb3aaa3ef6d0755fd4ee838ff7c94a1648c09ac85e05862ad48d946a9fe242932,0xa17e89f33e80b506af759f9e493efe29a47ea905,3.72211568,0x4594d0460f573f301f1fd3f1afae68d37b00823f,0xd212a7c928b7a61460d67b96769bb8e38b4a4652,Reental-VLC-10
0x1512f99868547fdc942352a4e0bbd2bf3d7a71cc1342307c54616c2b8e7b8a86,0x6da0652a8481a774f5164612ab0ab18f105ad243,3.0,0x4594d0460f573f301f1fd3f1afae68d37b00823f,0xf4baf08aee50b3ff26ee76334e8d25d08bdf719f,Reental-CLVM-1
0xea26d1c1fe049aa48dbe0c73a51d681c5ad396d22035c3f291963b0a50049692,0x33be67454ae817337db15877fd4106c5cd5206c5,1.84528885,0x4594d0460f573f301f1fd3f1afae68d37b00823f,0xa8dff2da2254d094624e0f0cbb4eb2008ce19c2e,Reental-MLG-5
0x302ddda5af9ac48cbdd7b1236146f0de031e824a73043616c0618db40a30974c,0x6b4fa3c69e62f8f03dc018b57efa74d560462210,29.2229,0xb50eb6945992711301bbe52d6c2e7f11bddfc131,0x4594d0460f573f301f1fd3f1afae68d37b00823f,Reental-MAYA-1
0x9edb89cf0ce482f3ef1669f3ff78fbc3ee6830a7ffc5c98eb8eac6238966952a,0x6b4fa3c69e62f8f03dc018b57efa74d560462210,6.24765254,0xd7c29b7bdff2e120af60efbbdd420b576abd3a72,0x4594d0460f573f301f1fd3f1afae68d37b00823f,Reental-MAYA-1
0x0048522bd49e57c099b7f56cf84951453082916ab70927bf4045e36a57598ad8,0x6b4fa3c69e62f8f03dc018b57efa74d560462210,15.0,0x4594d0460f573f301f1fd3f1afae68d37b00823f,0x886a651fde78b07e4ff7a2ff086b11c66db41057,Reental-MAYA-1
0x5783049c13c21f9ac881cb058d34634fecba88d6b0ec319afcf46038e0713bc5,0xe56ff2dff2c2e95511f0bef4b3d92da05e8197c0,2.87,0x8a7ccf8e2c6ccf18dc43ca4191a59506e27d0047,0x46fb9684844b97b37374c64e17a83d7b1c6d461d,Reental-HOU-2
0xd27cc3012d0345fa0552a6cf4fcbae6c258949d978f351976e577500ae6d3b0b,0xe56ff2dff2c2e95511f0bef4b3d92da05e8197c0,2.87,0x46fb9684844b97b37374c64e17a83d7b1c6d461d,0xdac3758f649449ca21ee02ea272b8ae920fa7c06,Reental-HOU-2
0x6c1da996b774dc527093342cbbbe35e571083fc5aedcea937c0992b5e1e7b9aa,0xc48b58aae1fb770a8655e44de960eb7dc84a5de9,8.64929934,0x46fb9684844b97b37374c64e17a83d7b1c6d461d,0x8b064b79f1f26009e2b1e35ae8e55eb04d5bec6c,Reental-RET-1
0xe362de5e4bb419940815c072f055475895c29a90927464e1fc045d6cce64089f,0x7cb85443eab0851d9b4558db23e1026af07c700d,1.43147068,0x46fb9684844b97b37374c64e17a83d7b1c6d461d,0x8b064b79f1f26009e2b1e35ae8e55eb04d5bec6c,Reental-RET-2
0xe29dc2276d8c515fe2b16a595e38ec0188a7b4d7e24187b44b42c3f80095e1a3,0x6bde5421e90a42c6e78faaf3a79e4310a4d6266f,1.0,0xd212a7c928b7a61460d67b96769bb8e38b4a4652,0x47816cf56b704a0664d0b5169cd1559c9f65d923,Reental-VLC-11
0x20ececacfc9065f534e8bd2d919bc0e6b15ec83386b947aa6560d203e3b13771,0x2f1026ff5bd94232050364c81d61a2d15e147209,2.17610612,0xcc568012f3f376785c48a3b036370b9d5c1be9a6,0x47b4494ef25c957910a1def6a78f43853859ead9,Reental-MIA-1
0x4ffc22dea5bbdf4633e884851202bc378681437bdb149234b25937d740ed7e0d,0x2f1026ff5bd94232050364c81d61a2d15e147209,2.1761,0x47b4494ef25c957910a1def6a78f43853859ead9,0xb64fbeef6b52207a4648308c56b84432b16e9b0f,Reental-MIA-1
0xb7d67216c3bf4d62750f42ef6eaffe1d50ac73695f9dac6413344d6de8503507,0x418a55e0dc6fc134e44c7c7da5703c7f1c3c4b74,1.45533561,0xa3804d27c0d8386b9d4218f5e59ccfa778b59e6a,0x49fc34e444b01596949535f65289365a67955e32,Reental-LVT-1
0x885bb391ccbb3319c9fb43c6a5a1df70acd6139be0900486cb35654fa87035b0,0x68f73061bdf369c2562f4c0ea4e940f362d1a97f,10.0,0xfb8482d3a050b09d9dd3d3fb44e858864ef649f8,0x49fc34e444b01596949535f65289365a67955e32,Reental-ATL-1
0x2de17bdfa02a5c1912ad7c99be35dff7eafffddb041fcdcf8f6894545cb805d6,0x754f5b74e2639cef67fecec03f4d698470bdc92f,10.0,0x3fe2ee56ea77ffccfa0c036b20e7a2269e8da534,0x49fc34e444b01596949535f65289365a67955e32,Reental-ABD-1
0xb2b41c3f6c4b5a1c07ae577e3c03a4b361b393fbca05c0971b7865212caa3681,0x8ddea623f8ffa94aae50dc4c44da22d6e570a749,12.0,0x49fc34e444b01596949535f65289365a67955e32,0x4fb14355104381a34c734b115517f8eb89477d02,Reental-SAM-2
0x6cb78dc02aabd02e3d6ca70faaf065e112702109a4e7d84d8d68b6c7e7ca1f4e,0x2f1026ff5bd94232050364c81d61a2d15e147209,5.0,0xc2a0480d4a794c3543d99116a7cbb8665b9b3809,0x4a00d95283dcf4ef71dbdc470c4b3a3d6f6bb18b,Reental-MIA-1
0x9403c69020dd5885ce056a4cbd7f459e78535db8d872da9aa64142787eb0ed21,0xcc4c1ce8d335bd40a0acf17b9ab08c030cc299aa,1.0,0xce89063272ecce1cda2086670ff94cbc690b8f5f,0x4ada9d9e88d7e128839a9babde051eb48c8fdf8b,Reental-PRO-100
0xc41d9287679e9832bb5351d359d9aef178f8028876afb8afe401ce36bcbcc9ea,0xca53dd67cfa553d9e31c377602fb217dff9eadff,0.25,0xd73d0b5775caf7ff914d8643bc31bbfb1db2f3c6,0x4b38369010a4cbc543a4cc68f998631c4c660842,Reental-SMA-2
0x1658031acaaf9f2b7b4a458ff6946acfc5410fa21eebe9f348b50d42609c8564,0x8711b4172ed71d2d4f90e3e2f0cb63726acba8e6,2.0,0x8e5812ae342ae21360b577318a0d9bd0364be9be,0x4b38369010a4cbc543a4cc68f998631c4c660842,Reental-JAX-1
0xee063bd50fc295083d9f12c140f8404d58cac0a7e8cd7cbaacb611e059fda528,0xad3e1f50590ef6f323caa0cf43f39d28d1d34144,1.0,0x3460f3e3ecdadb7ca18cc363c1ed05d227fda666,0x4b38369010a4cbc543a4cc68f998631c4c660842,Reental-JAX-2
0xac643ad185bb1369f75c57230524a71ff9497b802fe0146c8fe762fc79e21755,0x820380fea111509a38297fa2971eee5b41a5aeca,1.0,0x3460f3e3ecdadb7ca18cc363c1ed05d227fda666,0x4b38369010a4cbc543a4cc68f998631c4c660842,Reental-RDO-3
0x1d6a8148a967d17f8a3e240cc561545283995a08f418cedefe3a6a6309b44156,0x6b4fa3c69e62f8f03dc018b57efa74d560462210,0.5,0xd73d0b5775caf7ff914d8643bc31bbfb1db2f3c6,0x4b38369010a4cbc543a4cc68f998631c4c660842,Reental-MAYA-1
0x53f8fa04ad9c5c6f053643772f240b1f78fccbfee736938c020862cec0f9aba3,0x7469b9381bfa8a34bef9dfaad03d75f60947f957,5.0,0x9a89a02632cc58785be05d41b265ed05dffa6345,0x4b38369010a4cbc543a4cc68f998631c4c660842,Reental-CDP-3
0x50b6d78cd8156ed746d79136859b614f5c7505a710d2c24e873c7767d3158140,0x7f6b82381bce03e7cf6af2fb1dcd41993406d4ae,2.0,0xe1ab1a7ea56667e26832e8d6b6f987bcb8f8f3d3,0x4b38369010a4cbc543a4cc68f998631c4c660842,Reental-MLG-2
0xef86bbb7f04c8cd13e4d9bdab982346a2d7b922fdd11fb36282e3d865db821f9,0x7469b9381bfa8a34bef9dfaad03d75f60947f957,5.21155743,0x1d4f1a58d7d62513e3fb4d777db81d7de4a0e807,0x4b38369010a4cbc543a4cc68f998631c4c660842,Reental-CDP-3
0xa1ff8a21d4fc7153ec93d561542c8af5853be073f0e8bb51123115e6f293fdcd,0x8711b4172ed71d2d4f90e3e2f0cb63726acba8e6,5.69411725,0xb64fbeef6b52207a4648308c56b84432b16e9b0f,0x4b38369010a4cbc543a4cc68f998631c4c660842,Reental-JAX-1
0x87811ab47ffb4311d8516ca1c83b5236fc1cbf7118ecd4b43d6ec099da53ceba,0xad3e1f50590ef6f323caa0cf43f39d28d1d34144,4.0,0x67f41ceabfd6f47f3c826860bc9f582f86f9f609,0x4b38369010a4cbc543a4cc68f998631c4c660842,Reental-JAX-2
0x4197fb6f607e3ed00bee51c99cce3c5605d57fe03255d6091293fade3161bf3c,0xf94ca4e007553917d1f80d013d2544ddfbed555c,10.0,0x70c8aab186e952c4f047c362035054e45a371045,0x4b38369010a4cbc543a4cc68f998631c4c660842,Reental-MLG-4
0x545568281c837284f9b5da596a5f04f7ab1ae38a6709e601e7628613f7d32a8e,0xcac847f077fc0a13db7e2476c0dd25bffd116809,5.0,0x7d6c736f532ff02d853b1ee553d0a869372886d1,0x4b38369010a4cbc543a4cc68f998631c4c660842,Reental-VIL-1
0xc4d5089d71c8f594c3715b29e0a156d7cf830642c5468a5bad5e7fbcc31d1b97,0x60b3d1920b31da1eedc4e2065ebb7a43a1690113,3.0,0x9b04ba99ad57a8cfc5d1273f4cfe80d67a9bb9bb,0x4b38369010a4cbc543a4cc68f998631c4c660842,Reental-TLM-1
0x62ca77c7f1f9aea016de31dd5d4e51d63fde26a0fc6174e75f495d793ac05904,0xb5a1a4f29b7376c091d6f4c7689be4b7cd5a6d98,9.49212707,0x1bff0228f85596345d73c93a40f5014f41efe4ea,0x4b38369010a4cbc543a4cc68f998631c4c660842,Reental-VLC-6
0x48a40b00bfee17b462a756c2c2d4952d2a85437c9a3ab8356d07346a680f67d7,0xb5a1a4f29b7376c091d6f4c7689be4b7cd5a6d98,5.0,0x4b38369010a4cbc543a4cc68f998631c4c660842,0xd212a7c928b7a61460d67b96769bb8e38b4a4652,Reental-VLC-6
0x985471247ff935e5a8ec38984bf0a8d508050a89881e3b6687ce042019bc402f,0xe16901dad396fe7b1b77b6d2bd91b2d648e8a762,10.0,0xf9c3fa98e7c685ff7964b7a297a7a22cb88eef19,0x4b38369010a4cbc543a4cc68f998631c4c660842,Reental-HOU-3
0x717e7ba39ff51e080e41977a463924c3f5f3aaafd08edbad33be2b820db7dd51,0x55cb210f496df649fd283aa93a360e24fdb40964,10.0,0xd72be8822f94b45a207b326f71f9ae7cc30018fa,0x4b38369010a4cbc543a4cc68f998631c4c660842,Reental-BPT-1
0xc87efa9dbd8a91b0ba48fd3e801891907c012e36f46fa1ae52efcc655566c609,0xe6e3ff145a6ffcd1dac08472f89164c0c43316b2,1.00169479,0x9d25ec310a1990d30a161cf9439bef4598a8ec00,0x4b38369010a4cbc543a4cc68f998631c4c660842,Reental-CMY-1
0x9832c1be9aa3ccdb02e0596cdd7dbc61311256eab7aa7694cd37fab9aa0dc9e7,0x8e08d151466bd8499a89ee9254586ef141f324c9,1.66285396,0x3024b33c6b6c0e90a908da6a718b9b74ece6b4da,0x4b38369010a4cbc543a4cc68f998631c4c660842,Reental-FMY-1
0xcec5353ae22c0bae36e8effa4557a4692c54d74def1b36104180cc3d7194fadf,0xfb759e0cc5cff4aea606064acd41c71c7c11bf40,50.0,0x20cee0edfa412dc899e61be73e36c0acae9f3d2a,0x4b38369010a4cbc543a4cc68f998631c4c660842,Reental-BKL-1
0xb4be0c2cf3f73766b97141d276cc602ed0a5f72903ade97027d2d64b2997ea66,0x21ae95a56ef471370ce89a7a4624117f31810927,1.0,0xc0896e0e56d45b3c6d3444bff507adf6f15ee068,0x4c62512a3eaf2e4a5295f5932341f45b4c9c014f,Reental-DNB-1
0x0d0beabab3c9e2cbbfc6007d505490a0faf8074e6c3c28ea1ff3dafdf3882763,0x21ae95a56ef471370ce89a7a4624117f31810927,23.98393912,0xc3a8e0c76574defbba0d65994c7efa17182122dc,0x4c62512a3eaf2e4a5295f5932341f45b4c9c014f,Reental-DNB-1
0x1d078ed0934ee05e81088fd0f47b2b6da8072e28bc3546fe89c28eac4c54db52,0xca53dd67cfa553d9e31c377602fb217dff9eadff,10.8915,0xa1fe7174043ec47259895f2883704231b41da0ad,0x4d47b0a1a2f89717cdec0bb3087e88e845ecc990,Reental-SMA-2
0x5b90cc2740c2d7995485bc9d6a190a48944b450355d6d4d05f2afeb36a6b6987,0xca53dd67cfa553d9e31c377602fb217dff9eadff,3.31701945,0x6107da77b7e200de44af71de2e6dbd5faddfcc8c,0x4d47b0a1a2f89717cdec0bb3087e88e845ecc990,Reental-SMA-2
0x8a976118a124c509996c32bbbc8464c4ddbd090f1101877bbc6c0a14884dd628,0xf7a694bc2768fc3b26beb5e98bb76f744397e49c,4.761,0xd0b6a9b34097a7a6c3c42540e5a33244dbc9b0a8,0x4d47b0a1a2f89717cdec0bb3087e88e845ecc990,Reental-RDO-1
0xcc10cb278431aa83283dd75ffe2b464ebe86e7691e1688ab44df3cd9b0bfcf61,0x6da0652a8481a774f5164612ab0ab18f105ad243,5.0,0x6bd9cbc55bdbab4c5e177c6a4684a6d50c17b378,0x4d47b0a1a2f89717cdec0bb3087e88e845ecc990,Reental-CLVM-1
0x55f1edd1739d1c6edb95bef6ef6e6ad36df389fc5ca7ea4bf16dfa2830db8402,0x6da0652a8481a774f5164612ab0ab18f105ad243,5.0,0x6bd9cbc55bdbab4c5e177c6a4684a6d50c17b378,0x4d47b0a1a2f89717cdec0bb3087e88e845ecc990,Reental-CLVM-1
0xce15e26de51d7c2601f5acad4a42d030a8d3b873370578019adb839b7e3a01c4,0x6da0652a8481a774f5164612ab0ab18f105ad243,4.0,0x6bd9cbc55bdbab4c5e177c6a4684a6d50c17b378,0x4d47b0a1a2f89717cdec0bb3087e88e845ecc990,Reental-CLVM-1
0x7e5a73bf13be4f5ebdc31d025eedc6d8db154bd9896e0a0bc3f85f0cbf8aecef,0x6da0652a8481a774f5164612ab0ab18f105ad243,3.0,0x6bd9cbc55bdbab4c5e177c6a4684a6d50c17b378,0x4d47b0a1a2f89717cdec0bb3087e88e845ecc990,Reental-CLVM-1
0xb21c15f6b79f5e9ef16f8845e722d56dc7773a03fb325530ee43f5490148e766,0x6da0652a8481a774f5164612ab0ab18f105ad243,2.0,0x6bd9cbc55bdbab4c5e177c6a4684a6d50c17b378,0x4d47b0a1a2f89717cdec0bb3087e88e845ecc990,Reental-CLVM-1
0x2dfa0dd2fb2bdbea4be8d33ba503d8dad5e65ba4040e81538879a391a855650f,0x6da0652a8481a774f5164612ab0ab18f105ad243,1.0,0x6bd9cbc55bdbab4c5e177c6a4684a6d50c17b378,0x4d47b0a1a2f89717cdec0bb3087e88e845ecc990,Reental-CLVM-1
0x3ae873bd62f0df77cbdf256279e9153e50d3e8952bd2390f51bae68fa66f0bc0,0xa1bf01d5fdb5ae190853f49585eea6c910eb8937,5.0,0x6bd9cbc55bdbab4c5e177c6a4684a6d50c17b378,0x4d47b0a1a2f89717cdec0bb3087e88e845ecc990,Reental-SVQ-4
0xc5d03c409267692eca20f76f8c9689038ba9452842c430a22fa09ae61d6a14b2,0xfd81b5f560700652b1bf73e26662ec4df1469ae3,5.0,0x6bd9cbc55bdbab4c5e177c6a4684a6d50c17b378,0x4d47b0a1a2f89717cdec0bb3087e88e845ecc990,Reental-SVQ-5
0x199f446ca0a53213d3255dde1e9a6a38aabdaef113f8559221cb7db9fb3cd8c8,0xfd81b5f560700652b1bf73e26662ec4df1469ae3,2.0,0x6bd9cbc55bdbab4c5e177c6a4684a6d50c17b378,0x4d47b0a1a2f89717cdec0bb3087e88e845ecc990,Reental-SVQ-5
0x8cebeaaad9455c2c9380859091e5a46ce239a0b89bc23aeb46f3bb02ed727da3,0xa1bf01d5fdb5ae190853f49585eea6c910eb8937,3.0,0x6bd9cbc55bdbab4c5e177c6a4684a6d50c17b378,0x4d47b0a1a2f89717cdec0bb3087e88e845ecc990,Reental-SVQ-4
0x53298ce26da783713e39a6c94b5ba6125223086453697f264580c723f795d999,0xfd81b5f560700652b1bf73e26662ec4df1469ae3,2.0,0x6bd9cbc55bdbab4c5e177c6a4684a6d50c17b378,0x4d47b0a1a2f89717cdec0bb3087e88e845ecc990,Reental-SVQ-5
0x8bb2487bb15d613f554969c3fd1f11ae4d51a9a896822e429c6a43f2b980933f,0xfd81b5f560700652b1bf73e26662ec4df1469ae3,1.0,0x6bd9cbc55bdbab4c5e177c6a4684a6d50c17b378,0x4d47b0a1a2f89717cdec0bb3087e88e845ecc990,Reental-SVQ-5
0x3aa32c477725514c390cdaadab2f19a8b890f300b45775f27575209175f9e31f,0xa1bf01d5fdb5ae190853f49585eea6c910eb8937,2.0,0x6bd9cbc55bdbab4c5e177c6a4684a6d50c17b378,0x4d47b0a1a2f89717cdec0bb3087e88e845ecc990,Reental-SVQ-4
0x4e9944fe28b74ebe7edd6042149c8005328e778487803436baaf1c0ad05c917a,0xff2a9f1731b0243978c5080c34db617a8f5a1ae3,4.0,0x6bd9cbc55bdbab4c5e177c6a4684a6d50c17b378,0x4d47b0a1a2f89717cdec0bb3087e88e845ecc990,Reental-CDP-1
0x22b3b53c1d1680f0bb08251fdb7897db94bfbc7ff8e374263c3337a2eaff3e80,0x9626bb1cd5536c2a3acc5c0cd98a589d9ea31638,1.0,0x6bd9cbc55bdbab4c5e177c6a4684a6d50c17b378,0x4d47b0a1a2f89717cdec0bb3087e88e845ecc990,Reental-CDP-2
0xe9099f8c8eccbc187245489168a981350c35258294a504e08c28696f25df6790,0x9626bb1cd5536c2a3acc5c0cd98a589d9ea31638,1.0,0x6bd9cbc55bdbab4c5e177c6a4684a6d50c17b378,0x4d47b0a1a2f89717cdec0bb3087e88e845ecc990,Reental-CDP-2
0xe6236bcad3aaf72b75c7f7c4b3669a0da727ce5e3ffde177be881f6f3b20d9cb,0xad3e1f50590ef6f323caa0cf43f39d28d1d34144,2.0,0x6107da77b7e200de44af71de2e6dbd5faddfcc8c,0x4d47b0a1a2f89717cdec0bb3087e88e845ecc990,Reental-JAX-2
0x5f2a8ff6fad1c922791f5582e6de4bb72bc82c53641ac8478832c39d6a2eb6a3,0x60d595922e964b5cc002b5c207fde25d98d6fcd1,5.0,0x6bd9cbc55bdbab4c5e177c6a4684a6d50c17b378,0x4d47b0a1a2f89717cdec0bb3087e88e845ecc990,Reental-VLC-5
0x4a3420b47180ef4b4b65e1444ce54811dfcd36ad71250f5cceee91928d50314f,0xe27f1e1d5ef28f560cbd9500342b24dd989635d2,5.0,0x6bd9cbc55bdbab4c5e177c6a4684a6d50c17b378,0x4d47b0a1a2f89717cdec0bb3087e88e845ecc990,Reental-VLC-1
0x7d9dd24fba04f697be1bd25031c545d04e3b4766abb30ebe67ba9c3870d4ce64,0xe27f1e1d5ef28f560cbd9500342b24dd989635d2,1.0,0x6bd9cbc55bdbab4c5e177c6a4684a6d50c17b378,0x4d47b0a1a2f89717cdec0bb3087e88e845ecc990,Reental-VLC-1
0xcde2cd59c8126909d10b62ae9eb6f074bff992951af611186f890a55882b11ec,0x95fb76dcf3bd83b3a9262a96194f29a9a7243f7a,4.0,0x6bd9cbc55bdbab4c5e177c6a4684a6d50c17b378,0x4d47b0a1a2f89717cdec0bb3087e88e845ecc990,Reental-VLC-2
0xa3da191b87bd845242cc7a514a2255122ba66cf8440fb290e1ee370a5a813670,0x95fb76dcf3bd83b3a9262a96194f29a9a7243f7a,2.0,0x6bd9cbc55bdbab4c5e177c6a4684a6d50c17b378,0x4d47b0a1a2f89717cdec0bb3087e88e845ecc990,Reental-VLC-2
0x3cd515829eaa10f5744250fd2f86ff2da5d438e7c7003afb031d13eb0912d054,0xff2a9f1731b0243978c5080c34db617a8f5a1ae3,5.0,0x6bd9cbc55bdbab4c5e177c6a4684a6d50c17b378,0x4d47b0a1a2f89717cdec0bb3087e88e845ecc990,Reental-CDP-1
0xeadb93a88911bc2decb6936a0efe91ad6183683bdc64f97355b4fda30c613fb9,0xff2a9f1731b0243978c5080c34db617a8f5a1ae3,4.0,0x6bd9cbc55bdbab4c5e177c6a4684a6d50c17b378,0x4d47b0a1a2f89717cdec0bb3087e88e845ecc990,Reental-CDP-1
0xb4fa4378b2e13d3ec732d7802aefa6034e6539781c4520aa95c2e1e991c3f230,0xe27f1e1d5ef28f560cbd9500342b24dd989635d2,2.0,0x6bd9cbc55bdbab4c5e177c6a4684a6d50c17b378,0x4d47b0a1a2f89717cdec0bb3087e88e845ecc990,Reental-VLC-1
0xa56d9ba37d6e2416b781d81777447254d883f74f7ec9a44642587873d1b2fc2a,0x95fb76dcf3bd83b3a9262a96194f29a9a7243f7a,1.5,0x6bd9cbc55bdbab4c5e177c6a4684a6d50c17b378,0x4d47b0a1a2f89717cdec0bb3087e88e845ecc990,Reental-VLC-2
0x0c38928bde197f6474160f68ad003926cb9e0dedb9c44cf71f56ec0f3eb7672e,0xfc5e219788a953ad8e71c3b7cb9484695e7f028e,5.0,0x6bd9cbc55bdbab4c5e177c6a4684a6d50c17b378,0x4d47b0a1a2f89717cdec0bb3087e88e845ecc990,Reental-SVQ-6
0xbae34c652ff9ffde137d5842dfb36619bdd3a6ab2d4da45a80ff996b5c700c92,0xca53dd67cfa553d9e31c377602fb217dff9eadff,5.66926866,0x82952d2256eb2ab8d842167c4b5de2fd0bed0c9f,0x4d47b0a1a2f89717cdec0bb3087e88e845ecc990,Reental-SMA-2
0x0822a2ba6d0cae1ade5992d2951b6eafebc511065c4bedb61dd3cd742b23250c,0xe27f1e1d5ef28f560cbd9500342b24dd989635d2,20.0,0x82952d2256eb2ab8d842167c4b5de2fd0bed0c9f,0x4d47b0a1a2f89717cdec0bb3087e88e845ecc990,Reental-VLC-1
0x24cb63730e29c46a8a4ffae7a91a10acbe64c6dc1e16e9831a3168e2871111e8,0x7f6b82381bce03e7cf6af2fb1dcd41993406d4ae,2.0,0x922e21af5c912a6c2283cd1a792bd52ba6523149,0x4d47b0a1a2f89717cdec0bb3087e88e845ecc990,Reental-MLG-2
0x7a57da074afa5ec20966be4181e435b758328af2eef84cb60bc171a4e911d77d,0x7469b9381bfa8a34bef9dfaad03d75f60947f957,10.813213,0x9f94eb8ae902abb53a522988f46a02e5400c8331,0x4d47b0a1a2f89717cdec0bb3087e88e845ecc990,Reental-CDP-3
0x9a3d378c98166648aa4d80ce9811b5103772a021e0c7f42f19bc49ebe6f678cb,0x33be67454ae817337db15877fd4106c5cd5206c5,2.0,0x922e21af5c912a6c2283cd1a792bd52ba6523149,0x4d47b0a1a2f89717cdec0bb3087e88e845ecc990,Reental-MLG-5
0x4df26fc04cbb75c7b98c2041083e8a205b65a635e81b68d45e1c682b4e1e3218,0x49b8f29f17a27ae89121642838e37bc8ce77d2f2,15.0,0x8d56502da9bd98bb676c0dd630152968495bd8c8,0x4d47b0a1a2f89717cdec0bb3087e88e845ecc990,Reental-SMA-1
0x5dac10726ac534ee6d8213b8251d445aed636adaee93ed8c4e9e481f9b4d60d6,0x49b8f29f17a27ae89121642838e37bc8ce77d2f2,15.0,0x8d56502da9bd98bb676c0dd630152968495bd8c8,0x4d47b0a1a2f89717cdec0bb3087e88e845ecc990,Reental-SMA-1
0x02976444f842987e71adbfcb286ca099bb6f9052555d1105cbcfb63015e4acd6,0x3b7455335fc7c3839167ed8fc173405908ffdf15,5.0,0x07894214cdae556893f475389b146ff646d4e3d5,0x4d47b0a1a2f89717cdec0bb3087e88e845ecc990,Reental-TLM-2
0x8ca1f7a4d721e047bbba20a94d2cad65e56c6bdfc5553d41339ecbbe221dbc48,0x3b7455335fc7c3839167ed8fc173405908ffdf15,3.0,0x07894214cdae556893f475389b146ff646d4e3d5,0x4d47b0a1a2f89717cdec0bb3087e88e845ecc990,Reental-TLM-2
0x3170ca9d47744ba3e7d18bf3a81543553fa218aebb5b0de88557ccb816f1b2d9,0x6b7c34c8a1ffd4238e702243f0ff005680037fad,10.0,0xcfef84696c0df6b3f2fa6b780b21551241715f72,0x4d47b0a1a2f89717cdec0bb3087e88e845ecc990,Reental-VLC-8
0x5eee67f6613683bbc7c872bba8b585eb4871cc4951e2c629d64a911831e09280,0x6b4fa3c69e62f8f03dc018b57efa74d560462210,1.0,0x99b6b6f3d833d41cf50c9dc24c1c954e4124bef6,0x4ea686d768703965dbf537ffc4ab04047a83c1d0,Reental-MAYA-1
0x0756e2bc8c5ccbffef2fa3b4d95759240cffa0765530908add23c61cff41ede8,0x6b4fa3c69e62f8f03dc018b57efa74d560462210,1.0,0x99b6b6f3d833d41cf50c9dc24c1c954e4124bef6,0x4ea686d768703965dbf537ffc4ab04047a83c1d0,Reental-MAYA-1
0xb1fd62b940764dcc758f327d6bd26ec730d07b632c290e58911d7b26b54501c2,0x6b4fa3c69e62f8f03dc018b57efa74d560462210,1.0,0x99b6b6f3d833d41cf50c9dc24c1c954e4124bef6,0x4ea686d768703965dbf537ffc4ab04047a83c1d0,Reental-MAYA-1
0x6c1a8bcee91795db31ffb9d433893f28e5e0ea4d328c5f0da44a72b0e7fbb23f,0xe27f1e1d5ef28f560cbd9500342b24dd989635d2,3.0,0x6bd9cbc55bdbab4c5e177c6a4684a6d50c17b378,0x4ea686d768703965dbf537ffc4ab04047a83c1d0,Reental-VLC-1
0x0071bda218d4a75c34cc9691da23cfae8c9c9186bdfa462627f750053fc4ef6e,0x3b7455335fc7c3839167ed8fc173405908ffdf15,1.45,0x6bd9cbc55bdbab4c5e177c6a4684a6d50c17b378,0x4ea686d768703965dbf537ffc4ab04047a83c1d0,Reental-TLM-2
0x3a84731c41539a0eeddc485576af274063b8145db9ad9d8528fc1022300e2b6a,0x3b7455335fc7c3839167ed8fc173405908ffdf15,2.422,0xd8bf40febaadb4c1d5e336d064512bd9182786ea,0x4ea686d768703965dbf537ffc4ab04047a83c1d0,Reental-TLM-2
0x81164c77dc71e7030b4da71c8f4541d6fedbe0c21536cc414e542f7d3aba7670,0x49b8f29f17a27ae89121642838e37bc8ce77d2f2,2.0,0x8d56502da9bd98bb676c0dd630152968495bd8c8,0x4ea686d768703965dbf537ffc4ab04047a83c1d0,Reental-SMA-1
0xb8ba9286bf62a319dcd75fd660e49c758228bedaa1b72ed14656435fdc0cb989,0x33be67454ae817337db15877fd4106c5cd5206c5,1.0,0x6500dbb9da71f7646c4050c882c73dbd215c8a73,0x4ea686d768703965dbf537ffc4ab04047a83c1d0,Reental-MLG-5
0xd350e3ad9faae0e3c1a695ded95d17dbfdd669507fd0198bf9279728de7de367,0x49b8f29f17a27ae89121642838e37bc8ce77d2f2,2.0,0x8d56502da9bd98bb676c0dd630152968495bd8c8,0x4ea686d768703965dbf537ffc4ab04047a83c1d0,Reental-SMA-1
0xa96d94e4750fb67a1206dc10fc2b00f5fdc539ec7dfbfffcbbc7a703ce9ffc0d,0x6b7c34c8a1ffd4238e702243f0ff005680037fad,0.5691754,0x58523dfd74b30d6f9230e782674bb438bcfd8622,0x4ea686d768703965dbf537ffc4ab04047a83c1d0,Reental-VLC-8
0xe8e051fa59f9a2d3e3157727cd045b80e9640372780d3d1875f0b07415b8f74f,0x3b7455335fc7c3839167ed8fc173405908ffdf15,4.84073195,0x9f94eb8ae902abb53a522988f46a02e5400c8331,0x4ea686d768703965dbf537ffc4ab04047a83c1d0,Reental-TLM-2
0xfe13d515de3f9b48088dade4974cb4554dd8e1743f90f34be9fd03d47ac8c039,0xa17e89f33e80b506af759f9e493efe29a47ea905,0.66533631,0x58523dfd74b30d6f9230e782674bb438bcfd8622,0x4ea686d768703965dbf537ffc4ab04047a83c1d0,Reental-VLC-10
0x7750614f9cb33a7c55d7880e943989883d77949069440a399b8e26ec3f0f63a0,0x6b4fa3c69e62f8f03dc018b57efa74d560462210,5.41,0x65b3c96760f93916f9712080e920d6853f409eae,0x4ea686d768703965dbf537ffc4ab04047a83c1d0,Reental-MAYA-1
0xde9e0a2117b0d93a11c0ac6ad0b7be43e63064167e06d4c9e525e8074659b222,0xf8657256c5cd5fdb044e55d1ec39e9b8c969dbf1,0.50990249,0x5f86529e7d7d248f7d84854c45777db0e23ac7d0,0x4ea686d768703965dbf537ffc4ab04047a83c1d0,Reental-PAZ-1
0x101437075e55cc2925ed4d5f6d4175e0fed882157da940fcf66b0c441161508b,0x6bde5421e90a42c6e78faaf3a79e4310a4d6266f,2.80954519,0x4ea686d768703965dbf537ffc4ab04047a83c1d0,0xd212a7c928b7a61460d67b96769bb8e38b4a4652,Reental-VLC-11
0x848a9ed7366e75d2694a28946aec11a76b0947e7a543d259a48c204ab8977f98,0xb45898179fe8de2818e3ff994559c60aa962e2af,1.97953387,0x4ea686d768703965dbf537ffc4ab04047a83c1d0,0x644e4df762e7087011246bc3baf3f8b24b40127d,Reental-MLG-7
0xa18c0bcfb24a2164deb3c24f403b1be2e29823f46ffcfc6ae537ad07ee71238d,0x5ab768c8ca1cc20cb8ec7b90554a3b12524b6c47,1.0,0xfb8482d3a050b09d9dd3d3fb44e858864ef649f8,0x4ea686d768703965dbf537ffc4ab04047a83c1d0,Reental-CDS-1
0xae2f71d57a698dbf7a18a2e2f523c66134d30cd72fa13fca919c0a25a0be107d,0x5ab768c8ca1cc20cb8ec7b90554a3b12524b6c47,0.98018474,0xc73c1573045a3f1f5cc0afb112147c2d3cca21d8,0x4ea686d768703965dbf537ffc4ab04047a83c1d0,Reental-CDS-1
0x19826385a4acd92c942bc31304e4430011adc656b045453c5c345c9217519b09,0x33be67454ae817337db15877fd4106c5cd5206c5,1.0,0x4ea686d768703965dbf537ffc4ab04047a83c1d0,0x644e4df762e7087011246bc3baf3f8b24b40127d,Reental-MLG-5
0xf1ad0253fa4d87e5ae1a63e2ebc8f73158e4e9895f88f913730ad03ae9b8698f,0x7aa21fabd73e8d3aa5d5c5994af6b62cfcea3fe4,0.5,0xd73d0b5775caf7ff914d8643bc31bbfb1db2f3c6,0x4ea686d768703965dbf537ffc4ab04047a83c1d0,Reental-SHL-1
0xf52dea4c32bed026e211dcecfbfc2c71ca976e3e21db6c09e061d05cb6566d2d,0xe27f1e1d5ef28f560cbd9500342b24dd989635d2,1.0,0xc0896e0e56d45b3c6d3444bff507adf6f15ee068,0x4ea686d768703965dbf537ffc4ab04047a83c1d0,Reental-VLC-1
0x34bec75fb2349b07123e675b0e513028994ee8c4700ca379ad523a56b6b6cc83,0x49b8f29f17a27ae89121642838e37bc8ce77d2f2,1.2,0xc0896e0e56d45b3c6d3444bff507adf6f15ee068,0x4ea686d768703965dbf537ffc4ab04047a83c1d0,Reental-SMA-1
0xdc0ff467ff64a1859bd9db89784fda8c0c93ef1c39bf973139af45d4fea87240,0xe27f1e1d5ef28f560cbd9500342b24dd989635d2,1.0,0x7e186016b365c79ae28a243dbfb53f6762854c29,0x4ea686d768703965dbf537ffc4ab04047a83c1d0,Reental-VLC-1
0x0af6bad34060d6eb5a84b41ce0f1c33960458041ea443fbe00b7bb14fa942029,0x3b7455335fc7c3839167ed8fc173405908ffdf15,1.0,0xc0896e0e56d45b3c6d3444bff507adf6f15ee068,0x4ea686d768703965dbf537ffc4ab04047a83c1d0,Reental-TLM-2
0x856819eea0389cafd4940f704a63e8f55767020b3918e40bd9052cc1f1cc8c1e,0x954229f463f73a857fddc346857771c1ef3f7c00,1.79141754,0x50b6db60a70af1522a1a46010b2843debb53ea2a,0x4ea686d768703965dbf537ffc4ab04047a83c1d0,Reental-RDO-4
0x70ddc1717300204167023ff8069c222ee40cd378ab45a57b063b24c1de173736,0xb0825e7a4093d21ed076883f8aca33300631291e,2.04708157,0xf3fa862925d388212c73ee43bd8b5fc4540c0ad0,0x4ea686d768703965dbf537ffc4ab04047a83c1d0,Reental-MIA-3
0x4bbcaa7703f1df18251a54492314c3f86ca0d2f1b04e3f51222f42860cb16c1a,0x49b8f29f17a27ae89121642838e37bc8ce77d2f2,1.0,0xdf50cbf0ea828d6d3fb7b59f905a56ec64d5036d,0x4ea686d768703965dbf537ffc4ab04047a83c1d0,Reental-SMA-1
0x4e83490d39cfe0ae77b8438d7415ad743a91f04f216682a27224703a6c64f23f,0xb0825e7a4093d21ed076883f8aca33300631291e,1.32877638,0x97f1b24d237b5d4c99735d45c5570164cb483de2,0x4ea686d768703965dbf537ffc4ab04047a83c1d0,Reental-MIA-3
0xdd5cd881e6f0b7042dd28fe9bf065662793175f576178ea53214366fec9b10bb,0x1b0d685f5e4063033e0a1a360db864c9911eedda,1.0,0xd212a7c928b7a61460d67b96769bb8e38b4a4652,0x4ea686d768703965dbf537ffc4ab04047a83c1d0,Reental-VLC-9
0x272ef4b75324432be8727307f4487f7612fd013ababffb5020d852ab73f88e57,0x1b0d685f5e4063033e0a1a360db864c9911eedda,1.0,0xd212a7c928b7a61460d67b96769bb8e38b4a4652,0x4ea686d768703965dbf537ffc4ab04047a83c1d0,Reental-VLC-9
0xab926ea15cebe768954c4bff97cc29ca8707ef8e240cdc2f94dfb4b343907adb,0xb0825e7a4093d21ed076883f8aca33300631291e,5.4748,0xdf1e0f983e177b6499a042d6d11a4584a498fb2c,0x4ea686d768703965dbf537ffc4ab04047a83c1d0,Reental-MIA-3
0x18eed5304111f9ddb378e0004cc0492419bceae455781c2f4c55f2706c76a043,0xe56ff2dff2c2e95511f0bef4b3d92da05e8197c0,1.67619206,0xa3804d27c0d8386b9d4218f5e59ccfa778b59e6a,0x4ea686d768703965dbf537ffc4ab04047a83c1d0,Reental-HOU-2
0x829bfbd51d3f2d8aaa3aad3888712082bc777b6f4a2bdfa7ef118078253044a4,0x6b4fa3c69e62f8f03dc018b57efa74d560462210,1.0,0x75dddfb045c0f0ef72d940fe935bf36e773eb05b,0x4ea686d768703965dbf537ffc4ab04047a83c1d0,Reental-MAYA-1
0x7fa9deb66f47228f59a46b1c06551adb245d143dbfae5ec3045ff186f8d6e050,0xb0825e7a4093d21ed076883f8aca33300631291e,0.5,0x5f86529e7d7d248f7d84854c45777db0e23ac7d0,0x4ea686d768703965dbf537ffc4ab04047a83c1d0,Reental-MIA-3
0xcee25777564ab3b0f163b56a1f105a069b7962699cccfc565e5f5982dc22830e,0x6b4fa3c69e62f8f03dc018b57efa74d560462210,0.5,0x5f86529e7d7d248f7d84854c45777db0e23ac7d0,0x4ea686d768703965dbf537ffc4ab04047a83c1d0,Reental-MAYA-1
0xf2f6ea16d8cc9bf6baba1222b9e9160b90b86432c2752000976d9b487374be6c,0x4adaee2dae690cf8f3915f1c1963f16d239c5e11,1.0,0xd212a7c928b7a61460d67b96769bb8e38b4a4652,0x4ea686d768703965dbf537ffc4ab04047a83c1d0,Reental-MRB-1
0xec2355016e83b2ae6fbe5eddb288e4a14c24f3fc5c6158c4921fbb965e3815ad,0xe56ff2dff2c2e95511f0bef4b3d92da05e8197c0,2.0,0x78f79ab9849fee3335a2a65c5bfa03167ae7ec4e,0x4ea686d768703965dbf537ffc4ab04047a83c1d0,Reental-HOU-2
0x2c203be7eb3ebd31556aa9601b9a6712e0c6d7d4e4c7e282a85e416119effacf,0xe27f1e1d5ef28f560cbd9500342b24dd989635d2,5.0,0x4ef759b325e7f9713ce05f01ebd8e4b42eaa22f1,0x4ea686d768703965dbf537ffc4ab04047a83c1d0,Reental-VLC-1
0xfa8f12a847d975169c853e760a58b3837d880b8149c4d675bc541191776bd744,0xaaad2db2f624dc5a350d579d834b5fe12b2bcd8d,1.0,0xc0896e0e56d45b3c6d3444bff507adf6f15ee068,0x4ea686d768703965dbf537ffc4ab04047a83c1d0,Reental-YCT-1
0xd2e7bc1af4a952e6d6733370af342f339ad7f09a701826ce6adc3ebc8c16b558,0xca53dd67cfa553d9e31c377602fb217dff9eadff,1.0,0xdf50cbf0ea828d6d3fb7b59f905a56ec64d5036d,0x4ea686d768703965dbf537ffc4ab04047a83c1d0,Reental-SMA-2
0x4aa1a3dc5dee81aef6c8038f800e5ad851c7e5b31126a87e59c2adf17d9abcb1,0xfb759e0cc5cff4aea606064acd41c71c7c11bf40,2.0,0x922e21af5c912a6c2283cd1a792bd52ba6523149,0x4ea686d768703965dbf537ffc4ab04047a83c1d0,Reental-BKL-1
0x89c39146c9b396f7143cb349135c0cf40209d95e6670585682ff0a336ceee23f,0x8e08d151466bd8499a89ee9254586ef141f324c9,2.0,0x23363a09813b1241abad140371278de17647866f,0x4ea686d768703965dbf537ffc4ab04047a83c1d0,Reental-FMY-1
0xbf8670eb5fb924d71eaa6388118b97dbc5c62c9e0b40240e591395d90b5dfde9,0x70e77c5f094534505d6a42f913d3a387e6db0842,1.0,0xc91e5ec3ae8322c5b369ed77818c6adfd0c1fa9c,0x4ea686d768703965dbf537ffc4ab04047a83c1d0,Reental-BKL-3
0xf964a0727ee986b1f1379666ef71bee9dfe7ed1740cc6f276e440ed4a2052b6f,0xdecfebdaf1131899fb38a53dc63671246220ab7a,1.0846725,0x55a9efdfb41ef7b42a0b6e25dd220474946de368,0x4ea686d768703965dbf537ffc4ab04047a83c1d0,Reental-RDO-5
0xa5743052e872ab32489a830e88e9f0edc516baf18f80ff82682beafa49297981,0x093984f85f980479172fb96982f79c418ac730f7,1.01018412,0x3f86ab389fbb659541f47a65d6c15234834394b9,0x4ea686d768703965dbf537ffc4ab04047a83c1d0,Reental-RDO-6
0x6ff3cd5f3497b47eb68a5aa31e72f194bdb7e235fbbe3188012165e336a5a6b3,0xb0825e7a4093d21ed076883f8aca33300631291e,5.0,0xdd5de994cdd5fae199fc5e0dc4cf8576338dc6aa,0x4ea686d768703965dbf537ffc4ab04047a83c1d0,Reental-MIA-3
0x9a764807227300f94b23df03a5ab956e089ad517fbf01838fdb0b47b50719d57,0x8eeb57505999d3092c7b00ad5a5e53b943ad235d,2.0,0xe50afc8c3add9e95f03c0b9cd08594e667ae6d99,0x4ea686d768703965dbf537ffc4ab04047a83c1d0,Reental-SLA-2
0x207c328f97adbe6f6655bcc05c530bae30b55ce1cc974d0bbd00eb60dfa22a32,0xfb759e0cc5cff4aea606064acd41c71c7c11bf40,4.0,0x922e21af5c912a6c2283cd1a792bd52ba6523149,0x4ea686d768703965dbf537ffc4ab04047a83c1d0,Reental-BKL-1
0x7cd50e443d3b52ec58e5d8994962aec6e146de54df7613f61163b326981117d6,0xa0d99b441a9a5e334b234f31a92b97fa8d663626,6.06185024,0x922e21af5c912a6c2283cd1a792bd52ba6523149,0x4ea686d768703965dbf537ffc4ab04047a83c1d0,Reental-YCT-2
0x29c8124d2a757d0714ff4bd98625f851192ee209c51df575c20363b7d98e5081,0xf090b60f731583288e8c7c9d9a80680e35bd63e0,5.1835,0x4ea686d768703965dbf537ffc4ab04047a83c1d0,0xaf446f6f480b440afb23340c7684b9811415ed4f,Reental-HOU-1
0x051b41e9682ed535ec46a7cff822e58ec75958c778183330dfb020cac6ed3253,0xb0825e7a4093d21ed076883f8aca33300631291e,2.0,0x4ea686d768703965dbf537ffc4ab04047a83c1d0,0x71185ca7f7a210cf869fe1bbfd54524f4e78769a,Reental-MIA-3
0xf792510a669b0c71c36d6e87d41f6440ae63c3409f21337a738f4d68612baf69,0x6b7c34c8a1ffd4238e702243f0ff005680037fad,2.0691754,0x4ea686d768703965dbf537ffc4ab04047a83c1d0,0x6f14249fe1388870bcc1ef67156bfc9f5704010a,Reental-VLC-8
0x0f1a343b47610f5f957074dd0185f05e23dec9d06cc5a41b7fe96f169360c8fd,0x6b7c34c8a1ffd4238e702243f0ff005680037fad,2.0,0x4ea686d768703965dbf537ffc4ab04047a83c1d0,0x6f14249fe1388870bcc1ef67156bfc9f5704010a,Reental-VLC-8
0x34f1dc417603922c165295a60af88c1ada881208b24e75816e5a932c11e8b14a,0x8e08d151466bd8499a89ee9254586ef141f324c9,1.43259546,0x4ea686d768703965dbf537ffc4ab04047a83c1d0,0x6217ff77a4167bef3816312072171e69749de0e7,Reental-FMY-1
0x5ada59786b36ad245b73aceeae31037f28849daaf11ab561fac12ce3d753f68d,0xb0825e7a4093d21ed076883f8aca33300631291e,1.35065795,0x4ea686d768703965dbf537ffc4ab04047a83c1d0,0x99b902d4b63d9703a1357d16f1e24c635c3c2c62,Reental-MIA-3
0x4232472e539663d799e8b9e0714ec00bcf51b915dc341fe03cc295fcb47bbc33,0x1b0d685f5e4063033e0a1a360db864c9911eedda,0.7309025,0x4ea686d768703965dbf537ffc4ab04047a83c1d0,0x6f14249fe1388870bcc1ef67156bfc9f5704010a,Reental-VLC-9
0xe552569689eec9372c9847115497df66cd5491dcc4d8ad02088594a7036d61a4,0xa17e89f33e80b506af759f9e493efe29a47ea905,0.66533631,0x4ea686d768703965dbf537ffc4ab04047a83c1d0,0x6f14249fe1388870bcc1ef67156bfc9f5704010a,Reental-VLC-10
0x54ec23171ad756568d911212ebca1f4aa11f30381f1428923d55d782b60d8c46,0x8e08d151466bd8499a89ee9254586ef141f324c9,1.0,0x4ea686d768703965dbf537ffc4ab04047a83c1d0,0x6ca585a24f8f38ab5f5400773dbc1d22aeff3e7c,Reental-FMY-1
0x820081d7b96d6e86f1715ca16eaf3fd39b92273b1145c503df22729663117eee,0xa0d99b441a9a5e334b234f31a92b97fa8d663626,2.0,0xc1213762f0b2010721e34a7d3a4e6742f836b462,0x4ea686d768703965dbf537ffc4ab04047a83c1d0,Reental-YCT-2
0xd99c62f2690d672e61def6126c0a2e05417aa30e996f92e60ecffbd48aa15630,0xb0825e7a4093d21ed076883f8aca33300631291e,1.0,0x4ea686d768703965dbf537ffc4ab04047a83c1d0,0xb552a37e3f07082490b017aa6b43e10cd04176b5,Reental-MIA-3
0x45bf430a1a6139f985a739f52804191111ee920ec9a12500caf5291c1942b025,0x3b7455335fc7c3839167ed8fc173405908ffdf15,1.44,0xec2797928a075ac322e0a1f2fca0f253b961b9b5,0x4ea686d768703965dbf537ffc4ab04047a83c1d0,Reental-TLM-2
0x2fb9e80f609f0195bc3083d80b59c9acd97d0c10d372d56249f7481e60ac8754,0x5ab768c8ca1cc20cb8ec7b90554a3b12524b6c47,0.35806604,0xec2797928a075ac322e0a1f2fca0f253b961b9b5,0x4ea686d768703965dbf537ffc4ab04047a83c1d0,Reental-CDS-1
0x7e0d5725f526cb70ca33d13e858a5b54c42b8ebc00e5d0a07761d5569d00b9d5,0xa0d99b441a9a5e334b234f31a92b97fa8d663626,2.0,0xc1213762f0b2010721e34a7d3a4e6742f836b462,0x4ea686d768703965dbf537ffc4ab04047a83c1d0,Reental-YCT-2
0xb42e3d6597ddd9cc8440318f60a2dfb139b269d2c421947d9d014f8b974443f7,0x55cb210f496df649fd283aa93a360e24fdb40964,1.0,0x4ea686d768703965dbf537ffc4ab04047a83c1d0,0x6217ff77a4167bef3816312072171e69749de0e7,Reental-BPT-1
0x55f1bde6f1cdbb133338cdd0d271ace8b96ed9434550317ce4a6c9a7c0147a4e,0xb0825e7a4093d21ed076883f8aca33300631291e,2.0,0x4ea686d768703965dbf537ffc4ab04047a83c1d0,0x99b902d4b63d9703a1357d16f1e24c635c3c2c62,Reental-MIA-3
0x7a3d114af25ac2a81247f4119f1cbb824ce50a9e90b2a21f12d910b09c84e91f,0x8833890a36adb704bfc8bf3726a661395d27c0d7,0.52941999,0x4ea686d768703965dbf537ffc4ab04047a83c1d0,0xd212a7c928b7a61460d67b96769bb8e38b4a4652,Reental-GRX-2
0xdae92c1e7828a4eef177e3d5c800d4c192bc826dd03622a883696991f38d6e76,0x55cb210f496df649fd283aa93a360e24fdb40964,1.74550503,0xdd5de994cdd5fae199fc5e0dc4cf8576338dc6aa,0x4ea686d768703965dbf537ffc4ab04047a83c1d0,Reental-BPT-1
0xefa5bfc035adb5d3ab4b9d075731ce6fb48adbf2888e6d9021d1428fa680adc8,0x21ae95a56ef471370ce89a7a4624117f31810927,2.0,0xc0896e0e56d45b3c6d3444bff507adf6f15ee068,0x4ea686d768703965dbf537ffc4ab04047a83c1d0,Reental-DNB-1
0x218ac033c67eef0cd3d690c517d65219f4e5455c011e19eb63c4a746d0f62f66,0x21ae95a56ef471370ce89a7a4624117f31810927,3.0162462,0xc0896e0e56d45b3c6d3444bff507adf6f15ee068,0x4ea686d768703965dbf537ffc4ab04047a83c1d0,Reental-DNB-1
0xa14313653df17b1e8301b4d7ff56c1c046a5019b0c6ef3bd2397018aa9decabc,0xb0825e7a4093d21ed076883f8aca33300631291e,1.0,0x4ea686d768703965dbf537ffc4ab04047a83c1d0,0x99b902d4b63d9703a1357d16f1e24c635c3c2c62,Reental-MIA-3
0xad3e83418c931821549cf7769d513b99cf9351a982df4afb09ae72f49c3108eb,0xed923b814f1ea3d42c54dda55ba8edfaba994489,2.51970192,0x2c713255e3a15fc4693f4a5b2875e291d1bab42b,0x4ea686d768703965dbf537ffc4ab04047a83c1d0,Reental-BKL-2
0x95a9276523e7c09209e9139179bab6706eaabf074f361c9cc9591652091d2497,0x4adaee2dae690cf8f3915f1c1963f16d239c5e11,1.0,0xeb4ea3b80a787863c729fc6c28b68c64a5a27089,0x4ea686d768703965dbf537ffc4ab04047a83c1d0,Reental-MRB-1
0x6ed16c27aa30e55368500350742715ae3792ce4e396f0970788602db4e6e5f67,0x49b8f29f17a27ae89121642838e37bc8ce77d2f2,5.0,0x75c59da5cbb7dbfec067b8e9ac8f94e6cc1c6fef,0x4ea686d768703965dbf537ffc4ab04047a83c1d0,Reental-SMA-1
0x8006c5b1c52556b5d2dd1e8277a7c3e42612362c81cb852c525ace124fd77ec7,0x8833890a36adb704bfc8bf3726a661395d27c0d7,1.0,0x4ea686d768703965dbf537ffc4ab04047a83c1d0,0xa8dff2da2254d094624e0f0cbb4eb2008ce19c2e,Reental-GRX-2
0x59b2912fa0741b09e36078a6e50cdbf85ccaa046a448cfdcb7c398b23da1820c,0x3b7455335fc7c3839167ed8fc173405908ffdf15,3.3382,0xa75c9b4a9d6352a3de7023c9912417d32dbd5220,0x4ea686d768703965dbf537ffc4ab04047a83c1d0,Reental-TLM-2
0xae66f9adef62d96a38339470428f12046df3bef6ce59bc0ccb5ce48f6b4f2c8e,0xf8657256c5cd5fdb044e55d1ec39e9b8c969dbf1,3.0,0x922e21af5c912a6c2283cd1a792bd52ba6523149,0x4ea686d768703965dbf537ffc4ab04047a83c1d0,Reental-PAZ-1
0x3bd08f57be223eb48980ce038a7af0fc2fc7af694a99354c1cbc038f8c8a05ef,0xb0825e7a4093d21ed076883f8aca33300631291e,1.0,0x4ea686d768703965dbf537ffc4ab04047a83c1d0,0x99b902d4b63d9703a1357d16f1e24c635c3c2c62,Reental-MIA-3
0x52434b4c9974373773b67d8ed8b9a5bbb2ebce98b0307f929f413c84886aa7f4,0xb0825e7a4093d21ed076883f8aca33300631291e,1.0,0x4ea686d768703965dbf537ffc4ab04047a83c1d0,0x99b902d4b63d9703a1357d16f1e24c635c3c2c62,Reental-MIA-3
0x6c4c35f7c2d9b46a4dd6141cc662ff945093ae0da33cc0f73bac7b70dac07655,0xb0825e7a4093d21ed076883f8aca33300631291e,1.0,0x4ea686d768703965dbf537ffc4ab04047a83c1d0,0x99b902d4b63d9703a1357d16f1e24c635c3c2c62,Reental-MIA-3
0xc95f9f1ace27b9cad4e0717c9e1a5427029a122e1bfc16b74f1c234e6a5e3413,0xb0825e7a4093d21ed076883f8aca33300631291e,1.0,0x4ea686d768703965dbf537ffc4ab04047a83c1d0,0x71185ca7f7a210cf869fe1bbfd54524f4e78769a,Reental-MIA-3
0xae321e37781d12ae1a8d7b2922b2829ecd9a952d46516d8a39f3a291e501d6a9,0x8eeb57505999d3092c7b00ad5a5e53b943ad235d,1.0,0x4ea686d768703965dbf537ffc4ab04047a83c1d0,0xf459185178c49adc9e16bb23f3e78e1a8c7ea190,Reental-SLA-2
0xb0397b626e3f5e64dcef622b0a1487df604035dd2a10d00753d8950ba309ec3d,0x8eeb57505999d3092c7b00ad5a5e53b943ad235d,1.0,0x4ea686d768703965dbf537ffc4ab04047a83c1d0,0xf459185178c49adc9e16bb23f3e78e1a8c7ea190,Reental-SLA-2
0xe55c06a58e544ca59841d51f6bb8a20e241fb03c659b34ab5cbb1a287cbbd689,0x8eeb57505999d3092c7b00ad5a5e53b943ad235d,2.94285683,0x8042d82d16405de78e477526e66d4602360cad3a,0x4ea686d768703965dbf537ffc4ab04047a83c1d0,Reental-SLA-2
0x49a3730b34dfe9b1b4b2f52381481c7a0e862d7ef02ace386b5d30d1cce0475c,0xe59dde10d38df397c996bdb1325b6f81684a8b80,1.0,0xf95fb897c6fd8d683f9b6c50033cb7b02498be6a,0x4ea686d768703965dbf537ffc4ab04047a83c1d0,Reental-DXB-1
0xb6051501bab13cb96189b5af5fd45d7c4a6378e754ec1905b4c197e80787ba4c,0xb0825e7a4093d21ed076883f8aca33300631291e,2.0,0x4ea686d768703965dbf537ffc4ab04047a83c1d0,0x6bd9cbc55bdbab4c5e177c6a4684a6d50c17b378,Reental-MIA-3
0x6551276873dd02eba1356bac2c97bc26bf43e1062cf3886e63f4b784c409d723,0x8ddea623f8ffa94aae50dc4c44da22d6e570a749,1.0,0x76b665ed9eb85e333a529382b1cb9b565097327f,0x4ea686d768703965dbf537ffc4ab04047a83c1d0,Reental-SAM-2
0xbf07eb01c63473364135b5c600dccf783f95ecd3b91e70881594fbcda4ffc65c,0x8ddea623f8ffa94aae50dc4c44da22d6e570a749,1.0,0x76b665ed9eb85e333a529382b1cb9b565097327f,0x4ea686d768703965dbf537ffc4ab04047a83c1d0,Reental-SAM-2
0xe5e306dc660a96d54923855e93108a4accac3acebe499c37dc672b34c75fe0ae,0xb0825e7a4093d21ed076883f8aca33300631291e,2.0,0x4ea686d768703965dbf537ffc4ab04047a83c1d0,0x99b902d4b63d9703a1357d16f1e24c635c3c2c62,Reental-MIA-3
0xaf939d7e4e7a82928ebc445aa4b0c5508ffff055ffb8ebd6d6ba2672b162ca99,0xa0d99b441a9a5e334b234f31a92b97fa8d663626,2.0,0xa3804d27c0d8386b9d4218f5e59ccfa778b59e6a,0x4ea686d768703965dbf537ffc4ab04047a83c1d0,Reental-YCT-2
0x93a8d1ddbb3d381563081e2b44b1e0febbd40ac33035805698202cefedc75e40,0x68f73061bdf369c2562f4c0ea4e940f362d1a97f,1.0,0xfb8482d3a050b09d9dd3d3fb44e858864ef649f8,0x4ea686d768703965dbf537ffc4ab04047a83c1d0,Reental-ATL-1
0x4af87c738613dbf27ac3182477a6e01979a3e5c6146653841f3b14e22728a18d,0xa0d99b441a9a5e334b234f31a92b97fa8d663626,1.0,0xa3804d27c0d8386b9d4218f5e59ccfa778b59e6a,0x4ea686d768703965dbf537ffc4ab04047a83c1d0,Reental-YCT-2
0x207a33c51dbdd902fd372f959b0838d659c9dfcc98f08d32a1c2957a8115ce8b,0xcc4c1ce8d335bd40a0acf17b9ab08c030cc299aa,7.81609943,0xcfef84696c0df6b3f2fa6b780b21551241715f72,0x4ea686d768703965dbf537ffc4ab04047a83c1d0,Reental-PRO-100
0x05057bfa92c08ced156dd27f76889cec8290169f5e98eb267243981b39cfb027,0xcc4c1ce8d335bd40a0acf17b9ab08c030cc299aa,1.0,0x76b665ed9eb85e333a529382b1cb9b565097327f,0x4ea686d768703965dbf537ffc4ab04047a83c1d0,Reental-PRO-100
0xa123a183f1af16712d953bd5691c2c3b82d3815cfcfabda5bd7bb9550b5dd753,0x21ae95a56ef471370ce89a7a4624117f31810927,1.0,0xce89063272ecce1cda2086670ff94cbc690b8f5f,0x4ea686d768703965dbf537ffc4ab04047a83c1d0,Reental-DNB-1
0xf987ae172be57377c4e3fd69413b1b6c12c12f6bf17117e67763a04fb63ca200,0x69072424b70ed26ff987fcb49258b7e8f93c6d82,5.0,0xce89063272ecce1cda2086670ff94cbc690b8f5f,0x4ea686d768703965dbf537ffc4ab04047a83c1d0,Reental-SAM-1
0xa58ce9141f0f69d5deaf5fb38f8d35e18baf10a1f868c043756772ef0edd094a,0x69072424b70ed26ff987fcb49258b7e8f93c6d82,5.0,0xce89063272ecce1cda2086670ff94cbc690b8f5f,0x4ea686d768703965dbf537ffc4ab04047a83c1d0,Reental-SAM-1
0xad2f406fced2c0342b589f8a5facf1699013351da32921854b62aaa288b7c332,0x8ddea623f8ffa94aae50dc4c44da22d6e570a749,10.0,0xd72be8822f94b45a207b326f71f9ae7cc30018fa,0x4ea686d768703965dbf537ffc4ab04047a83c1d0,Reental-SAM-2
0x6c096d722636ee3e835aaf58720a0a5a37fed6dfc6ea61921bc9011620200c5b,0xcc4c1ce8d335bd40a0acf17b9ab08c030cc299aa,5.0,0xce89063272ecce1cda2086670ff94cbc690b8f5f,0x4ea686d768703965dbf537ffc4ab04047a83c1d0,Reental-PRO-100
0x31ee8d64bf081be01de93e722050a7d01c74a76141b44afb2e7cd1f431ef0fa7,0xa0d99b441a9a5e334b234f31a92b97fa8d663626,1.0,0x4ea686d768703965dbf537ffc4ab04047a83c1d0,0xdf50cbf0ea828d6d3fb7b59f905a56ec64d5036d,Reental-YCT-2
0x7971205a83bb52f8a88dccb1a72d37c6a6edfe638ce8843de15838a05ef9e421,0xcc4c1ce8d335bd40a0acf17b9ab08c030cc299aa,5.0,0x99920dae8875e0f680cebdbfdd0078193e5fc7b5,0x4ea686d768703965dbf537ffc4ab04047a83c1d0,Reental-PRO-100
0xcddf4702dad1e8157b7146f9157d72205e57d714b472de1e7e3fb6819d9182c0,0x69072424b70ed26ff987fcb49258b7e8f93c6d82,1.0,0xce89063272ecce1cda2086670ff94cbc690b8f5f,0x4ea686d768703965dbf537ffc4ab04047a83c1d0,Reental-SAM-1
0xac5e3020dcbafdc277ab4b5ae7da9c4f5897399af4bed0d86d37ce7b45519291,0xfb759e0cc5cff4aea606064acd41c71c7c11bf40,3.0,0x4ea686d768703965dbf537ffc4ab04047a83c1d0,0xdf50cbf0ea828d6d3fb7b59f905a56ec64d5036d,Reental-BKL-1
0x6376686dca66b6e3fdda17ca36628fa80d628d148fc1acb3a34ee6adfd0fe39e,0xa0d99b441a9a5e334b234f31a92b97fa8d663626,1.0,0x4ea686d768703965dbf537ffc4ab04047a83c1d0,0xf459185178c49adc9e16bb23f3e78e1a8c7ea190,Reental-YCT-2
0x0ea961e29b0772863300283398bb1e88e60d0c20142c18cc4245b228afc77750,0xa0d99b441a9a5e334b234f31a92b97fa8d663626,1.0,0x4ea686d768703965dbf537ffc4ab04047a83c1d0,0xf459185178c49adc9e16bb23f3e78e1a8c7ea190,Reental-YCT-2
0x9e7a1be7c4e7c76366aeccb5bc66cf65d47c77211a7ebcb95b2ef095f99ce9a1,0xe56ff2dff2c2e95511f0bef4b3d92da05e8197c0,2.5,0x8a7ccf8e2c6ccf18dc43ca4191a59506e27d0047,0x4ea686d768703965dbf537ffc4ab04047a83c1d0,Reental-HOU-2
0x157175a8e01ac122a687a55144f84a8549cc7c20c22b222b7eb99885e32e71f1,0x21ae95a56ef471370ce89a7a4624117f31810927,5.0,0xd72be8822f94b45a207b326f71f9ae7cc30018fa,0x4ea686d768703965dbf537ffc4ab04047a83c1d0,Reental-DNB-1
0x2cac13a2b88e8ff11c7b305316aa8ca61bd992ab2a4cb1990d8542c5e06c4fd1,0x8ddea623f8ffa94aae50dc4c44da22d6e570a749,1.00003393,0xdf50cbf0ea828d6d3fb7b59f905a56ec64d5036d,0x4ea686d768703965dbf537ffc4ab04047a83c1d0,Reental-SAM-2
0x1b5cf8bc62d4b441017f7abc935c9861041b312b0671a2da6c977da48c3508cd,0x69072424b70ed26ff987fcb49258b7e8f93c6d82,5.0,0xce89063272ecce1cda2086670ff94cbc690b8f5f,0x4ea686d768703965dbf537ffc4ab04047a83c1d0,Reental-SAM-1
0x31159da87df1981d5471eda248591cc5880df3b9d3518592338f30f8e4901ea3,0xcc4c1ce8d335bd40a0acf17b9ab08c030cc299aa,1.0,0xce89063272ecce1cda2086670ff94cbc690b8f5f,0x4ea686d768703965dbf537ffc4ab04047a83c1d0,Reental-PRO-100
0xf0cc8ecbc4db9a5e1e40fcef82107df17a9025ed723cd5c385132608f5a0c36f,0x69072424b70ed26ff987fcb49258b7e8f93c6d82,5.0,0xce89063272ecce1cda2086670ff94cbc690b8f5f,0x4ea686d768703965dbf537ffc4ab04047a83c1d0,Reental-SAM-1
0x9785bc5f5d7434f803980543ee1147d159c59c7055e62c5d76f5ac54c2c3d85a,0x21ae95a56ef471370ce89a7a4624117f31810927,10.0,0xd72be8822f94b45a207b326f71f9ae7cc30018fa,0x4ea686d768703965dbf537ffc4ab04047a83c1d0,Reental-DNB-1
0xc24b665ef752ea328705defef54e2b869ad0980297c5999b9b13a68f9a7918f3,0x46182d6937ed8cf2707e187b61b654e8ca59c7b5,5.0,0xf9c3fa98e7c685ff7964b7a297a7a22cb88eef19,0x4ea686d768703965dbf537ffc4ab04047a83c1d0,Reental-DXB-2
0x06eca8c6df3efdb14448e86c9cb5e6f92bd170a848dc9363e7acb9a6b2824988,0xb0825e7a4093d21ed076883f8aca33300631291e,1.0,0xb552a37e3f07082490b017aa6b43e10cd04176b5,0x4ea686d768703965dbf537ffc4ab04047a83c1d0,Reental-MIA-3
0x6ad7b999d514507b2ac413149e120dfedb5e886c21b619425fe7028dd6b345c0,0xf8657256c5cd5fdb044e55d1ec39e9b8c969dbf1,6.0,0xc195e3a4447f3cb3becd6d9895a04a23372af2c3,0x4ea686d768703965dbf537ffc4ab04047a83c1d0,Reental-PAZ-1
0xee3ab9193827f1914a749532780fb7b95b4a08b0ce75a98b636c3dc1708e46d8,0xa0d99b441a9a5e334b234f31a92b97fa8d663626,5.0,0xc1213762f0b2010721e34a7d3a4e6742f836b462,0x4ea686d768703965dbf537ffc4ab04047a83c1d0,Reental-YCT-2
0xf4bae087af27d7fb395c7678e28e184fbf964f9516796cabd4c5039e91511f5f,0x68f73061bdf369c2562f4c0ea4e940f362d1a97f,1.0,0x4ea686d768703965dbf537ffc4ab04047a83c1d0,0xf459185178c49adc9e16bb23f3e78e1a8c7ea190,Reental-ATL-1
0xa822ec5dbe5946bfbc40c5888abc3960bf0a4e756ea6c844b074dc7c95dee0ad,0x68f73061bdf369c2562f4c0ea4e940f362d1a97f,1.0,0x4ea686d768703965dbf537ffc4ab04047a83c1d0,0xf459185178c49adc9e16bb23f3e78e1a8c7ea190,Reental-ATL-1
0x0086411f0ad7754def46e4be108514685e6720cf6b0dd92b664871dc40d22bc4,0xcc4c1ce8d335bd40a0acf17b9ab08c030cc299aa,3.0,0xce89063272ecce1cda2086670ff94cbc690b8f5f,0x4ea686d768703965dbf537ffc4ab04047a83c1d0,Reental-PRO-100
0x5867ed9d4694816728cd2e6f368fe1200a01d893014a7e707a4c47c814aa9440,0xe56ff2dff2c2e95511f0bef4b3d92da05e8197c0,1.0,0x4ea686d768703965dbf537ffc4ab04047a83c1d0,0x50f4c4e6eb311b5c57a2d38a675bdf3595723954,Reental-HOU-2
0x0c1757df7a2f98d4f22ee9ae3f5d6223a87117712472989902bc339479b73378,0xe6e3ff145a6ffcd1dac08472f89164c0c43316b2,0.9999731,0x355ef1570a6b9373120dae9f25440bd1d9a61028,0x4ea686d768703965dbf537ffc4ab04047a83c1d0,Reental-CMY-1
0xaeada778f126d8b13ef2ec0663d954051539e4986f5d5d2bf62d6e5037679497,0xa0d99b441a9a5e334b234f31a92b97fa8d663626,5.0,0xc1213762f0b2010721e34a7d3a4e6742f836b462,0x4ea686d768703965dbf537ffc4ab04047a83c1d0,Reental-YCT-2
0xb22bc18903ef336d4f458167040a6605cdf549e5294cb8674723bb85c26cc158,0xcc4c1ce8d335bd40a0acf17b9ab08c030cc299aa,4.653,0xf9c3fa98e7c685ff7964b7a297a7a22cb88eef19,0x4ea686d768703965dbf537ffc4ab04047a83c1d0,Reental-PRO-100
0xa28105f89ad8832c5a230b09cf40869a49afa3a46e8cc64a0bc82ac0e2a298a0,0x18bb9840fd7185c0589ca5fb81a32e3e2d0f2676,0.99999998,0x355ef1570a6b9373120dae9f25440bd1d9a61028,0x4ea686d768703965dbf537ffc4ab04047a83c1d0,Reental-OPO-1
0x817e7c18f5d0d01cd2a57933ebeb76c899905aee54a1a8f5b461dc848869acb2,0xf8657256c5cd5fdb044e55d1ec39e9b8c969dbf1,3.0,0x922e21af5c912a6c2283cd1a792bd52ba6523149,0x4ea686d768703965dbf537ffc4ab04047a83c1d0,Reental-PAZ-1
0xd47627fe7ca53a3fb4a3002d24ce3ea1bc88a84215ba356e4dea26154fabc556,0x69072424b70ed26ff987fcb49258b7e8f93c6d82,1.0,0xce89063272ecce1cda2086670ff94cbc690b8f5f,0x4ea7e4c5cb0f0b59a231643cb068c320477217f3,Reental-SAM-1
0xdd5e95d1612056857d1e4e30ca8e74f1ba430c852acee6e39de8c989fe0addd9,0x2f1026ff5bd94232050364c81d61a2d15e147209,2.00870568,0x6f75e5978fddfea30790bfb39efdda073dbacc45,0x4ea7e4c5cb0f0b59a231643cb068c320477217f3,Reental-MIA-1
0xf26ac9f84aec494da08c5dc0c217f81d87832bd0a8be90186f0c54b11c6e22d1,0x3b7455335fc7c3839167ed8fc173405908ffdf15,1.0024977,0x6f75e5978fddfea30790bfb39efdda073dbacc45,0x4ea7e4c5cb0f0b59a231643cb068c320477217f3,Reental-TLM-2
0xa9ccb8f54e45605d78248afd649fc88b8cb0c99ede2bb9dcf26562fa48979a36,0xb5a1a4f29b7376c091d6f4c7689be4b7cd5a6d98,3.00230216,0x6f75e5978fddfea30790bfb39efdda073dbacc45,0x4ea7e4c5cb0f0b59a231643cb068c320477217f3,Reental-VLC-6
0x9baf277f4cc4a9c7552b0dbd4efcc6841036dfe6b2e7b1923aea63b476a0c01c,0x2f1026ff5bd94232050364c81d61a2d15e147209,1.43873334,0xce89063272ecce1cda2086670ff94cbc690b8f5f,0x4ea7e4c5cb0f0b59a231643cb068c320477217f3,Reental-MIA-1
0x481811e7bf1046ff5e819417e98b8fe4862406edd13a6454e0b0d001bd9ab27f,0xfd0ea97747f7b1a53ec59ef5001616cde3aead3e,3.26298293,0x6f75e5978fddfea30790bfb39efdda073dbacc45,0x4ea7e4c5cb0f0b59a231643cb068c320477217f3,Reental-CLVM-2
0x62b688119638e916f40e28914407cf93cee33e93d7c861a6e87e494eb65ed029,0x4adaee2dae690cf8f3915f1c1963f16d239c5e11,0.98969058,0x6f75e5978fddfea30790bfb39efdda073dbacc45,0x4ea7e4c5cb0f0b59a231643cb068c320477217f3,Reental-MRB-1
0x1096313c51fdbd2afcbd8b2ef3dc2c60d61d49621b1e74406cb48b7965a8465e,0xdecfebdaf1131899fb38a53dc63671246220ab7a,3.50908494,0x6f75e5978fddfea30790bfb39efdda073dbacc45,0x4ea7e4c5cb0f0b59a231643cb068c320477217f3,Reental-RDO-5
0x0ea75aa2b3fea38a081bf710b6aeac44c1f307c5f7e6e88a32bf3c18be519573,0x6b4fa3c69e62f8f03dc018b57efa74d560462210,2.0,0x99b6b6f3d833d41cf50c9dc24c1c954e4124bef6,0x4ed1d500e66ad8c592d4660dbf4c178475d03e74,Reental-MAYA-1
0x172753647949b33d739bbe751201c6682b8586620a3d799a291e32401994d159,0x6da0652a8481a774f5164612ab0ab18f105ad243,3.0,0x6bd9cbc55bdbab4c5e177c6a4684a6d50c17b378,0x4ed1d500e66ad8c592d4660dbf4c178475d03e74,Reental-CLVM-1
0x09a70a16027ea3eee9cfdc4368b7a0bb57faad604055010778a2200c09f2bea8,0xca53dd67cfa553d9e31c377602fb217dff9eadff,5.0,0xfbd1b0fed15f5c7958314b178e71d1a890abee13,0x4ed1d500e66ad8c592d4660dbf4c178475d03e74,Reental-SMA-2
0x05c9ba684e8befca06f272973a796cd0329efbdf6d246b957fa866962232dcbf,0xf7e0069442e3e2d061673e16d2f77a3b87b45a42,1.33,0xc0896e0e56d45b3c6d3444bff507adf6f15ee068,0x4ed1d500e66ad8c592d4660dbf4c178475d03e74,Reental-JAX-4
0xdcc60a77243df7e42aca4e4a246ed2bb8eaeb222a17c70eb2dd81583cb9f5726,0xf7e0069442e3e2d061673e16d2f77a3b87b45a42,1.0,0xc0896e0e56d45b3c6d3444bff507adf6f15ee068,0x4ed1d500e66ad8c592d4660dbf4c178475d03e74,Reental-JAX-4
0xb4d92184bb16b64d5b57bb8568368af5fe3c3c6658654b119fb762904d42c2cb,0xf7e0069442e3e2d061673e16d2f77a3b87b45a42,1.0,0xc0896e0e56d45b3c6d3444bff507adf6f15ee068,0x4ed1d500e66ad8c592d4660dbf4c178475d03e74,Reental-JAX-4
0xd5a3cd8ddd3e0a0e51b67894ee646fe75dc9c5f5f9b7c7ff0fbf76cf994d6510,0x3b7455335fc7c3839167ed8fc173405908ffdf15,3.19,0x97f1b24d237b5d4c99735d45c5570164cb483de2,0x4ed1d500e66ad8c592d4660dbf4c178475d03e74,Reental-TLM-2
0xd2d700b05a1271c133ffff5d0ded6fa19c233b3a880e72489e6c9595d8de45dc,0x7469b9381bfa8a34bef9dfaad03d75f60947f957,3.72283373,0xee21cb5ad21b519849e2a14c1555ca9e00a4f67f,0x4ed1d500e66ad8c592d4660dbf4c178475d03e74,Reental-CDP-3
0xfc6925500f2ad7509e2bb789edef626ad182cc33589e23deb228b7b8324f6ced,0x8711b4172ed71d2d4f90e3e2f0cb63726acba8e6,3.0,0xee21cb5ad21b519849e2a14c1555ca9e00a4f67f,0x4ed1d500e66ad8c592d4660dbf4c178475d03e74,Reental-JAX-1
0x9fece0d87e559b3d51f29aa5b990e42f99ada30a7c0f61b2380b1dff7779b9fb,0x49b8f29f17a27ae89121642838e37bc8ce77d2f2,5.0,0xba9e9281a9adf656191724f7bef219c96e498b29,0x4ed1d500e66ad8c592d4660dbf4c178475d03e74,Reental-SMA-1
0x64581b6403ac6541f1aa7d710d0647b8accfb22798302b2e5b82ff7a452648dd,0xca53dd67cfa553d9e31c377602fb217dff9eadff,2.19276485,0x8042d82d16405de78e477526e66d4602360cad3a,0x4ed1d500e66ad8c592d4660dbf4c178475d03e74,Reental-SMA-2
0xfc62eb0ae159a39db60da2f290552698742c939efcd6f14b73aa3a902d1838e5,0xdecfebdaf1131899fb38a53dc63671246220ab7a,5.93014484,0xb2ffd57ac78605d6357879cd6435c05880ff9590,0x4ed1d500e66ad8c592d4660dbf4c178475d03e74,Reental-RDO-5
0x7136641f94370fb54a87c382753a842fd8194e7adde9b74f5540b4fd22281de8,0x4adaee2dae690cf8f3915f1c1963f16d239c5e11,5.0,0x78f79ab9849fee3335a2a65c5bfa03167ae7ec4e,0x4ed1d500e66ad8c592d4660dbf4c178475d03e74,Reental-MRB-1
0xe4941d1c194f96b25fa7ff5b574f023fca02a23aad6c1346b8d3a47b9ad4e702,0x1998bc7570ae301154e0c3017acbb200b87ad1af,1.06748578,0x89ad218d6b41916b1f610b6130361eb36d037655,0x4fb14355104381a34c734b115517f8eb89477d02,Reental-IDX-1
0xc1bc1430f6361a726f7280b17d0de5735831076aa0ebefbbb5f47ddb25cd9e38,0x9c09c8525c5baa3b254cb0a60d3565cfbd5c9f28,10.0,0x090372c25193715e342ea74cd4c0921fb6c23c7d,0x4fb14355104381a34c734b115517f8eb89477d02,Reental-JAX-3
0x42c70d704ea081a0f00dff3cc8681789b880203892dde975b98860e294a4302b,0x093984f85f980479172fb96982f79c418ac730f7,5.0,0xf9c3fa98e7c685ff7964b7a297a7a22cb88eef19,0x4fb14355104381a34c734b115517f8eb89477d02,Reental-RDO-6
0x62916654937b9c0c4f8771b0c166d5dcac0286b91437ad174894037fe35e525f,0xe56ff2dff2c2e95511f0bef4b3d92da05e8197c0,5.0,0x5366f4aa9bc234316995a4a95b7f6b3d536f759f,0x4fb14355104381a34c734b115517f8eb89477d02,Reental-HOU-2
0x07aa565fb9302de8131098ba56113cc8f67a2bed6e27e97cfb5c64605135027f,0x093984f85f980479172fb96982f79c418ac730f7,10.0,0xf9c3fa98e7c685ff7964b7a297a7a22cb88eef19,0x4fb14355104381a34c734b115517f8eb89477d02,Reental-RDO-6
0xc9252b4c1f8383f606576511e5cc2bfc3e584172ea8d4eff7ef69baa25f4e24a,0x3b7455335fc7c3839167ed8fc173405908ffdf15,10.0,0xf9c3fa98e7c685ff7964b7a297a7a22cb88eef19,0x4fb14355104381a34c734b115517f8eb89477d02,Reental-TLM-2
0x34dac76bb52154bbc8d1eec310b5ed1892809a191b7f4dcd589cbf7b1c0d876d,0xc48b58aae1fb770a8655e44de960eb7dc84a5de9,5.0,0xc20b4d3f8d4594769cb01fb24b8a4eeaf64866ef,0x4fb14355104381a34c734b115517f8eb89477d02,Reental-RET-1
0x5c537217f7f1719d472b0415d205bce27417ec1d7bc97c2815b212ce1fc31004,0xc48b58aae1fb770a8655e44de960eb7dc84a5de9,5.0,0xc20b4d3f8d4594769cb01fb24b8a4eeaf64866ef,0x4fb14355104381a34c734b115517f8eb89477d02,Reental-RET-1
0x6e72444201879ad87b3b32e2d6df3d2440ef163a10f891836a8ab9b92636c425,0xcc4c1ce8d335bd40a0acf17b9ab08c030cc299aa,2.5974926,0x72fb870d67b816ce398499a193950256eba4c9f2,0x4fb14355104381a34c734b115517f8eb89477d02,Reental-PRO-100
0x857fad123c8ea6e16b46eba02fed6c5a669c199d8f75be8653f530eeade34379,0x754f5b74e2639cef67fecec03f4d698470bdc92f,1.29695205,0xf9c3fa98e7c685ff7964b7a297a7a22cb88eef19,0x4fb14355104381a34c734b115517f8eb89477d02,Reental-ABD-1
0xf981a5470db138383c92c6a065924d6cc8f30a2607dee8711310cc6608a255dc,0x754f5b74e2639cef67fecec03f4d698470bdc92f,1.95134823,0xa3804d27c0d8386b9d4218f5e59ccfa778b59e6a,0x4fb14355104381a34c734b115517f8eb89477d02,Reental-ABD-1
0x1e480b21136a7a9f2f38ff8b1cc91d4ea8134fff580ebbe9fa6a358ba5257604,0x9c09c8525c5baa3b254cb0a60d3565cfbd5c9f28,10.0,0x4fb14355104381a34c734b115517f8eb89477d02,0x99b902d4b63d9703a1357d16f1e24c635c3c2c62,Reental-JAX-3
0x722315a6eb02081b1558e3de496e29ff0e489972f3e970a6a67a3c0c36f4c193,0xe56ff2dff2c2e95511f0bef4b3d92da05e8197c0,5.0,0x4fb14355104381a34c734b115517f8eb89477d02,0xdac3758f649449ca21ee02ea272b8ae920fa7c06,Reental-HOU-2
0xc08ca631f89a7e05c170af84278feec002833e9c02a33022f229699bcd4b9df3,0x7cb85443eab0851d9b4558db23e1026af07c700d,8.0,0x94264445fb3d0cd4f90e2e641ca1bd2a01e5c65a,0x4fb14355104381a34c734b115517f8eb89477d02,Reental-RET-2
0x94b9a907861cfd8e2bbfdf517714c5ad4b3468a0d0d0e717db29884fb1c3bffb,0x7cb85443eab0851d9b4558db23e1026af07c700d,7.0,0x94264445fb3d0cd4f90e2e641ca1bd2a01e5c65a,0x4fb14355104381a34c734b115517f8eb89477d02,Reental-RET-2
0xd119732a13816d20818ba11bb539a033350c859b388372e9b0a3b351da261c92,0x093984f85f980479172fb96982f79c418ac730f7,10.0,0x94264445fb3d0cd4f90e2e641ca1bd2a01e5c65a,0x4fb14355104381a34c734b115517f8eb89477d02,Reental-RDO-6
0x3b310ca61fd04a73956b23c79cb19416764fd3d10af57d35037a6ccf9262adf0,0xe92169619de6b5725322229b353287563b603fd3,10.0,0xd629abe488911a738c1d59854964798865e3bcdb,0x4fb14355104381a34c734b115517f8eb89477d02,Reental-OPO-2
0xc2da989e300f7cb5cf8e830bcd4ba4684866655fa56c338ca6734e07a0ea75e6,0x875b80a36ae0660f7de4178a49f7672c8447d365,5.0,0x94264445fb3d0cd4f90e2e641ca1bd2a01e5c65a,0x4fb14355104381a34c734b115517f8eb89477d02,Reental-RET-3
0x65f4ea3a029ec0b8b448f85f4d198dc297f903e91d63b651b9fc9ba7c65e2186,0x875b80a36ae0660f7de4178a49f7672c8447d365,10.60716289,0x94264445fb3d0cd4f90e2e641ca1bd2a01e5c65a,0x4fb14355104381a34c734b115517f8eb89477d02,Reental-RET-3
0x9938b9f950c5c9fab89aa9f529f2f0df1f3dcc7dd3f9f209c808f88d9f059c77,0x875b80a36ae0660f7de4178a49f7672c8447d365,10.0,0x94264445fb3d0cd4f90e2e641ca1bd2a01e5c65a,0x4fb14355104381a34c734b115517f8eb89477d02,Reental-RET-3
0x3f2cbc1810cbe383dab0dd9a996a7921181477253e310934f06b57c6be504079,0x875b80a36ae0660f7de4178a49f7672c8447d365,9.96,0x94264445fb3d0cd4f90e2e641ca1bd2a01e5c65a,0x4fb14355104381a34c734b115517f8eb89477d02,Reental-RET-3
0x8e9903c4f3baa1cad312cf073be7cc1c3b03dc6252a0fa958504c63ddff58e4c,0xe92169619de6b5725322229b353287563b603fd3,10.0,0xd3d40870c53c407880605631f14d473eb7c6a6f5,0x4fb14355104381a34c734b115517f8eb89477d02,Reental-OPO-2
0x75d64299f78624804dcd89f524dcfeb7837c2821d7036f3d81cd6e0179400003,0xe92169619de6b5725322229b353287563b603fd3,7.0,0xd3d40870c53c407880605631f14d473eb7c6a6f5,0x4fb14355104381a34c734b115517f8eb89477d02,Reental-OPO-2
0xc39dc34a634643786de64a17fca4bdb523f275347c39a82144777388289f5a61,0x21ae95a56ef471370ce89a7a4624117f31810927,1.0,0xcaa5a0bb8dc9bd333568db005215c5e6420364f8,0x4fb14355104381a34c734b115517f8eb89477d02,Reental-DNB-1
0xae64e53ace675f4260eec597ff97c40e80c8ab246f62790c9c55e64a9369dcad,0x875b80a36ae0660f7de4178a49f7672c8447d365,1.099193,0xcaa5a0bb8dc9bd333568db005215c5e6420364f8,0x4fb14355104381a34c734b115517f8eb89477d02,Reental-RET-3
0x0896b14d1e8d5091f8fb34616ddc5efe3659edb4ac0b0d863a2e3053a81209d9,0xc48b58aae1fb770a8655e44de960eb7dc84a5de9,0.99999999,0xf5a7c467188ab04aef5d8db983fc82edbc5b47ac,0x4fb14355104381a34c734b115517f8eb89477d02,Reental-RET-1
0xf9decba0baf001f5972ccbc9b26053ab648c2ef77e4ea55e510937e8877291be,0x754f5b74e2639cef67fecec03f4d698470bdc92f,35.0,0x94264445fb3d0cd4f90e2e641ca1bd2a01e5c65a,0x4fb14355104381a34c734b115517f8eb89477d02,Reental-ABD-1
0xbdd5d2b57ef6de9b978ef05a034a28c3ff1d900de8c613cef333657aad10f46f,0x21ae95a56ef471370ce89a7a4624117f31810927,1.0,0xc0896e0e56d45b3c6d3444bff507adf6f15ee068,0x5006c06402397e84585c617aa2a15220616e390a,Reental-DNB-1
0x2aca1b2ffdf08fc4e48f03bffce41d3ef2e819d2dbb52f2e498bf55206d97c9b,0x33be67454ae817337db15877fd4106c5cd5206c5,2.81888011,0xce89063272ecce1cda2086670ff94cbc690b8f5f,0x503b5640f23546966cddf218fbe0d6cc597e2e9a,Reental-MLG-5
0x195971ab9474dc34fcd5b5ff20cd54378942d21916a25be833e60f1e1a2228e2,0xe7d35f9248ea53943765928c0d9dc027a0129f28,5.0,0xaead7ad2bb47499d537cfe44fd213372ca61b377,0x503b5640f23546966cddf218fbe0d6cc597e2e9a,Reental-MLG-3
0x25ec221d005102a5be9f73da4e554265ad17b1d7310872f30a2c6ba4700d22af,0xca53dd67cfa553d9e31c377602fb217dff9eadff,1.0,0x6f6aad8d226ba66e7d7f46e32a6819c7e5cd60f3,0x50b6db60a70af1522a1a46010b2843debb53ea2a,Reental-SMA-2
0x2a39b3f733727c5d4437530dc0e64f13602acd7c8199a48c2739006094a5b354,0xca53dd67cfa553d9e31c377602fb217dff9eadff,1.0,0x6f6aad8d226ba66e7d7f46e32a6819c7e5cd60f3,0x50b6db60a70af1522a1a46010b2843debb53ea2a,Reental-SMA-2
0x78f9aa090e661c58fbf775b6f9a703728e584382984f14f9f4b50af4a4b1c82c,0x2f1026ff5bd94232050364c81d61a2d15e147209,28.82163254,0x50b6db60a70af1522a1a46010b2843debb53ea2a,0xb64fbeef6b52207a4648308c56b84432b16e9b0f,Reental-MIA-1
0x6eefa7f08ed3e2452d3ffe2cee6e01e5b368d283ed19b4407114177d94dd70a6,0x6b7c34c8a1ffd4238e702243f0ff005680037fad,9.21091812,0x70c8aab186e952c4f047c362035054e45a371045,0x50b6db60a70af1522a1a46010b2843debb53ea2a,Reental-VLC-8
0xf84965631043cea416f20c6ed2497ede22f449ed6dc70c85204f0207ec0f3e32,0xca53dd67cfa553d9e31c377602fb217dff9eadff,10.0,0x70c8aab186e952c4f047c362035054e45a371045,0x50b6db60a70af1522a1a46010b2843debb53ea2a,Reental-SMA-2
0x9616e63b549d94c7e95035001a07febd32cecf7bdf3bed00fe4c4ccef585230d,0xfd0ea97747f7b1a53ec59ef5001616cde3aead3e,10.0,0x70c8aab186e952c4f047c362035054e45a371045,0x50b6db60a70af1522a1a46010b2843debb53ea2a,Reental-CLVM-2
0xf7e9016d35193182a87aec1846d9c0cf3e7c79fa9a0225d54c3fb200409fad8e,0x21ae95a56ef471370ce89a7a4624117f31810927,1.0,0xc0896e0e56d45b3c6d3444bff507adf6f15ee068,0x50f4c4e6eb311b5c57a2d38a675bdf3595723954,Reental-DNB-1
0x084634fb397621a095df4593794699b09f61434299f611c906bcb8e935fe8c04,0x2d1838eb7ebb6ae8b1288872f9704e3400ee8b20,1.0,0xce89063272ecce1cda2086670ff94cbc690b8f5f,0x50f4c4e6eb311b5c57a2d38a675bdf3595723954,Reental-NPL-1
0x45d6a3b61df6308ab394019a923106eb50abae0af5b9cfbfad78205fcc888500,0x69072424b70ed26ff987fcb49258b7e8f93c6d82,1.0,0xce89063272ecce1cda2086670ff94cbc690b8f5f,0x50f4c4e6eb311b5c57a2d38a675bdf3595723954,Reental-SAM-1
0x833ba4acb9e00ec04063f82587bdbe38e3828bae2dc43f556e6990a54f69483d,0xc48b58aae1fb770a8655e44de960eb7dc84a5de9,1.0,0x98637042d1267e614f6ad58b603d31bdc294ff9b,0x50f4c4e6eb311b5c57a2d38a675bdf3595723954,Reental-RET-1
0xac954945d05faab68a318d0ae112fc0d2c99e2d5f195348789315b7d7988a774,0xa0d99b441a9a5e334b234f31a92b97fa8d663626,1.0,0xa3804d27c0d8386b9d4218f5e59ccfa778b59e6a,0x50f4c4e6eb311b5c57a2d38a675bdf3595723954,Reental-YCT-2
0x15399fe87be67f3c9e6224114551d5630c82c83dd6880267bf83539365499dab,0xcc4c1ce8d335bd40a0acf17b9ab08c030cc299aa,1.0,0xce89063272ecce1cda2086670ff94cbc690b8f5f,0x50f4c4e6eb311b5c57a2d38a675bdf3595723954,Reental-PRO-100
0x3cd56cccaa663a06ea8b86c347562852ec2eda8cf0fc5b070989f7209786811e,0xe56ff2dff2c2e95511f0bef4b3d92da05e8197c0,2.0,0x8a7ccf8e2c6ccf18dc43ca4191a59506e27d0047,0x50f4c4e6eb311b5c57a2d38a675bdf3595723954,Reental-HOU-2
0xc07e2de64624595349c771be312bf26ca381bad50bb0339eb34edec364d8811e,0x8eeb57505999d3092c7b00ad5a5e53b943ad235d,3.0,0xf9c3fa98e7c685ff7964b7a297a7a22cb88eef19,0x50f4c4e6eb311b5c57a2d38a675bdf3595723954,Reental-SLA-2
0x673c670ba92f08e1303256cc5640d9df0a177aeae9a7fc14544b30d308603b62,0xe16901dad396fe7b1b77b6d2bd91b2d648e8a762,2.23,0x20cee0edfa412dc899e61be73e36c0acae9f3d2a,0x50f4c4e6eb311b5c57a2d38a675bdf3595723954,Reental-HOU-3
0xf6915f9107c217892da36a8c21647f39051ab216b649f8f26ffce36add298d61,0x69072424b70ed26ff987fcb49258b7e8f93c6d82,1.0,0xce89063272ecce1cda2086670ff94cbc690b8f5f,0x50f4c4e6eb311b5c57a2d38a675bdf3595723954,Reental-SAM-1
0xec0f5b47832f98f44477197877c16cb2cf8bd7d65f7f7df041882781ff1ed881,0xa0d99b441a9a5e334b234f31a92b97fa8d663626,2.0,0xc1213762f0b2010721e34a7d3a4e6742f836b462,0x50f4c4e6eb311b5c57a2d38a675bdf3595723954,Reental-YCT-2
0x2cb356d13cd0e6a4ae9d07d0496896fbbf1a415a524d03ea11e56ec22564ee60,0x18bb9840fd7185c0589ca5fb81a32e3e2d0f2676,1.00002042,0xbacbdf53afcb3f1b9697d6876022b5d56ea3eb1f,0x50f4c4e6eb311b5c57a2d38a675bdf3595723954,Reental-OPO-1
0xf4bc175669a948d3c9bbabdabfa1b83992d898e43d379782900b8b3f2b140ab7,0x68f73061bdf369c2562f4c0ea4e940f362d1a97f,1.0,0xa087dcd612b8ba98580ea48a33ba4dfa2ab8c2f3,0x50f4c4e6eb311b5c57a2d38a675bdf3595723954,Reental-ATL-1
0x2e10dda4692960024de81f9d3ff940a7fa8562df7e9d846786f6eed8955dc77c,0xe56ff2dff2c2e95511f0bef4b3d92da05e8197c0,1.0,0xa087dcd612b8ba98580ea48a33ba4dfa2ab8c2f3,0x50f4c4e6eb311b5c57a2d38a675bdf3595723954,Reental-HOU-2
0xde15d9e0d73dbdcb44aa46c97564def1ef6896f54d88ac93e6ece2681fc275bc,0x754f5b74e2639cef67fecec03f4d698470bdc92f,0.99998134,0xe65fd22fe226932f9cace5c317d2ec48a790efd5,0x50f4c4e6eb311b5c57a2d38a675bdf3595723954,Reental-ABD-1
0x07faff8c08cc6aef98b0423ba9277b4ff64232a923c6e38081c18dcbeab8ea30,0x21ae95a56ef471370ce89a7a4624117f31810927,1.0,0xc0896e0e56d45b3c6d3444bff507adf6f15ee068,0x50f4c4e6eb311b5c57a2d38a675bdf3595723954,Reental-DNB-1
0x6221b995511716c4c0abb3519d91f76d9a57e27b3eec167b4115b3b590b134c8,0x21ae95a56ef471370ce89a7a4624117f31810927,1.0,0xc0896e0e56d45b3c6d3444bff507adf6f15ee068,0x50f4c4e6eb311b5c57a2d38a675bdf3595723954,Reental-DNB-1
0x312e14d33250879b3e6a65e6275cdba15592f54018263b8d19c3887154fe00ec,0x68f73061bdf369c2562f4c0ea4e940f362d1a97f,1.0,0xfb8482d3a050b09d9dd3d3fb44e858864ef649f8,0x50f4c4e6eb311b5c57a2d38a675bdf3595723954,Reental-ATL-1
0xb5d51e1267004e34fe9dc722142b0e0df640843189a6d6e7e72a88f515236929,0xe6e3ff145a6ffcd1dac08472f89164c0c43316b2,0.99996389,0x3fe2ee56ea77ffccfa0c036b20e7a2269e8da534,0x50f4c4e6eb311b5c57a2d38a675bdf3595723954,Reental-CMY-1
0x0b31bc62b77343d2c087b340444ddcea6e32b740e8885e6fdb840f0817c33995,0x55cb210f496df649fd283aa93a360e24fdb40964,1.1897977,0xf9c3fa98e7c685ff7964b7a297a7a22cb88eef19,0x50f4c4e6eb311b5c57a2d38a675bdf3595723954,Reental-BPT-1
0xafe83eed07763d644899f0dabc99b09d996981cf4c6315fff95eb1f1f17031e4,0xed923b814f1ea3d42c54dda55ba8edfaba994489,1.0,0xbb5c220d202fd05c696ed73c18e9db175e7a7a5a,0x50f4c4e6eb311b5c57a2d38a675bdf3595723954,Reental-BKL-2
0xd805fbf632bfdab77fddd29b13f416bc194e81508ab669ee9c3ef73db0ef60a7,0x68f73061bdf369c2562f4c0ea4e940f362d1a97f,1.00004844,0xfb8482d3a050b09d9dd3d3fb44e858864ef649f8,0x50f4c4e6eb311b5c57a2d38a675bdf3595723954,Reental-ATL-1
0x36cb61406d92079ea9b7fd2f9c0c02e6eab914e65fd4330e274e53ac2ae21080,0xcc4c1ce8d335bd40a0acf17b9ab08c030cc299aa,1.0,0x95077fb59a3c7cea5465d175272408679365e885,0x50f4c4e6eb311b5c57a2d38a675bdf3595723954,Reental-PRO-100
0x2b514b842005c0eda5658b87735ca4cba85c5df492c5c982c1e3e205a52dcdaa,0xe6e3ff145a6ffcd1dac08472f89164c0c43316b2,1.00000067,0x3037b9c11151cd2eca0ac250e07aad53db16a898,0x50f4c4e6eb311b5c57a2d38a675bdf3595723954,Reental-CMY-1
0x5ef625120bcdfb3a2be7f709a039913d07c3cb64ad5c3997fe384b9d5e27a2ed,0x2d1838eb7ebb6ae8b1288872f9704e3400ee8b20,1.0,0xbb5c220d202fd05c696ed73c18e9db175e7a7a5a,0x50f4c4e6eb311b5c57a2d38a675bdf3595723954,Reental-NPL-1
0x7dc274d17cfdf8e999ec40ede5b140d06fa1fca7300c85f7de60f29a38aa5476,0x2d1838eb7ebb6ae8b1288872f9704e3400ee8b20,1.04887264,0x8dd8a0146f79b805f0552036d190b1b00861a8a0,0x50f4c4e6eb311b5c57a2d38a675bdf3595723954,Reental-NPL-1
0x48961dd930c72fbe33fd41badebc8e03b563817ed3e146bba30d44243600125c,0x68f73061bdf369c2562f4c0ea4e940f362d1a97f,1.0,0x8042d82d16405de78e477526e66d4602360cad3a,0x50f4c4e6eb311b5c57a2d38a675bdf3595723954,Reental-ATL-1
0x71a9b995f35dad1e6e42a8647f411408ae2367013d296a019f633cfa403c4569,0xa0d99b441a9a5e334b234f31a92b97fa8d663626,2.0,0xf459185178c49adc9e16bb23f3e78e1a8c7ea190,0x50f4c4e6eb311b5c57a2d38a675bdf3595723954,Reental-YCT-2
0x841dd7de754039946dc54d73e5009118e9d87f7f2fc494104b0df2599da858f9,0xe92169619de6b5725322229b353287563b603fd3,1.0,0x560535b792fb51d73b34945bcb3a528d44e17a91,0x50f4c4e6eb311b5c57a2d38a675bdf3595723954,Reental-OPO-2
0x3e7ff71c0828ef41d94301861006f015b8d3953fbb29cb05101d050f22540f3b,0x69072424b70ed26ff987fcb49258b7e8f93c6d82,2.0,0x94264445fb3d0cd4f90e2e641ca1bd2a01e5c65a,0x50f4c4e6eb311b5c57a2d38a675bdf3595723954,Reental-SAM-1
0xda610f53d327c9f857b084c516dcbba3140dc7f57c318f327f0508ceb9ef05e8,0x2d1838eb7ebb6ae8b1288872f9704e3400ee8b20,1.0,0xdf391d9af8bc99abf1be8997ae447f614726a2fd,0x50f4c4e6eb311b5c57a2d38a675bdf3595723954,Reental-NPL-1
0x5c32fda8d20d7ddb860908a5da43e2f1f40fe54b7fdb0e63713718f9dfc94af5,0xe92169619de6b5725322229b353287563b603fd3,1.0,0x560535b792fb51d73b34945bcb3a528d44e17a91,0x50f4c4e6eb311b5c57a2d38a675bdf3595723954,Reental-OPO-2
0xfae336c431f2e150a4d862edfc22cb4e4fdedc6874aadaef17be03dfe283e666,0x69072424b70ed26ff987fcb49258b7e8f93c6d82,2.0,0x94264445fb3d0cd4f90e2e641ca1bd2a01e5c65a,0x50f4c4e6eb311b5c57a2d38a675bdf3595723954,Reental-SAM-1
0x72b66cda82f695eb4654face97d6c39936ac9f9176a53e8178abf5300721199b,0x69072424b70ed26ff987fcb49258b7e8f93c6d82,1.0,0x94264445fb3d0cd4f90e2e641ca1bd2a01e5c65a,0x50f4c4e6eb311b5c57a2d38a675bdf3595723954,Reental-SAM-1
0x5209299b0bc363b9ba7c18af0d18bac041ed11a65ee3f4007c90376e6437e2fe,0xe92169619de6b5725322229b353287563b603fd3,1.0,0x560535b792fb51d73b34945bcb3a528d44e17a91,0x50f4c4e6eb311b5c57a2d38a675bdf3595723954,Reental-OPO-2
0x2874d1a11736f6b4d156f41448d7b96344fd39f19faa064eb1b7c6c3de67e6a4,0xe92169619de6b5725322229b353287563b603fd3,2.0,0xf3b9739ed70e548f8e30e81746c80bc6c74edd1a,0x50f4c4e6eb311b5c57a2d38a675bdf3595723954,Reental-OPO-2
0xfa7579df245b65b08157bdfe94fb4588bc1297036c26170e359c19fe464266ff,0x6ade0a100a561664b417130b5c78bc6ed57890a0,2.0,0xf3b9739ed70e548f8e30e81746c80bc6c74edd1a,0x50f4c4e6eb311b5c57a2d38a675bdf3595723954,Reental-SAT-1
0x0e80c56648541b7093a7c1bf3a3ef1f12d86c62064c8bda152b127efc54a80f4,0xe92169619de6b5725322229b353287563b603fd3,1.0,0x560535b792fb51d73b34945bcb3a528d44e17a91,0x50f4c4e6eb311b5c57a2d38a675bdf3595723954,Reental-OPO-2
0x65fc75e50efac82d7630b2f17125a0cedef15cfb0d35e7325b779e289b1866aa,0xe92169619de6b5725322229b353287563b603fd3,1.0,0x560535b792fb51d73b34945bcb3a528d44e17a91,0x50f4c4e6eb311b5c57a2d38a675bdf3595723954,Reental-OPO-2
0x2d3e4549c7497eafd51a0e1f3df784d315e2cd537b224ad753a617c4c33074cb,0x7cb85443eab0851d9b4558db23e1026af07c700d,1.12708841,0xb552a37e3f07082490b017aa6b43e10cd04176b5,0x50f4c4e6eb311b5c57a2d38a675bdf3595723954,Reental-RET-2
0x8b7bc33481eeb00dd853a78f89446e5b5c4b42a57683d6e448872b18582f9cf2,0xb0825e7a4093d21ed076883f8aca33300631291e,1.0,0xb552a37e3f07082490b017aa6b43e10cd04176b5,0x50f4c4e6eb311b5c57a2d38a675bdf3595723954,Reental-MIA-3
0x4f5e0d153257b9a2eaa9baa96f8167fb36affd713a1a1d8075f664f6b36adf74,0xe92169619de6b5725322229b353287563b603fd3,1.0,0x560535b792fb51d73b34945bcb3a528d44e17a91,0x50f4c4e6eb311b5c57a2d38a675bdf3595723954,Reental-OPO-2
0x7da865294df575dc33ca3121eddcfd67d21e3cf046075645766400c2780d2d05,0x6ade0a100a561664b417130b5c78bc6ed57890a0,1.0,0xd70d80d18bce0f5c64ed427a62cf9f7169822ead,0x50f4c4e6eb311b5c57a2d38a675bdf3595723954,Reental-SAT-1
0xbbe3c6b6e112c8834d945b9cb54db8710f0e0e998a8631aa858fc93f7e2fa8b4,0xe56ff2dff2c2e95511f0bef4b3d92da05e8197c0,2.0,0xa4a22753ecb2f3da4927f94f46e111dcc78c6a66,0x50f4c4e6eb311b5c57a2d38a675bdf3595723954,Reental-HOU-2
0x5f1e52c7e279e1936919e17cb97705eb88c9720fed6b27b234de101cc32f970d,0xf090b60f731583288e8c7c9d9a80680e35bd63e0,1.0,0xa4a22753ecb2f3da4927f94f46e111dcc78c6a66,0x50f4c4e6eb311b5c57a2d38a675bdf3595723954,Reental-HOU-1
0xcda21e172ef8960bf4b0634d9c277ca2af732f4efb2c704440787b3147898bcd,0xe92169619de6b5725322229b353287563b603fd3,1.0,0x94264445fb3d0cd4f90e2e641ca1bd2a01e5c65a,0x50f4c4e6eb311b5c57a2d38a675bdf3595723954,Reental-OPO-2
0x9be3afcdfa962f6f8bfc56d266f4611f40c672be9f3cf056f602993231a9db2c,0x69072424b70ed26ff987fcb49258b7e8f93c6d82,1.0,0x560535b792fb51d73b34945bcb3a528d44e17a91,0x50f4c4e6eb311b5c57a2d38a675bdf3595723954,Reental-SAM-1
0x42c2332d1af68d7bae32fc3067b5c47672716e2989e7d9aea79031604ace1625,0xe92169619de6b5725322229b353287563b603fd3,1.0,0xd9daf64aebe75a4bdfaf244bf34888da629e9c9c,0x50f4c4e6eb311b5c57a2d38a675bdf3595723954,Reental-OPO-2
0xd0ce5d6b1c5f2d7b8e24057932074e333286deec282646686b4fcf071c863b67,0x093984f85f980479172fb96982f79c418ac730f7,2.0,0x8042d82d16405de78e477526e66d4602360cad3a,0x50f4c4e6eb311b5c57a2d38a675bdf3595723954,Reental-RDO-6
0x2c09eef4ed511a105c0dfbdf7e815a3d51bb8e1942798cb17788a4f0a81a23df,0x6ade0a100a561664b417130b5c78bc6ed57890a0,1.0,0xd70d80d18bce0f5c64ed427a62cf9f7169822ead,0x50f4c4e6eb311b5c57a2d38a675bdf3595723954,Reental-SAT-1
0x9cbef58f8a04841d713b99030af8cc83771f7dfe95980c1f0a4d38a16ac82bee,0xfd0ea97747f7b1a53ec59ef5001616cde3aead3e,1.0,0x6bd9cbc55bdbab4c5e177c6a4684a6d50c17b378,0x510045c5f1c74ff0c0b8f91258863f768e8503c5,Reental-CLVM-2
0x45456084ec2832f21760da9d00cf03380756dd4932374b33d15f47e62d3f69ab,0x9c09c8525c5baa3b254cb0a60d3565cfbd5c9f28,1.0,0x3460f3e3ecdadb7ca18cc363c1ed05d227fda666,0x511063fc12c2c2d2538a1004acd74e8086b0d43e,Reental-JAX-3
0xd8945f5aceeadbe5e563607235f7df021c2125328df70f95fce1c84e1f715fda,0x8711b4172ed71d2d4f90e3e2f0cb63726acba8e6,1.0,0xc0896e0e56d45b3c6d3444bff507adf6f15ee068,0x511063fc12c2c2d2538a1004acd74e8086b0d43e,Reental-JAX-1
0x3884ee6fc73b948a477f93b21805a5298abaee0122d47b5cede04195fe9400c6,0xf1ec7e14489683babdb9299e5f9908d19a8759dc,1.18288612,0xa4021afa7befef95fc6e0e5fdd4c41612676a250,0x511063fc12c2c2d2538a1004acd74e8086b0d43e,Reental-MIA-2
0x63db1cb624feec4b00455a8251c259a6d9ad4d896fdc9e8d1e1700af4b09942d,0x1b0d685f5e4063033e0a1a360db864c9911eedda,1.0,0xb552a37e3f07082490b017aa6b43e10cd04176b5,0x511063fc12c2c2d2538a1004acd74e8086b0d43e,Reental-VLC-9
0x9dec50c894ce8aa2748ca3056a75f3a703dc060ecb4dac99b62b8a346c28341e,0x6ade0a100a561664b417130b5c78bc6ed57890a0,10.0,0xd3d40870c53c407880605631f14d473eb7c6a6f5,0x511063fc12c2c2d2538a1004acd74e8086b0d43e,Reental-SAT-1
0xd2561d3c591161b6fc3e66aa1f2b5e9d2b4cf5637f499b5e8016201bb8a0b96c,0x2d1838eb7ebb6ae8b1288872f9704e3400ee8b20,1.001346,0xce89063272ecce1cda2086670ff94cbc690b8f5f,0x51d00a8baf3e6067cdfe2269c68e32dd0d247c01,Reental-NPL-1
0x669c9f1f8a58e858283b1d9c466ab27ba601822b6c5c4b35eae39fa59d6bc639,0x6b4fa3c69e62f8f03dc018b57efa74d560462210,0.1,0x5f86529e7d7d248f7d84854c45777db0e23ac7d0,0x52581d32a0ea227002dc5aa432e00327aa062780,Reental-MAYA-1
0x7fcdf6e795149a7788ecad3faeef19e68c2c88462b153cfcd7737f7ece283f7a,0xfd0ea97747f7b1a53ec59ef5001616cde3aead3e,5.0,0xd9135bda4ccd4291e3f3dcedfbb0994844b0c627,0x5366f4aa9bc234316995a4a95b7f6b3d536f759f,Reental-CLVM-2
0x70c501b0778d523969639d85cb78dcc89c8199f4fbacfccb0c4fc2f1b61d8cf7,0x18bb9840fd7185c0589ca5fb81a32e3e2d0f2676,1.68562628,0xa3804d27c0d8386b9d4218f5e59ccfa778b59e6a,0x5366f4aa9bc234316995a4a95b7f6b3d536f759f,Reental-OPO-1
0xcb1b8387454052b43a77d4d819521cf2ed0d2d27b9b39988cf19c9a3fbad0285,0x7cb85443eab0851d9b4558db23e1026af07c700d,2.50300168,0x625d1200e5869d986ac959572e60869e2a64c43a,0x5366f4aa9bc234316995a4a95b7f6b3d536f759f,Reental-RET-2
0x489cde3863123ce0b54f5b5317a96f2e2f4d0c7070ea742228e82bf1e23fbcf5,0x7cb85443eab0851d9b4558db23e1026af07c700d,5.0,0xccbb900f37795abc4cca641ac27dd06fa321c79a,0x5366f4aa9bc234316995a4a95b7f6b3d536f759f,Reental-RET-2
0x7df0660eb937a8b9fe778051d7ea8914c9b91c2e937b4fe68406f7653c10b268,0xa0d99b441a9a5e334b234f31a92b97fa8d663626,3.0,0xa3804d27c0d8386b9d4218f5e59ccfa778b59e6a,0x5366f4aa9bc234316995a4a95b7f6b3d536f759f,Reental-YCT-2
0xdfbd63e8ef980dd9ae2334f054039868ed0daab3a0d571f65f79511d7c85aee9,0xed923b814f1ea3d42c54dda55ba8edfaba994489,10.358,0x8bdf687599153a62dbb6e0d85c0c81c98f408d2d,0x5366f4aa9bc234316995a4a95b7f6b3d536f759f,Reental-BKL-2
0xe3f128b9faca3e6d12730e5bb42fc1caa247b2b87ad29394d671bbd9725c6d55,0x70e77c5f094534505d6a42f913d3a387e6db0842,16.14005611,0x8bdf687599153a62dbb6e0d85c0c81c98f408d2d,0x5366f4aa9bc234316995a4a95b7f6b3d536f759f,Reental-BKL-3
0xb9c4a75893a4cd8aa019576dd12d8236a6d297bfc97da165c8bff530f93a1ad2,0x754f5b74e2639cef67fecec03f4d698470bdc92f,3.86340251,0x292def5532dedc34ca61feab063811794637dbc5,0x53aa307671421d61b9c809236f14d6a7c977f17e,Reental-ABD-1
0xbe740c7849ff6bf229839905d710b35a01724397c4bf137a962f037db2ef0032,0x7cb85443eab0851d9b4558db23e1026af07c700d,1.0,0xd212a7c928b7a61460d67b96769bb8e38b4a4652,0x53aa307671421d61b9c809236f14d6a7c977f17e,Reental-RET-2
0x105c0c173570440422d4e8c1d1ae50870c8faae38db7ca44c6c108ca1e16320a,0x55cb210f496df649fd283aa93a360e24fdb40964,1.090601,0x94264445fb3d0cd4f90e2e641ca1bd2a01e5c65a,0x53aa307671421d61b9c809236f14d6a7c977f17e,Reental-BPT-1
0x59a48613e866c704e07667db4955b64ee5a9d1a32c21fefc9eb5bc8c24ba1fb4,0x46182d6937ed8cf2707e187b61b654e8ca59c7b5,5.0,0x5e32d2f0832b9aa66d34167c31782c5770d2ec06,0x53aa307671421d61b9c809236f14d6a7c977f17e,Reental-DXB-2
0xdde5c1c16d0966e20034c669fa037469ab4ef55fd3b5424d356f75af315d4ef3,0x2f1026ff5bd94232050364c81d61a2d15e147209,2.0,0xc0896e0e56d45b3c6d3444bff507adf6f15ee068,0x53aa307671421d61b9c809236f14d6a7c977f17e,Reental-MIA-1
0xfe64bc9a38f00beba4e3f3a8db9cbdfaf9917e8fcf9860ffc2638c09e17eb867,0xcc4c1ce8d335bd40a0acf17b9ab08c030cc299aa,1.0,0x95077fb59a3c7cea5465d175272408679365e885,0x53aa307671421d61b9c809236f14d6a7c977f17e,Reental-PRO-100
0xd46b69d8e3181e5b1b498b8a4acbe98a9c2b128b5e56cdfca8d486f2b5bd959e,0x2d1838eb7ebb6ae8b1288872f9704e3400ee8b20,1.0,0xbb5c220d202fd05c696ed73c18e9db175e7a7a5a,0x53aa307671421d61b9c809236f14d6a7c977f17e,Reental-NPL-1
0x0a30a96f502ffa8685401162f94887c5fc5dd33902530628e8859a839d9a3602,0xdecfebdaf1131899fb38a53dc63671246220ab7a,0.99974825,0x88f301c72b430a130a04608dc26833f07d4f7046,0x53aa307671421d61b9c809236f14d6a7c977f17e,Reental-RDO-5
0x1783e78b6f7708ffefca193d443cc51f792ae92fd747c56e1d90308284b0ceec,0x21ae95a56ef471370ce89a7a4624117f31810927,1.0,0xa087dcd612b8ba98580ea48a33ba4dfa2ab8c2f3,0x53aa307671421d61b9c809236f14d6a7c977f17e,Reental-DNB-1
0x96294065a5beb8469772d9a0b7df881f75c3dc46c6ccf98c0e8a3d37bd0eb43a,0xe16901dad396fe7b1b77b6d2bd91b2d648e8a762,2.0,0xac9a8416cc426326d75e89f76dcfdd1b0cb66290,0x549cdc33ed57621a5abfc88296b53934b982c5e4,Reental-HOU-3
0x02fb4d79c55a30d8089ae30e97ea0f568585053994b47e606fb571e409365a9e,0x55cb210f496df649fd283aa93a360e24fdb40964,1.95985552,0xd670f58c98181dfbf5a26838cb5ca024c0d77502,0x549cdc33ed57621a5abfc88296b53934b982c5e4,Reental-BPT-1
0x17814d9567e9123534a4c4febf4a1130918c66d4c445351c948a29c5079470b2,0x69072424b70ed26ff987fcb49258b7e8f93c6d82,1.0,0x94264445fb3d0cd4f90e2e641ca1bd2a01e5c65a,0x560535b792fb51d73b34945bcb3a528d44e17a91,Reental-SAM-1
0x43ab3587369575792ae163a5a0f8024c6b7ef0737031904dce3994b763b041de,0x875b80a36ae0660f7de4178a49f7672c8447d365,1.0,0x560535b792fb51d73b34945bcb3a528d44e17a91,0xa087dcd612b8ba98580ea48a33ba4dfa2ab8c2f3,Reental-RET-3
0xf1b46bf2c7688ec94986cb7fc575420b487b4523b535412b7397fee9ae9cf5eb,0x243e4bacc4b4d61b87816c945544286eb29125c6,5.0,0xb7838389341bd4818fdc4114fdefccefcf4fcab7,0x560535b792fb51d73b34945bcb3a528d44e17a91,Reental-CME-1
0x40a3c5fa6dccb96d203da75df2bea9e49160046f4c83e2e25c567e049480c50b,0x243e4bacc4b4d61b87816c945544286eb29125c6,1.0,0x560535b792fb51d73b34945bcb3a528d44e17a91,0x99b6b6f3d833d41cf50c9dc24c1c954e4124bef6,Reental-CME-1
0xdc490cbb9fbbe67f186996ad31cdecb343dcbd3ba6335a8e662478a5efc847b4,0xcc4c1ce8d335bd40a0acf17b9ab08c030cc299aa,2.0,0xa3804d27c0d8386b9d4218f5e59ccfa778b59e6a,0x566669e13b9079c2fa7efc63d8e5fe37b8bd8724,Reental-PRO-100
0xb850c1237427060b895c05f5c124181bd53279ae36825987bb48c8e30a14f443,0x2d1838eb7ebb6ae8b1288872f9704e3400ee8b20,4.0,0xce89063272ecce1cda2086670ff94cbc690b8f5f,0x566669e13b9079c2fa7efc63d8e5fe37b8bd8724,Reental-NPL-1
0x12e20abab8b9f4eb548403bd3a5ad4b7aedaf3ad6111946c79829a39ea6c1059,0xb5a1a4f29b7376c091d6f4c7689be4b7cd5a6d98,1.08,0x0cb29d82f3631b457cf4fd8bb4c616256097c9a4,0x58523dfd74b30d6f9230e782674bb438bcfd8622,Reental-VLC-6
0xcb2d20393f83a42b8762586a5f481ef33691443fb3b94fcce3b7ab0eae204b03,0xb5a1a4f29b7376c091d6f4c7689be4b7cd5a6d98,0.67,0x37a8e6a01e9e4baad0f700257f6326005ad29c0e,0x58523dfd74b30d6f9230e782674bb438bcfd8622,Reental-VLC-6
0x1f19cb22aa9e8208fadd6296415ebc9ddd4f423cb7e2fe6162f724e2789dc597,0xf7a694bc2768fc3b26beb5e98bb76f744397e49c,1.35,0xae853f9dfbebb9648adc12282ec01752a2f0aa63,0x58523dfd74b30d6f9230e782674bb438bcfd8622,Reental-RDO-1
0x1b88d8de6934a5b09bcfe76982254f87131ed62f7b58bc615e3e8f1551eb168a,0xe27f1e1d5ef28f560cbd9500342b24dd989635d2,3.0,0x6bd9cbc55bdbab4c5e177c6a4684a6d50c17b378,0x58523dfd74b30d6f9230e782674bb438bcfd8622,Reental-VLC-1
0x43c921cc6646808308a58e915a57cc6d1452463c83d216c95c2efa46ba1234a6,0xe27f1e1d5ef28f560cbd9500342b24dd989635d2,1.0,0x6bd9cbc55bdbab4c5e177c6a4684a6d50c17b378,0x58523dfd74b30d6f9230e782674bb438bcfd8622,Reental-VLC-1
0x14247b9573ccec273711e75cd5a1332d9d36a1e60a291de48d501b0218308cd9,0xe27f1e1d5ef28f560cbd9500342b24dd989635d2,1.0,0x3460f3e3ecdadb7ca18cc363c1ed05d227fda666,0x58523dfd74b30d6f9230e782674bb438bcfd8622,Reental-VLC-1
0x1d3f28d5d67a6350498a268bd23eea0a5fa95584a2e2e7b9e328025f1510a22f,0xe27f1e1d5ef28f560cbd9500342b24dd989635d2,1.0,0x3460f3e3ecdadb7ca18cc363c1ed05d227fda666,0x58523dfd74b30d6f9230e782674bb438bcfd8622,Reental-VLC-1
0x3bb2a6570b509df0e22ff857a4d767651663399e58c66ea8b88cef2bb30323f9,0xe27f1e1d5ef28f560cbd9500342b24dd989635d2,5.0,0x6bd9cbc55bdbab4c5e177c6a4684a6d50c17b378,0x58523dfd74b30d6f9230e782674bb438bcfd8622,Reental-VLC-1
0x78dbaba701b4f66891969953de0d3fe36672768659bf2c571cb603f79ee8839d,0xe27f1e1d5ef28f560cbd9500342b24dd989635d2,1.0,0x3460f3e3ecdadb7ca18cc363c1ed05d227fda666,0x58523dfd74b30d6f9230e782674bb438bcfd8622,Reental-VLC-1
0x7bcdd4b0d69903337ab109dd4b839a9d9c2765fac6ac76672fe51c3751927e86,0x6b4fa3c69e62f8f03dc018b57efa74d560462210,1.0,0x3460f3e3ecdadb7ca18cc363c1ed05d227fda666,0x58523dfd74b30d6f9230e782674bb438bcfd8622,Reental-MAYA-1
0xe979fee5061ab6404b08faca24efecceca01a38e07144a154895ef932fa107c8,0xa1bf01d5fdb5ae190853f49585eea6c910eb8937,1.0,0x3460f3e3ecdadb7ca18cc363c1ed05d227fda666,0x58523dfd74b30d6f9230e782674bb438bcfd8622,Reental-SVQ-4
0x66bb04b536cc31ee4840ad301131046fb2fe7872badce29318ab7dd72dc499c9,0xaca38d593f7775334fa1b84a865f19396f62f760,0.48248161,0x58523dfd74b30d6f9230e782674bb438bcfd8622,0x6500dbb9da71f7646c4050c882c73dbd215c8a73,Reental-MLG-6
0xe635fafecc909a24a413c5dbbfba16bad1dfe50db63c528101f694f361b2971f,0x7aa21fabd73e8d3aa5d5c5994af6b62cfcea3fe4,0.46434638,0x58523dfd74b30d6f9230e782674bb438bcfd8622,0xb54d1ee3859a24789d931962b7313bb2a2529785,Reental-SHL-1
0x0d2ed294c4146338c2a2344217138f55b93164c150b4b9a4d7cd90d2f607a5fd,0xe27f1e1d5ef28f560cbd9500342b24dd989635d2,1.0,0x3460f3e3ecdadb7ca18cc363c1ed05d227fda666,0x58523dfd74b30d6f9230e782674bb438bcfd8622,Reental-VLC-1
0x4abf0c3b18541e3c98937aff0186bca9b230797205548952f8b6963c1bec50e9,0xe7d35f9248ea53943765928c0d9dc027a0129f28,2.0,0x58523dfd74b30d6f9230e782674bb438bcfd8622,0xd212a7c928b7a61460d67b96769bb8e38b4a4652,Reental-MLG-3
0x0ab79bbc91d0787e3ec114ee1167af18176549566dc43a2c778cee7d4de77468,0xa1bf01d5fdb5ae190853f49585eea6c910eb8937,1.0,0x58523dfd74b30d6f9230e782674bb438bcfd8622,0xd212a7c928b7a61460d67b96769bb8e38b4a4652,Reental-SVQ-4
0x5ac1c37c972c1720f11db38fa7ce72b3dd2492c976d36ac295cbf1eab830aa1d,0xa17e89f33e80b506af759f9e493efe29a47ea905,1.0,0xc0896e0e56d45b3c6d3444bff507adf6f15ee068,0x58523dfd74b30d6f9230e782674bb438bcfd8622,Reental-VLC-10
0xa8de41ae10971f566aa30eaa3a3379877a95faa19103cc34a4a1513c9967b887,0xb45898179fe8de2818e3ff994559c60aa962e2af,0.65206785,0x58523dfd74b30d6f9230e782674bb438bcfd8622,0xf4a8b9316073a5875dffca7cd535c3915f5dc77f,Reental-MLG-7
0x88d9c59b22c7e1b6308d54054a3a0aba6f1c08a643fda8b0d391d7879069d6d7,0xf7a694bc2768fc3b26beb5e98bb76f744397e49c,1.00016,0xdf50cbf0ea828d6d3fb7b59f905a56ec64d5036d,0x58523dfd74b30d6f9230e782674bb438bcfd8622,Reental-RDO-1
0x46fb77437f1a965f2b14ffe970c508bbc31a9f77e7a65aca28369d5420fc3f70,0xa17e89f33e80b506af759f9e493efe29a47ea905,3.0,0xc0896e0e56d45b3c6d3444bff507adf6f15ee068,0x58523dfd74b30d6f9230e782674bb438bcfd8622,Reental-VLC-10
0xe22105078a8e5a299ab5438ddf06c1592512244ff61f5ca2dd2a5c311a416012,0x7aa21fabd73e8d3aa5d5c5994af6b62cfcea3fe4,2.0,0xc0896e0e56d45b3c6d3444bff507adf6f15ee068,0x58523dfd74b30d6f9230e782674bb438bcfd8622,Reental-SHL-1
0xa17a3207e82ff4f8f21a3faa7c5025ffed2db168b89863c9c24e942445687664,0xcac847f077fc0a13db7e2476c0dd25bffd116809,1.0,0x21cb12db1844b7d4c0cf3c3f1881737d7efa0702,0x58523dfd74b30d6f9230e782674bb438bcfd8622,Reental-VIL-1
0x35d0b0a0f4b0ca50bd5fe6d2b38948b7902b34fabfb8da6df413e9b50821b23a,0x7aa21fabd73e8d3aa5d5c5994af6b62cfcea3fe4,1.0,0xc0896e0e56d45b3c6d3444bff507adf6f15ee068,0x58523dfd74b30d6f9230e782674bb438bcfd8622,Reental-SHL-1
0x14ac72f94ecf73c67a757d6ba4281a86afb239f079fbfbf9c89c9ab2e85c0daf,0xfc5e219788a953ad8e71c3b7cb9484695e7f028e,5.0,0x58523dfd74b30d6f9230e782674bb438bcfd8622,0x7e186016b365c79ae28a243dbfb53f6762854c29,Reental-SVQ-6
0x3f24f65279394bcb1df1d619fe8536516a3e0054f78552db9da154f91a565fcc,0x7aa21fabd73e8d3aa5d5c5994af6b62cfcea3fe4,3.0,0x58523dfd74b30d6f9230e782674bb438bcfd8622,0xed9f944b9674a7efbb73b85867b41af6a727d96b,Reental-SHL-1
0x80e606a5579cc424ccb90f125ade4d9b95d8123816f5cfb35c0eb0ce687b0807,0x093984f85f980479172fb96982f79c418ac730f7,2.0,0xa72ed54fb61853c823820a264870b7bdf46c0ddb,0x58523dfd74b30d6f9230e782674bb438bcfd8622,Reental-RDO-6
0xedd8a8741e28ba16feb4df77b5a48dddc7da142bfae22263417c9a2abedfca04,0x093984f85f980479172fb96982f79c418ac730f7,2.0,0xa72ed54fb61853c823820a264870b7bdf46c0ddb,0x58523dfd74b30d6f9230e782674bb438bcfd8622,Reental-RDO-6
0xef1696318b4a9bcbe4c40b09f686cbdfe8951d570aef2f794fac02c79af9e269,0x093984f85f980479172fb96982f79c418ac730f7,1.5,0xa72ed54fb61853c823820a264870b7bdf46c0ddb,0x58523dfd74b30d6f9230e782674bb438bcfd8622,Reental-RDO-6
0x73b6296c762fe956862f730a0875134b0f5159f9eee49d3fad5217eea7eb5a9d,0x5ab768c8ca1cc20cb8ec7b90554a3b12524b6c47,0.46066233,0x58523dfd74b30d6f9230e782674bb438bcfd8622,0xa8dff2da2254d094624e0f0cbb4eb2008ce19c2e,Reental-CDS-1
0x501d7d07183bcebe12f61054241df01dd06ea6242ccef63b4d88fb441effde7c,0xfb759e0cc5cff4aea606064acd41c71c7c11bf40,0.50775525,0x58523dfd74b30d6f9230e782674bb438bcfd8622,0xb64fbeef6b52207a4648308c56b84432b16e9b0f,Reental-BKL-1
0xd160003babca7d06677bb564ac015190bf67177f45afca33399748f095470c40,0x454c0841a409b1752a6cf51fa8ed2fd28a6291c6,1.27013965,0xcc568012f3f376785c48a3b036370b9d5c1be9a6,0x58523dfd74b30d6f9230e782674bb438bcfd8622,Reental-RDO-2
0x1d2d10ef870cca6f283783f8769bfc54a2dbe517c7954ab584fcce8e9ac1c509,0xf7a694bc2768fc3b26beb5e98bb76f744397e49c,2.04834658,0x8cb42b004a1407d262af5ad0d00a9df353ccefc6,0x58523dfd74b30d6f9230e782674bb438bcfd8622,Reental-RDO-1
0x2021199b06d519219163743ce7dcef8c81606c7292b13b05c6fb6dd111403069,0xf7a694bc2768fc3b26beb5e98bb76f744397e49c,2.02303483,0x67f41ceabfd6f47f3c826860bc9f582f86f9f609,0x58523dfd74b30d6f9230e782674bb438bcfd8622,Reental-RDO-1
0x0fe63ef7f1f3b57d70969b45addd9980077c573317f9acaedd8c6fc82573f149,0xf7a694bc2768fc3b26beb5e98bb76f744397e49c,5.0,0xf9c3fa98e7c685ff7964b7a297a7a22cb88eef19,0x58523dfd74b30d6f9230e782674bb438bcfd8622,Reental-RDO-1
0x0f319d9a147ed8333c3b5df0965205b696e7c0cc6b13193257be4fe005271d23,0x4adaee2dae690cf8f3915f1c1963f16d239c5e11,1.02687831,0x58523dfd74b30d6f9230e782674bb438bcfd8622,0xc8d87578f9c7005020d82625693ab46932d6491a,Reental-MRB-1
0xbcaaf50d1461e03eb209950fccbb783eef340fb77ae67abae65f9d59fa7ca71a,0x7798f8c28ce575188f4e65aeb6719c0ec5c69195,4.0,0xf021a90753fd51994c7d2ae3da9e63fb0e7c0ff3,0x58523dfd74b30d6f9230e782674bb438bcfd8622,Reental-VLC-4
0xd4bee86397a4bcd604716f7a8f6b344898b515672dc39875f15dabc0ba0e09df,0x70e77c5f094534505d6a42f913d3a387e6db0842,2.81383698,0x58523dfd74b30d6f9230e782674bb438bcfd8622,0x8b064b79f1f26009e2b1e35ae8e55eb04d5bec6c,Reental-BKL-3
0x49cc14f7633c7d4d0df02b98d68d01e72ce5c6b2f79f895a0a57a23116539ab0,0x29da137d6dba774ad4f79323374f685682542767,0.99999016,0x1b8e6b376270af4b85c8781affd21526c0925843,0x58523dfd74b30d6f9230e782674bb438bcfd8622,Reental-MUR-1
0x48f08740f2b1596a0dfa4a24adb05e343f89ea22a2766ee75d29e70ead238f97,0x4adaee2dae690cf8f3915f1c1963f16d239c5e11,1.87129187,0x922e21af5c912a6c2283cd1a792bd52ba6523149,0x58523dfd74b30d6f9230e782674bb438bcfd8622,Reental-MRB-1
0x0398c0888b76767cb9ad3ac204d60c285923808e3770dcb07db1526b485a1026,0x4adaee2dae690cf8f3915f1c1963f16d239c5e11,2.0,0x922e21af5c912a6c2283cd1a792bd52ba6523149,0x58523dfd74b30d6f9230e782674bb438bcfd8622,Reental-MRB-1
0x4317fc8a9df8b268f49a263ffc0c24eb4a36fa847a342071c4e7d38f77d05a88,0xf7a694bc2768fc3b26beb5e98bb76f744397e49c,12.63010219,0x58523dfd74b30d6f9230e782674bb438bcfd8622,0xed8b7c97a359845162cf0d6e6c63c74bff09574b,Reental-RDO-1
0xfbbbdcb84a24cfe5a0acf68ee021929d390c8417842da47d0bce229d2ca2b93f,0x1b0d685f5e4063033e0a1a360db864c9911eedda,5.27114123,0x289d2e28b4bfa10199895b8cd055de76b11d0333,0x58523dfd74b30d6f9230e782674bb438bcfd8622,Reental-VLC-9
0x921e8625e5039abf461785516f71fd945e5ac2de42788fc689b7d3a6bb7fe990,0xa17e89f33e80b506af759f9e493efe29a47ea905,4.60727025,0x874cb0d920124ba5dd8287ce23be311f14772f96,0x58523dfd74b30d6f9230e782674bb438bcfd8622,Reental-VLC-10
0x296e448b430a11a2fe11a5db081b403e5e2cdf20fdeaca28aa13ea8ee5cffb6d,0x4adaee2dae690cf8f3915f1c1963f16d239c5e11,3.87129187,0x58523dfd74b30d6f9230e782674bb438bcfd8622,0x8b064b79f1f26009e2b1e35ae8e55eb04d5bec6c,Reental-MRB-1
0x90929e6b41fff31420beb1a90a9c20ea71024e7256017d309ce32539fc38d9e2,0xaca38d593f7775334fa1b84a865f19396f62f760,5.0,0xee21cb5ad21b519849e2a14c1555ca9e00a4f67f,0x58523dfd74b30d6f9230e782674bb438bcfd8622,Reental-MLG-6
0x03e2fc766bce52743a81d0cb91149b221278adf3cf8c245e56fd70ea42f96b2f,0xaca38d593f7775334fa1b84a865f19396f62f760,5.0,0xee21cb5ad21b519849e2a14c1555ca9e00a4f67f,0x58523dfd74b30d6f9230e782674bb438bcfd8622,Reental-MLG-6
0x67607d5db82a983e5c3606a1bc5a569226730dbf6cde1cbbf510a325d2c9f2ea,0xaca38d593f7775334fa1b84a865f19396f62f760,2.0,0x58523dfd74b30d6f9230e782674bb438bcfd8622,0xc0edf7382937a736c8deaa527e7c50c650506345,Reental-MLG-6
0xd89ff141db1b9bdb7a6cb2b5c7a48c094332e04406bdf25ec7edbc51ee382fd9,0xaca38d593f7775334fa1b84a865f19396f62f760,5.0,0x58523dfd74b30d6f9230e782674bb438bcfd8622,0xb54d1ee3859a24789d931962b7313bb2a2529785,Reental-MLG-6
0x54e5b33b037a238141898cc06d21e6f1f16990d0d1894a3685963b16b140b133,0xaca38d593f7775334fa1b84a865f19396f62f760,2.0,0x58523dfd74b30d6f9230e782674bb438bcfd8622,0xb54d1ee3859a24789d931962b7313bb2a2529785,Reental-MLG-6
0x0ca631144bd40a4c5fcd3f5a12875a16e4e89a0fb9b2c052d24ddfeb903a798a,0xaca38d593f7775334fa1b84a865f19396f62f760,1.0,0x58523dfd74b30d6f9230e782674bb438bcfd8622,0xb54d1ee3859a24789d931962b7313bb2a2529785,Reental-MLG-6
0xd1f74d3f6d05892e37df5728fb7d6e8934a0bd0434fa2858a331f99ebbc0e57a,0x5120d475fc24952f1a1575aacd8d6e5daf57bcf0,1.80582902,0xd212a7c928b7a61460d67b96769bb8e38b4a4652,0x58523dfd74b30d6f9230e782674bb438bcfd8622,Reental-MLG-1
0xd633855d2877891f16d529cb903cbf0ad3a912081263c37d33d40bab47b867ad,0x6b7c34c8a1ffd4238e702243f0ff005680037fad,5.0,0xcfef84696c0df6b3f2fa6b780b21551241715f72,0x58523dfd74b30d6f9230e782674bb438bcfd8622,Reental-VLC-8
0x1717d62b1fb29efda07133ab5be920c84f10aa8497d9eb2f1a755022ad0dc2d3,0xb5a1a4f29b7376c091d6f4c7689be4b7cd5a6d98,1.75,0x58523dfd74b30d6f9230e782674bb438bcfd8622,0xa3804d27c0d8386b9d4218f5e59ccfa778b59e6a,Reental-VLC-6
0x174ed84f92732aa7de8eb31b2444d12061bd01ab6c93eb75f014e2a8a98dbc59,0x6b7c34c8a1ffd4238e702243f0ff005680037fad,4.0,0x58523dfd74b30d6f9230e782674bb438bcfd8622,0xb000aeab63428abddcce87c81027abbf9d027f7d,Reental-VLC-8
0x18ce11fa790156e2ba0a6e90657573c80ff2b40865c32db7eb488e47ff181f02,0xe27f1e1d5ef28f560cbd9500342b24dd989635d2,4.02135039,0x58523dfd74b30d6f9230e782674bb438bcfd8622,0x85c68edc1669636ef317940981f75dc7a463c1c0,Reental-VLC-1
0x602e20c76b8d7a2d9385a6573faa25b34fbd34d77e4d250e3f89cb5014d81bf6,0x1998bc7570ae301154e0c3017acbb200b87ad1af,9.03547358,0x58523dfd74b30d6f9230e782674bb438bcfd8622,0xa8dff2da2254d094624e0f0cbb4eb2008ce19c2e,Reental-IDX-1
0xe431db100f222804109330849d740ca4ae4be4fcb7897857744186f985de4932,0xc48b58aae1fb770a8655e44de960eb7dc84a5de9,5.0,0xc20b4d3f8d4594769cb01fb24b8a4eeaf64866ef,0x58523dfd74b30d6f9230e782674bb438bcfd8622,Reental-RET-1
0x4673cff7246006bbbe6b88995a225a890a50ae98ab8ecb09bb9de8f0b8e1b201,0x1998bc7570ae301154e0c3017acbb200b87ad1af,1.9,0x20cee0edfa412dc899e61be73e36c0acae9f3d2a,0x58523dfd74b30d6f9230e782674bb438bcfd8622,Reental-IDX-1
0xd2f46c891f161e212960d63d43212f7c77073477ea591ce5b2c7d54a7b7794bc,0xc48b58aae1fb770a8655e44de960eb7dc84a5de9,5.0,0xc20b4d3f8d4594769cb01fb24b8a4eeaf64866ef,0x58523dfd74b30d6f9230e782674bb438bcfd8622,Reental-RET-1
0x7292cb4cc6410858c4c6559d22fae4658b5355d01c6c4bddc864898be06c190b,0x7469b9381bfa8a34bef9dfaad03d75f60947f957,4.25482344,0xce89063272ecce1cda2086670ff94cbc690b8f5f,0x58523dfd74b30d6f9230e782674bb438bcfd8622,Reental-CDP-3
0xb6dc4b1eb1d640e9ee7753ecc1572661f02051cf04acac51d56e6d99d9293c29,0x2a8bbc241849431e9cc7c4dbea9c05dfac2de553,0.69128899,0xdaac94de619860db23ac7f14a7c6ed101cd10b1a,0x58523dfd74b30d6f9230e782674bb438bcfd8622,Reental-GRX-3
0xe92e5c633dbe94ebe71fb9bf126a6e3b4d7cb94ff67a50b0bfb2b707a518e7eb,0xaca38d593f7775334fa1b84a865f19396f62f760,2.31768392,0x7c8db3e92368760e19e06f80db78b1d26536bf11,0x58523dfd74b30d6f9230e782674bb438bcfd8622,Reental-MLG-6
0xb202b243237b37b8d219f844b70e706b108809c5208106fa0dd39f09b3d8ffac,0x6b4fa3c69e62f8f03dc018b57efa74d560462210,1.0,0x99b6b6f3d833d41cf50c9dc24c1c954e4124bef6,0x58912d7c49fc78ecc7e85c1c3bbee09c5d5e93b0,Reental-MAYA-1
0x422ba4ff7e7fd71b7d7c18284603d4fc39a29ff212754280e58b5c2401434fbe,0x8711b4172ed71d2d4f90e3e2f0cb63726acba8e6,1.0,0x985702fb3c75a0f45412dbc1937195c28042d92b,0x5961f1d6bbc1f70af34d76fd3227c025dd388928,Reental-JAX-1
0x361f169e1056936b8d340e1f171fd46606569c79b161ad970730bbb428df83cc,0xcfc9462da1a6b9664251d78c5d30296220bd1f45,5.82538866,0xa3804d27c0d8386b9d4218f5e59ccfa778b59e6a,0x5967656a35a7f7d11d5a336b49368a5ba5f0c701,Reental-SLA-4
0x1f9ec89dfbb5d67640b39f700fa8b0ab0d2027c6043c0dd8e959105d55fd40f7,0xe16901dad396fe7b1b77b6d2bd91b2d648e8a762,1.95,0xf9c3fa98e7c685ff7964b7a297a7a22cb88eef19,0x597b0a5affb28059f315f6dfca6c67d365514a01,Reental-HOU-3
0x10e94de76ff22bec4015de9c66a320bef1e3a26aee1c559f61758f2469e14e22,0x4adaee2dae690cf8f3915f1c1963f16d239c5e11,1.40508996,0x2c713255e3a15fc4693f4a5b2875e291d1bab42b,0x597b0a5affb28059f315f6dfca6c67d365514a01,Reental-MRB-1
0xd0c730f8e21f6bd40faf68419da434e5beba07452d2ff82d30cee0fd92353f28,0x4adaee2dae690cf8f3915f1c1963f16d239c5e11,1.0,0xeb4ea3b80a787863c729fc6c28b68c64a5a27089,0x597b0a5affb28059f315f6dfca6c67d365514a01,Reental-MRB-1
0x87375ea6813c408f1372a9fe16f045f33302a7096e8734be0fc3ab907a3d09d7,0x8a96bf9aa5812ce957aed1f554065b64a545c88a,0.72758529,0x2c713255e3a15fc4693f4a5b2875e291d1bab42b,0x597b0a5affb28059f315f6dfca6c67d365514a01,Reental-VLC-12
0x409a9bd07f76d5dd7a25964e453a5c1131382c16d850dfda06461553fc9de70a,0x4adaee2dae690cf8f3915f1c1963f16d239c5e11,3.0,0xeb4ea3b80a787863c729fc6c28b68c64a5a27089,0x597b0a5affb28059f315f6dfca6c67d365514a01,Reental-MRB-1
0xb439847ad131831628b8008818bd09b81f91c4d294ef515567edc9b17f85267b,0x8a96bf9aa5812ce957aed1f554065b64a545c88a,1.92660816,0xc73c1573045a3f1f5cc0afb112147c2d3cca21d8,0x597b0a5affb28059f315f6dfca6c67d365514a01,Reental-VLC-12
0xd6284c15da7ed1b033fbe01cf467b6fb22e887ea7199c1954a2892684f8be5e8,0x7f6b82381bce03e7cf6af2fb1dcd41993406d4ae,5.0,0x17222c114271db191db21bfcc3c76e3b166876ff,0x597b0a5affb28059f315f6dfca6c67d365514a01,Reental-MLG-2
0x8fb825ba5984d67315b53cb05cb7082059baa64deba5969a88b6ac90f07e73ab,0x2a8bbc241849431e9cc7c4dbea9c05dfac2de553,2.691881,0xd7246f8404404bfb3a1f04aa8e95e4000bbeb212,0x597b0a5affb28059f315f6dfca6c67d365514a01,Reental-GRX-3
0x6d8470a61d818e7dd2fcac1a4b38699055f99c5a46a975d8adb2eb87b0a6e872,0xf8657256c5cd5fdb044e55d1ec39e9b8c969dbf1,0.68854325,0x289d2e28b4bfa10199895b8cd055de76b11d0333,0x597b0a5affb28059f315f6dfca6c67d365514a01,Reental-PAZ-1
0xc5812d87be5b8fa325b5cae800db81de58400bb7305b795bf27fb7ec8d926bc3,0x8ddea623f8ffa94aae50dc4c44da22d6e570a749,1.00996164,0xf9c3fa98e7c685ff7964b7a297a7a22cb88eef19,0x597b0a5affb28059f315f6dfca6c67d365514a01,Reental-SAM-2
0x71ffe4245a4ad5785d1b3ce47ec64506e39706640582ec157eb5ed33c3a0a11b,0x18bb9840fd7185c0589ca5fb81a32e3e2d0f2676,6.75528726,0xcfef84696c0df6b3f2fa6b780b21551241715f72,0x597b0a5affb28059f315f6dfca6c67d365514a01,Reental-OPO-1
0xbc73a657958d9b562b86fddb537858dc41bd4ee7acc371e57dda1a49e02b3288,0x2a8bbc241849431e9cc7c4dbea9c05dfac2de553,4.0,0xf9c3fa98e7c685ff7964b7a297a7a22cb88eef19,0x59882ad499f35553b6a1dcb922a8340045d24ad0,Reental-GRX-3
0xb7578ba82bb41b695fda2f6a22cc412a4f033de374e04d675b7be31b43d01d22,0xb45898179fe8de2818e3ff994559c60aa962e2af,5.22817636,0xb222b61c259e22546bfe9edd0b4eecc73aec3cf9,0x59882ad499f35553b6a1dcb922a8340045d24ad0,Reental-MLG-7
0xf9d20d540255febb35740b220d44cb8a7c2b01f0f86980ea02bee643e955ea17,0xc48b58aae1fb770a8655e44de960eb7dc84a5de9,5.0,0x14c729c572e21b3ea45276579db7d7c6435ebca3,0x59882ad499f35553b6a1dcb922a8340045d24ad0,Reental-RET-1
0x3ee265f494f50154359462704b44b6e37083e3ee2aae044fe8f2aae56ba2beb7,0xfc5e219788a953ad8e71c3b7cb9484695e7f028e,3.0,0x6bd9cbc55bdbab4c5e177c6a4684a6d50c17b378,0x59a46a90bcd7567ccac8717b30239a80a1ef6145,Reental-SVQ-6
0xe5b83e0fba2b199983f6915301ddb27b3ef0619ff4a3d6e04ad625e40b9d4fb0,0xe27f1e1d5ef28f560cbd9500342b24dd989635d2,4.0,0x6bd9cbc55bdbab4c5e177c6a4684a6d50c17b378,0x59a46a90bcd7567ccac8717b30239a80a1ef6145,Reental-VLC-1
0xf6818fa4848f1fde44d143e7cd90960baceebf739f9342b0202a4f87d5b0282a,0x95fb76dcf3bd83b3a9262a96194f29a9a7243f7a,3.0,0x6bd9cbc55bdbab4c5e177c6a4684a6d50c17b378,0x59a46a90bcd7567ccac8717b30239a80a1ef6145,Reental-VLC-2
0x43f6e1964a781ae15eabedabe3ab3e08d36ce7b8997dabde5af3cdaaa2cc7d9a,0x512ee64de3b983d4e05faa949d63020442215a41,3.0,0x6bd9cbc55bdbab4c5e177c6a4684a6d50c17b378,0x59a46a90bcd7567ccac8717b30239a80a1ef6145,Reental-VLC-3
0x539e990f03fef972c00f7aa8e87cd3b18eba0ae749a5fe61c6371c04de58636a,0xcc4c1ce8d335bd40a0acf17b9ab08c030cc299aa,1.0,0x95077fb59a3c7cea5465d175272408679365e885,0x59e21eafaddab6b1e2cf9d07daa9840848a15cb2,Reental-PRO-100
0x9a63cf4ff0d5c5b3f327a27bb148d711befaf7a3c89a04e3012a1a4fb3e02918,0x49b8f29f17a27ae89121642838e37bc8ce77d2f2,1.0,0x985702fb3c75a0f45412dbc1937195c28042d92b,0x5d12f4462a52c6d0ecba11f275eed40ae04272c5,Reental-SMA-1
0x56f2ed9f06bb2fdf4e5662870344f2ea0259367e16f13dbe2c9cd1be462219e8,0xca53dd67cfa553d9e31c377602fb217dff9eadff,2.0,0xca04b1fdc59b229b31e3eff04ac2d476b283f567,0x5d12f4462a52c6d0ecba11f275eed40ae04272c5,Reental-SMA-2
0x5402ec717199c2fd081ee6adb6976370b4fd7acf1d04516ddc9163493739c5e9,0x3b7455335fc7c3839167ed8fc173405908ffdf15,1.0,0xc0896e0e56d45b3c6d3444bff507adf6f15ee068,0x5d1400e13c875bdba24fff07d1f928b5a566bc94,Reental-TLM-2
0x93ff394d0589c5ee096b9db8b2de4d9d4cf83f541ec2f85dfae210a5d8f450be,0x3b7455335fc7c3839167ed8fc173405908ffdf15,1.0,0xc0896e0e56d45b3c6d3444bff507adf6f15ee068,0x5d1400e13c875bdba24fff07d1f928b5a566bc94,Reental-TLM-2
0x1250694a7a5513bf9312f6bf75d3fa770c6c890e03096ca624b4fe3917ea626a,0xfb759e0cc5cff4aea606064acd41c71c7c11bf40,0.6174715,0x64441cc873d5f2014ac6c1a2f039b405abca3d09,0x5d1400e13c875bdba24fff07d1f928b5a566bc94,Reental-BKL-1
0xa93d2e1ef95d4120579cf2ca078a36264a3e3e7e451fbff73820869f585e7ff7,0xe56ff2dff2c2e95511f0bef4b3d92da05e8197c0,1.0,0xce89063272ecce1cda2086670ff94cbc690b8f5f,0x5d2fd6b565ca37cd4ea1ef9f8db9d150fda0531b,Reental-HOU-2
0x0a817b985cb6eb7d19b4dbf235037a626be8d1ea4ed43762d428dc552f01aa63,0x69072424b70ed26ff987fcb49258b7e8f93c6d82,5.0,0xce89063272ecce1cda2086670ff94cbc690b8f5f,0x5d2fd6b565ca37cd4ea1ef9f8db9d150fda0531b,Reental-SAM-1
0x78937b674d7e3015a575b7082c03690ac80e6a84e6fb111aa52935fc0e79c622,0x68f73061bdf369c2562f4c0ea4e940f362d1a97f,5.0,0x8b064b79f1f26009e2b1e35ae8e55eb04d5bec6c,0x5d2fd6b565ca37cd4ea1ef9f8db9d150fda0531b,Reental-ATL-1
0x462f225e7dad2868b767d0398b8e18f8b86be2dd5c6fb832660507fdd44da28b,0xca53dd67cfa553d9e31c377602fb217dff9eadff,5.0,0xfbd1b0fed15f5c7958314b178e71d1a890abee13,0x5e0807da0c3765bb3ca20cba3cce7e4f4251a75f,Reental-SMA-2
0x74934b8d763d46ce10b52d1ef273d4d584108d68c007f907192d949c7a0b0fc3,0x954229f463f73a857fddc346857771c1ef3f7c00,6.04206654,0x5e0807da0c3765bb3ca20cba3cce7e4f4251a75f,0xf95fb897c6fd8d683f9b6c50033cb7b02498be6a,Reental-RDO-4
0x970b7bd218aadf5200a8fa2a1ccb054d4e9f1b25c2b4bf4fdb1a4fd379918e7f,0xca53dd67cfa553d9e31c377602fb217dff9eadff,10.008998,0x5e0807da0c3765bb3ca20cba3cce7e4f4251a75f,0xb54d1ee3859a24789d931962b7313bb2a2529785,Reental-SMA-2
0x3f65bdec44804c3051406fccbeeb145f680cbe7e0e32bcf76a7f17de59687a07,0xd48b1f302c8eb4a0f691fde99deaa9316d67a7db,5.10255336,0x5e0807da0c3765bb3ca20cba3cce7e4f4251a75f,0xb54d1ee3859a24789d931962b7313bb2a2529785,Reental-JAX-5
0x4fd72c1874cfc15741934f4dcee981a15d020ae91d72d60ae1dff59a3f3c8e01,0xdecfebdaf1131899fb38a53dc63671246220ab7a,1.0303737,0x5e0807da0c3765bb3ca20cba3cce7e4f4251a75f,0x8042d82d16405de78e477526e66d4602360cad3a,Reental-RDO-5
0x33f1f0aff9c7472f1b64335f4d5d7ca016f6a62eff25c691a91b1612e886eaa0,0xaca38d593f7775334fa1b84a865f19396f62f760,2.01191342,0x5e0807da0c3765bb3ca20cba3cce7e4f4251a75f,0xec2797928a075ac322e0a1f2fca0f253b961b9b5,Reental-MLG-6
0x9c98933f997d48bdb1301f92d1b680077915474148bb2efc72c812a95878cf44,0xf94ca4e007553917d1f80d013d2544ddfbed555c,4.469549,0x5e0807da0c3765bb3ca20cba3cce7e4f4251a75f,0xec2797928a075ac322e0a1f2fca0f253b961b9b5,Reental-MLG-4
0x08311a9015e6f9a70c0375b545c997c6a739996b349dc45a04fd707ee0e69734,0x7469b9381bfa8a34bef9dfaad03d75f60947f957,5.96335842,0x5e0807da0c3765bb3ca20cba3cce7e4f4251a75f,0xee21cb5ad21b519849e2a14c1555ca9e00a4f67f,Reental-CDP-3
0x8a3d5cc738adffc23a338e03de73fff518a0edacc55344967815c1db341389f1,0x1b0d685f5e4063033e0a1a360db864c9911eedda,1.0,0xfb8482d3a050b09d9dd3d3fb44e858864ef649f8,0x5e0f78aa38ea59287cb6d214c70b6928eee794f1,Reental-VLC-9
0x17efc04d48b0c1308a94068d3bcd05eadfb708a68bba0a7c5f75c2d2e0ce1a0d,0x7469b9381bfa8a34bef9dfaad03d75f60947f957,2.0,0xc0896e0e56d45b3c6d3444bff507adf6f15ee068,0x5e0f78aa38ea59287cb6d214c70b6928eee794f1,Reental-CDP-3
0xcb8e259f7f812844008435de8973588f90429e6a54736f37a75502b8110301f2,0xb0825e7a4093d21ed076883f8aca33300631291e,2.0,0xc0896e0e56d45b3c6d3444bff507adf6f15ee068,0x5e0f78aa38ea59287cb6d214c70b6928eee794f1,Reental-MIA-3
0x12bd2f8e66dea8ae3d19e2e44046c01844f6775ffb28bae9b8d5fa4513bd70ba,0xcc4c1ce8d335bd40a0acf17b9ab08c030cc299aa,2.0,0x76b665ed9eb85e333a529382b1cb9b565097327f,0x5e32d2f0832b9aa66d34167c31782c5770d2ec06,Reental-PRO-100
0x67e4cad384ad15b95655a6d532d1f088890add44eec083e9bd13bb7d00e069ce,0xcc4c1ce8d335bd40a0acf17b9ab08c030cc299aa,2.0,0x76b665ed9eb85e333a529382b1cb9b565097327f,0x5e32d2f0832b9aa66d34167c31782c5770d2ec06,Reental-PRO-100
0x613cd98bcd02a50d78917963816f3bd094984824ff58449d097c418ffd205339,0x21ae95a56ef471370ce89a7a4624117f31810927,10.0,0xd72be8822f94b45a207b326f71f9ae7cc30018fa,0x5e32d2f0832b9aa66d34167c31782c5770d2ec06,Reental-DNB-1
0xd3d8bcf5e5fa6b10e529ef3fe12853e8cdfec409d237d590704ad211bbd41afb,0x21ae95a56ef471370ce89a7a4624117f31810927,5.0,0xce89063272ecce1cda2086670ff94cbc690b8f5f,0x5e32d2f0832b9aa66d34167c31782c5770d2ec06,Reental-DNB-1
0xa6a02a3e18db55647de2e6e2c5e57124f27453f9c690e3bd07de3c2249880e0a,0x21ae95a56ef471370ce89a7a4624117f31810927,1.0,0xce89063272ecce1cda2086670ff94cbc690b8f5f,0x5e32d2f0832b9aa66d34167c31782c5770d2ec06,Reental-DNB-1
0x69f92c2e7f270dd856c1a4682c829ea57c2a36a011377454ac1c0141e494c776,0x69072424b70ed26ff987fcb49258b7e8f93c6d82,5.0,0xce89063272ecce1cda2086670ff94cbc690b8f5f,0x5e32d2f0832b9aa66d34167c31782c5770d2ec06,Reental-SAM-1
0xb4006b3c0d179c05523ff3133bc38143c0557783604a76e674acc80cab2d703e,0xcc4c1ce8d335bd40a0acf17b9ab08c030cc299aa,10.0,0x76b665ed9eb85e333a529382b1cb9b565097327f,0x5e32d2f0832b9aa66d34167c31782c5770d2ec06,Reental-PRO-100
0x82ee75d1ed9f280d9f6056bf3e811f80cce47bc2434f672bcc4d1c00822dcf23,0x69072424b70ed26ff987fcb49258b7e8f93c6d82,1.0,0xce89063272ecce1cda2086670ff94cbc690b8f5f,0x5e32d2f0832b9aa66d34167c31782c5770d2ec06,Reental-SAM-1
0x5f8a57e5e80e71606c9c39a88e783271140e2a43ebcf037551c84adff60b3c8c,0x46182d6937ed8cf2707e187b61b654e8ca59c7b5,2.0,0x5e32d2f0832b9aa66d34167c31782c5770d2ec06,0xa18f8cd718f6a0984eedd8ba9b23230719860ae8,Reental-DXB-2
0x8b54b84ea0d6976669fa1864cce205acf28ceeedbedef57ee5156c772afc53d2,0x46182d6937ed8cf2707e187b61b654e8ca59c7b5,3.0,0x5e32d2f0832b9aa66d34167c31782c5770d2ec06,0xa087dcd612b8ba98580ea48a33ba4dfa2ab8c2f3,Reental-DXB-2
0xbe492e952a3cdb11a77fd03b1ab8f1ade2c683bae7ca4114c467a7d3dfa4b6e2,0x46182d6937ed8cf2707e187b61b654e8ca59c7b5,3.0,0x5e32d2f0832b9aa66d34167c31782c5770d2ec06,0xa18f8cd718f6a0984eedd8ba9b23230719860ae8,Reental-DXB-2
0xd00c65af028a0022598512c34d9f8fb6d877a28c7ecb04b1d3eb48506e1c8019,0x754f5b74e2639cef67fecec03f4d698470bdc92f,5.0,0xd601b3ed546840032f42ed32b7de3a753a94ee5f,0x5e32d2f0832b9aa66d34167c31782c5770d2ec06,Reental-ABD-1
0xb451a854b080b626000006e50146514a39ddd54eb59bb5aecb504d23113426a2,0x46182d6937ed8cf2707e187b61b654e8ca59c7b5,5.0,0x5e32d2f0832b9aa66d34167c31782c5770d2ec06,0xba31fa71441f47e712eedf2ce973a5e552317af3,Reental-DXB-2
0x64a33fde55d74de730fe257d86ad71b2eb359a47294f735448e89cfbe829b04e,0x8711b4172ed71d2d4f90e3e2f0cb63726acba8e6,2.0,0x985702fb3c75a0f45412dbc1937195c28042d92b,0x5f79862661f7c211abe5cc2b2a53f5981287da9d,Reental-JAX-1
0xf677134b39dbec12a76f008f6a71885519c63818d2e83f3b7f95fce2aa920d85,0x7f6b82381bce03e7cf6af2fb1dcd41993406d4ae,5.0,0xaead7ad2bb47499d537cfe44fd213372ca61b377,0x5f7d2558b22854bee266c17d071e92635e8a751c,Reental-MLG-2
0xb1fe17140113b2428b9e62a37f31dc56ecc46010e203fadfa05ac5d5a0439c77,0x4adaee2dae690cf8f3915f1c1963f16d239c5e11,5.0,0xc1213762f0b2010721e34a7d3a4e6742f836b462,0x5f7d2558b22854bee266c17d071e92635e8a751c,Reental-MRB-1
0x8c216d9a0597a382371b075b0707d66ce79772397e8c40d8ce1c01cabc35ed1c,0x4adaee2dae690cf8f3915f1c1963f16d239c5e11,1.0,0xbb5c220d202fd05c696ed73c18e9db175e7a7a5a,0x5f7d2558b22854bee266c17d071e92635e8a751c,Reental-MRB-1
0x1be9d2e6ba30a90f6bcfaab163b74d7b2b369a268c7808bd0a4c93af2851c0db,0x4adaee2dae690cf8f3915f1c1963f16d239c5e11,1.0,0xbb5c220d202fd05c696ed73c18e9db175e7a7a5a,0x5f7d2558b22854bee266c17d071e92635e8a751c,Reental-MRB-1
0xf0b7f0ed7507db466cb53e8aba6ef14899c125ba95d9d39625b15e329e03597c,0x4adaee2dae690cf8f3915f1c1963f16d239c5e11,1.0,0xbb5c220d202fd05c696ed73c18e9db175e7a7a5a,0x5f7d2558b22854bee266c17d071e92635e8a751c,Reental-MRB-1
0x0508145fe5a00cf58db8cd87c12f8c4de6cee4b66afd3f0a1286f320734349a7,0x6b4fa3c69e62f8f03dc018b57efa74d560462210,2.0,0x99b6b6f3d833d41cf50c9dc24c1c954e4124bef6,0x5f86529e7d7d248f7d84854c45777db0e23ac7d0,Reental-MAYA-1
0x6eca119a7338017faa6b46ee133d176cd19ce4b4ffa1d42594fab6d992b3887b,0x6b4fa3c69e62f8f03dc018b57efa74d560462210,0.5,0x5f86529e7d7d248f7d84854c45777db0e23ac7d0,0xf8eb35cd541daa06344357239ef3e594459128fe,Reental-MAYA-1
0x72fe05b38f7da1e0884e8d77cb7e5cd528b2d0ef9607b5bb107868e0db36dfad,0xb0825e7a4093d21ed076883f8aca33300631291e,0.50002453,0x7a35f2d919948df188237c4a92acf2c5c642899f,0x5f86529e7d7d248f7d84854c45777db0e23ac7d0,Reental-MIA-3
0x07f5367dfd11260f5643ff298dcde32d6aac5331f0db37df8b2be53c861dda8f,0x6b4fa3c69e62f8f03dc018b57efa74d560462210,0.9,0x5f86529e7d7d248f7d84854c45777db0e23ac7d0,0x922e21af5c912a6c2283cd1a792bd52ba6523149,Reental-MAYA-1
0x8dca5f688b6c26ed23f159f24d1a48bab5932de99620d921ebf59a60a195df26,0x820380fea111509a38297fa2971eee5b41a5aeca,1.09901727,0xcacb8fcd28446d36bad4f3e87ca26aee56cc7ad3,0x5f86529e7d7d248f7d84854c45777db0e23ac7d0,Reental-RDO-3
0xe79e60327e907a8d35954acae677e54b3e903eb1f7a03303c425bd9a07e54fa9,0xaca38d593f7775334fa1b84a865f19396f62f760,0.3318488,0x5f86529e7d7d248f7d84854c45777db0e23ac7d0,0xd212a7c928b7a61460d67b96769bb8e38b4a4652,Reental-MLG-6
0x10056cc72019baa75a944cb991c17f8483d88bfdafaedf4390d886fa8a9fb10d,0x6da0652a8481a774f5164612ab0ab18f105ad243,1.19619344,0x82952d2256eb2ab8d842167c4b5de2fd0bed0c9f,0x5f86529e7d7d248f7d84854c45777db0e23ac7d0,Reental-CLVM-1
0xd9fdcd5e4eb104fc33834e068d9a6c9598be8c16ace39df180f02130bbde38b0,0x6da0652a8481a774f5164612ab0ab18f105ad243,0.69619344,0x5f86529e7d7d248f7d84854c45777db0e23ac7d0,0xed9f944b9674a7efbb73b85867b41af6a727d96b,Reental-CLVM-1
0x8de67e6b0dff7b582d51086722e8636f37fc2f11d0f59a8f0430c619a555c1a7,0xd48b1f302c8eb4a0f691fde99deaa9316d67a7db,1.01030791,0xcc568012f3f376785c48a3b036370b9d5c1be9a6,0x5f86529e7d7d248f7d84854c45777db0e23ac7d0,Reental-JAX-5
0xc09bce4b038bc641de5120697e8f2a359f31588c9627f9ced8ff1e12f1a6f305,0xa17e89f33e80b506af759f9e493efe29a47ea905,0.5,0x5f86529e7d7d248f7d84854c45777db0e23ac7d0,0xd212a7c928b7a61460d67b96769bb8e38b4a4652,Reental-VLC-10
0x8effac9a074947ff6368cc37e3acfb0907efb8fc3f97ce5dbca8174a589ce4f3,0xd48b1f302c8eb4a0f691fde99deaa9316d67a7db,0.51030791,0x5f86529e7d7d248f7d84854c45777db0e23ac7d0,0xed6cd9e9b398b6a45c807d07f2740e47275c25de,Reental-JAX-5
0xc28e83892a44e7c0fdb75c0160f0d87f34fcb862c20214ddd18247cbce44336d,0x7aa21fabd73e8d3aa5d5c5994af6b62cfcea3fe4,0.5,0x5f86529e7d7d248f7d84854c45777db0e23ac7d0,0xb54d1ee3859a24789d931962b7313bb2a2529785,Reental-SHL-1
0xf339fdf16694acd7e4ac15e6976b7c98884ee1547ae82c1c2fd651d9814012a7,0x6b7c34c8a1ffd4238e702243f0ff005680037fad,1.0,0xed9f944b9674a7efbb73b85867b41af6a727d96b,0x5f86529e7d7d248f7d84854c45777db0e23ac7d0,Reental-VLC-8
0xe4d0fa9da1d2eeb72d28868a5f9e85c8bcf90c414793cc0bfb594307545c2564,0x6b7c34c8a1ffd4238e702243f0ff005680037fad,1.0,0x5f86529e7d7d248f7d84854c45777db0e23ac7d0,0xc8d87578f9c7005020d82625693ab46932d6491a,Reental-VLC-8
0xf139770ec88a0d7fed6fcc72feee80e5ef7aba3264c39ba1a154fa2dbbb65441,0x9c09c8525c5baa3b254cb0a60d3565cfbd5c9f28,0.85,0xa3804d27c0d8386b9d4218f5e59ccfa778b59e6a,0x5f86529e7d7d248f7d84854c45777db0e23ac7d0,Reental-JAX-3
0x092e8e52b8f3b9bea74343a801d590fe79e60ae9eebc43225af902cbe6dc0f0f,0xbaea3b53056d42c763d14bef94b39ada218c2dbd,0.6348092,0xc73c1573045a3f1f5cc0afb112147c2d3cca21d8,0x5f86529e7d7d248f7d84854c45777db0e23ac7d0,Reental-VLC-7
0x82ef3b805fd9b3a3c7f92c8b8bf0a9e1d1ed5bdf3e678afe023685f7d2d61ff0,0x6b7c34c8a1ffd4238e702243f0ff005680037fad,0.5,0x5f86529e7d7d248f7d84854c45777db0e23ac7d0,0xc8d87578f9c7005020d82625693ab46932d6491a,Reental-VLC-8
0x947c547020136d0a6a0e5293eff0bb6ead963108e2ce5f54337215cbc03e6f8d,0x7aa21fabd73e8d3aa5d5c5994af6b62cfcea3fe4,0.5,0x5f86529e7d7d248f7d84854c45777db0e23ac7d0,0xc8d87578f9c7005020d82625693ab46932d6491a,Reental-SHL-1
0x7ee8643c6073329ff6f57a4612e68d470ff4ebad09fab828a767ae29d76325ec,0xf7e0069442e3e2d061673e16d2f77a3b87b45a42,0.5,0x5f86529e7d7d248f7d84854c45777db0e23ac7d0,0xc8d87578f9c7005020d82625693ab46932d6491a,Reental-JAX-4
0x83bb701036888ea75d4eff2522d1e7883227655c25254e48e68d82bdd39a6b3d,0xf7e0069442e3e2d061673e16d2f77a3b87b45a42,0.5,0x5f86529e7d7d248f7d84854c45777db0e23ac7d0,0xaf446f6f480b440afb23340c7684b9811415ed4f,Reental-JAX-4
0x3c4f21237f84d1d17f4f1e6407f3187b077e792668c7a3404206212203465b8b,0xd48b1f302c8eb4a0f691fde99deaa9316d67a7db,0.5,0x5f86529e7d7d248f7d84854c45777db0e23ac7d0,0xaf446f6f480b440afb23340c7684b9811415ed4f,Reental-JAX-5
0xfcb132b543ccc5506c402593880c0b3ca8463c6e7ded51e7267007a6106e30c2,0x9c09c8525c5baa3b254cb0a60d3565cfbd5c9f28,0.85,0x5f86529e7d7d248f7d84854c45777db0e23ac7d0,0xaf446f6f480b440afb23340c7684b9811415ed4f,Reental-JAX-3
0x265e5884363a1515a1365caac7f7bcacfd09a2af86813d5c62b4b68a7d731de0,0x820380fea111509a38297fa2971eee5b41a5aeca,0.5,0x5f86529e7d7d248f7d84854c45777db0e23ac7d0,0xd6f8b2994cdcddcac2602b3db6f0487f30e7992f,Reental-RDO-3
0x95ef1eb853160f5e4cf6e5e389b24d784c835cad398613672727ff961dcd6554,0x8711b4172ed71d2d4f90e3e2f0cb63726acba8e6,0.48,0x5f86529e7d7d248f7d84854c45777db0e23ac7d0,0xaf446f6f480b440afb23340c7684b9811415ed4f,Reental-JAX-1
0xd3fd1b37ed6940488c0d7763e5fe52db7e57ca8698ecd798a3227fa018c1d2b6,0xbaea3b53056d42c763d14bef94b39ada218c2dbd,0.63,0x5f86529e7d7d248f7d84854c45777db0e23ac7d0,0xd212a7c928b7a61460d67b96769bb8e38b4a4652,Reental-VLC-7
0x00960f8771462f2797e011347322eac6b4cff3047079ea3483a7091efe5c959d,0x7aa21fabd73e8d3aa5d5c5994af6b62cfcea3fe4,0.5,0x5f86529e7d7d248f7d84854c45777db0e23ac7d0,0xd212a7c928b7a61460d67b96769bb8e38b4a4652,Reental-SHL-1
0x9b06f2debd2ce83736b39005aa3ba6493ce0e0eea8d5e7f73146ac8a85a21b63,0xaca38d593f7775334fa1b84a865f19396f62f760,0.5,0x5f86529e7d7d248f7d84854c45777db0e23ac7d0,0xa3804d27c0d8386b9d4218f5e59ccfa778b59e6a,Reental-MLG-6
0xc0d130eb4c005d2fd3278056e9f1fa63b305dd1b72fb66b850b82c51c3328676,0x33be67454ae817337db15877fd4106c5cd5206c5,5.0,0x64441cc873d5f2014ac6c1a2f039b405abca3d09,0x5fa9d36eae631c1d7b5f5517937cbf694d661cd6,Reental-MLG-5
0xe4c41106e5050210f4276bcef1f9b4b7ea9510abb947a5cb0c3df62083b158be,0x95fb76dcf3bd83b3a9262a96194f29a9a7243f7a,5.01570794,0xc4591fd6eb7c1f5f5e5d986743d497715217a2a2,0x5fa9d36eae631c1d7b5f5517937cbf694d661cd6,Reental-VLC-2
0x79bea76f343078b1b705ffd2c3fab06700bcee3e87b3160c5687940b64c491b9,0xf1ec7e14489683babdb9299e5f9908d19a8759dc,10.0,0xac269ddf29b1f3aac469e28efb906ef1a49755e7,0x5fa9d36eae631c1d7b5f5517937cbf694d661cd6,Reental-MIA-2
0x32de1dd0e340f9b6d6c1231c2fed948eda60d7e753f1096c15258cf42461ea1f,0x7798f8c28ce575188f4e65aeb6719c0ec5c69195,4.0,0xd9135bda4ccd4291e3f3dcedfbb0994844b0c627,0x5fa9d36eae631c1d7b5f5517937cbf694d661cd6,Reental-VLC-4
0x57a0e025e29b2e26d617e0a25cbde0f42d04d147a7b74a8108a73139468bd6e5,0xfc5e219788a953ad8e71c3b7cb9484695e7f028e,3.42,0x5cbd3aaabb7dc0bb893a96a6fc696c099ccb775b,0x5fa9d36eae631c1d7b5f5517937cbf694d661cd6,Reental-SVQ-6
0x4783165c563ecd2f94bb5bef054c41d7fe97481f683e27aaa25b8332e8967f25,0x7469b9381bfa8a34bef9dfaad03d75f60947f957,5.0,0x922e21af5c912a6c2283cd1a792bd52ba6523149,0x6011c90ad69da2193cfe55fc8521aa4eb40a5ff4,Reental-CDP-3
0xeb86126f8bd1fe0fbeebf2dd256cac0921772698d26567ae4cf32697ab4e6bf9,0xad3e1f50590ef6f323caa0cf43f39d28d1d34144,5.56,0x81e84dc4214ae61ba4a75403117bb6ff229c6e9e,0x60dee03e9ca48311121206cff81e5db217981871,Reental-JAX-2
0x70b922cb9c8be64ec4be41603731b6ece156f77b70d0f8899d0553f13a965259,0x6b4fa3c69e62f8f03dc018b57efa74d560462210,2.0,0x99b6b6f3d833d41cf50c9dc24c1c954e4124bef6,0x60dee03e9ca48311121206cff81e5db217981871,Reental-MAYA-1
0x60b0ff4bb90c172c9dd01c2f6b5d05c673f6e2dcb0a0138bd1c8cb87dc1d82d6,0xad3e1f50590ef6f323caa0cf43f39d28d1d34144,0.56,0x60dee03e9ca48311121206cff81e5db217981871,0xb54d1ee3859a24789d931962b7313bb2a2529785,Reental-JAX-2
0x4edc3278ba37c4fe04455ebb2908a82f5383a339510698703b071c463fbcb1f7,0xca53dd67cfa553d9e31c377602fb217dff9eadff,1.0,0xc0896e0e56d45b3c6d3444bff507adf6f15ee068,0x60dee03e9ca48311121206cff81e5db217981871,Reental-SMA-2
0x2ca07f96dba7d26dae731651e14b641fdf568d6f5d20c707d067b42f4ed72fe6,0x55cb210f496df649fd283aa93a360e24fdb40964,2.12712816,0xa400a5af8249444604a92c17fe3f06e5d7f079c9,0x6217ff77a4167bef3816312072171e69749de0e7,Reental-BPT-1
0x31df28d9dd43e58fcc2435255822f3a487d08f9813d762e1745ebeb46bbb2771,0x21ae95a56ef471370ce89a7a4624117f31810927,2.0,0xc0896e0e56d45b3c6d3444bff507adf6f15ee068,0x6217ff77a4167bef3816312072171e69749de0e7,Reental-DNB-1
0x46fce921d4942f7afd9ecc545afc2fc17511a7cae14d14ddd5dab9a8c7a0630f,0xf1ec7e14489683babdb9299e5f9908d19a8759dc,2.18,0x9a89a02632cc58785be05d41b265ed05dffa6345,0x622dca7dc1579e5bd56e4c3c302337492b03ad21,Reental-MIA-2
0x338cd35036c701c48e8ef259c77bba3950f2763920e8afe2cdff9919daac499f,0xf1ec7e14489683babdb9299e5f9908d19a8759dc,2.18,0x622dca7dc1579e5bd56e4c3c302337492b03ad21,0x8a7ccf8e2c6ccf18dc43ca4191a59506e27d0047,Reental-MIA-2
0xcda3149590bc21a4a3c23177c36402cba9425ae8d06f7f12f37bf52232689b25,0xb0825e7a4093d21ed076883f8aca33300631291e,5.21944778,0x622dca7dc1579e5bd56e4c3c302337492b03ad21,0xa6e1fce977d48f02627df4a5dae63ca1b6591478,Reental-MIA-3
0x8e578a8c11a46184bc3e1a478b94759ef12a4c7422cc4b14fbb66f2d877f1bed,0x7469b9381bfa8a34bef9dfaad03d75f60947f957,1.0,0xd212a7c928b7a61460d67b96769bb8e38b4a4652,0x624b6cd03483f0a680f52107dfb6ae10a6168713,Reental-CDP-3
0x97d2a53d7f11bc3fead4ba18ec44de8c7aebf602d9c5d031a9871e35acbcdb45,0x7469b9381bfa8a34bef9dfaad03d75f60947f957,1.0,0xd73d0b5775caf7ff914d8643bc31bbfb1db2f3c6,0x624b6cd03483f0a680f52107dfb6ae10a6168713,Reental-CDP-3
0x86a0f45c1c1089743ab730ef4760d66e08a6bf80b8d4cfb3ce2030983361f689,0x33be67454ae817337db15877fd4106c5cd5206c5,0.80420181,0x9f9daec64f6f05696d1578b7159cdf7e504afdb9,0x624b6cd03483f0a680f52107dfb6ae10a6168713,Reental-MLG-5
0x16edb711eba15b7c9ef186e1fce48103f89808448b4a38c563b09e60801e25c3,0x60d595922e964b5cc002b5c207fde25d98d6fcd1,0.26475839,0xb8b957f384195cef2280701b87282c9d60543f9a,0x6332931191fb4d7266d6bddbae9fb8850746d8d8,Reental-VLC-5
0x86ac287b0255b4745a95ff55b587c0244492f204caaebb4bb61cd65bba5571b0,0xe27f1e1d5ef28f560cbd9500342b24dd989635d2,1.0,0x6332931191fb4d7266d6bddbae9fb8850746d8d8,0xd212a7c928b7a61460d67b96769bb8e38b4a4652,Reental-VLC-1
0xa329dab4d58a9734ce556c7522bd21fe64f358e36f048b028bffd768246ecccc,0x95fb76dcf3bd83b3a9262a96194f29a9a7243f7a,1.0,0x6332931191fb4d7266d6bddbae9fb8850746d8d8,0xd212a7c928b7a61460d67b96769bb8e38b4a4652,Reental-VLC-2
0xe31779b04ef5935ff152fc0e66b17f0e0be4464eff60b5cee451f93198d5c4cf,0x512ee64de3b983d4e05faa949d63020442215a41,1.0,0x6332931191fb4d7266d6bddbae9fb8850746d8d8,0xd212a7c928b7a61460d67b96769bb8e38b4a4652,Reental-VLC-3
0xe94924bda01ee6a3d8f148ab00a82e6d13a7c423aa08c947cfed01d8b5bb1a5c,0xfd81b5f560700652b1bf73e26662ec4df1469ae3,1.0,0x6332931191fb4d7266d6bddbae9fb8850746d8d8,0xd212a7c928b7a61460d67b96769bb8e38b4a4652,Reental-SVQ-5
0xa4894e9eded76e91d2b15ff63c6a8d46ccb7a402eb907611b5e71454945fdb3c,0xff2a9f1731b0243978c5080c34db617a8f5a1ae3,1.0,0x6332931191fb4d7266d6bddbae9fb8850746d8d8,0xd212a7c928b7a61460d67b96769bb8e38b4a4652,Reental-CDP-1
0x36c38374a10a9a4ee525092a29f553d71716c953a6dfff25113e25a6397cef8a,0xaca38d593f7775334fa1b84a865f19396f62f760,1.0,0x6332931191fb4d7266d6bddbae9fb8850746d8d8,0x644e4df762e7087011246bc3baf3f8b24b40127d,Reental-MLG-6
0x49816b579b8778045a8db8d994de3451a525790f808933970cdd29381623abb0,0x33be67454ae817337db15877fd4106c5cd5206c5,2.38619136,0x6332931191fb4d7266d6bddbae9fb8850746d8d8,0x644e4df762e7087011246bc3baf3f8b24b40127d,Reental-MLG-5
0x3b496077833c74bbece5cbb5285ccf2dfd37f2c226ee6008c6233b08c091d79f,0x2f1026ff5bd94232050364c81d61a2d15e147209,1.0,0x6bd9cbc55bdbab4c5e177c6a4684a6d50c17b378,0x634842bbffc05d725b29f748eb55f67c1c8bc53d,Reental-MIA-1
0x1f0d342262a6f75aaa488bbfe91731312d69898bafe4dd11fa163c514613e377,0x1b0d685f5e4063033e0a1a360db864c9911eedda,1.0,0x644e4df762e7087011246bc3baf3f8b24b40127d,0xd212a7c928b7a61460d67b96769bb8e38b4a4652,Reental-VLC-9
0xb0e0eaaa6edfe9cf60fb70f3badeb0c8da1d3ce8920daffdda274824a544ff6c,0x33be67454ae817337db15877fd4106c5cd5206c5,1.33623641,0x922e21af5c912a6c2283cd1a792bd52ba6523149,0x644e4df762e7087011246bc3baf3f8b24b40127d,Reental-MLG-5
0x4cf29b396e580f96c7fd2356e8cfb9651e76a84f055ccfd690a0559cf14af89e,0xb5a1a4f29b7376c091d6f4c7689be4b7cd5a6d98,5.0,0x632d6483c59f102c23d97dab6da11f35df0bbb8e,0x644e4df762e7087011246bc3baf3f8b24b40127d,Reental-VLC-6
0xc492998a912a7a46f16ce8e4c4c85f7bb5cc1bc88a4a12bced9566222db0f3eb,0x92f8150266c3a2a51be53188eebdfb0798ca7910,1.0,0xfb8482d3a050b09d9dd3d3fb44e858864ef649f8,0x644e4df762e7087011246bc3baf3f8b24b40127d,Reental-SGT-2
0x6a44db8285aa7573eee614862e72a9c6fdc16423b819aae7e1f2daecc99ef351,0xb5a1a4f29b7376c091d6f4c7689be4b7cd5a6d98,1.0,0x644e4df762e7087011246bc3baf3f8b24b40127d,0x75cc59a3bb2c22410e1ea22f8207a415e7d48514,Reental-VLC-6
0xf6e3aae20a2d21da21e94937efa03d57199e7433d91c1b7cda643602a9b33445,0x92f8150266c3a2a51be53188eebdfb0798ca7910,1.0,0x644e4df762e7087011246bc3baf3f8b24b40127d,0x90d5f0db43c5f0be2849097c0cd2afaec66356e8,Reental-SGT-2
0x4d04501b944e675f5d18b9d2382229544a72454775e7bd853c9d9e1582edd8c1,0xb5a1a4f29b7376c091d6f4c7689be4b7cd5a6d98,1.0,0x644e4df762e7087011246bc3baf3f8b24b40127d,0x90d5f0db43c5f0be2849097c0cd2afaec66356e8,Reental-VLC-6
0x5598b04de122588037556705fcdbbd24dd2e0762ef010d74b33be215c4cf2c29,0xb45898179fe8de2818e3ff994559c60aa962e2af,0.98,0x644e4df762e7087011246bc3baf3f8b24b40127d,0xd212a7c928b7a61460d67b96769bb8e38b4a4652,Reental-MLG-7
0xf39e6461d8532a0750130c0aae9b12729b05d8b19949daa0ae7c863611b90263,0x29fdc3434576e188e8131b2ad9cf94d3b3e71f56,1.62,0x644e4df762e7087011246bc3baf3f8b24b40127d,0xd212a7c928b7a61460d67b96769bb8e38b4a4652,Reental-MLG-8
0x06fdc08e3185c35bedd2c6158b7216472ecb21a5c1b97d67749335d5e394a4f7,0x33be67454ae817337db15877fd4106c5cd5206c5,0.34,0x644e4df762e7087011246bc3baf3f8b24b40127d,0xd212a7c928b7a61460d67b96769bb8e38b4a4652,Reental-MLG-5
0x9238e102486d342cc96d541718f4c23f64914ea082a5fa4b52dd7685f2cd65b6,0x29fdc3434576e188e8131b2ad9cf94d3b3e71f56,1.0,0x644e4df762e7087011246bc3baf3f8b24b40127d,0xd212a7c928b7a61460d67b96769bb8e38b4a4652,Reental-MLG-8
0xa85d309d0f9a43d718c609ca20bbaa960e9777c8ca1a3d6f7c86479acf4b0204,0x29fdc3434576e188e8131b2ad9cf94d3b3e71f56,1.0,0x644e4df762e7087011246bc3baf3f8b24b40127d,0xd212a7c928b7a61460d67b96769bb8e38b4a4652,Reental-MLG-8
0x94343234d1192d1cd965e2611be389c1c0a8082c1092f55e4b76858bf53ac1a2,0x29fdc3434576e188e8131b2ad9cf94d3b3e71f56,1.0,0x644e4df762e7087011246bc3baf3f8b24b40127d,0xd212a7c928b7a61460d67b96769bb8e38b4a4652,Reental-MLG-8
0x55559d10d9aebb48a16e0b33aa7a0800ab5927e2375853707824f8cf6df37dc3,0xb45898179fe8de2818e3ff994559c60aa962e2af,0.99953387,0x644e4df762e7087011246bc3baf3f8b24b40127d,0xfb8482d3a050b09d9dd3d3fb44e858864ef649f8,Reental-MLG-7
0x9403a76d42e88a636b256b1352d61d51ae3848742f3da72c3fe365d4d2287166,0x33be67454ae817337db15877fd4106c5cd5206c5,0.99623641,0x644e4df762e7087011246bc3baf3f8b24b40127d,0x75cc59a3bb2c22410e1ea22f8207a415e7d48514,Reental-MLG-5
0x80711e8a4bd5f0008d7c0c1f32da8dc5f705810905b413106a932cfef13aa70b,0x29fdc3434576e188e8131b2ad9cf94d3b3e71f56,0.00153854,0x644e4df762e7087011246bc3baf3f8b24b40127d,0xa8dff2da2254d094624e0f0cbb4eb2008ce19c2e,Reental-MLG-8
0xbcbdc99641e110e5768f69b8d5cebfc00ef855797ec635d9bec11ca029103aad,0xb5a1a4f29b7376c091d6f4c7689be4b7cd5a6d98,1.0,0x644e4df762e7087011246bc3baf3f8b24b40127d,0xa8dff2da2254d094624e0f0cbb4eb2008ce19c2e,Reental-VLC-6
0x3ac888084ea8a7f123dd864a0b97906bb972119e3bb300e0df19387f23af56c9,0x60b3d1920b31da1eedc4e2065ebb7a43a1690113,1.0,0x644e4df762e7087011246bc3baf3f8b24b40127d,0xd212a7c928b7a61460d67b96769bb8e38b4a4652,Reental-TLM-1
0xf724ff520ae3bfa6475b9043cbca4314a2432fc3b8aa9716b739a71cc40026a0,0x954229f463f73a857fddc346857771c1ef3f7c00,2.18,0xb6691debd25d6343bc6c3d620168180b97c4973e,0x644e4df762e7087011246bc3baf3f8b24b40127d,Reental-RDO-4
0x60b267417634ce0eea78f90691b7600b3c46fd81466fdbf4eddd75e0e70845e0,0xb5a1a4f29b7376c091d6f4c7689be4b7cd5a6d98,1.0,0x644e4df762e7087011246bc3baf3f8b24b40127d,0xd212a7c928b7a61460d67b96769bb8e38b4a4652,Reental-VLC-6
0x244af587f95b1d923144b52b71e67f79f65cf019ab8d55873284abb8c0ae8400,0xaca38d593f7775334fa1b84a865f19396f62f760,1.0,0x644e4df762e7087011246bc3baf3f8b24b40127d,0xd212a7c928b7a61460d67b96769bb8e38b4a4652,Reental-MLG-6
0x2534dc89b89ba0ffd832fca3253ffe6418843deb05ca15211bb8c6b7198d1b37,0x33be67454ae817337db15877fd4106c5cd5206c5,1.39,0x644e4df762e7087011246bc3baf3f8b24b40127d,0xd212a7c928b7a61460d67b96769bb8e38b4a4652,Reental-MLG-5
0xa7edc29eeae4c2297213e159c938e68768feb92d088b6b58d758e275cadfec83,0x33be67454ae817337db15877fd4106c5cd5206c5,1.0,0x644e4df762e7087011246bc3baf3f8b24b40127d,0xdf50cbf0ea828d6d3fb7b59f905a56ec64d5036d,Reental-MLG-5
0xcfe888a7c6833f97c74c2701b4adc6318397162ff9e74e31328752164d5abc95,0x954229f463f73a857fddc346857771c1ef3f7c00,1.0,0x644e4df762e7087011246bc3baf3f8b24b40127d,0xdf50cbf0ea828d6d3fb7b59f905a56ec64d5036d,Reental-RDO-4
0x9fad0d0f59ac72da743f362b330d2165e82713fd533a670d5a03066f8ba79d71,0x33be67454ae817337db15877fd4106c5cd5206c5,0.99619136,0x644e4df762e7087011246bc3baf3f8b24b40127d,0x75cc59a3bb2c22410e1ea22f8207a415e7d48514,Reental-MLG-5
0x8d4d18d25b45338a1f7bae59cd6fc71a0efab92df9e745d602ea33e838473ebf,0x6b4fa3c69e62f8f03dc018b57efa74d560462210,5.525,0x5cbd3aaabb7dc0bb893a96a6fc696c099ccb775b,0x644e4df762e7087011246bc3baf3f8b24b40127d,Reental-MAYA-1
0x3a55e01fe9c096539481a62102771ca01221686261292b98f57e23b7d55a2c84,0xa17e89f33e80b506af759f9e493efe29a47ea905,0.74611679,0x864692fecb5e8dd3a923dcb4b87c01d1aeec3a36,0x644e4df762e7087011246bc3baf3f8b24b40127d,Reental-VLC-10
0x0f647cc36d046751eb53048c66e202a4995af91c12caf9dc737060e7138310ac,0x6b4fa3c69e62f8f03dc018b57efa74d560462210,1.525,0x644e4df762e7087011246bc3baf3f8b24b40127d,0x75ddc05b408d2d4a310e139179cd27c78a6d473a,Reental-MAYA-1
0x17f3e3f031edaa18de3b984f51f9c1d0fd3b7d72018b6d8a2bfedaccb5b7f218,0x29fdc3434576e188e8131b2ad9cf94d3b3e71f56,1.13258743,0x644e4df762e7087011246bc3baf3f8b24b40127d,0xd212a7c928b7a61460d67b96769bb8e38b4a4652,Reental-MLG-8
0x7822183e2e3d0b42d1d2f8224b48e7a39b8cf96ad78bb9ded618fa74584e867c,0x60b3d1920b31da1eedc4e2065ebb7a43a1690113,1.0,0x644e4df762e7087011246bc3baf3f8b24b40127d,0xd212a7c928b7a61460d67b96769bb8e38b4a4652,Reental-TLM-1
0x5e173be1014b3df79fe7c408b78ab671eefe91622b7db83b060aaf4ecf8e9508,0x6b4fa3c69e62f8f03dc018b57efa74d560462210,1.0,0x644e4df762e7087011246bc3baf3f8b24b40127d,0xc0896e0e56d45b3c6d3444bff507adf6f15ee068,Reental-MAYA-1
0xe3fbcf10d5a96508be6d7c3067ae62d7186c030126d7451530c2d961d6cfbd33,0x6b4fa3c69e62f8f03dc018b57efa74d560462210,1.0,0x644e4df762e7087011246bc3baf3f8b24b40127d,0xc0896e0e56d45b3c6d3444bff507adf6f15ee068,Reental-MAYA-1
0xf9c89099d1c65cd29d6c5c210fd9b643522af6a96d8fe5c5593617456c7d48d5,0x6b4fa3c69e62f8f03dc018b57efa74d560462210,1.0,0x644e4df762e7087011246bc3baf3f8b24b40127d,0xc0896e0e56d45b3c6d3444bff507adf6f15ee068,Reental-MAYA-1
0x792a9c1376656b522def07420118a27d21cc5631bbcf401d37a2017fb68a6abc,0x6b4fa3c69e62f8f03dc018b57efa74d560462210,1.0,0x644e4df762e7087011246bc3baf3f8b24b40127d,0xdf50cbf0ea828d6d3fb7b59f905a56ec64d5036d,Reental-MAYA-1
0x33ff2554338a402118027302ceab1cc22368be5ff446d88d7119a929b7873c13,0x6b4fa3c69e62f8f03dc018b57efa74d560462210,23.27,0x02b6adf2a83b996764221248d95ec969ad83e5d7,0x644e4df762e7087011246bc3baf3f8b24b40127d,Reental-MAYA-1
0xbe54e00eb1ae08a6379d1f35291a0d489c4bdef0f0bd90992bd959a464e1acc8,0x1b0d685f5e4063033e0a1a360db864c9911eedda,1.7,0xfb8482d3a050b09d9dd3d3fb44e858864ef649f8,0x644e4df762e7087011246bc3baf3f8b24b40127d,Reental-VLC-9
0x3699043b1278f834416a35a2f15ef09201592cd91405db3586744d31bd4b039c,0x60b3d1920b31da1eedc4e2065ebb7a43a1690113,1.0,0x644e4df762e7087011246bc3baf3f8b24b40127d,0xce89063272ecce1cda2086670ff94cbc690b8f5f,Reental-TLM-1
0x625e10041ae1232d3332d3303934313691a5413671ff1f433837464243b47f93,0x1b0d685f5e4063033e0a1a360db864c9911eedda,1.7,0x644e4df762e7087011246bc3baf3f8b24b40127d,0x75cc59a3bb2c22410e1ea22f8207a415e7d48514,Reental-VLC-9
0x4670c3467ae59317335d13bde462004e665b65c2a34068083ea3ea930d90eabd,0x6b4fa3c69e62f8f03dc018b57efa74d560462210,1.0,0x644e4df762e7087011246bc3baf3f8b24b40127d,0xb64fbeef6b52207a4648308c56b84432b16e9b0f,Reental-MAYA-1
0x6cf7adab8dce77a846fd945856208a6adf8acfa49a57233f2f311b0f3d435fde,0x6b4fa3c69e62f8f03dc018b57efa74d560462210,1.0,0x644e4df762e7087011246bc3baf3f8b24b40127d,0xb64fbeef6b52207a4648308c56b84432b16e9b0f,Reental-MAYA-1
0x47535c70bb7893215fc0ab7c860c9b71771a5d9d6b44d4f6691c422e38117984,0x6b4fa3c69e62f8f03dc018b57efa74d560462210,1.0,0x644e4df762e7087011246bc3baf3f8b24b40127d,0xb64fbeef6b52207a4648308c56b84432b16e9b0f,Reental-MAYA-1
0xd0c5350deeb19552bc22707e28007a3aa0dfc4576880167e7bc1e59b51430da8,0x6b4fa3c69e62f8f03dc018b57efa74d560462210,1.0,0x644e4df762e7087011246bc3baf3f8b24b40127d,0xb64fbeef6b52207a4648308c56b84432b16e9b0f,Reental-MAYA-1
0x2a085d955bde8ec838d81680f1d85efa7c81f3633ce0a477c6d0f762929400b8,0x6b4fa3c69e62f8f03dc018b57efa74d560462210,1.0,0x644e4df762e7087011246bc3baf3f8b24b40127d,0xb64fbeef6b52207a4648308c56b84432b16e9b0f,Reental-MAYA-1
0xc8606fba92f53d3abfdb9ecb5705ad986712f06c47926ddefe2ef821e7c4aa37,0x6b4fa3c69e62f8f03dc018b57efa74d560462210,1.0,0x644e4df762e7087011246bc3baf3f8b24b40127d,0xb64fbeef6b52207a4648308c56b84432b16e9b0f,Reental-MAYA-1
0x3e571ffd7afe0f0d9214e4a9fd3c71511eb4e90c8fde94fb499647d2acfb19e1,0x6b4fa3c69e62f8f03dc018b57efa74d560462210,1.0,0x644e4df762e7087011246bc3baf3f8b24b40127d,0xb64fbeef6b52207a4648308c56b84432b16e9b0f,Reental-MAYA-1
0x34410a34c5dd9ef93948314667bbfe378fabbff0f8e253d420c240bb255214de,0x6b4fa3c69e62f8f03dc018b57efa74d560462210,1.0,0x644e4df762e7087011246bc3baf3f8b24b40127d,0xb64fbeef6b52207a4648308c56b84432b16e9b0f,Reental-MAYA-1
0x9e079579462ab1e1db5ac451cbc8a098361d3be5a25498dc8dec1fd1c2d1542f,0x6b4fa3c69e62f8f03dc018b57efa74d560462210,1.0,0x644e4df762e7087011246bc3baf3f8b24b40127d,0xb64fbeef6b52207a4648308c56b84432b16e9b0f,Reental-MAYA-1
0x785b8d967f200924dd50de5009b93477ac9b5933da98b2a5a5c0ef9d41adbcfa,0x6b4fa3c69e62f8f03dc018b57efa74d560462210,1.0,0x644e4df762e7087011246bc3baf3f8b24b40127d,0xb64fbeef6b52207a4648308c56b84432b16e9b0f,Reental-MAYA-1
0x645f6041b80e70b05f62024e3615fe7dd4cb99c612e76cf42c6fdebde477bac9,0x6b4fa3c69e62f8f03dc018b57efa74d560462210,1.0,0x644e4df762e7087011246bc3baf3f8b24b40127d,0xd212a7c928b7a61460d67b96769bb8e38b4a4652,Reental-MAYA-1
0x168d90486365ed8851d0dd987a7b1cc5d830dbe2a7bd0102933f56a1a04ce060,0x6b4fa3c69e62f8f03dc018b57efa74d560462210,1.0,0x644e4df762e7087011246bc3baf3f8b24b40127d,0xd212a7c928b7a61460d67b96769bb8e38b4a4652,Reental-MAYA-1
0x4661278063d813da282cafdb8f119501e1b8429f55ac64a54824065260b44efd,0x6b4fa3c69e62f8f03dc018b57efa74d560462210,4.0,0x644e4df762e7087011246bc3baf3f8b24b40127d,0xdf50cbf0ea828d6d3fb7b59f905a56ec64d5036d,Reental-MAYA-1
0xce9167f48ef53d31391f4b89996a1c236d35aa1899b40e3b1bdaf2edb94d58aa,0x6b4fa3c69e62f8f03dc018b57efa74d560462210,1.27,0x644e4df762e7087011246bc3baf3f8b24b40127d,0xd212a7c928b7a61460d67b96769bb8e38b4a4652,Reental-MAYA-1
0xee5d736c08dd18f3ab42828094db8c4ab697fcce64c6e0032c05a893ce87ca63,0x6b4fa3c69e62f8f03dc018b57efa74d560462210,6.0,0x644e4df762e7087011246bc3baf3f8b24b40127d,0xd9135bda4ccd4291e3f3dcedfbb0994844b0c627,Reental-MAYA-1
0x147379ec7ad32c776b2e840543bd3ac41daae3d65c26a351f732d2051f0d71f8,0xfb759e0cc5cff4aea606064acd41c71c7c11bf40,8.99819569,0x70c8aab186e952c4f047c362035054e45a371045,0x649b1d2b2758ebc1a883cb92a5952e22611f9200,Reental-BKL-1
0x26d0fd1a9d946b74b17e3c963f2871bebf9ef10948ac4ae57cd916fe6b5f5301,0x8711b4172ed71d2d4f90e3e2f0cb63726acba8e6,1.38368321,0xbe5d189f4cf9fa7d061b7935e088dd11600e18c0,0x64e914a8032cf603464713011c31a7a4d0d9c89a,Reental-JAX-1
0x606b86f6c9b62429f772a4cf44c8eba0799519c330db3a8bf240381a9a317739,0x6da0652a8481a774f5164612ab0ab18f105ad243,2.0,0x6bd9cbc55bdbab4c5e177c6a4684a6d50c17b378,0x6500dbb9da71f7646c4050c882c73dbd215c8a73,Reental-CLVM-1
0x9e59054c5c0c3d6a943f886e304463ee7c1af1e7a0b9fa7ddbca1eba55b0c8a5,0xfd81b5f560700652b1bf73e26662ec4df1469ae3,0.00503019,0xcd85a5512f7d6ecb2d60256f9975b5f52617db57,0x6500dbb9da71f7646c4050c882c73dbd215c8a73,Reental-SVQ-5
0x234ddb8dde8ea6d498dc769ff594621efe803c00c8b0580fcab734148c83a696,0xe7d35f9248ea53943765928c0d9dc027a0129f28,1.0,0x8d56502da9bd98bb676c0dd630152968495bd8c8,0x6500dbb9da71f7646c4050c882c73dbd215c8a73,Reental-MLG-3
0xcfcc277c8e450b6198a39fc35e1cc6df4c5ac61ce168225b3e260a9483254c29,0xa1bf01d5fdb5ae190853f49585eea6c910eb8937,1.0,0x3460f3e3ecdadb7ca18cc363c1ed05d227fda666,0x6500dbb9da71f7646c4050c882c73dbd215c8a73,Reental-SVQ-4
0x1e59052c202443c5384e4584bcac5f7b1b6ff1ceae3df10ea4ed00c8025a3869,0xcac847f077fc0a13db7e2476c0dd25bffd116809,1.0,0x3460f3e3ecdadb7ca18cc363c1ed05d227fda666,0x6500dbb9da71f7646c4050c882c73dbd215c8a73,Reental-VIL-1
0xd050dd8846b705ec7575c60f974f26dd8c81c7ec74572aec990acc5e03649b8c,0x2f1026ff5bd94232050364c81d61a2d15e147209,0.5,0xd73d0b5775caf7ff914d8643bc31bbfb1db2f3c6,0x6500dbb9da71f7646c4050c882c73dbd215c8a73,Reental-MIA-1
0x95849b615c7c3ee5ea298e67864b2b9c541d41ecf29b9eb91ab239b0751e0224,0xf94ca4e007553917d1f80d013d2544ddfbed555c,1.0,0x922e21af5c912a6c2283cd1a792bd52ba6523149,0x6500dbb9da71f7646c4050c882c73dbd215c8a73,Reental-MLG-4
0x343fb1cdb5fe71a6db56c74e505feb2f9886748c069804f3418bee650e026b3f,0x92f8150266c3a2a51be53188eebdfb0798ca7910,1.0,0x3460f3e3ecdadb7ca18cc363c1ed05d227fda666,0x6500dbb9da71f7646c4050c882c73dbd215c8a73,Reental-SGT-2
0x6e551dfc9df1432bb94852e7145d155d9fddca78eecaa0cabef8ea00c5020076,0x2f1026ff5bd94232050364c81d61a2d15e147209,0.5,0xd73d0b5775caf7ff914d8643bc31bbfb1db2f3c6,0x6500dbb9da71f7646c4050c882c73dbd215c8a73,Reental-MIA-1
0xfc57a5923bda07eef56f8d743d057ba2a1ce7843aaf47c92a44054a8d8616a71,0x92f8150266c3a2a51be53188eebdfb0798ca7910,1.0,0x6500dbb9da71f7646c4050c882c73dbd215c8a73,0xf4baf08aee50b3ff26ee76334e8d25d08bdf719f,Reental-SGT-2
0xe9357d997f3d14eb3501936ed96cd4aaa868f62ff8750c5bb8c69196abcc4381,0xe7d35f9248ea53943765928c0d9dc027a0129f28,1.0,0x6500dbb9da71f7646c4050c882c73dbd215c8a73,0xd212a7c928b7a61460d67b96769bb8e38b4a4652,Reental-MLG-3
0xbbcb6f53fdf52e6245d5aac12b4907d13295755f0b9b6dba63ef2ec39c544750,0xaca38d593f7775334fa1b84a865f19396f62f760,0.48,0x6500dbb9da71f7646c4050c882c73dbd215c8a73,0xd212a7c928b7a61460d67b96769bb8e38b4a4652,Reental-MLG-6
0x42434be6da28dd1faa2dce63b7309fc5e5d85c8686dab508625b3adb24b6f259,0x33be67454ae817337db15877fd4106c5cd5206c5,1.0,0x6500dbb9da71f7646c4050c882c73dbd215c8a73,0xd212a7c928b7a61460d67b96769bb8e38b4a4652,Reental-MLG-5
0xf500ad46c32d1b6745ed6ac2930fbe17d3ab8f331fd1716bd4e301c8add2d41f,0xf94ca4e007553917d1f80d013d2544ddfbed555c,1.0,0x6500dbb9da71f7646c4050c882c73dbd215c8a73,0xd212a7c928b7a61460d67b96769bb8e38b4a4652,Reental-MLG-4
0x89575e2f46be3798438e7cb7655060e235930ec4805529906d93537e840bd164,0x2f1026ff5bd94232050364c81d61a2d15e147209,1.0,0x6500dbb9da71f7646c4050c882c73dbd215c8a73,0xc3a8e0c76574defbba0d65994c7efa17182122dc,Reental-MIA-1
0xec0942e4a56238bf2a5c3ef5ccf84017d28ec106b773b4759d889230a5d0a5c9,0xcac847f077fc0a13db7e2476c0dd25bffd116809,1.0,0x6500dbb9da71f7646c4050c882c73dbd215c8a73,0xd73d0b5775caf7ff914d8643bc31bbfb1db2f3c6,Reental-VIL-1
0x9f462815bb8f3b1823eba6ddcff0d5b02743c56958e423f38c3f4b9ad813afac,0x454c0841a409b1752a6cf51fa8ed2fd28a6291c6,0.13729699,0x6f6aad8d226ba66e7d7f46e32a6819c7e5cd60f3,0x650da5116e173585d77bb3400ebe3a2bb5057609,Reental-RDO-2
0xcecf85aab3fd091848cedc49720f3e8e52073ccac33267f2f0a2c9c8baa58112,0xb5a1a4f29b7376c091d6f4c7689be4b7cd5a6d98,0.11538459,0xce89063272ecce1cda2086670ff94cbc690b8f5f,0x6928637558924fd49095c9640930e9641ae3404d,Reental-VLC-6
0xf4fee55e50ad3884b2895adfb9ec51184ff6758734338d5774234a696cca3e99,0x33be67454ae817337db15877fd4106c5cd5206c5,3.0,0xc0e8b90c8ab3be3a6afdaf09c47b76f2e530da29,0x69ac44abbd402050bab2b1d43b66a07e9be16c62,Reental-MLG-5
0x2d537c93d06f62eeb9b2bd08ee40f90a02ee4419f7eaca292ca5a9860796b755,0x21ae95a56ef471370ce89a7a4624117f31810927,4.00001611,0xe50afc8c3add9e95f03c0b9cd08594e667ae6d99,0x69dc3560c89f1dedb4106c9526efe43d638a9eb0,Reental-DNB-1
0x244af006d68b7f60c863f4031a8602972cf38960963dc1419e1f662a293f2314,0xe16901dad396fe7b1b77b6d2bd91b2d648e8a762,5.4981,0xd83be40891ae6c08342b7b399d21aca2b8eee719,0x69dc3560c89f1dedb4106c9526efe43d638a9eb0,Reental-HOU-3
0x1da2a1e695657c8dbd4ba0e4c3fe470c474dfede6f01c5bb75a1776f278eb4ec,0xf94ca4e007553917d1f80d013d2544ddfbed555c,1.0,0x922e21af5c912a6c2283cd1a792bd52ba6523149,0x6b3f8a0075c21b4085ded77cef4a71bae5696f7f,Reental-MLG-4
0x4b64f45cd81f33005c4182bab65bd1bb468ebb42d2e5da86961ab925ce0a7d34,0x6da0652a8481a774f5164612ab0ab18f105ad243,5.0,0x6bd9cbc55bdbab4c5e177c6a4684a6d50c17b378,0x85c68edc1669636ef317940981f75dc7a463c1c0,Reental-CLVM-1
0xbd22f03c4d6256369f2d6e46cca900df5d462971992ba4d3aeb47b577b7189b4,0xac6b91d535bdedb731045ed823d2a6c3ad5b5177,5.0,0x6bd9cbc55bdbab4c5e177c6a4684a6d50c17b378,0x85c68edc1669636ef317940981f75dc7a463c1c0,Reental-OVD-1
0x9733861e13daefb8f798c55d90107dd2209d869607a02c29d28f84cd2304b554,0xac6b91d535bdedb731045ed823d2a6c3ad5b5177,1.0,0x6bd9cbc55bdbab4c5e177c6a4684a6d50c17b378,0x91db1aa9b2e4a35fd41f2cd643a0ff59e8332302,Reental-OVD-1
0x500746f9ed93f38894d05f5a916bd2ed4f0cd8ab7b40573fec6afb772ae409b7,0x33be67454ae817337db15877fd4106c5cd5206c5,3.0,0x6bd9cbc55bdbab4c5e177c6a4684a6d50c17b378,0xc0e8b90c8ab3be3a6afdaf09c47b76f2e530da29,Reental-MLG-5
0x0b7de6557b1f1316d01d9af567061a1fbeee43711d7fd9e2b357aad8c9e90363,0x33be67454ae817337db15877fd4106c5cd5206c5,3.0,0x6bd9cbc55bdbab4c5e177c6a4684a6d50c17b378,0x85c68edc1669636ef317940981f75dc7a463c1c0,Reental-MLG-5
0x046d9c6401158c4566463c423851f360c37990d15963d7723140d23c35610f52,0x7469b9381bfa8a34bef9dfaad03d75f60947f957,3.0,0x6bd9cbc55bdbab4c5e177c6a4684a6d50c17b378,0xf4baf08aee50b3ff26ee76334e8d25d08bdf719f,Reental-CDP-3
0xc210e6c9a4672b6d3c3d31e890d7df25ee7048de80d38d062e68378d86e049c2,0x7469b9381bfa8a34bef9dfaad03d75f60947f957,2.0,0x6bd9cbc55bdbab4c5e177c6a4684a6d50c17b378,0xb54d1ee3859a24789d931962b7313bb2a2529785,Reental-CDP-3
0xc21a73b646ec07bbbfa1fbb5c1c7a01b600ed3399570abba708495a5a6714a9d,0x6da0652a8481a774f5164612ab0ab18f105ad243,1.0,0x6bd9cbc55bdbab4c5e177c6a4684a6d50c17b378,0xc0896e0e56d45b3c6d3444bff507adf6f15ee068,Reental-CLVM-1
0x1138d45a536d26c0c5c153e6cbfa90c334551789cbd4ea2a0a70878b6a80b1af,0xac6b91d535bdedb731045ed823d2a6c3ad5b5177,4.0,0x6bd9cbc55bdbab4c5e177c6a4684a6d50c17b378,0xf4baf08aee50b3ff26ee76334e8d25d08bdf719f,Reental-OVD-1
0x6969a7f0fd15fa20f9d3afa46cc8dfcfefc50d56b64e9a055930bd2b54a8042d,0x6da0652a8481a774f5164612ab0ab18f105ad243,1.0,0x6bd9cbc55bdbab4c5e177c6a4684a6d50c17b378,0x7d1306d880b437da49644245ca0e33caddeb1a78,Reental-CLVM-1
0x8f6f43fa0b3c9af97c7838119560915d8f29a124185b54f2af3cc65f8569f2f5,0x7469b9381bfa8a34bef9dfaad03d75f60947f957,2.0,0x6bd9cbc55bdbab4c5e177c6a4684a6d50c17b378,0xc0896e0e56d45b3c6d3444bff507adf6f15ee068,Reental-CDP-3
0x9a424af1b3fd899206ba67c96b112d29a162f4e3e3fbf3f75895605e77a7dda7,0x6da0652a8481a774f5164612ab0ab18f105ad243,1.0,0x6bd9cbc55bdbab4c5e177c6a4684a6d50c17b378,0xc0896e0e56d45b3c6d3444bff507adf6f15ee068,Reental-CLVM-1
0x180581ebda92d1e6fdfe3f6022bdc0ec94e9b70171092adc4aa1359f159002f8,0x7469b9381bfa8a34bef9dfaad03d75f60947f957,2.0,0x6bd9cbc55bdbab4c5e177c6a4684a6d50c17b378,0xd73d0b5775caf7ff914d8643bc31bbfb1db2f3c6,Reental-CDP-3
0x9f66cd52db48b11879caafe02df88a874ec69664366e5b3130cade71b641f332,0x6da0652a8481a774f5164612ab0ab18f105ad243,1.0,0x6bd9cbc55bdbab4c5e177c6a4684a6d50c17b378,0xc0896e0e56d45b3c6d3444bff507adf6f15ee068,Reental-CLVM-1
0xcbe029469aa0303d70b5b0103a4b3d6001f75b0890bdbfbc99dc12ec48ae339f,0x6da0652a8481a774f5164612ab0ab18f105ad243,3.0,0x6bd9cbc55bdbab4c5e177c6a4684a6d50c17b378,0xef3c5eadc37eedf181bedf8dd7484f4c169c3d53,Reental-CLVM-1
0xd5ded045b7e0f2a08dc741e797a201c77d84fd58fc69e5864cf1a0e34e1ed863,0x6da0652a8481a774f5164612ab0ab18f105ad243,1.0,0x6bd9cbc55bdbab4c5e177c6a4684a6d50c17b378,0xb64fbeef6b52207a4648308c56b84432b16e9b0f,Reental-CLVM-1
0xa027fe35ef380d84eeebe134541cd80e3087205b026ea4cd78c45de8849689e0,0x6da0652a8481a774f5164612ab0ab18f105ad243,1.0,0x6bd9cbc55bdbab4c5e177c6a4684a6d50c17b378,0xd73d0b5775caf7ff914d8643bc31bbfb1db2f3c6,Reental-CLVM-1
0x10f4d0875fa7dd6462a847d7bc8f7f161ce58a6167b14e5ffdd6d7caf0c4c363,0xfd0ea97747f7b1a53ec59ef5001616cde3aead3e,3.0,0x6bd9cbc55bdbab4c5e177c6a4684a6d50c17b378,0xb64fbeef6b52207a4648308c56b84432b16e9b0f,Reental-CLVM-2
0x8798437f0a305d3aedc477cf9516cc9c7057cad2d41e1f98834f178320c1dcaa,0xfd0ea97747f7b1a53ec59ef5001616cde3aead3e,2.0,0x6bd9cbc55bdbab4c5e177c6a4684a6d50c17b378,0xed9f944b9674a7efbb73b85867b41af6a727d96b,Reental-CLVM-2
0x5416d2cce9eb5cdac264c4aa14c0b12e9a7a8c4772495b2c36bf1160d2cd37e1,0xb5a1a4f29b7376c091d6f4c7689be4b7cd5a6d98,2.01,0x6bd9cbc55bdbab4c5e177c6a4684a6d50c17b378,0xed9f944b9674a7efbb73b85867b41af6a727d96b,Reental-VLC-6
0x94e00bbbd64bc57dcc96d69403e1f2a3965341c2ae88cf60e7db5574b537427c,0xfd81b5f560700652b1bf73e26662ec4df1469ae3,4.0,0x6bd9cbc55bdbab4c5e177c6a4684a6d50c17b378,0xed9f944b9674a7efbb73b85867b41af6a727d96b,Reental-SVQ-5
0x873e05e5f6c564a48e23e85f849dca2e95e22ac726261f8631dabc94693aba49,0xe27f1e1d5ef28f560cbd9500342b24dd989635d2,4.0,0x6bd9cbc55bdbab4c5e177c6a4684a6d50c17b378,0xf4baf08aee50b3ff26ee76334e8d25d08bdf719f,Reental-VLC-1
0x5358ef4059939f5bbeb1c9d01637d02713af047b4030ee373b95f4c4f4af5b0d,0x2f1026ff5bd94232050364c81d61a2d15e147209,2.0,0x6bd9cbc55bdbab4c5e177c6a4684a6d50c17b378,0x78f79ab9849fee3335a2a65c5bfa03167ae7ec4e,Reental-MIA-1
0x815d41f4cd1c13ac076b5d751942051fb3f49714ccb31a4e26ca7bcf008b8d8a,0x60b3d1920b31da1eedc4e2065ebb7a43a1690113,1.0,0x6bd9cbc55bdbab4c5e177c6a4684a6d50c17b378,0x9c7a4beffaae224abf4570d938547cfc4d851ee1,Reental-TLM-1
0x7f706677f4f6a994c2c9b6db4aa2e9307d67ace015005b0cc7ccd760acb8ac85,0x3b7455335fc7c3839167ed8fc173405908ffdf15,1.0,0x6bd9cbc55bdbab4c5e177c6a4684a6d50c17b378,0x9c7a4beffaae224abf4570d938547cfc4d851ee1,Reental-TLM-2
0x90a9c80f3f1b4dfb1b853acac21e034717bcbf15c0a3285848d9ddd27c089320,0x60d595922e964b5cc002b5c207fde25d98d6fcd1,1.0,0x6bd9cbc55bdbab4c5e177c6a4684a6d50c17b378,0xd212a7c928b7a61460d67b96769bb8e38b4a4652,Reental-VLC-5
0x103fd413fbd1451f7a49823465dbe9eb89419cf0c58ddb83bfde0baa658c77e0,0x6f7a7dd1bbe3c3c1c3ee169abf9b7e29df641788,4.0,0x6bd9cbc55bdbab4c5e177c6a4684a6d50c17b378,0xdd1aaa107d955eec702582c3782e007aedffc067,Reental-MAD-1
0xe5003689d0ab6d15a2771c0c369161fdf7f97208742a607047160cf080e7ff0a,0x2f1026ff5bd94232050364c81d61a2d15e147209,3.0,0x6bd9cbc55bdbab4c5e177c6a4684a6d50c17b378,0xd31a78d13f492dfa76525aed57faa5fd0b195795,Reental-MIA-1
0x99c9db7b91952a4e987542c627a9e46b3545197b66962904cb6d060c80c9033a,0xfc5e219788a953ad8e71c3b7cb9484695e7f028e,3.0,0x6bd9cbc55bdbab4c5e177c6a4684a6d50c17b378,0xf4baf08aee50b3ff26ee76334e8d25d08bdf719f,Reental-SVQ-6
0xdc9f1c50cebc9bcbfc896354df24402fe909e9dcb747d9cc06cd3cbd24639e30,0x60b3d1920b31da1eedc4e2065ebb7a43a1690113,2.0,0x6bd9cbc55bdbab4c5e177c6a4684a6d50c17b378,0xf4baf08aee50b3ff26ee76334e8d25d08bdf719f,Reental-TLM-1
0x2f6ba898129e5c1b26a39d314d6b7cdb4e4009f0feb3e8385fc797f60e4fc672,0x6da0652a8481a774f5164612ab0ab18f105ad243,1.0,0x6bd9cbc55bdbab4c5e177c6a4684a6d50c17b378,0xdb718f9a06dd448d89adf3a0f474faa1558ce3df,Reental-CLVM-1
0x63d6ca4c1e465f6e958186950b85ca7de139ef465ebc53a5d4d3e01a053c7d6f,0xff2a9f1731b0243978c5080c34db617a8f5a1ae3,3.0,0x6bd9cbc55bdbab4c5e177c6a4684a6d50c17b378,0xc0896e0e56d45b3c6d3444bff507adf6f15ee068,Reental-CDP-1
0xe1214b32f4b128ff6def39892b659fb3f7c4353edf559d11cc2d7650075b16bc,0x7f6b82381bce03e7cf6af2fb1dcd41993406d4ae,1.0,0x6bd9cbc55bdbab4c5e177c6a4684a6d50c17b378,0xdb718f9a06dd448d89adf3a0f474faa1558ce3df,Reental-MLG-2
0x8cb02e05e828301e271b174a04d8ab530adc82323fd31dfd91a1f94f978cc589,0xfc5e219788a953ad8e71c3b7cb9484695e7f028e,5.0,0x6bd9cbc55bdbab4c5e177c6a4684a6d50c17b378,0x85c68edc1669636ef317940981f75dc7a463c1c0,Reental-SVQ-6
0x4b95445628f32b21737325c5eea251502faa09e9b0f75346c958f63ce11abb57,0xfd81b5f560700652b1bf73e26662ec4df1469ae3,5.0,0x6bd9cbc55bdbab4c5e177c6a4684a6d50c17b378,0x85c68edc1669636ef317940981f75dc7a463c1c0,Reental-SVQ-5
0xc4458a91c944b65b54bc45fe72503d06c90eb33eb9122df1c929e5c3b3f41fac,0x3b7455335fc7c3839167ed8fc173405908ffdf15,1.0,0x6bd9cbc55bdbab4c5e177c6a4684a6d50c17b378,0xd73d0b5775caf7ff914d8643bc31bbfb1db2f3c6,Reental-TLM-2
0x4caeac13b37c037bb48278bf6017091cdd5b3a45fc249b8e3b9d0d109a1f8721,0xff2a9f1731b0243978c5080c34db617a8f5a1ae3,1.0,0x6bd9cbc55bdbab4c5e177c6a4684a6d50c17b378,0xd73d0b5775caf7ff914d8643bc31bbfb1db2f3c6,Reental-CDP-1
0x7585bd98409ca5c7f9a255b7cd3f4f81233f9e43892423cd549b93c0429e068d,0xe27f1e1d5ef28f560cbd9500342b24dd989635d2,2.0,0x6bd9cbc55bdbab4c5e177c6a4684a6d50c17b378,0xb64fbeef6b52207a4648308c56b84432b16e9b0f,Reental-VLC-1
0x1e8696d16e0e039315c01fe3b2ea1e8c57d78a795690a831e549204a749e5fcd,0x6f7a7dd1bbe3c3c1c3ee169abf9b7e29df641788,4.0,0x6bd9cbc55bdbab4c5e177c6a4684a6d50c17b378,0xd601b3ed546840032f42ed32b7de3a753a94ee5f,Reental-MAD-1
0xf623593773d2cc1b28950f5fcf6542d7cc4438ca264d2e869a1f1d3248507c85,0x6f7a7dd1bbe3c3c1c3ee169abf9b7e29df641788,3.0,0x6bd9cbc55bdbab4c5e177c6a4684a6d50c17b378,0xd601b3ed546840032f42ed32b7de3a753a94ee5f,Reental-MAD-1
0x1bcf6790989f6b04584d5aaf7e75e9cff9b9c0b9cb10d2e861fd672cb3a18f0c,0xe27f1e1d5ef28f560cbd9500342b24dd989635d2,3.0,0x6bd9cbc55bdbab4c5e177c6a4684a6d50c17b378,0xf4baf08aee50b3ff26ee76334e8d25d08bdf719f,Reental-VLC-1
0xc66730cf093036e8341590f5424a031c0dfffdd7610c9e10431c8b58769f2b46,0xe7d35f9248ea53943765928c0d9dc027a0129f28,1.0,0x6bd9cbc55bdbab4c5e177c6a4684a6d50c17b378,0x8d56502da9bd98bb676c0dd630152968495bd8c8,Reental-MLG-3
0xc15df60bbc2bee9012a35cf43ed43a7561d4710abf582923d20a412335ee5138,0xcac847f077fc0a13db7e2476c0dd25bffd116809,1.0,0x6bd9cbc55bdbab4c5e177c6a4684a6d50c17b378,0x76b665ed9eb85e333a529382b1cb9b565097327f,Reental-VIL-1
0xca932472bc1380b35beccfed427261e52b3fa1152bf3a3c732a710fb1e25a108,0x6f7a7dd1bbe3c3c1c3ee169abf9b7e29df641788,1.0,0x6bd9cbc55bdbab4c5e177c6a4684a6d50c17b378,0xd0f5b7c38e56f715631fcb7b6aa2172c91217a50,Reental-MAD-1
0x5a60d2b5a92b042b22ea89d9476c8805b2cd3d7c7ce1176c8073f0a3646a91f9,0x3b7455335fc7c3839167ed8fc173405908ffdf15,2.0,0x6bd9cbc55bdbab4c5e177c6a4684a6d50c17b378,0xe6f1035fb204e40ab115d0f685879b5564d830ce,Reental-TLM-2
0xa5a3feb6aef27691c6241ebff7e6d07587279984be3b359b91456403983a0f20,0x3b7455335fc7c3839167ed8fc173405908ffdf15,2.0,0x6bd9cbc55bdbab4c5e177c6a4684a6d50c17b378,0x95c768b5108a4e3b7f1e68d04e945147b8996fa9,Reental-TLM-2
0x7dc8614959b81215da886ba71606b57253710b0ec3d3b02850d1f2665bfd93c8,0x60b3d1920b31da1eedc4e2065ebb7a43a1690113,1.0,0x6bd9cbc55bdbab4c5e177c6a4684a6d50c17b378,0xfb8482d3a050b09d9dd3d3fb44e858864ef649f8,Reental-TLM-1
0x1943127339afa87d04f736be27414fde455699c5059532467ab68b9754cd16c5,0x6f7a7dd1bbe3c3c1c3ee169abf9b7e29df641788,3.0,0x6bd9cbc55bdbab4c5e177c6a4684a6d50c17b378,0xd4ac195ea4e3e236e11fd553e82b3d11e358ed69,Reental-MAD-1
0xd4b5397d3a39070d8bd91e585894ae4c02447d2f9e220e421a1f59502f55e235,0xff2a9f1731b0243978c5080c34db617a8f5a1ae3,1.0,0x6bd9cbc55bdbab4c5e177c6a4684a6d50c17b378,0x8a7761d07dbeb6b09848083a887a0c6fafa2fa3b,Reental-CDP-1
0xd2c7326f01afb2d3d1f002bd7cac0f5c82e8a92d63bd8739d8b9b0787f1b7f70,0x6da0652a8481a774f5164612ab0ab18f105ad243,1.0,0x6bd9cbc55bdbab4c5e177c6a4684a6d50c17b378,0x8a7761d07dbeb6b09848083a887a0c6fafa2fa3b,Reental-CLVM-1
0xacbb5ff73e5e11c34b129a69819d993967e44d888867e4c4bb3f6cbff509d434,0xfd0ea97747f7b1a53ec59ef5001616cde3aead3e,1.0,0x6bd9cbc55bdbab4c5e177c6a4684a6d50c17b378,0x8a7761d07dbeb6b09848083a887a0c6fafa2fa3b,Reental-CLVM-2
0xa43ef3c2e2b5f5dd5378b68800f96df054703662303418d8f6e3f3812f8aafc3,0xac6b91d535bdedb731045ed823d2a6c3ad5b5177,3.0,0x6bd9cbc55bdbab4c5e177c6a4684a6d50c17b378,0x8a7761d07dbeb6b09848083a887a0c6fafa2fa3b,Reental-OVD-1
0x84bcc746eeaffef9c36067bcdda779f9957c2bb8705bd0409665ca7f3dde4b32,0xa1bf01d5fdb5ae190853f49585eea6c910eb8937,1.0,0x6bd9cbc55bdbab4c5e177c6a4684a6d50c17b378,0x8a7761d07dbeb6b09848083a887a0c6fafa2fa3b,Reental-SVQ-4
0x2db4d10fa8db5c1ad2dba453cc36f21ad3bb62f93aaa160c22d0e43acbdad2c3,0x60d595922e964b5cc002b5c207fde25d98d6fcd1,5.0,0x6bd9cbc55bdbab4c5e177c6a4684a6d50c17b378,0xd911e2c57335b14f8e349019889c6a731bd35bd3,Reental-VLC-5
0xb79eea0117c7ee625cf65ee2af78377b5d41ba14f6d062798f9960293c0a7f90,0xac6b91d535bdedb731045ed823d2a6c3ad5b5177,2.0,0x6bd9cbc55bdbab4c5e177c6a4684a6d50c17b378,0xd601b3ed546840032f42ed32b7de3a753a94ee5f,Reental-OVD-1
0xea44639692204522064cde47fc057bb290971b47ba76a2613b0f6f7a2fd9dcb0,0xfc5e219788a953ad8e71c3b7cb9484695e7f028e,4.0,0x6bd9cbc55bdbab4c5e177c6a4684a6d50c17b378,0x90d5f0db43c5f0be2849097c0cd2afaec66356e8,Reental-SVQ-6
0xbb7caf922b0926a16e75610efb68e1a268ac048f56a3f565c38e3b5e2d9cc1c9,0xe27f1e1d5ef28f560cbd9500342b24dd989635d2,3.0,0x6bd9cbc55bdbab4c5e177c6a4684a6d50c17b378,0xc0896e0e56d45b3c6d3444bff507adf6f15ee068,Reental-VLC-1
0x30e87cae1e0568faa8d9d6ebc81f51a92e160ed9a8e81ddf61948e3ddbaec017,0xe27f1e1d5ef28f560cbd9500342b24dd989635d2,4.0,0x6bd9cbc55bdbab4c5e177c6a4684a6d50c17b378,0xed9f944b9674a7efbb73b85867b41af6a727d96b,Reental-VLC-1
0xdae860b6c697ae8343058529d27c0e89bfd1a089ec109a061f8a282a2486acf6,0xe16901dad396fe7b1b77b6d2bd91b2d648e8a762,0.99999999,0xb552a37e3f07082490b017aa6b43e10cd04176b5,0x6bd9cbc55bdbab4c5e177c6a4684a6d50c17b378,Reental-HOU-3
0x2a444821c7dd6ffc4b94c7ca0a0f6c60eddc99894aac2cf8e8544082d328183b,0x4adaee2dae690cf8f3915f1c1963f16d239c5e11,5.0,0x427d2d6f379c135710905349a088d9d68d09ed6c,0x6bd9cbc55bdbab4c5e177c6a4684a6d50c17b378,Reental-MRB-1
0x99cbd8a4c38d9d662b2c02c863fa3ae4deafbcff3f9201b73c3970ca49708bee,0x2a8bbc241849431e9cc7c4dbea9c05dfac2de553,10.0,0xae908840c70db2c66183e8442e173d7b3bf4c9fd,0x6bd9cbc55bdbab4c5e177c6a4684a6d50c17b378,Reental-GRX-3
0x602a402c53a431fcbe007e4aa60b63e169ef3eda49049fbd4cdc9585b848ce69,0xb0825e7a4093d21ed076883f8aca33300631291e,21.7086,0x4c7bb59cde80bbfc1be08ed252966e23ffb3245b,0x6bd9cbc55bdbab4c5e177c6a4684a6d50c17b378,Reental-MIA-3
0x1fbafd893cc16092b658ad5c65bd5d6dc36bb6def754055d03248130a1a0d55a,0x8711b4172ed71d2d4f90e3e2f0cb63726acba8e6,7.0,0xbe5d189f4cf9fa7d061b7935e088dd11600e18c0,0x6bd9cbc55bdbab4c5e177c6a4684a6d50c17b378,Reental-JAX-1
0xe78972308989dedc1896cbeb6922b34a9b650219ac4cf05a26766cb7138d385c,0x9c09c8525c5baa3b254cb0a60d3565cfbd5c9f28,2.0,0xbe5d189f4cf9fa7d061b7935e088dd11600e18c0,0x6bd9cbc55bdbab4c5e177c6a4684a6d50c17b378,Reental-JAX-3
0xfe0dd0e30f6ece452d803bb344838194ea04aea9b2f243f0bc74e4600f9a7717,0x68f73061bdf369c2562f4c0ea4e940f362d1a97f,1.0,0xe50afc8c3add9e95f03c0b9cd08594e667ae6d99,0x6ca585a24f8f38ab5f5400773dbc1d22aeff3e7c,Reental-ATL-1
0xa85c03c45c1d111dc90b8569d31c9ba08211056cc47639f7c1b65ea56722a671,0xaca38d593f7775334fa1b84a865f19396f62f760,69.64817608,0x616a7729521b31823e34aca5dbd5ef8d955732d8,0x6dd42e0ccc255c2f07372012b837d2235d5c57ec,Reental-MLG-6
0xcdef599e083194ecafd24b361d59ef78887cb56898f728e06011c3f8a85c34a0,0xaca38d593f7775334fa1b84a865f19396f62f760,3.0,0x6dd42e0ccc255c2f07372012b837d2235d5c57ec,0xd212a7c928b7a61460d67b96769bb8e38b4a4652,Reental-MLG-6
0x8897e32deb3f017c46a0ee09d20953e8f49718b2f7eb0bb63b43608a593f981a,0xaca38d593f7775334fa1b84a865f19396f62f760,10.0,0x6dd42e0ccc255c2f07372012b837d2235d5c57ec,0xee21cb5ad21b519849e2a14c1555ca9e00a4f67f,Reental-MLG-6
0xcace5b39521530b1ba8e50b88ede2cb6d98efcdcb9bbf8e543b69aa014446e0a,0xaca38d593f7775334fa1b84a865f19396f62f760,15.0,0x6dd42e0ccc255c2f07372012b837d2235d5c57ec,0xca04b1fdc59b229b31e3eff04ac2d476b283f567,Reental-MLG-6
0x44dc713688a5b0dedeef09e9ef990080444978d8aa02183909e4e575b3f68710,0xaca38d593f7775334fa1b84a865f19396f62f760,10.0,0x6dd42e0ccc255c2f07372012b837d2235d5c57ec,0xc8d87578f9c7005020d82625693ab46932d6491a,Reental-MLG-6
0x0b2499d08722a8b419b3b504ab8786cfd01c89ce7b8ee4b79dbce81d7393b540,0xaca38d593f7775334fa1b84a865f19396f62f760,10.0,0x6dd42e0ccc255c2f07372012b837d2235d5c57ec,0xee21cb5ad21b519849e2a14c1555ca9e00a4f67f,Reental-MLG-6
0x31c857213bdd574bc2629998e65c738e68624e26ec2ae1e4b73fbd7f1ec0b7e4,0xaca38d593f7775334fa1b84a865f19396f62f760,10.0,0x6dd42e0ccc255c2f07372012b837d2235d5c57ec,0x8e5812ae342ae21360b577318a0d9bd0364be9be,Reental-MLG-6
0xe4935a9787f7403d938aa50938db8525f79ff56c4eebe2bdf4927741c76a6774,0xaca38d593f7775334fa1b84a865f19396f62f760,5.0,0x6dd42e0ccc255c2f07372012b837d2235d5c57ec,0xee21cb5ad21b519849e2a14c1555ca9e00a4f67f,Reental-MLG-6
0x3bbb9d1490bd75ec113b406cc51b9fdb557e39305a98bb5ab3f157a4cc5d9441,0xaca38d593f7775334fa1b84a865f19396f62f760,6.5,0x6dd42e0ccc255c2f07372012b837d2235d5c57ec,0xba9e9281a9adf656191724f7bef219c96e498b29,Reental-MLG-6
0x000051152712395088829c53b126c2a3a1aedc8c340b42018520a910aa1c82e5,0x8711b4172ed71d2d4f90e3e2f0cb63726acba8e6,1.0,0xc0896e0e56d45b3c6d3444bff507adf6f15ee068,0x6f14249fe1388870bcc1ef67156bfc9f5704010a,Reental-JAX-1
0xd4eb6f18b19615eb4f4ce1ecb6a3272dff7f204f8b15d580f06429319016d8e0,0x8711b4172ed71d2d4f90e3e2f0cb63726acba8e6,1.0,0xc0896e0e56d45b3c6d3444bff507adf6f15ee068,0x6f14249fe1388870bcc1ef67156bfc9f5704010a,Reental-JAX-1
0x29e5554ce81d47682f534a293ec959f1d85c0ffcc55a8e3b8159d8ec6466c650,0xf7e0069442e3e2d061673e16d2f77a3b87b45a42,1.0,0xc0896e0e56d45b3c6d3444bff507adf6f15ee068,0x6f14249fe1388870bcc1ef67156bfc9f5704010a,Reental-JAX-4
0xa791614d43aa37e90cae8ac97e3075724511963806191f4c1619604e43a18d84,0xf7e0069442e3e2d061673e16d2f77a3b87b45a42,1.0,0xc0896e0e56d45b3c6d3444bff507adf6f15ee068,0x6f14249fe1388870bcc1ef67156bfc9f5704010a,Reental-JAX-4
0x101de067daaff2919e0b4a537cc8450e12003007d69d3173193cca3769980c5a,0xdecfebdaf1131899fb38a53dc63671246220ab7a,1.0,0x52864852ff6ba63768a95dcb60f481d10fe4fc3e,0x6f14249fe1388870bcc1ef67156bfc9f5704010a,Reental-RDO-5
0x2418cf031b8fd267e7e60974671489ba47601b0ab2c153ca00fded11cf45b175,0x9c09c8525c5baa3b254cb0a60d3565cfbd5c9f28,1.0,0xcd85a5512f7d6ecb2d60256f9975b5f52617db57,0x6f14249fe1388870bcc1ef67156bfc9f5704010a,Reental-JAX-3
0x0fd2cfd49d925aaefd20d44c5127350dc6360d4b7c45b133c2329892f6682890,0xb0825e7a4093d21ed076883f8aca33300631291e,1.0,0xcd85a5512f7d6ecb2d60256f9975b5f52617db57,0x6f14249fe1388870bcc1ef67156bfc9f5704010a,Reental-MIA-3
0x42727e75a7e6ec90819cec2573af012ec05b17037dc7213354fe40e9173cbbfe,0xf94ca4e007553917d1f80d013d2544ddfbed555c,1.0,0x922e21af5c912a6c2283cd1a792bd52ba6523149,0x6f14249fe1388870bcc1ef67156bfc9f5704010a,Reental-MLG-4
0x08130cb1ad306e89deae42395fb2d639a192f0acfd7e1b0b6c9dbaeaf5a79c24,0xac6b91d535bdedb731045ed823d2a6c3ad5b5177,1.23476787,0x64441cc873d5f2014ac6c1a2f039b405abca3d09,0x6f14249fe1388870bcc1ef67156bfc9f5704010a,Reental-OVD-1
0x910cc79dfd49bfd614140b546c2dcbdb26d32476609b1dc7bd122af4e376bcd2,0xe16901dad396fe7b1b77b6d2bd91b2d648e8a762,2.24661423,0xee21cb5ad21b519849e2a14c1555ca9e00a4f67f,0x6f14249fe1388870bcc1ef67156bfc9f5704010a,Reental-HOU-3
0xed3cea25d5591c75341d6dd1e751a0d447d53a0b4788380e5726c633fdcc2f60,0x6b7c34c8a1ffd4238e702243f0ff005680037fad,5.0,0xcfef84696c0df6b3f2fa6b780b21551241715f72,0x6f14249fe1388870bcc1ef67156bfc9f5704010a,Reental-VLC-8
0x40046db58e9e5d38eeaff26ad6abcae1a59fdabd29daca432471b3b521f7db7c,0x8e08d151466bd8499a89ee9254586ef141f324c9,3.44970304,0x17222c114271db191db21bfcc3c76e3b166876ff,0x6f14249fe1388870bcc1ef67156bfc9f5704010a,Reental-FMY-1
0x69a80d8db60769257611170e697bfd1bb724eb4a47277b225af201b4338650f8,0x68f73061bdf369c2562f4c0ea4e940f362d1a97f,1.0,0xfb8482d3a050b09d9dd3d3fb44e858864ef649f8,0x6f14249fe1388870bcc1ef67156bfc9f5704010a,Reental-ATL-1
0x8a352a74b5ec8715ebc4863beb7622eaaa3d8c8307ab03fdb1c8749c1733cb6b,0x55cb210f496df649fd283aa93a360e24fdb40964,1.2084068,0x8812d74edb296847554f5f50d20d737c4b12b2d5,0x6f14249fe1388870bcc1ef67156bfc9f5704010a,Reental-BPT-1
0x3ce7531a80807e88855492a98eb4214bd878b661e534703048f1a1c813a66192,0xcc4c1ce8d335bd40a0acf17b9ab08c030cc299aa,2.06779512,0xa3804d27c0d8386b9d4218f5e59ccfa778b59e6a,0x6f14249fe1388870bcc1ef67156bfc9f5704010a,Reental-PRO-100
0xf7b25ef351c81a665df04f36f31dd36c5e89d7be69116dedb28619425716adfc,0x2d1838eb7ebb6ae8b1288872f9704e3400ee8b20,2.00092159,0xaf940915d9dce561c5ed55faa21ad5e87812b796,0x6f14249fe1388870bcc1ef67156bfc9f5704010a,Reental-NPL-1
0xc3441a49ae80d74f728c3ced52531073cf43dd04445065c0558aff66c8a92ce4,0x2d1838eb7ebb6ae8b1288872f9704e3400ee8b20,3.0,0xce89063272ecce1cda2086670ff94cbc690b8f5f,0x6f14249fe1388870bcc1ef67156bfc9f5704010a,Reental-NPL-1
0x9e7b70a4615047798c5962fa2ed41df576bdd3d2cf8fca0e0ef5ce06ebba5392,0x21ae95a56ef471370ce89a7a4624117f31810927,1.14042572,0x3a20c9e644d6b7cc68eb3d2328cd619eed79c31f,0x6f14249fe1388870bcc1ef67156bfc9f5704010a,Reental-DNB-1
0xe5bdcffb4f628a77ff9f6e95de5d03c5b9d1269c2f762c67150d5922c2cb3c6f,0xe56ff2dff2c2e95511f0bef4b3d92da05e8197c0,2.5,0x8a7ccf8e2c6ccf18dc43ca4191a59506e27d0047,0x6f14249fe1388870bcc1ef67156bfc9f5704010a,Reental-HOU-2
0x063dcd791ac9bcb368a2894ddc666c974d8869740b98dbede49004c08a7b6970,0x21ae95a56ef471370ce89a7a4624117f31810927,5.0,0xd72be8822f94b45a207b326f71f9ae7cc30018fa,0x6f14249fe1388870bcc1ef67156bfc9f5704010a,Reental-DNB-1
0x18da7a05b2bc8969ff5389a0ded3f760e33b65e9b34a14959d38ac61c8810e11,0x754f5b74e2639cef67fecec03f4d698470bdc92f,5.0,0xf9c3fa98e7c685ff7964b7a297a7a22cb88eef19,0x6f14249fe1388870bcc1ef67156bfc9f5704010a,Reental-ABD-1
0xcb384415d5d138a10083cda73b0a88dc51797c1898621085b2f6ea5a45f10dbd,0x21ae95a56ef471370ce89a7a4624117f31810927,10.0,0xd72be8822f94b45a207b326f71f9ae7cc30018fa,0x6f14249fe1388870bcc1ef67156bfc9f5704010a,Reental-DNB-1
0x51f9439dfdc20aa1c0dc800e4875b0e3c491c3f1f4c6fb5ed4bdacc02d4ffbba,0x21ae95a56ef471370ce89a7a4624117f31810927,11.69,0x5e10e834e68035df1a7bca1bfc9d28c14e773e03,0x6f14249fe1388870bcc1ef67156bfc9f5704010a,Reental-DNB-1
0xaecd7a18bd7d6639bbe79bcf04631375c72a2cd29b5edbc699b9d75294a620a7,0x243e4bacc4b4d61b87816c945544286eb29125c6,6.65567018,0xcfef84696c0df6b3f2fa6b780b21551241715f72,0x6f14249fe1388870bcc1ef67156bfc9f5704010a,Reental-CME-1
0xe137a4cdece9e8aea2954c28f67cac7c54e2ddea75564bdda008a0fa266f8e5f,0x243e4bacc4b4d61b87816c945544286eb29125c6,16.90733026,0xc3a8e0c76574defbba0d65994c7efa17182122dc,0x6f14249fe1388870bcc1ef67156bfc9f5704010a,Reental-CME-1
0x614ccede6b0f9a0bf0abd72069f119e7e05cbed67163eeae4912956b52d08c39,0xe56ff2dff2c2e95511f0bef4b3d92da05e8197c0,2.0,0x8a7ccf8e2c6ccf18dc43ca4191a59506e27d0047,0x6f14249fe1388870bcc1ef67156bfc9f5704010a,Reental-HOU-2
0xfe24951771e15f201b00dcea9fa8756939878e477b2297ea08b6baefabc706d0,0xe46db3677c06a3424cafb5aa3c96e3c5d6ceb986,5.0,0xf9c3fa98e7c685ff7964b7a297a7a22cb88eef19,0x6f14249fe1388870bcc1ef67156bfc9f5704010a,Reental-SLA-3
0xabed6fa3765441ffad9a65b0950ccfdf1062adb66e8ba8a95c7858645967f1fd,0xe16901dad396fe7b1b77b6d2bd91b2d648e8a762,1.58398971,0xcc568012f3f376785c48a3b036370b9d5c1be9a6,0x71185ca7f7a210cf869fe1bbfd54524f4e78769a,Reental-HOU-3
0x98f2a4e419b824b1e0b23be7c5a3fa84d3343ecb7f9ea9cd08983e339f0a371e,0x8e08d151466bd8499a89ee9254586ef141f324c9,4.47285641,0xee21cb5ad21b519849e2a14c1555ca9e00a4f67f,0x71185ca7f7a210cf869fe1bbfd54524f4e78769a,Reental-FMY-1
0x3925efb1ab3fbec5c584910c569e4226d040a79b87f6a5ad06d5b9cea78231ca,0xe59dde10d38df397c996bdb1325b6f81684a8b80,2.0,0xc1213762f0b2010721e34a7d3a4e6742f836b462,0x71185ca7f7a210cf869fe1bbfd54524f4e78769a,Reental-DXB-1
0x02048251870ffd1ae6bc82371be7927786ecfd0e697b39acedcacc37af685a12,0xe59dde10d38df397c996bdb1325b6f81684a8b80,2.0,0xa3804d27c0d8386b9d4218f5e59ccfa778b59e6a,0x71185ca7f7a210cf869fe1bbfd54524f4e78769a,Reental-DXB-1
0x3d8be6aafc8ef59bc2305f27baf8a0756239cf7d41603188a0ccb0564373b888,0xe16901dad396fe7b1b77b6d2bd91b2d648e8a762,3.9986016,0xc79f2a7578d07844d44c4770b0cf5975f4fa8dbc,0x71185ca7f7a210cf869fe1bbfd54524f4e78769a,Reental-HOU-3
0xbe3fa45f7ddb36eb873078758470274ba3451ba447fc4160644700ea7f42dd4f,0x4adaee2dae690cf8f3915f1c1963f16d239c5e11,2.0,0xaead7ad2bb47499d537cfe44fd213372ca61b377,0x7200f8014970d3622e67fff891a07f01245eea37,Reental-MRB-1
0x70c0c2565b301407eb262d6e5d7e53f60c226b0babdc92df51533d8244bf4da3,0x18bb9840fd7185c0589ca5fb81a32e3e2d0f2676,10.0,0x72fb870d67b816ce398499a193950256eba4c9f2,0xf9c3fa98e7c685ff7964b7a297a7a22cb88eef19,Reental-OPO-1
0xb6d365147208b344212de9dd408a7b89e0bc550969938278044eccc09930b250,0xc48b58aae1fb770a8655e44de960eb7dc84a5de9,18.0,0x72fb870d67b816ce398499a193950256eba4c9f2,0xf9c3fa98e7c685ff7964b7a297a7a22cb88eef19,Reental-RET-1
0x55f71cca29888f7bfab04a287010cfdd4c4527db546b3d018953afec4fd4f2ba,0xf94ca4e007553917d1f80d013d2544ddfbed555c,5.0,0xe08eeabca70481c92ded3de2bd16a9358e8b736a,0x72fb870d67b816ce398499a193950256eba4c9f2,Reental-MLG-4
0x2a61bb7d926025e853c20931c49aa7e0c2b92d1abad15b6bf34481e82dade760,0xe7d35f9248ea53943765928c0d9dc027a0129f28,3.91,0xd9135bda4ccd4291e3f3dcedfbb0994844b0c627,0x72fb870d67b816ce398499a193950256eba4c9f2,Reental-MLG-3
0xa29468a635042cfe190784b4e32f987604fb688c1392864e9279b07561d110d5,0xe7d35f9248ea53943765928c0d9dc027a0129f28,3.91,0x72fb870d67b816ce398499a193950256eba4c9f2,0xd212a7c928b7a61460d67b96769bb8e38b4a4652,Reental-MLG-3
0x6571740ebcbe20f0b183b2fe2eeb7e421af8e6f487b605f6b15731480f2e07ce,0x7cb85443eab0851d9b4558db23e1026af07c700d,2.50300168,0x72fb870d67b816ce398499a193950256eba4c9f2,0xf9c3fa98e7c685ff7964b7a297a7a22cb88eef19,Reental-RET-2
0x1002963dcddd4c8d6d0f9b8b0414d2d5edac7a4e7bf0009c9290f8b639e708d5,0xf94ca4e007553917d1f80d013d2544ddfbed555c,5.0,0x72fb870d67b816ce398499a193950256eba4c9f2,0xf9c3fa98e7c685ff7964b7a297a7a22cb88eef19,Reental-MLG-4
0x74e6b1b59230bcc1a15e6cfd320da3545d0c711e8a7c3a098e541ef74adfd325,0x21ae95a56ef471370ce89a7a4624117f31810927,1.0,0xc0896e0e56d45b3c6d3444bff507adf6f15ee068,0x73076a5d8a17693d6a1dc300e38015ac2c271353,Reental-DNB-1
0x54a12e7ca76ea76081f65c3638d9fe4678f7945f52e0f26519a25f4828f2e94f,0xf1ec7e14489683babdb9299e5f9908d19a8759dc,2.0,0x8ab988c40f2d973ea78f1cd2972056b4257aaf6a,0x73076a5d8a17693d6a1dc300e38015ac2c271353,Reental-MIA-2
0x5d01074f55b4e64f798b9295de8d6740ed1e866cd76ae2e97573d25429d5d9b6,0x6b4fa3c69e62f8f03dc018b57efa74d560462210,1.0,0x99b6b6f3d833d41cf50c9dc24c1c954e4124bef6,0x739ff109c9dad8216f49d6d66607e5ac24f79714,Reental-MAYA-1
0x8a48e5517283dda8d5f46c1d994af86366687cbf2dab5c31b2e950391defb307,0x7469b9381bfa8a34bef9dfaad03d75f60947f957,0.28980808,0x9f9daec64f6f05696d1578b7159cdf7e504afdb9,0x75cc59a3bb2c22410e1ea22f8207a415e7d48514,Reental-CDP-3
0xe79aed36871477720c45808daebdcd87219e8a884c65d7c642c9007250118eb6,0xca53dd67cfa553d9e31c377602fb217dff9eadff,0.92819269,0x985702fb3c75a0f45412dbc1937195c28042d92b,0x75cc59a3bb2c22410e1ea22f8207a415e7d48514,Reental-SMA-2
0xe889eeb4764b9fc31203d9ac9732b72c630473b80c53bd642eeff6a381112d1a,0xdecfebdaf1131899fb38a53dc63671246220ab7a,0.3529,0xfc083ae8973c130a9f86198529cf61e7e053d626,0x75cc59a3bb2c22410e1ea22f8207a415e7d48514,Reental-RDO-5
0xf641223e38c6503f7b18e3a18262ea6c5d0e7c8dfd576c85e8a491f772801d56,0xf94ca4e007553917d1f80d013d2544ddfbed555c,1.0,0x922e21af5c912a6c2283cd1a792bd52ba6523149,0x75cc59a3bb2c22410e1ea22f8207a415e7d48514,Reental-MLG-4
0x8b7364e812b22a2f9f05bfce763b92d7c69714ae75b9e975fa926bd1a273a65a,0x33be67454ae817337db15877fd4106c5cd5206c5,2.33507719,0xc538526d642faa85f672abf8bf00e8d6909d7f22,0x75cc59a3bb2c22410e1ea22f8207a415e7d48514,Reental-MLG-5
0x231a73f21d1aaf4212a8a41d6697207c47e76f86e67054ae545d35367e02e115,0xd48b1f302c8eb4a0f691fde99deaa9316d67a7db,3.0,0xc0896e0e56d45b3c6d3444bff507adf6f15ee068,0x75cc59a3bb2c22410e1ea22f8207a415e7d48514,Reental-JAX-5
0x6f857f46b7bd52c536942af9ec9db33d3c0c046edb5f6a3a319a227e877268b3,0x49b8f29f17a27ae89121642838e37bc8ce77d2f2,0.32658546,0xcd85a5512f7d6ecb2d60256f9975b5f52617db57,0x75cc59a3bb2c22410e1ea22f8207a415e7d48514,Reental-SMA-1
0x0a6e9471ead2a819925292ec2dc98ce3d963bb7038de91bc6cc4ee27e41d96ce,0xf7a694bc2768fc3b26beb5e98bb76f744397e49c,0.19326556,0xcd85a5512f7d6ecb2d60256f9975b5f52617db57,0x75cc59a3bb2c22410e1ea22f8207a415e7d48514,Reental-RDO-1
0x0e08ce94273116f10f3bc44a869e96dcd52de9ddc4fbce260d6b55cb2356767a,0xa1bf01d5fdb5ae190853f49585eea6c910eb8937,0.00368296,0xcd85a5512f7d6ecb2d60256f9975b5f52617db57,0x75cc59a3bb2c22410e1ea22f8207a415e7d48514,Reental-SVQ-4
0x3fa4c00e38ada970a2f035f1fc0314741a9c4ec473a0ffbe87743515e3e78b0b,0xa1bf01d5fdb5ae190853f49585eea6c910eb8937,2.70001936,0x619485cbd0f78431d709aa20b1ac49768939badf,0x75cc59a3bb2c22410e1ea22f8207a415e7d48514,Reental-SVQ-4
0x07e3b4f963de408fe6c4779b081bccb467f569c8385e25b7596f437f7ff14b80,0x512ee64de3b983d4e05faa949d63020442215a41,4.39262903,0x679919cb6f1b4c85ab79d2d91b6fc6140c41fb99,0x75cc59a3bb2c22410e1ea22f8207a415e7d48514,Reental-VLC-3
0x523c98df29e83212db83b88e1959ad06fd7ab8342c08f2c99722c66438e9ed5c,0xad3e1f50590ef6f323caa0cf43f39d28d1d34144,2.2,0xd070e9cd49b26ebb0259449f8d7551209c146672,0x75cc59a3bb2c22410e1ea22f8207a415e7d48514,Reental-JAX-2
0xb28b318ff0978e2f08eea5350e866c9c053f28133da0de67090cc39ee776ff5b,0xfd0ea97747f7b1a53ec59ef5001616cde3aead3e,11.0,0x27bad6955f9040da17d64d75303309f61c170106,0x75cc59a3bb2c22410e1ea22f8207a415e7d48514,Reental-CLVM-2
0x6449c9fc70ec2e26fc87c9607048965273a94b65a5f0c8a6ea245ed3738ba9c5,0xfd0ea97747f7b1a53ec59ef5001616cde3aead3e,3.0,0x75cc59a3bb2c22410e1ea22f8207a415e7d48514,0xb54d1ee3859a24789d931962b7313bb2a2529785,Reental-CLVM-2
0x6bf8e7bde5869d88dfba5fb540fa3a388bfd64bacf6fa7002d1c0521f59ef015,0xb5a1a4f29b7376c091d6f4c7689be4b7cd5a6d98,5.34802808,0x9b04ba99ad57a8cfc5d1273f4cfe80d67a9bb9bb,0x75cc59a3bb2c22410e1ea22f8207a415e7d48514,Reental-VLC-6
0xe68f9a2a308a7d3695a1611bea0bcec4d98dc358e6c7c4d5fbaecfd219c1d126,0x60b3d1920b31da1eedc4e2065ebb7a43a1690113,3.0,0x9b04ba99ad57a8cfc5d1273f4cfe80d67a9bb9bb,0x75cc59a3bb2c22410e1ea22f8207a415e7d48514,Reental-TLM-1
0x9106fd8cb2178efb868f62b5756b5ef2fb3481069df033f3f72a93c7df649f5b,0xfd0ea97747f7b1a53ec59ef5001616cde3aead3e,5.48,0x9b04ba99ad57a8cfc5d1273f4cfe80d67a9bb9bb,0x75cc59a3bb2c22410e1ea22f8207a415e7d48514,Reental-CLVM-2
0x006ca1efb4df81aded8b30eac99e62fee5a73df2d2cc61c5aa449cea4965328a,0x7469b9381bfa8a34bef9dfaad03d75f60947f957,5.0,0xff5e8a5f1fcd06c4bb4e995c7c02a577e86d7290,0x75cc59a3bb2c22410e1ea22f8207a415e7d48514,Reental-CDP-3
0x620e9c38145950a66eaab31a9060fcefadbfa1aa44fc9be5d9b8b166516293f9,0x29fdc3434576e188e8131b2ad9cf94d3b3e71f56,0.22216325,0x52b71b70ec73defae5e9840e4fa706ecb2b29a25,0x75cc59a3bb2c22410e1ea22f8207a415e7d48514,Reental-MLG-8
0x51928b6fcdb31013d9292a6100e365dffbf5b8ea3c1b42577a5adc9620520c04,0x1b0d685f5e4063033e0a1a360db864c9911eedda,5.0,0xcc3659a853e78ad346df199bcc5d6a715c107ecd,0x75cc59a3bb2c22410e1ea22f8207a415e7d48514,Reental-VLC-9
0xf5f9881b23cbb413eccd968c7c929f9fdffc30aeeb4124dcbc4aa086e6b1bc43,0x7469b9381bfa8a34bef9dfaad03d75f60947f957,1.0,0x52b71b70ec73defae5e9840e4fa706ecb2b29a25,0x75cc59a3bb2c22410e1ea22f8207a415e7d48514,Reental-CDP-3
0xe881c0d6ecf31e01764b44aea2a5d7d8995aa8c76cbb7d8b5c5c029aa98d8368,0xe7d35f9248ea53943765928c0d9dc027a0129f28,1.0,0x52b71b70ec73defae5e9840e4fa706ecb2b29a25,0x75cc59a3bb2c22410e1ea22f8207a415e7d48514,Reental-MLG-3
0xa55bcdca9f63b5d71b50b7a3bbe572688227946e2a1978db6baafbd9b7009d6d,0xfd0ea97747f7b1a53ec59ef5001616cde3aead3e,3.0,0x75cc59a3bb2c22410e1ea22f8207a415e7d48514,0xc8d87578f9c7005020d82625693ab46932d6491a,Reental-CLVM-2
0xffbea5e5640e251374a2add2b37563872eb0be50bd81d8408fc370f87ecac545,0x68f73061bdf369c2562f4c0ea4e940f362d1a97f,2.0,0xfb8482d3a050b09d9dd3d3fb44e858864ef649f8,0x75cc59a3bb2c22410e1ea22f8207a415e7d48514,Reental-ATL-1
0xcc59c10811ac597f65a16fb2a13f15f0798c2d668e6f480094088365a1b369fa,0x7469b9381bfa8a34bef9dfaad03d75f60947f957,4.0,0xd212a7c928b7a61460d67b96769bb8e38b4a4652,0x75cc59a3bb2c22410e1ea22f8207a415e7d48514,Reental-CDP-3
0xec61ec18dff37e3249c6864d90e88cefaacf0b544ad8355c99340261560e78da,0x7f6b82381bce03e7cf6af2fb1dcd41993406d4ae,7.9297,0x90d3032a522e9935b5b86cb2b0446e654117e348,0x75cc59a3bb2c22410e1ea22f8207a415e7d48514,Reental-MLG-2
0xfd68999099945d2b9f6dd35d7478cc8e3806da5f844ada66d472a76190a2ac9a,0x7f6b82381bce03e7cf6af2fb1dcd41993406d4ae,3.0,0x75cc59a3bb2c22410e1ea22f8207a415e7d48514,0xb64fbeef6b52207a4648308c56b84432b16e9b0f,Reental-MLG-2
0xaa4ef3d8bccba2f22bb234f99fa46a095dce3e600c3f47b19bf001302360c0d9,0x2a8bbc241849431e9cc7c4dbea9c05dfac2de553,4.0,0xf9c3fa98e7c685ff7964b7a297a7a22cb88eef19,0x75cc59a3bb2c22410e1ea22f8207a415e7d48514,Reental-GRX-3
0x60d785180399ca9e0f36bc9b8f9422cc634790a7f0098d12f98d4ed0fad333b6,0xaca38d593f7775334fa1b84a865f19396f62f760,3.0,0xaead7ad2bb47499d537cfe44fd213372ca61b377,0x75cc59a3bb2c22410e1ea22f8207a415e7d48514,Reental-MLG-6
0xa35eb4ff6098ec4ccc919a18fb352dc214bc57a4e75594b6a91cacf7ed2da6b7,0x49b8f29f17a27ae89121642838e37bc8ce77d2f2,5.0,0x985702fb3c75a0f45412dbc1937195c28042d92b,0x75ddc05b408d2d4a310e139179cd27c78a6d473a,Reental-SMA-1
0xd40af83876cf04dd9c49f439c7f756ac22de15f1d65486bbc9c7a8db68470a00,0xf1ec7e14489683babdb9299e5f9908d19a8759dc,2.0,0x99b6b6f3d833d41cf50c9dc24c1c954e4124bef6,0x75ddc05b408d2d4a310e139179cd27c78a6d473a,Reental-MIA-2
0x8ec0ae1477f70f749abb731e036f1882b8355e98d189f8e2151d4cdfb5b1cf3f,0xca53dd67cfa553d9e31c377602fb217dff9eadff,4.30240718,0x0b0d3c6cfe3bbdc24dcdc91d51fcf13649b73b6d,0x75ddc05b408d2d4a310e139179cd27c78a6d473a,Reental-SMA-2
0x05554bdb1014ca4bb8abf1ebe56b144150f677b2bb4a4157388a80e37348ceb7,0xf1ec7e14489683babdb9299e5f9908d19a8759dc,2.0,0x99b6b6f3d833d41cf50c9dc24c1c954e4124bef6,0x75ddc05b408d2d4a310e139179cd27c78a6d473a,Reental-MIA-2
0xe31a050a06850bbd84bc7cc84b52f53727844a71744407906e499ac44b5d04bb,0xf1ec7e14489683babdb9299e5f9908d19a8759dc,1.0,0x1beb9a854c7921d3c06a5608dd96b27a86d79139,0x75ddc05b408d2d4a310e139179cd27c78a6d473a,Reental-MIA-2
0x444d048608fad5be01fb4039c2b5900dff1890b8f24d93e3aae8e98f6e3d8e56,0xca53dd67cfa553d9e31c377602fb217dff9eadff,2.4127,0xa3a2a94489831a3f76a5651ca4c0788738f06b4d,0x75ddc05b408d2d4a310e139179cd27c78a6d473a,Reental-SMA-2
0x9ae2344bf3fb54cf9d775334c1f0f2d1e9dfecf29ef4eeae34e052dd88a5ae06,0xca53dd67cfa553d9e31c377602fb217dff9eadff,5.31803163,0x679919cb6f1b4c85ab79d2d91b6fc6140c41fb99,0x75ddc05b408d2d4a310e139179cd27c78a6d473a,Reental-SMA-2
0x031a28e027221a9de3fdb92b6df2394800fd66d6a3f07f788786486cbcd07c60,0xf1ec7e14489683babdb9299e5f9908d19a8759dc,10.0,0xac269ddf29b1f3aac469e28efb906ef1a49755e7,0x75ddc05b408d2d4a310e139179cd27c78a6d473a,Reental-MIA-2
0x0aff662ae6b72cb3069317a22556649eddd0d871d4b6cfd04471571ddaba8924,0xca53dd67cfa553d9e31c377602fb217dff9eadff,0.38256608,0xec2797928a075ac322e0a1f2fca0f253b961b9b5,0x75ddc05b408d2d4a310e139179cd27c78a6d473a,Reental-SMA-2
0xb714a6a74b3ea2251c859a8b49e8bcffe87b1be206bf2954959f6423e398362f,0x6b7c34c8a1ffd4238e702243f0ff005680037fad,10.0,0xcfef84696c0df6b3f2fa6b780b21551241715f72,0x75ddc05b408d2d4a310e139179cd27c78a6d473a,Reental-VLC-8
0x9f280a7c9c80d9bedad394add1115891dabe80996955ded82924903885a6f33b,0x21ae95a56ef471370ce89a7a4624117f31810927,3.0,0xc0896e0e56d45b3c6d3444bff507adf6f15ee068,0x75ddc05b408d2d4a310e139179cd27c78a6d473a,Reental-DNB-1
0x9609c1ac23ad4f60ca13937aaddadc624976d18fbc040ba7a0d88e71211f978d,0x21ae95a56ef471370ce89a7a4624117f31810927,2.0,0xc0896e0e56d45b3c6d3444bff507adf6f15ee068,0x75ddc05b408d2d4a310e139179cd27c78a6d473a,Reental-DNB-1
0xf3af3cbc8f2709ce9df6f407887b822589db4cb9bb9a9a42675818e974c28de0,0x9c09c8525c5baa3b254cb0a60d3565cfbd5c9f28,5.0,0xb64fbeef6b52207a4648308c56b84432b16e9b0f,0x75f0268b9864ae585e798a7cbbaaff9198ab88ec,Reental-JAX-3
0xc6df6ae2d5c63dff3367cc09fb13cd0050e44fb77b19f965d99d3c47defcb69f,0x8711b4172ed71d2d4f90e3e2f0cb63726acba8e6,3.2856,0x889652da65c3aa69cdf6217c9018c7d8b5212478,0x75f0268b9864ae585e798a7cbbaaff9198ab88ec,Reental-JAX-1
0x2d8ee445ca4e2fda203d3e527e6344223b85f9f44e3d82377e677cd92c1f81eb,0xad3e1f50590ef6f323caa0cf43f39d28d1d34144,2.21,0x8a7ccf8e2c6ccf18dc43ca4191a59506e27d0047,0x75f0268b9864ae585e798a7cbbaaff9198ab88ec,Reental-JAX-2
0x702be447e62803895b056a446e9d179513f60acaa7567320fbd483cc4fadd604,0x29da137d6dba774ad4f79323374f685682542767,2.0,0xa3804d27c0d8386b9d4218f5e59ccfa778b59e6a,0x76b665ed9eb85e333a529382b1cb9b565097327f,Reental-MUR-1
0xaef15d00fc5f16e0972c87f3a61881436883ac8e649e356e4f355d6131f64083,0x8eeb57505999d3092c7b00ad5a5e53b943ad235d,5.0,0x99b902d4b63d9703a1357d16f1e24c635c3c2c62,0x76b665ed9eb85e333a529382b1cb9b565097327f,Reental-SLA-2
0x566a8144469c9f8129144eba26dbb72d1f1bb5f999d38a00326d3e6aedef00fd,0xf1ec7e14489683babdb9299e5f9908d19a8759dc,5.0,0x3a0143fc158bae4919900c38edfb472027fa2706,0x76b665ed9eb85e333a529382b1cb9b565097327f,Reental-MIA-2
0xbf800a08d5864a7c0a364b5895aca6d1f6d2c98581d8fc35fac96a44d62c2faa,0x8eeb57505999d3092c7b00ad5a5e53b943ad235d,5.0,0x99b902d4b63d9703a1357d16f1e24c635c3c2c62,0x76b665ed9eb85e333a529382b1cb9b565097327f,Reental-SLA-2
0xf9ca3ebd76f1d3137caee418c203462d47f371ae1b159c9aac48cb072749d9db,0x8ddea623f8ffa94aae50dc4c44da22d6e570a749,10.0,0x76b665ed9eb85e333a529382b1cb9b565097327f,0xa1447c1531f1774d2c6ca9e9cc04577a55b8e524,Reental-SAM-2
0xe9e8304e20c13f3b6ac36ff5215bf1b8a1ee744dcb0b7b865fb660da14419fd2,0x8ddea623f8ffa94aae50dc4c44da22d6e570a749,1.0,0x76b665ed9eb85e333a529382b1cb9b565097327f,0xb552a37e3f07082490b017aa6b43e10cd04176b5,Reental-SAM-2
0xfc69ac9b82bc3574b3c6bcdad0977a045930c741471201f403584d8c7b80268f,0x8ddea623f8ffa94aae50dc4c44da22d6e570a749,4.0,0x76b665ed9eb85e333a529382b1cb9b565097327f,0xc8d87578f9c7005020d82625693ab46932d6491a,Reental-SAM-2
0xc2d635eac40b506b4177b678b6bdd282a418cf419e0b7cf3217659531f2568f5,0xcc4c1ce8d335bd40a0acf17b9ab08c030cc299aa,5.0,0x76b665ed9eb85e333a529382b1cb9b565097327f,0xb08f3d0a48eeb60531a2fd8373ce1647a815a9ed,Reental-PRO-100
0xbf18834d639d6788a3284e067f508b5e96f07d682b68c141c755de7487464926,0x7798f8c28ce575188f4e65aeb6719c0ec5c69195,11.33277901,0x76b665ed9eb85e333a529382b1cb9b565097327f,0xb64fbeef6b52207a4648308c56b84432b16e9b0f,Reental-VLC-4
0x63370645851ae6d3b8635367d9803370176fbd6c2883268aa062b5ca154a0dc3,0xe46db3677c06a3424cafb5aa3c96e3c5d6ceb986,20.0,0x76b665ed9eb85e333a529382b1cb9b565097327f,0xc0896e0e56d45b3c6d3444bff507adf6f15ee068,Reental-SLA-3
0x51d7d97bb1617c0986bb0e5da8ca37388f143d99049b3f03e785061ba1508e0b,0xfb759e0cc5cff4aea606064acd41c71c7c11bf40,15.5,0x76b665ed9eb85e333a529382b1cb9b565097327f,0x94264445fb3d0cd4f90e2e641ca1bd2a01e5c65a,Reental-BKL-1
0x132ff27f93c9307066a31c8848d157c98caf6482b3b23a099757a72ac3cfc731,0x46182d6937ed8cf2707e187b61b654e8ca59c7b5,5.0,0x76b665ed9eb85e333a529382b1cb9b565097327f,0xa087dcd612b8ba98580ea48a33ba4dfa2ab8c2f3,Reental-DXB-2
0x9d4b573fefd119991b187f905cafda403503f5a9f474b24f3f8bf114a4fddd5e,0x6da0652a8481a774f5164612ab0ab18f105ad243,5.0,0x76b665ed9eb85e333a529382b1cb9b565097327f,0xb64fbeef6b52207a4648308c56b84432b16e9b0f,Reental-CLVM-1
0x174616746e377ea818bd32f5155de528c54f4a2f5d385dca063b8711e38de344,0xb5a1a4f29b7376c091d6f4c7689be4b7cd5a6d98,10.04379309,0x76b665ed9eb85e333a529382b1cb9b565097327f,0xb64fbeef6b52207a4648308c56b84432b16e9b0f,Reental-VLC-6
0x1b8c0f7402d0fa8cac4314a28131743066fd73c78bdb619c0630733d5ed332c3,0xfb759e0cc5cff4aea606064acd41c71c7c11bf40,5.0,0x76b665ed9eb85e333a529382b1cb9b565097327f,0xdf50cbf0ea828d6d3fb7b59f905a56ec64d5036d,Reental-BKL-1
0x44b19d8ff7b599c678ae6d7d88f2262436944a59c7d57520feff2f1a52140c1c,0x8ddea623f8ffa94aae50dc4c44da22d6e570a749,10.0,0x76b665ed9eb85e333a529382b1cb9b565097327f,0xdf391d9af8bc99abf1be8997ae447f614726a2fd,Reental-SAM-2
0x34855b6e9455fd14b0505c42a0dd256b76b2835b1ba1189b1c5d22670ca7e6e4,0xf8657256c5cd5fdb044e55d1ec39e9b8c969dbf1,7.64,0x76b665ed9eb85e333a529382b1cb9b565097327f,0x94264445fb3d0cd4f90e2e641ca1bd2a01e5c65a,Reental-PAZ-1
0xdf697062b57882611e8763f0da8efbfcf0bbbd57d1fd2832c42a5e0e97ac5106,0xcc4c1ce8d335bd40a0acf17b9ab08c030cc299aa,10.0,0x76b665ed9eb85e333a529382b1cb9b565097327f,0xb64fbeef6b52207a4648308c56b84432b16e9b0f,Reental-PRO-100
0xaab769674d2cb03c2b1128d163bdbba1d03239016500ff3a8ed813eadf98bed6,0x8a96bf9aa5812ce957aed1f554065b64a545c88a,10.95,0x76b665ed9eb85e333a529382b1cb9b565097327f,0x94264445fb3d0cd4f90e2e641ca1bd2a01e5c65a,Reental-VLC-12
0x0f4a4f538fe90490fecf65c66096aaeb36e2a56f2d242e06101306c9e08c7369,0xe59dde10d38df397c996bdb1325b6f81684a8b80,9.0,0x76b665ed9eb85e333a529382b1cb9b565097327f,0x94264445fb3d0cd4f90e2e641ca1bd2a01e5c65a,Reental-DXB-1
0x338b30084c661955e8578bb191c37dc94792db509e76a19871c01a162fc2d047,0x4e19bd8ea7a0b32304637bc0a1e69bbd78c8a0dc,11.2,0x76b665ed9eb85e333a529382b1cb9b565097327f,0x8a7ccf8e2c6ccf18dc43ca4191a59506e27d0047,Reental-VLC-14
0xe76091f9ca120a3fcc2b9ee451d10f1084b0b5ec00c633a3be49817ecdd6c696,0xcc4c1ce8d335bd40a0acf17b9ab08c030cc299aa,15.0,0x76b665ed9eb85e333a529382b1cb9b565097327f,0xb64fbeef6b52207a4648308c56b84432b16e9b0f,Reental-PRO-100
0xe61c33ab8bb4cce4499527875c65342382b31a41a0ec3210c013202dc1e754bd,0x6b4fa3c69e62f8f03dc018b57efa74d560462210,10.0,0xab426604ebddf26a62d2b9a079d9922d0c067279,0x78f79ab9849fee3335a2a65c5bfa03167ae7ec4e,Reental-MAYA-1
0xc21bbc4a833571031f9986e7379d0ab10482fa4e0960a6e431d1380d9da8ff23,0xfb759e0cc5cff4aea606064acd41c71c7c11bf40,1.49967185,0xd8e9ef754e9b12810e9ba853b9681635b140faed,0x78f79ab9849fee3335a2a65c5bfa03167ae7ec4e,Reental-BKL-1
0xe4e09451963b423d2c7ed638addb3c58245931ef60e0e90b3eccb1a56e5efb30,0xca53dd67cfa553d9e31c377602fb217dff9eadff,5.42580317,0x6f6aad8d226ba66e7d7f46e32a6819c7e5cd60f3,0x78f79ab9849fee3335a2a65c5bfa03167ae7ec4e,Reental-SMA-2
0x9ec0687ed480e9511ea442eb1652f28c9db0c3dc746d2f8cb70a511ee36d60c8,0xca53dd67cfa553d9e31c377602fb217dff9eadff,10.00036,0x70c8aab186e952c4f047c362035054e45a371045,0x78f79ab9849fee3335a2a65c5bfa03167ae7ec4e,Reental-SMA-2
0xf6b9c9c1d8a61ff06a830f189523ec232944402395cc8a70759a8f09d283494f,0xca53dd67cfa553d9e31c377602fb217dff9eadff,1.0,0x6f6aad8d226ba66e7d7f46e32a6819c7e5cd60f3,0x78f79ab9849fee3335a2a65c5bfa03167ae7ec4e,Reental-SMA-2
0x27190880e23801d110c96392e6ef5c899e3573f357970a9402862ce10d20b55a,0xca53dd67cfa553d9e31c377602fb217dff9eadff,1.0,0x6f6aad8d226ba66e7d7f46e32a6819c7e5cd60f3,0x78f79ab9849fee3335a2a65c5bfa03167ae7ec4e,Reental-SMA-2
0x73a93d7957af36f58b89c2055b404ce798c412364a91bf3105723cd39ba8f04b,0xca53dd67cfa553d9e31c377602fb217dff9eadff,1.0,0x6f6aad8d226ba66e7d7f46e32a6819c7e5cd60f3,0x78f79ab9849fee3335a2a65c5bfa03167ae7ec4e,Reental-SMA-2
0x384524454c330b9aa545b81b2c4c856a036fe9a740d66169a62fa6799663d530,0xdecfebdaf1131899fb38a53dc63671246220ab7a,15.7584627,0x468043dc6314e6d0ae6bb4d03de0d3f460372d08,0x78f79ab9849fee3335a2a65c5bfa03167ae7ec4e,Reental-RDO-5
0xd610e7af67b0b225886a52d4231ac67ac08b0117fdd9dd6a38b1af116bcbc2ea,0xca53dd67cfa553d9e31c377602fb217dff9eadff,8.27747649,0x64441cc873d5f2014ac6c1a2f039b405abca3d09,0x78f79ab9849fee3335a2a65c5bfa03167ae7ec4e,Reental-SMA-2
0xef74d7b21ead272ef3dfc0ac0c8dae438052b8383f1e40677cfad37c183cbd62,0xca53dd67cfa553d9e31c377602fb217dff9eadff,5.9388601,0x47f49e337e49681e00c2d9c9778bf4e3fcdb9f23,0x78f79ab9849fee3335a2a65c5bfa03167ae7ec4e,Reental-SMA-2
0x9e39a26bdbc9b405a685d659b46f45ea3b947390ed00a1b8405043c6bf990e0d,0x49b8f29f17a27ae89121642838e37bc8ce77d2f2,80.0,0xe66395100d6dd2ecf4c281739add60816523a298,0x78f79ab9849fee3335a2a65c5bfa03167ae7ec4e,Reental-SMA-1
0xf066cd0f1334f95ee3d74ab30b8d8fac96e0376da2fd2699291b0ebe5577c22e,0xca53dd67cfa553d9e31c377602fb217dff9eadff,4.52673209,0x95c768b5108a4e3b7f1e68d04e945147b8996fa9,0x78f79ab9849fee3335a2a65c5bfa03167ae7ec4e,Reental-SMA-2
0x1c73e4c4577e08d78cfc4efacdfcb272060a5ad387a279cdb74f048c65555ee7,0xf090b60f731583288e8c7c9d9a80680e35bd63e0,2.13,0x78f79ab9849fee3335a2a65c5bfa03167ae7ec4e,0x8042d82d16405de78e477526e66d4602360cad3a,Reental-HOU-1
0x0d12fc51ccaf7fa62131d93a602196e49c68110d7d37fb9a861071220356e6a4,0xf090b60f731583288e8c7c9d9a80680e35bd63e0,2.0,0x78f79ab9849fee3335a2a65c5bfa03167ae7ec4e,0xd212a7c928b7a61460d67b96769bb8e38b4a4652,Reental-HOU-1
0x7a8c0ee6b819078326fe51445cc2da30e9e99f4b858e8bbb9d303a051d3749d2,0xe56ff2dff2c2e95511f0bef4b3d92da05e8197c0,2.0,0x78f79ab9849fee3335a2a65c5bfa03167ae7ec4e,0xd212a7c928b7a61460d67b96769bb8e38b4a4652,Reental-HOU-2
0xb8e9b11e3a5dbeff4f5368174d94f02ef86780f40d5e809ca6b0547f01682606,0xf090b60f731583288e8c7c9d9a80680e35bd63e0,1.99,0x78f79ab9849fee3335a2a65c5bfa03167ae7ec4e,0x8042d82d16405de78e477526e66d4602360cad3a,Reental-HOU-1
0x0b4f7cf548e47b2a29e3058ba38314ddda62b8752f356e0b71b1d2ad777aaa04,0xe56ff2dff2c2e95511f0bef4b3d92da05e8197c0,7.102,0x78f79ab9849fee3335a2a65c5bfa03167ae7ec4e,0xaf446f6f480b440afb23340c7684b9811415ed4f,Reental-HOU-2
0xf95a58f3fac4a751ac83c63dcfd94d219d928f6ac3932fef4ced9072c2c2b2eb,0x4adaee2dae690cf8f3915f1c1963f16d239c5e11,10.0,0x78f79ab9849fee3335a2a65c5bfa03167ae7ec4e,0xd212a7c928b7a61460d67b96769bb8e38b4a4652,Reental-MRB-1
0xcefc35ff5a05c7dd8ca787401df719d417305a83ce11518d58621e773b7a028e,0x4adaee2dae690cf8f3915f1c1963f16d239c5e11,5.0,0x78f79ab9849fee3335a2a65c5bfa03167ae7ec4e,0x9f94eb8ae902abb53a522988f46a02e5400c8331,Reental-MRB-1
0xec09c7d16bbb6e4adc4c890635c851453ad2a8e9b16fed7f24e87a23f9815cb8,0x4adaee2dae690cf8f3915f1c1963f16d239c5e11,1.0,0x78f79ab9849fee3335a2a65c5bfa03167ae7ec4e,0xf9c3fa98e7c685ff7964b7a297a7a22cb88eef19,Reental-MRB-1
0x5f1e974dabbd92031cc7cbfce58040b3fc3edb5d3a86612e014a70af58d72f32,0x4adaee2dae690cf8f3915f1c1963f16d239c5e11,5.0,0x78f79ab9849fee3335a2a65c5bfa03167ae7ec4e,0xb222b61c259e22546bfe9edd0b4eecc73aec3cf9,Reental-MRB-1
0xaa02c41f0d364b742fbf364ad06320302c6196c8f775cf9a6446b3a8d2455a42,0x4adaee2dae690cf8f3915f1c1963f16d239c5e11,5.0,0x78f79ab9849fee3335a2a65c5bfa03167ae7ec4e,0xb222b61c259e22546bfe9edd0b4eecc73aec3cf9,Reental-MRB-1
0xdae0752c9d640e7f8967acba5315444cf4b4d240089310d5569b8eb4f79794e6,0x4adaee2dae690cf8f3915f1c1963f16d239c5e11,25.0,0x78f79ab9849fee3335a2a65c5bfa03167ae7ec4e,0xb222b61c259e22546bfe9edd0b4eecc73aec3cf9,Reental-MRB-1
0x904a922e477e21f3d0b9d745b4a83a8b5a40b7022dc86f5c26428cd097aef286,0x4adaee2dae690cf8f3915f1c1963f16d239c5e11,95.0,0x78f79ab9849fee3335a2a65c5bfa03167ae7ec4e,0xf9c3fa98e7c685ff7964b7a297a7a22cb88eef19,Reental-MRB-1
0x61c3356f5b02dabce90c82ed79390a62c343b2bfd9e316c75c87542b4983cec1,0x4adaee2dae690cf8f3915f1c1963f16d239c5e11,10.0,0x78f79ab9849fee3335a2a65c5bfa03167ae7ec4e,0xc0896e0e56d45b3c6d3444bff507adf6f15ee068,Reental-MRB-1
0x37e5e1d5fcec12bc697ebb3aab7e980d86636b8c4219ee88529edb36a064bde7,0x21ae95a56ef471370ce89a7a4624117f31810927,5.0,0xf9c3fa98e7c685ff7964b7a297a7a22cb88eef19,0x78f79ab9849fee3335a2a65c5bfa03167ae7ec4e,Reental-DNB-1
0x9fd5c2206595978531627b94f21cae21979e31684cb2f2a9c2ddaeb793efb84e,0xe56ff2dff2c2e95511f0bef4b3d92da05e8197c0,1.0,0x8a7ccf8e2c6ccf18dc43ca4191a59506e27d0047,0x78f79ab9849fee3335a2a65c5bfa03167ae7ec4e,Reental-HOU-2
0x9a3b17e999da03e8e306b0dfae8d4b4328e95da4f915688eda9a522155dd96e8,0x46182d6937ed8cf2707e187b61b654e8ca59c7b5,40.0,0x78f79ab9849fee3335a2a65c5bfa03167ae7ec4e,0xf9c3fa98e7c685ff7964b7a297a7a22cb88eef19,Reental-DXB-2
0x099e27a9edd8501b7d9e30ff962736376f95414f9042c21dd8136408eff79801,0x4adaee2dae690cf8f3915f1c1963f16d239c5e11,20.0,0x78f79ab9849fee3335a2a65c5bfa03167ae7ec4e,0x94264445fb3d0cd4f90e2e641ca1bd2a01e5c65a,Reental-MRB-1
0x9dcbb49d91d8a1e833bdf50d4418ffd72d140ae1aa1e587afefb05b3cf18e5db,0x4adaee2dae690cf8f3915f1c1963f16d239c5e11,60.0,0x78f79ab9849fee3335a2a65c5bfa03167ae7ec4e,0x94264445fb3d0cd4f90e2e641ca1bd2a01e5c65a,Reental-MRB-1
0xc9cdecbc6e29787eb6774ed36495bfaf556778cda34d536ef94c65d042741f51,0x4adaee2dae690cf8f3915f1c1963f16d239c5e11,100.0,0x78f79ab9849fee3335a2a65c5bfa03167ae7ec4e,0x94264445fb3d0cd4f90e2e641ca1bd2a01e5c65a,Reental-MRB-1
0x0b3932da11752648a0ba66592a0e69c7952e5b9d108ca41b84a039a1c0baa86f,0x0627fc2b5552308f0417f14257e69f76f5d1f322,1.57930248,0xa3804d27c0d8386b9d4218f5e59ccfa778b59e6a,0x78f79ab9849fee3335a2a65c5bfa03167ae7ec4e,Reental-SAT-2
0xf25a8280c13b503b7735155a98832d49e235619e3b838662b4f3a8374d360e32,0xc9202973248e4052ae2a10759a87f0941c00299f,2.90193429,0x952c859a72cb273e7ca95e3c5342f70af6fcc52d,0x78f79ab9849fee3335a2a65c5bfa03167ae7ec4e,Reental-NCA-1
0xea174a4684e88cf1c8774a9e84d1d6a084b70d23b46547b1bba67d032489b133,0xcc4c1ce8d335bd40a0acf17b9ab08c030cc299aa,1.0,0x8fff5805b5c0de5e6f2da59dd6ebb9dd8fec9b43,0x7a9e3e8ee97331f5da7f5754f081b4283ea805d0,Reental-PRO-100
0xd44f8678c34ded23b91f149369bea266cc351aa084883097881ac75b126297b6,0xc48b58aae1fb770a8655e44de960eb7dc84a5de9,1.0,0x3d1ab22d96f9cd10fb0f1cc8039f978123a251c5,0x7a9e3e8ee97331f5da7f5754f081b4283ea805d0,Reental-RET-1
0x00b40990bd68dd351969330e6e3b35bb731a29e52912e0c2377de8e427d69631,0x7469b9381bfa8a34bef9dfaad03d75f60947f957,1.89301886,0xbe4dd0c066d01842f7c79ea850fa7bd0f4d52e44,0x7aaafc705a0d2e9390e95b6f41728390ea58f364,Reental-CDP-3
0x04a06a7a9b5e5599b619d289ec64c1c4a5a084f3284d7bfee715720be647860a,0xa17e89f33e80b506af759f9e493efe29a47ea905,10.0,0xff8975d6d90848cd9affa48e7b043813873b571a,0x7af81bc065f4c40ad17db318adce6a5dc0eb11ea,Reental-VLC-10
0x7a20fa7a775571f32f862edf41abd8187a8ddfa355ec018a9babc4a18e068ced,0x68f73061bdf369c2562f4c0ea4e940f362d1a97f,0.9965087,0xa087dcd612b8ba98580ea48a33ba4dfa2ab8c2f3,0x7c27a000cc83864cf1fe982757824cb1de104ad0,Reental-ATL-1
0x0ba4cb7e023c6a8956e7a5dd843852354257a262ee6d056328443efe32682724,0xe56ff2dff2c2e95511f0bef4b3d92da05e8197c0,0.99,0xa087dcd612b8ba98580ea48a33ba4dfa2ab8c2f3,0x7c27a000cc83864cf1fe982757824cb1de104ad0,Reental-HOU-2
0x494d895e58c811aaa9b32eb6f44407d98c325d20c6f0593eb61db99bc512487b,0x2a8bbc241849431e9cc7c4dbea9c05dfac2de553,6.0,0xf9c3fa98e7c685ff7964b7a297a7a22cb88eef19,0x7c27a000cc83864cf1fe982757824cb1de104ad0,Reental-GRX-3
0xe7024c5ee6ee4972d86f3b0961c7281dc388d4e067d9a9523da34a504e52d9c5,0xb0825e7a4093d21ed076883f8aca33300631291e,1.0,0xa087dcd612b8ba98580ea48a33ba4dfa2ab8c2f3,0x7c27a000cc83864cf1fe982757824cb1de104ad0,Reental-MIA-3
0x7781454b77ff51b1163d7421fc867c7c143a81596ac0237690e277e30abfa03d,0xe6e3ff145a6ffcd1dac08472f89164c0c43316b2,1.0,0xf9c3fa98e7c685ff7964b7a297a7a22cb88eef19,0x7c27a000cc83864cf1fe982757824cb1de104ad0,Reental-CMY-1
0xec91ec8556c75e2ffcfc00b894191c9965a3e83a9f5b153388c7706ae870f923,0x68f73061bdf369c2562f4c0ea4e940f362d1a97f,2.54745,0xd83be40891ae6c08342b7b399d21aca2b8eee719,0x7c27a000cc83864cf1fe982757824cb1de104ad0,Reental-ATL-1
0x716dfac2ef9d25e1c042378db3653f1bdb2577ac88a14fe978b31c4f9526e567,0xa0d99b441a9a5e334b234f31a92b97fa8d663626,1.0,0xbb5c220d202fd05c696ed73c18e9db175e7a7a5a,0x7c27a000cc83864cf1fe982757824cb1de104ad0,Reental-YCT-2
0xf1e286f2dae5771d517f7832417893abb7f4b923b2a1a067979a26bf623d6ee6,0xcc4c1ce8d335bd40a0acf17b9ab08c030cc299aa,7.0182,0x5693a921fc4517bda34437e6d95333b693a661a6,0x7c27a000cc83864cf1fe982757824cb1de104ad0,Reental-PRO-100
0x2272ff21203055164570372053d3e8ad62c22662fe5d1370118cd3a53dfb9716,0xed923b814f1ea3d42c54dda55ba8edfaba994489,1.0,0xbb5c220d202fd05c696ed73c18e9db175e7a7a5a,0x7c27a000cc83864cf1fe982757824cb1de104ad0,Reental-BKL-2
0x8b782e6c392a41b49d01df82d0a6f208eb39d58421a4fbe0dac11f319ef25932,0x1b0d685f5e4063033e0a1a360db864c9911eedda,1.0,0xb5b077cb356f8a7050ac1939b356e4f9e9e3517c,0x7c8db3e92368760e19e06f80db78b1d26536bf11,Reental-VLC-9
0xd6fbac75b5484cd58eb673a117dda1eca18533844e766b886ba114c9c3e5af7a,0xaca38d593f7775334fa1b84a865f19396f62f760,2.31768392,0xa3804d27c0d8386b9d4218f5e59ccfa778b59e6a,0x7c8db3e92368760e19e06f80db78b1d26536bf11,Reental-MLG-6
0x40baac7d7a2afdce1353b9b802639b15ab0deb371087ef1fd7cadcb6ba6f5db4,0x3b7455335fc7c3839167ed8fc173405908ffdf15,3.0,0x6107da77b7e200de44af71de2e6dbd5faddfcc8c,0x7d1306d880b437da49644245ca0e33caddeb1a78,Reental-TLM-2
0xdd47fab29861744f4326d9d6e7ad43c996d68b77b3fabcad888c747e9a43e126,0x7f6b82381bce03e7cf6af2fb1dcd41993406d4ae,0.81010113,0x6107da77b7e200de44af71de2e6dbd5faddfcc8c,0x7d1306d880b437da49644245ca0e33caddeb1a78,Reental-MLG-2
0xb7415edfb907d767d33f605dc36afeeedf774b3340396e9fa99ad8af1b8e361b,0xbaea3b53056d42c763d14bef94b39ada218c2dbd,13.0,0x82952d2256eb2ab8d842167c4b5de2fd0bed0c9f,0x7d1306d880b437da49644245ca0e33caddeb1a78,Reental-VLC-7
0x15dec9f585babc7945d82503242b8adcbe48c1e0f93a2a531ff2cf07eb88bf5a,0x3b7455335fc7c3839167ed8fc173405908ffdf15,4.2,0x64441cc873d5f2014ac6c1a2f039b405abca3d09,0x7e186016b365c79ae28a243dbfb53f6762854c29,Reental-TLM-2
0x990d301420fcf2fbdfadeec9e3e8337587d082f1f677eca6520affff1280f304,0xe27f1e1d5ef28f560cbd9500342b24dd989635d2,1.0,0xc0896e0e56d45b3c6d3444bff507adf6f15ee068,0x7e186016b365c79ae28a243dbfb53f6762854c29,Reental-VLC-1
0xf6c52d9163e98f3c270abc3510280e89d923b8bbf954a03e37eed75e8ec61d1b,0x60d595922e964b5cc002b5c207fde25d98d6fcd1,10.0,0xab426604ebddf26a62d2b9a079d9922d0c067279,0x7e186016b365c79ae28a243dbfb53f6762854c29,Reental-VLC-5
0xa84fcab6f6b039e5986c805d4813bfba9bca82b6f17cb1187c6670ad74026bc2,0x92f8150266c3a2a51be53188eebdfb0798ca7910,4.00497693,0xb64fbeef6b52207a4648308c56b84432b16e9b0f,0x7e186016b365c79ae28a243dbfb53f6762854c29,Reental-SGT-2
0x0151c15ca5a42165e88eb54cebb9962650bbf5ff6487957b050df85e5469e51a,0xe27f1e1d5ef28f560cbd9500342b24dd989635d2,1.00069831,0xd3b59a18b69458beb628240c8542963ea132a84e,0x7e186016b365c79ae28a243dbfb53f6762854c29,Reental-VLC-1
0x70bcad32092c2f4f21196fb9469d5fb0b8c3ce719e0db89e441bff52452f2291,0xac6b91d535bdedb731045ed823d2a6c3ad5b5177,1.0,0xdf50cbf0ea828d6d3fb7b59f905a56ec64d5036d,0x7e186016b365c79ae28a243dbfb53f6762854c29,Reental-OVD-1
0x0a2e3d459891da0a0f19a2d79f3f0d3691b46d097944b73710bbd590998f251a,0xac6b91d535bdedb731045ed823d2a6c3ad5b5177,1.0,0xdf50cbf0ea828d6d3fb7b59f905a56ec64d5036d,0x7e186016b365c79ae28a243dbfb53f6762854c29,Reental-OVD-1
0xb4d650117572ee04b153fd62b698761f7194a84152a11bf19e775386d40ea499,0xaca38d593f7775334fa1b84a865f19396f62f760,5.63039954,0xd601b3ed546840032f42ed32b7de3a753a94ee5f,0x7e186016b365c79ae28a243dbfb53f6762854c29,Reental-MLG-6
0xce7cea8332b6fda8f8d6f4c25ca7c533c6c0aebcab5ef541a1d6b4d1d1e7d0d9,0x7469b9381bfa8a34bef9dfaad03d75f60947f957,1.0,0xdf50cbf0ea828d6d3fb7b59f905a56ec64d5036d,0x7e186016b365c79ae28a243dbfb53f6762854c29,Reental-CDP-3
0x17a301ac7d3f6155c2b75c15f4dca516143c31aeacf97e4dde87290cfb843f04,0xfd0ea97747f7b1a53ec59ef5001616cde3aead3e,26.58461985,0x82952d2256eb2ab8d842167c4b5de2fd0bed0c9f,0x7e186016b365c79ae28a243dbfb53f6762854c29,Reental-CLVM-2
0x48c69c37840d6d0a572d23bd9a569b9197c637339d82f077ff8b29f998eb19d9,0x29fdc3434576e188e8131b2ad9cf94d3b3e71f56,10.0,0x7e186016b365c79ae28a243dbfb53f6762854c29,0x9f94eb8ae902abb53a522988f46a02e5400c8331,Reental-MLG-8
0xd104e1804e058e7858662f07c01edbb45127f7fb48c8b6b4d12592bb11430ba0,0xfb759e0cc5cff4aea606064acd41c71c7c11bf40,10.0,0x7e186016b365c79ae28a243dbfb53f6762854c29,0xb54d1ee3859a24789d931962b7313bb2a2529785,Reental-BKL-1
0x8360a95bfaa609fa69272b33763d829ba7744f38836248713593c663ddbb6b7f,0x69072424b70ed26ff987fcb49258b7e8f93c6d82,1.0,0xce89063272ecce1cda2086670ff94cbc690b8f5f,0x7e543f81526585c31a541c78fc0bd9cec9de0c17,Reental-SAM-1
0x8cbfea67c0e0c41224d4ecff7015cd66fc00dc2b23651133b167b1d90efce5ff,0xe16901dad396fe7b1b77b6d2bd91b2d648e8a762,1.00004389,0xf9c3fa98e7c685ff7964b7a297a7a22cb88eef19,0x7e543f81526585c31a541c78fc0bd9cec9de0c17,Reental-HOU-3
0x3acb219c9f086cfcb21ffd1a278f40b602b8199efc8576af41fab7e7b2a8c425,0x49b8f29f17a27ae89121642838e37bc8ce77d2f2,3.0,0xe2c864f2e2681f0803a5b0f45012f608abc9ea22,0x7e7f6b36160f1247222b716b9a32e7816c742ccf,Reental-SMA-1
0x55579739cb6551b34407c949f92080dad088a765dbdca7b0738524423633374c,0x68f73061bdf369c2562f4c0ea4e940f362d1a97f,10.0009,0xda097eee619b30e03adb1a6ef996882a4ae8b5ea,0x7ea92bc056c3a77ead649106b2d436a190b0ae0c,Reental-ATL-1
0x8b83ff34c28d628ca269e1a62fc8d476bf59be4d08401cfa969e872119021d5f,0x46182d6937ed8cf2707e187b61b654e8ca59c7b5,10.0,0x9c0e7f3e623e2daf58f9a343348671d76613af2e,0x7ea92bc056c3a77ead649106b2d436a190b0ae0c,Reental-DXB-2
0x873b91e99fc40f4d1afbfdcf1ebd12dc563e422fae3f7804ac453a8ba49b9c3e,0xf090b60f731583288e8c7c9d9a80680e35bd63e0,5.0,0xd3d40870c53c407880605631f14d473eb7c6a6f5,0x7ea92bc056c3a77ead649106b2d436a190b0ae0c,Reental-HOU-1
0xc7288e2385c98512c6a56a45bf933f96d83cf7b79c6dba02b1d7cbddf8c12b51,0xe56ff2dff2c2e95511f0bef4b3d92da05e8197c0,10.0,0xda097eee619b30e03adb1a6ef996882a4ae8b5ea,0x7ea92bc056c3a77ead649106b2d436a190b0ae0c,Reental-HOU-2
0xcfa939b6cf7806ec1e879ed12728cfd2f2e27dffa6ab1e24bfc92d432c88b471,0xe59dde10d38df397c996bdb1325b6f81684a8b80,14.54658102,0xda097eee619b30e03adb1a6ef996882a4ae8b5ea,0x7ea92bc056c3a77ead649106b2d436a190b0ae0c,Reental-DXB-1
0x071eb95e07e029a1c805a9b8c39aefddee24fb55caef8f6f945e870e20165aab,0x8e08d151466bd8499a89ee9254586ef141f324c9,10.0948158,0xda097eee619b30e03adb1a6ef996882a4ae8b5ea,0x7ea92bc056c3a77ead649106b2d436a190b0ae0c,Reental-FMY-1
0x9b649599a729a146feee1c1a8d6f5fb8e9e95d8f929474b3eb0325d9a0297434,0x2f1026ff5bd94232050364c81d61a2d15e147209,10.0,0x9c0e7f3e623e2daf58f9a343348671d76613af2e,0x7ea92bc056c3a77ead649106b2d436a190b0ae0c,Reental-MIA-1
0xfc42f686625450c1912cdac2914a67de20f5edf71c4f9660924e4b771a192418,0xf4237a554dcddc007688ffd72046e2b00dc5a905,15.27923876,0xc3a8e0c76574defbba0d65994c7efa17182122dc,0x7ea92bc056c3a77ead649106b2d436a190b0ae0c,Reental-MAD-6
0x511f25e142cedd71162eb0559be9c46898195688117e90d3168b3e6263595912,0xca53dd67cfa553d9e31c377602fb217dff9eadff,2.0,0xc0896e0e56d45b3c6d3444bff507adf6f15ee068,0x8042d82d16405de78e477526e66d4602360cad3a,Reental-SMA-2
0x8e880c3a4b2042e5c230827b75a574135a4874a7ee390075d3658737b50f07bd,0x9c09c8525c5baa3b254cb0a60d3565cfbd5c9f28,5.0,0xb64fbeef6b52207a4648308c56b84432b16e9b0f,0x8042d82d16405de78e477526e66d4602360cad3a,Reental-JAX-3
0x9cd85f63ddca83f47898ed620616a9b467275c7fa53904606816a98f79bb983c,0x6b4fa3c69e62f8f03dc018b57efa74d560462210,0.81075197,0xfb8482d3a050b09d9dd3d3fb44e858864ef649f8,0x8042d82d16405de78e477526e66d4602360cad3a,Reental-MAYA-1
0x403fb3c81dba1ead70b24df9091fa51ee9a576fcff0c9fa3d7860e4927bfffc4,0x6b4fa3c69e62f8f03dc018b57efa74d560462210,3.0,0xafb2735179c625dd1d199b415a88a32c5d0fccce,0x8042d82d16405de78e477526e66d4602360cad3a,Reental-MAYA-1
0x354ec6287f6b4bd3e5e72679d19e0974cd7dc9f7148ae95186c19a18cfd4f8b1,0x6b4fa3c69e62f8f03dc018b57efa74d560462210,2.4380951,0x52b71b70ec73defae5e9840e4fa706ecb2b29a25,0x8042d82d16405de78e477526e66d4602360cad3a,Reental-MAYA-1
0xfbf520cc569e51eb75db729606b906bf900e0b665d047d8d8ca1cf89957a6f34,0xf7a694bc2768fc3b26beb5e98bb76f744397e49c,1.62,0xc1213762f0b2010721e34a7d3a4e6742f836b462,0x8042d82d16405de78e477526e66d4602360cad3a,Reental-RDO-1
0x26cd700d256651ba361be9b45a85e99d5af3e32dab227e2488585b3aa9d04ac2,0xf7a694bc2768fc3b26beb5e98bb76f744397e49c,5.0,0xf9c3fa98e7c685ff7964b7a297a7a22cb88eef19,0x8042d82d16405de78e477526e66d4602360cad3a,Reental-RDO-1
0xc91c87981369bbc4b4e4db008399854d0a668c12e725d3d3b1f4699110f56b6c,0x49b8f29f17a27ae89121642838e37bc8ce77d2f2,0.78565589,0x9b04ba99ad57a8cfc5d1273f4cfe80d67a9bb9bb,0x8042d82d16405de78e477526e66d4602360cad3a,Reental-SMA-1
0xc7bada66a35fc3ce3ece35dc31eb79f2a041751d13a895ce8eeb442124970c01,0xdecfebdaf1131899fb38a53dc63671246220ab7a,0.20203032,0x1bff0228f85596345d73c93a40f5014f41efe4ea,0x8042d82d16405de78e477526e66d4602360cad3a,Reental-RDO-5
0xc3c54cd50a436f2cd10200c662731125fb25f6b0762651fd79625fa590523f09,0x954229f463f73a857fddc346857771c1ef3f7c00,0.20214645,0x1bff0228f85596345d73c93a40f5014f41efe4ea,0x8042d82d16405de78e477526e66d4602360cad3a,Reental-RDO-4
0x3e0dd8061e7ea13e2ed9f6ef1ba55c3ea88cd27f54f23873b373d175e989a41b,0x4adaee2dae690cf8f3915f1c1963f16d239c5e11,1.0,0xd212a7c928b7a61460d67b96769bb8e38b4a4652,0x8042d82d16405de78e477526e66d4602360cad3a,Reental-MRB-1
0xf71402f4d517a64afadbf1ecb7d552c4b261c6e423a27f2def1b5c558436e382,0x954229f463f73a857fddc346857771c1ef3f7c00,3.98301708,0xd7c29b7bdff2e120af60efbbdd420b576abd3a72,0x8042d82d16405de78e477526e66d4602360cad3a,Reental-RDO-4
0x0b90477eab2c4e4f7e474be324171281ff352ac377d3aca0a06afa39ebdc9f69,0x0e3cee0e3a23c6a7c2aa5df16e7c417f1344b580,2.81651022,0xa9d57be6fb6a975d6e8663d1ee6248e1c66a7044,0x8042d82d16405de78e477526e66d4602360cad3a,Reental-MLG-10
0x675e2b12b41ad43cc4c8c5e475679a11bfa42ef5282d66972df6f9095c36af60,0x7798f8c28ce575188f4e65aeb6719c0ec5c69195,4.28985756,0xf021a90753fd51994c7d2ae3da9e63fb0e7c0ff3,0x8042d82d16405de78e477526e66d4602360cad3a,Reental-VLC-4
0x8b117b374feb8de38e5fb45ca40ddf6d7685ab2db9ddcef2c2af1903bb9e0782,0x29fdc3434576e188e8131b2ad9cf94d3b3e71f56,1.0,0x13298289c119438e0dd2bce32e23f71192d063fb,0x8042d82d16405de78e477526e66d4602360cad3a,Reental-MLG-8
0xab63461994c2c38e4afc7ca3a5b756b90dba03b5e1fe043e20ae7775e1c9bcdb,0x29fdc3434576e188e8131b2ad9cf94d3b3e71f56,1.0,0x13298289c119438e0dd2bce32e23f71192d063fb,0x8042d82d16405de78e477526e66d4602360cad3a,Reental-MLG-8
0xbf2e01e162c5934e0f600709577f40f942d6fec40392aec337c8ad8006490ee9,0x29fdc3434576e188e8131b2ad9cf94d3b3e71f56,2.0,0x13298289c119438e0dd2bce32e23f71192d063fb,0x8042d82d16405de78e477526e66d4602360cad3a,Reental-MLG-8
0x3b5d7acccf4ba4c4f35f3f88ea0f1b68a56ea527c9dfa7b56aa6e796d21120d9,0x29fdc3434576e188e8131b2ad9cf94d3b3e71f56,1.0,0x13298289c119438e0dd2bce32e23f71192d063fb,0x8042d82d16405de78e477526e66d4602360cad3a,Reental-MLG-8
0x40906fbef90a83343098a410ee56eca4fd4f6413c1a3ef87ec156c134f4a2dcd,0x29fdc3434576e188e8131b2ad9cf94d3b3e71f56,1.0,0x13298289c119438e0dd2bce32e23f71192d063fb,0x8042d82d16405de78e477526e66d4602360cad3a,Reental-MLG-8
0xdf1b5ad23a276b1bd55f985f3eae6c5821dc6d9621cfa86e6f0a9f97fa211e2f,0x7469b9381bfa8a34bef9dfaad03d75f60947f957,2.0,0x23363a09813b1241abad140371278de17647866f,0x8042d82d16405de78e477526e66d4602360cad3a,Reental-CDP-3
0xf3d6adf6a76e075976a4fdbf2178acfdfa3ef429a7bb82836a219080ad1b3c8e,0x7469b9381bfa8a34bef9dfaad03d75f60947f957,1.0,0x23363a09813b1241abad140371278de17647866f,0x8042d82d16405de78e477526e66d4602360cad3a,Reental-CDP-3
0x67215f448e6d5552b40960c16464d5b76c0d3cf0413a732e94a11b37c0dff58b,0x7469b9381bfa8a34bef9dfaad03d75f60947f957,1.0,0x23363a09813b1241abad140371278de17647866f,0x8042d82d16405de78e477526e66d4602360cad3a,Reental-CDP-3
0x86cb66a5f5a03571819d42dbd580dd6c669615f9aec9be12c8b70343689845ed,0xca53dd67cfa553d9e31c377602fb217dff9eadff,0.19276485,0x23363a09813b1241abad140371278de17647866f,0x8042d82d16405de78e477526e66d4602360cad3a,Reental-SMA-2
0x16a63f1228a5652d008487aee75bf3666c20ea41a73154667112024315e17e53,0x33be67454ae817337db15877fd4106c5cd5206c5,1.84197473,0x8e10ab38b74eb67e64cc89d52673ab788eca5823,0x8042d82d16405de78e477526e66d4602360cad3a,Reental-MLG-5
0xe7ecda66674fae7b4bae5df434f956e0ddb32f60ebc1a609156770a45b93bcab,0xad3e1f50590ef6f323caa0cf43f39d28d1d34144,1.0,0xccffa7d14a9dcaa3b63f9cd7395df73563c3a727,0x8042d82d16405de78e477526e66d4602360cad3a,Reental-JAX-2
0xb7540ec42b01635505f379217f6fbacc542342eceafee97f2dbfcb2336826c38,0xf7a694bc2768fc3b26beb5e98bb76f744397e49c,6.4,0x8bdf687599153a62dbb6e0d85c0c81c98f408d2d,0x8042d82d16405de78e477526e66d4602360cad3a,Reental-RDO-1
0x9c774ac12aeb9b9be39b2f50413d4342867a91c66a33d02905ed353e1052197f,0x6b7c34c8a1ffd4238e702243f0ff005680037fad,15.0,0xcfef84696c0df6b3f2fa6b780b21551241715f72,0x8042d82d16405de78e477526e66d4602360cad3a,Reental-VLC-8
0x18f29b147866a701c4e5fedc59f59215410c1125f68f8cf4379d61ee3b230319,0xaca38d593f7775334fa1b84a865f19396f62f760,10.0,0xee21cb5ad21b519849e2a14c1555ca9e00a4f67f,0x8042d82d16405de78e477526e66d4602360cad3a,Reental-MLG-6
0x71f7a0f6f0eda06a23a7a37bb728734eb1584ac796a2061b6e7701e3a62541aa,0xaca38d593f7775334fa1b84a865f19396f62f760,8.0,0xee21cb5ad21b519849e2a14c1555ca9e00a4f67f,0x8042d82d16405de78e477526e66d4602360cad3a,Reental-MLG-6
0x5d4327b4650004d60b108e0f015871eb80d6c9b457f8c41cf1fae0fcf2513995,0xfd0ea97747f7b1a53ec59ef5001616cde3aead3e,5.0,0x86a8f2c6251b94e6ec9812225056392d5af723c0,0x8042d82d16405de78e477526e66d4602360cad3a,Reental-CLVM-2
0xdc518f00bb42c78e35e3588d57d2a8226aaa6ee276896ad0959b57827b43bac7,0x6b7c34c8a1ffd4238e702243f0ff005680037fad,2.0,0xc0edf7382937a736c8deaa527e7c50c650506345,0x8042d82d16405de78e477526e66d4602360cad3a,Reental-VLC-8
0xeb8c7b46e74a02a3e432d34efbce18b2ea97cba1bf93926ac08e8bfd60987634,0xfd0ea97747f7b1a53ec59ef5001616cde3aead3e,10.0,0x86a8f2c6251b94e6ec9812225056392d5af723c0,0x8042d82d16405de78e477526e66d4602360cad3a,Reental-CLVM-2
0x7261287d2bf17e5ea27d6f1c56185ab60976619a73a9550cc36a280d6c1fcc26,0xa17e89f33e80b506af759f9e493efe29a47ea905,5.0,0xca20609da56c09acb47e7be96a360ef4383d447a,0x8042d82d16405de78e477526e66d4602360cad3a,Reental-VLC-10
0xd042d19ac488dfa5dbf60a50f0f0c9c9f10e0a474730dd54fb10c2c05e8ca25e,0xbaea3b53056d42c763d14bef94b39ada218c2dbd,1.0,0xd212a7c928b7a61460d67b96769bb8e38b4a4652,0x8042d82d16405de78e477526e66d4602360cad3a,Reental-VLC-7
0x75e32cdd67556ae4359a636d4e58e2413d209edbb2df59424d6ff5da032352b1,0x7798f8c28ce575188f4e65aeb6719c0ec5c69195,1.0,0xca20609da56c09acb47e7be96a360ef4383d447a,0x8042d82d16405de78e477526e66d4602360cad3a,Reental-VLC-4
0xa2c275df6171468a7e11d4dfe91b72bcfbb44b7138d8d2ee1b58e37a8b54ce4e,0x7f6b82381bce03e7cf6af2fb1dcd41993406d4ae,1.0,0xd212a7c928b7a61460d67b96769bb8e38b4a4652,0x8042d82d16405de78e477526e66d4602360cad3a,Reental-MLG-2
0xfb71cf713e0a6f9ef15195c3d6741e83821812708696974e922eb5b72cba6cb8,0xfd0ea97747f7b1a53ec59ef5001616cde3aead3e,1.0,0xd212a7c928b7a61460d67b96769bb8e38b4a4652,0x8042d82d16405de78e477526e66d4602360cad3a,Reental-CLVM-2
0xa0567dbe66f80b559fbf1590a8703eee69bf2281056d446bb0c0bfadb22edc99,0xdecfebdaf1131899fb38a53dc63671246220ab7a,2.0,0xe2c864f2e2681f0803a5b0f45012f608abc9ea22,0x8042d82d16405de78e477526e66d4602360cad3a,Reental-RDO-5
0xd50b3024cb119e585d7be73acc5f0c5ca72fe1d7cc23af17f909c2e3b9107667,0x4adaee2dae690cf8f3915f1c1963f16d239c5e11,1.0,0xdf50cbf0ea828d6d3fb7b59f905a56ec64d5036d,0x8042d82d16405de78e477526e66d4602360cad3a,Reental-MRB-1
0xecbce6d2951e1ec308808ced17965ff86aa2a042ebdad65c2c70646626e9206f,0x4adaee2dae690cf8f3915f1c1963f16d239c5e11,1.01731884,0x89528b6bc17b8f3a024462549f7aa33cdf10eac2,0x8042d82d16405de78e477526e66d4602360cad3a,Reental-MRB-1
0x059f9d5509dafe03e318bc3e89eeeac0707362cd702b3b9c01c067e3a1ce1f05,0xfb759e0cc5cff4aea606064acd41c71c7c11bf40,2.28596639,0x89528b6bc17b8f3a024462549f7aa33cdf10eac2,0x8042d82d16405de78e477526e66d4602360cad3a,Reental-BKL-1
0xd9baa5bc5473c42e26dac8ba8bee5ac93bacf3423eb3ef1a8a8ef4db57770631,0x68f73061bdf369c2562f4c0ea4e940f362d1a97f,1.0,0xfb8482d3a050b09d9dd3d3fb44e858864ef649f8,0x8042d82d16405de78e477526e66d4602360cad3a,Reental-ATL-1
0x13c608811c1443879e5376c2142d0ba7f71814db53da7d291d6e744d2201f522,0x7a7e4dd51d1ca1aa701b0eb76ba5f59cec2fbaa1,1.69597522,0xd73d0b5775caf7ff914d8643bc31bbfb1db2f3c6,0x8042d82d16405de78e477526e66d4602360cad3a,Reental-MAD-3
0x385819ba77dfc1f117d45fe235d7e9728e4b71d2449440a02c549f96a213b663,0x7a7e4dd51d1ca1aa701b0eb76ba5f59cec2fbaa1,1.0,0xd73d0b5775caf7ff914d8643bc31bbfb1db2f3c6,0x8042d82d16405de78e477526e66d4602360cad3a,Reental-MAD-3
0x24f0caa4885e8b86798c88f6491667dc1ed6b824cb5c6532810b1a18063a5769,0x093984f85f980479172fb96982f79c418ac730f7,5.0,0xf9c3fa98e7c685ff7964b7a297a7a22cb88eef19,0x8042d82d16405de78e477526e66d4602360cad3a,Reental-RDO-6
0x93d44dad437a9ea40fb1a6dfb344b621f8df3999f1e4c0e8179a8c34153cf0db,0x29fdc3434576e188e8131b2ad9cf94d3b3e71f56,0.3093,0xce89063272ecce1cda2086670ff94cbc690b8f5f,0x8042d82d16405de78e477526e66d4602360cad3a,Reental-MLG-8
0x1bee22469e6c425df7d7d5ec8d690f79b868e8f902f1cae1dbb745cd14744382,0x7a7e4dd51d1ca1aa701b0eb76ba5f59cec2fbaa1,1.94044774,0xf9c3fa98e7c685ff7964b7a297a7a22cb88eef19,0x8042d82d16405de78e477526e66d4602360cad3a,Reental-MAD-3
0x6a976b40d41e69fe7eb8cba5df4fc2a5ae4edf82e025a53e17e9093b0ee703a2,0x7a7e4dd51d1ca1aa701b0eb76ba5f59cec2fbaa1,2.52503149,0xf886c9a5b1fc8eddba7c1432b27fce0cf2cf0c6d,0x8042d82d16405de78e477526e66d4602360cad3a,Reental-MAD-3
0x1677bbfa2161be846a096c36f4dd200ddec35fc3c9c528ba99eb36f47f0044e4,0xad3e1f50590ef6f323caa0cf43f39d28d1d34144,2.0,0x90d3032a522e9935b5b86cb2b0446e654117e348,0x8042d82d16405de78e477526e66d4602360cad3a,Reental-JAX-2
0xacab4bff7d7d187fc346ac92eb493490a7834b5ffeebe2a91fc8689411329731,0x7a7e4dd51d1ca1aa701b0eb76ba5f59cec2fbaa1,1.58204152,0x3024b33c6b6c0e90a908da6a718b9b74ece6b4da,0x8042d82d16405de78e477526e66d4602360cad3a,Reental-MAD-3
0x1f5576855cb11e6f0975277e2c9e28f86cc4d0c822024c13fe39af9886e10f11,0xe7d35f9248ea53943765928c0d9dc027a0129f28,1.0,0xaead7ad2bb47499d537cfe44fd213372ca61b377,0x8042d82d16405de78e477526e66d4602360cad3a,Reental-MLG-3
0xad70a8d9afc09b2815b59fa09ff31db20ae2a0e068ad839b045587882f9c52e1,0x7f6b82381bce03e7cf6af2fb1dcd41993406d4ae,0.18566401,0x840485ea36dc71c48265756b23f5751a8ac05dc5,0x8042d82d16405de78e477526e66d4602360cad3a,Reental-MLG-2
0x93e184776ac0323874b36569317e7abf3a49747f6b80d1ce5ae88983e595a6c1,0xaca38d593f7775334fa1b84a865f19396f62f760,0.46016344,0x840485ea36dc71c48265756b23f5751a8ac05dc5,0x8042d82d16405de78e477526e66d4602360cad3a,Reental-MLG-6
0xcd83d6bb2bfa0dfde9280ef472d35c95f8bd55f3fdc35667986805277e6308c6,0xaca38d593f7775334fa1b84a865f19396f62f760,2.0,0x86a8f2c6251b94e6ec9812225056392d5af723c0,0x8042d82d16405de78e477526e66d4602360cad3a,Reental-MLG-6
0x01b1a7939f12ef35d9f6031d262b9fd672bfe99e3b777410611faeca9f089da2,0xaca38d593f7775334fa1b84a865f19396f62f760,2.0,0x86a8f2c6251b94e6ec9812225056392d5af723c0,0x8042d82d16405de78e477526e66d4602360cad3a,Reental-MLG-6
0x89ea8848afe6de4ff17d6942811886a4d254392ce6dac1035657f18b9842ca00,0x7cb85443eab0851d9b4558db23e1026af07c700d,1.0,0xd212a7c928b7a61460d67b96769bb8e38b4a4652,0x8042d82d16405de78e477526e66d4602360cad3a,Reental-RET-2
0x4f9b4bb0cd5a32c0982fb644e0d756e27e68f68f934eca5f311c3dce6bcf476e,0xaca38d593f7775334fa1b84a865f19396f62f760,2.0,0x86a8f2c6251b94e6ec9812225056392d5af723c0,0x8042d82d16405de78e477526e66d4602360cad3a,Reental-MLG-6
0xb7f4cdc432e86675b2b340510b6ca932f3b41433d4d9ee5065dd28c5d3811832,0xaca38d593f7775334fa1b84a865f19396f62f760,3.0,0x86a8f2c6251b94e6ec9812225056392d5af723c0,0x8042d82d16405de78e477526e66d4602360cad3a,Reental-MLG-6
0x149f6a961d0c8553c44b3406328ecbc26c4fe7f2d04414ecc55595e511d3e296,0xa5f1c9a6567213fb7fa5511013ae3c9bb0b235a0,5.0,0xb222b61c259e22546bfe9edd0b4eecc73aec3cf9,0x8042d82d16405de78e477526e66d4602360cad3a,Reental-MAD-4
0x848304fcf3d7e31e1f542639f68a3cae83f6b6dd3b31b196944a72d777f1d639,0xf1ec7e14489683babdb9299e5f9908d19a8759dc,0.00067179,0x8ab988c40f2d973ea78f1cd2972056b4257aaf6a,0x8042d82d16405de78e477526e66d4602360cad3a,Reental-MIA-2
0x91da65b898178fdf9f419b5c6e57631bd90ef863f85136fcad7d92690440b566,0xdfd7413a5d54d96312109a9d56b3bead8a786ff3,2.12552585,0xf247e8e429b9ffd7aaa471561025de1853a61d02,0x8042d82d16405de78e477526e66d4602360cad3a,Reental-LVT-2
0xb1184250d703cada4be0a913cfa8552caa630c8c677e7a9f5c666b778183e789,0x2f1026ff5bd94232050364c81d61a2d15e147209,4.0,0xc0896e0e56d45b3c6d3444bff507adf6f15ee068,0x8042d82d16405de78e477526e66d4602360cad3a,Reental-MIA-1
0x8912a5a071e8c8a115e9a07b9f7ae0ceb97f6006e1ab8e7e34ca7122c41953e5,0x7469b9381bfa8a34bef9dfaad03d75f60947f957,4.0,0x8042d82d16405de78e477526e66d4602360cad3a,0x86f825691954618e576b039d32ef155ef859d179,Reental-CDP-3
0xe2674b66d04d36f0a3366c339f972429081efe1a04f8acf0a8c5a57542c16f66,0x954229f463f73a857fddc346857771c1ef3f7c00,2.0,0x8042d82d16405de78e477526e66d4602360cad3a,0xd3d40870c53c407880605631f14d473eb7c6a6f5,Reental-RDO-4
0xafdbf40dd06aea113d28c7abb89fc05e0768d07c66670195b07269fd8e103f89,0x093984f85f980479172fb96982f79c418ac730f7,2.0,0x8042d82d16405de78e477526e66d4602360cad3a,0xd3d40870c53c407880605631f14d473eb7c6a6f5,Reental-RDO-6
0xd95ac20148d10ccdc3c5269c943b6782e6a10a8251bd0fcaff03eff6c5f6df29,0xdecfebdaf1131899fb38a53dc63671246220ab7a,3.23240402,0x8042d82d16405de78e477526e66d4602360cad3a,0xd3d40870c53c407880605631f14d473eb7c6a6f5,Reental-RDO-5
0x2d09c7743cc98fb8cde655dcd84ec713b233acf8f7e1f7f4c90d14689d41700e,0xb45898179fe8de2818e3ff994559c60aa962e2af,25.0,0xda097eee619b30e03adb1a6ef996882a4ae8b5ea,0x8042d82d16405de78e477526e66d4602360cad3a,Reental-MLG-7
0x2c120819c2a1e79dbe8e73d475d960e11b6f3dec7848cc0677c90ad7c8651f28,0x7aa21fabd73e8d3aa5d5c5994af6b62cfcea3fe4,2.0,0x8042d82d16405de78e477526e66d4602360cad3a,0xb64fbeef6b52207a4648308c56b84432b16e9b0f,Reental-SHL-1
0x1fb7e2bd5d7e0246fa8b37cb1475fad37ece029bfb898c1ee1022e4b43bd1e3e,0xfd0ea97747f7b1a53ec59ef5001616cde3aead3e,2.0,0x8042d82d16405de78e477526e66d4602360cad3a,0xb64fbeef6b52207a4648308c56b84432b16e9b0f,Reental-CLVM-2
0xb2d439657829a7e7144902268ae3a613b9ff970166f7498395b9a3b5e681aba0,0x29fdc3434576e188e8131b2ad9cf94d3b3e71f56,3.0,0xd212a7c928b7a61460d67b96769bb8e38b4a4652,0x8042d82d16405de78e477526e66d4602360cad3a,Reental-MLG-8
0x9e9a297c3c120fbe275b500c86b0a57ce182897760eb8edb0f6eef33a88656e9,0xfd0ea97747f7b1a53ec59ef5001616cde3aead3e,2.0,0x8042d82d16405de78e477526e66d4602360cad3a,0xb552a37e3f07082490b017aa6b43e10cd04176b5,Reental-CLVM-2
0x92e2714e15006bcc280038e2a3e9bf91f85b40587b4e764771e91abffa6d5ff4,0x7f6b82381bce03e7cf6af2fb1dcd41993406d4ae,1.18566401,0x8042d82d16405de78e477526e66d4602360cad3a,0xb552a37e3f07082490b017aa6b43e10cd04176b5,Reental-MLG-2
0x8d8a655d34be824648fb70b78903d80324be3b432e9ec80a2158912999333b63,0x29fdc3434576e188e8131b2ad9cf94d3b3e71f56,2.0,0x8042d82d16405de78e477526e66d4602360cad3a,0xb552a37e3f07082490b017aa6b43e10cd04176b5,Reental-MLG-8
0xfc2db51a180118305d05d1d0224c9606feaca70e428160bf8dc19d5c52eb885f,0xb45898179fe8de2818e3ff994559c60aa962e2af,2.0,0x8042d82d16405de78e477526e66d4602360cad3a,0xb552a37e3f07082490b017aa6b43e10cd04176b5,Reental-MLG-7
0xc58ee5894cd2ad84452170a740f87e15d1cc178bc1a9725a3d92dae9730ce4b4,0xfd0ea97747f7b1a53ec59ef5001616cde3aead3e,2.0,0x8042d82d16405de78e477526e66d4602360cad3a,0xb64fbeef6b52207a4648308c56b84432b16e9b0f,Reental-CLVM-2
0x237b4e35f54e0c1ee8d80576cde26e291c12c23595830eb94ea2f11a00c2a684,0xc48b58aae1fb770a8655e44de960eb7dc84a5de9,1.01474226,0x121ce40947e01ae3b98c4aa409fb283e816181b6,0x8042d82d16405de78e477526e66d4602360cad3a,Reental-RET-1
0x55765e72d2e453cb2890ca709d6e330ba09b2bdb114d2e62dbdcc2a38539c6be,0xdecfebdaf1131899fb38a53dc63671246220ab7a,3.23240402,0xd3d40870c53c407880605631f14d473eb7c6a6f5,0x8042d82d16405de78e477526e66d4602360cad3a,Reental-RDO-5
0x185b20fc2e659fb6b2cf96d322eb9c4d6d18a1545a4b33e7a00625027bbd4c33,0x18bb9840fd7185c0589ca5fb81a32e3e2d0f2676,0.60558469,0xd3d40870c53c407880605631f14d473eb7c6a6f5,0x8042d82d16405de78e477526e66d4602360cad3a,Reental-OPO-1
0xaac4b2771321bad7fd10acd7aef4df18aa722be4ba3844aeac7a2a59cabe8da9,0x954229f463f73a857fddc346857771c1ef3f7c00,2.0,0xd3d40870c53c407880605631f14d473eb7c6a6f5,0x8042d82d16405de78e477526e66d4602360cad3a,Reental-RDO-4
0xf4184187ba047c0a7f35cc35f3f4e607501696a37111201a3ca8d8f0663f504e,0x093984f85f980479172fb96982f79c418ac730f7,2.04228157,0xd3d40870c53c407880605631f14d473eb7c6a6f5,0x8042d82d16405de78e477526e66d4602360cad3a,Reental-RDO-6
0x530f27392907658a85476a7ecafaf6bbbf1d35a7dc6598e3a0b6c5d09c3c8d78,0x093984f85f980479172fb96982f79c418ac730f7,2.0,0xd3d40870c53c407880605631f14d473eb7c6a6f5,0x8042d82d16405de78e477526e66d4602360cad3a,Reental-RDO-6
0x6eb1270caf03ecc5cc1b2056e36b9bcca92376b66948f1a2dd08b94b6e0ef1f7,0x875b80a36ae0660f7de4178a49f7672c8447d365,0.40405768,0x94264445fb3d0cd4f90e2e641ca1bd2a01e5c65a,0x8042d82d16405de78e477526e66d4602360cad3a,Reental-RET-3
0x998a44bcb6b794c5f3315880b3da3aa9568d3934d38380d9c8f33d742e9d58b2,0x2d1838eb7ebb6ae8b1288872f9704e3400ee8b20,1.01204149,0x41637a05c131d4b6e1c408036046de0efc703eea,0x814317ee290216f1536582c2257616ab516df803,Reental-NPL-1
0xa17c12684c86740f8705e7589b51bbc1e690c76f903baac3adf4c93edb1f109e,0x21ae95a56ef471370ce89a7a4624117f31810927,2.0,0xa087dcd612b8ba98580ea48a33ba4dfa2ab8c2f3,0x81b006f01977c552728a0804a19e80292ae381c3,Reental-DNB-1
0x180f8e3db181c8dc8a6f00da539299964d569e3486a94bd79a06efa72ef70a84,0x8e08d151466bd8499a89ee9254586ef141f324c9,3.10678423,0x71e7793d8e894efd4da54999a2663c8166817a90,0x81b006f01977c552728a0804a19e80292ae381c3,Reental-FMY-1
0x4f5904f3aa7ea5cae233ec239a14da4dfef82beff56b4b0c0a9ea7cd8868c871,0x2d1838eb7ebb6ae8b1288872f9704e3400ee8b20,1.0,0xbb5c220d202fd05c696ed73c18e9db175e7a7a5a,0x81b006f01977c552728a0804a19e80292ae381c3,Reental-NPL-1
0x622f7362a6e2dc60487084488ea24e3a9e2b1ed72848ef80847b8ec6e129bd19,0xe16901dad396fe7b1b77b6d2bd91b2d648e8a762,1.0,0xa4a22753ecb2f3da4927f94f46e111dcc78c6a66,0x81b006f01977c552728a0804a19e80292ae381c3,Reental-HOU-3
0xa63ae67794f1348251c4e74ed0442ea6444e01dd052c54ccf21ff585e41f1fb3,0x2f1026ff5bd94232050364c81d61a2d15e147209,5.0,0x94264445fb3d0cd4f90e2e641ca1bd2a01e5c65a,0x81b006f01977c552728a0804a19e80292ae381c3,Reental-MIA-1
0x96a6336f1ea41ecd6be724c7d4e63f7848cf74ef59cb5cea8654f0459386cb0f,0xb5a1a4f29b7376c091d6f4c7689be4b7cd5a6d98,1.99557024,0x64f9c8144e8c8faf1743911ebe5f0ae0e3c8a3cd,0x85c68edc1669636ef317940981f75dc7a463c1c0,Reental-VLC-6
0x86adc1e488e1f64aa8cc4148ebff061f14b77d59890d268f0157b27bb0481d6a,0x7f6b82381bce03e7cf6af2fb1dcd41993406d4ae,5.0,0x8d56502da9bd98bb676c0dd630152968495bd8c8,0x85c68edc1669636ef317940981f75dc7a463c1c0,Reental-MLG-2
0x324f1e217e056dbe8f488d6d6b21ea76550bcf6310c250bfcfacf382afed745f,0x7f6b82381bce03e7cf6af2fb1dcd41993406d4ae,2.0,0x922e21af5c912a6c2283cd1a792bd52ba6523149,0x85c68edc1669636ef317940981f75dc7a463c1c0,Reental-MLG-2
0x48fc9bef8db1970178d16a6f0df27b9f8f154a96ef4fe66b132b55c31910334d,0xbaea3b53056d42c763d14bef94b39ada218c2dbd,4.67645892,0x9f94eb8ae902abb53a522988f46a02e5400c8331,0x85c68edc1669636ef317940981f75dc7a463c1c0,Reental-VLC-7
0x5ffe93d7406fc53fec4b9418f01a22144ccd45dcf929567ff1ba1952d73960ec,0xb5a1a4f29b7376c091d6f4c7689be4b7cd5a6d98,4.0,0xd9135bda4ccd4291e3f3dcedfbb0994844b0c627,0x85c68edc1669636ef317940981f75dc7a463c1c0,Reental-VLC-6
0x0aca1f24f6dada0c72dd70456331e68a98b4ef58c593487109432c73a3351242,0xb5a1a4f29b7376c091d6f4c7689be4b7cd5a6d98,4.0,0xd9135bda4ccd4291e3f3dcedfbb0994844b0c627,0x85c68edc1669636ef317940981f75dc7a463c1c0,Reental-VLC-6
0xdc4a90bd42f90b66716654017c68fc8e9b71848ac10a1f3afe86a47b939c9cd3,0xfd0ea97747f7b1a53ec59ef5001616cde3aead3e,5.0,0xd9135bda4ccd4291e3f3dcedfbb0994844b0c627,0x85c68edc1669636ef317940981f75dc7a463c1c0,Reental-CLVM-2
0xf0a3a4f395d69e85687d2709527e55deb7e39670f6f6ddf8f7d6fbf1a74fd51b,0xe27f1e1d5ef28f560cbd9500342b24dd989635d2,10.0,0x4ef759b325e7f9713ce05f01ebd8e4b42eaa22f1,0x85c68edc1669636ef317940981f75dc7a463c1c0,Reental-VLC-1
0x0837ea25c592d10a37d08c720e5fca758f5b8fe06d6815fc971d7f22beef154d,0x29fdc3434576e188e8131b2ad9cf94d3b3e71f56,7.81162236,0xcfef84696c0df6b3f2fa6b780b21551241715f72,0x85c68edc1669636ef317940981f75dc7a463c1c0,Reental-MLG-8
0xd576ae96eca1ee1ed1b1e8a41509d4acaa797840733e83da0a6918c827471f3b,0x7f6b82381bce03e7cf6af2fb1dcd41993406d4ae,5.0,0xf021a90753fd51994c7d2ae3da9e63fb0e7c0ff3,0x85c68edc1669636ef317940981f75dc7a463c1c0,Reental-MLG-2
0x1e35e512c82dcbfbcd902cc263cb4d7dbdb1bc0f0b01f0933e98b5d85378e60a,0x8eeb57505999d3092c7b00ad5a5e53b943ad235d,20.0,0x99b902d4b63d9703a1357d16f1e24c635c3c2c62,0x85c68edc1669636ef317940981f75dc7a463c1c0,Reental-SLA-2
0x7addcdc971d076322f2d839d028e9f6d7023592514fcedc3396faf034214935a,0xb45898179fe8de2818e3ff994559c60aa962e2af,1.0234655,0xccffa7d14a9dcaa3b63f9cd7395df73563c3a727,0x85c68edc1669636ef317940981f75dc7a463c1c0,Reental-MLG-7
0x181fdfa217a8d08ea1d05eebf5fa390ada7c45ed8c6cc7a5420576e02fe37167,0xb45898179fe8de2818e3ff994559c60aa962e2af,5.60868921,0x861d5f1e6624f8e27671b118264a71ee8d1d82ad,0x85c68edc1669636ef317940981f75dc7a463c1c0,Reental-MLG-7
0x628d60e607aaaf6289b26430b02ee5b17d4f0cf732d6a2cb656146423bc2b950,0xaca38d593f7775334fa1b84a865f19396f62f760,5.0,0xccffa7d14a9dcaa3b63f9cd7395df73563c3a727,0x85c68edc1669636ef317940981f75dc7a463c1c0,Reental-MLG-6
0x98fd90e969d59aeb595a2bcd8eb93d863a9842e6d14d58893b0f761ab8de380a,0x7798f8c28ce575188f4e65aeb6719c0ec5c69195,4.92205938,0xf486a748d2981361e272e5b4adefbebbf7a8805d,0x85c68edc1669636ef317940981f75dc7a463c1c0,Reental-VLC-4
0x4f569a79783973c46ebc7980a24bfac6a43d09c3b8ba9de6e44ccead3eb00dbd,0x55cb210f496df649fd283aa93a360e24fdb40964,7.84958637,0xcfef84696c0df6b3f2fa6b780b21551241715f72,0x85c68edc1669636ef317940981f75dc7a463c1c0,Reental-BPT-1
0x155ccafe14f90b4e3f742be97a5c05bf704af2c61492e5cb98d440acbc274a25,0x33be67454ae817337db15877fd4106c5cd5206c5,9.2273,0x3a0143fc158bae4919900c38edfb472027fa2706,0x85c68edc1669636ef317940981f75dc7a463c1c0,Reental-MLG-5
0xe77125c138bee337b1630b03cd682727dcdd884bffab8d1d7b682039c22eea78,0xaca38d593f7775334fa1b84a865f19396f62f760,1.0,0xd212a7c928b7a61460d67b96769bb8e38b4a4652,0x85c68edc1669636ef317940981f75dc7a463c1c0,Reental-MLG-6
0x1e2a5b7c28846ed7f0a83a445f5b0b44cc384740c17a8bf3163bb9fee810edbf,0xf94ca4e007553917d1f80d013d2544ddfbed555c,2.235,0xec2797928a075ac322e0a1f2fca0f253b961b9b5,0x85c68edc1669636ef317940981f75dc7a463c1c0,Reental-MLG-4
0x00e07b7472dc543041e6de871c878a6c5002681038e0d8619f2289b0ab6e4088,0x7f6b82381bce03e7cf6af2fb1dcd41993406d4ae,5.15,0x75c59da5cbb7dbfec067b8e9ac8f94e6cc1c6fef,0x85c68edc1669636ef317940981f75dc7a463c1c0,Reental-MLG-2
0x14b72c997c08ed9c392d47ae25b82c603838a836cea4537f54d0025c156e4cbe,0x7f6b82381bce03e7cf6af2fb1dcd41993406d4ae,5.15,0x75c59da5cbb7dbfec067b8e9ac8f94e6cc1c6fef,0x85c68edc1669636ef317940981f75dc7a463c1c0,Reental-MLG-2
0x8f3ec9c3d260c2dd31ca161bdd5065d243df5d68c4f7c16726bbee3c9fff6669,0xaca38d593f7775334fa1b84a865f19396f62f760,2.22462784,0x75c59da5cbb7dbfec067b8e9ac8f94e6cc1c6fef,0x85c68edc1669636ef317940981f75dc7a463c1c0,Reental-MLG-6
0x92c7e02ea273bfea5c87e713e0e491fc394301138bbefe8b01bf3cc00b051aa8,0xb5a1a4f29b7376c091d6f4c7689be4b7cd5a6d98,5.0,0x75c59da5cbb7dbfec067b8e9ac8f94e6cc1c6fef,0x85c68edc1669636ef317940981f75dc7a463c1c0,Reental-VLC-6
0x1fce4fdcd266bf7bb466814e2d189cb4019b069298f31b879494c3e9599d5f1a,0x4adaee2dae690cf8f3915f1c1963f16d239c5e11,1.0,0xeb4ea3b80a787863c729fc6c28b68c64a5a27089,0x85c68edc1669636ef317940981f75dc7a463c1c0,Reental-MRB-1
0xec07507ea8eb3e73938b5c92174204ff9287cdfb1aa5073bd1595b453b5cc6b7,0xb5a1a4f29b7376c091d6f4c7689be4b7cd5a6d98,5.0,0x75c59da5cbb7dbfec067b8e9ac8f94e6cc1c6fef,0x85c68edc1669636ef317940981f75dc7a463c1c0,Reental-VLC-6
0xbfb660ab9215135ebb7d2e3a3f0891cbfeeca554070cffe26749616d04e5151e,0x8a96bf9aa5812ce957aed1f554065b64a545c88a,4.78,0x79e3b1208e8f9abbf61b000e34c77d80ede35c8f,0x85c68edc1669636ef317940981f75dc7a463c1c0,Reental-VLC-12
0xfcc54ded369788de1a10fdc727aa31e027a1b42c3e7e3882b25aff3f3d44c1cb,0x60d595922e964b5cc002b5c207fde25d98d6fcd1,2.0,0xd73d0b5775caf7ff914d8643bc31bbfb1db2f3c6,0x85c68edc1669636ef317940981f75dc7a463c1c0,Reental-VLC-5
0x328962eac4c96f1df3570531e662aa07e3e6cff10678e1a52570ee3543bb900a,0xb5a1a4f29b7376c091d6f4c7689be4b7cd5a6d98,2.0,0x74ccf6c72f487948447db636daf9bce199499150,0x85c68edc1669636ef317940981f75dc7a463c1c0,Reental-VLC-6
0xd4870b826e132f309f1d611886a14d8c77369d052d3fab619a9b9c6ec5ec0409,0x7798f8c28ce575188f4e65aeb6719c0ec5c69195,3.5,0x74ccf6c72f487948447db636daf9bce199499150,0x85c68edc1669636ef317940981f75dc7a463c1c0,Reental-VLC-4
0x5bdcb1b2e4d6c3069e4ca1cfdf0028ef42cbb9ebcdca9e66b2fc7ffd254efe5c,0xb5a1a4f29b7376c091d6f4c7689be4b7cd5a6d98,20.0,0x9882c1eab4f93473171cbc3571a36ab7e88a3aef,0x85c68edc1669636ef317940981f75dc7a463c1c0,Reental-VLC-6
0xde446cb3aef581e6d10fbc9b26e0f08a0b70717c35ebd40114c00f23a0f8fa5d,0xfd0ea97747f7b1a53ec59ef5001616cde3aead3e,10.0,0x86a8f2c6251b94e6ec9812225056392d5af723c0,0x85c68edc1669636ef317940981f75dc7a463c1c0,Reental-CLVM-2
0xcf61650da1b6e6a61bdf9ec95c01296f1eb4a638d0752ee7bb4a022f47d052c3,0x7f6b82381bce03e7cf6af2fb1dcd41993406d4ae,5.0,0x86a8f2c6251b94e6ec9812225056392d5af723c0,0x85c68edc1669636ef317940981f75dc7a463c1c0,Reental-MLG-2
0xebfcbfd0a2d5451783ab1c0a78f128a8421e444c6136a3197b64277a26a8c0cf,0x6b4fa3c69e62f8f03dc018b57efa74d560462210,1.0,0x99b6b6f3d833d41cf50c9dc24c1c954e4124bef6,0x861d5f1e6624f8e27671b118264a71ee8d1d82ad,Reental-MAYA-1
0x0a3afeb92a64fedefc06810ee5d2fa932971a19683fd46927a95263e1279e078,0xdecfebdaf1131899fb38a53dc63671246220ab7a,6.86923236,0x861d5f1e6624f8e27671b118264a71ee8d1d82ad,0x8b064b79f1f26009e2b1e35ae8e55eb04d5bec6c,Reental-RDO-5
0x7b7356f25224937c41d46855aa6d4c017f09a26670d76b5764173151aa2ad7f6,0xc48b58aae1fb770a8655e44de960eb7dc84a5de9,5.0,0xc20b4d3f8d4594769cb01fb24b8a4eeaf64866ef,0x86f825691954618e576b039d32ef155ef859d179,Reental-RET-1
0x7d1d9de0c2b05d24950756fc69019e6bfc2cc7ead793bdb40fd733d8c03d75bf,0x7cb85443eab0851d9b4558db23e1026af07c700d,5.0,0xccbb900f37795abc4cca641ac27dd06fa321c79a,0x86f825691954618e576b039d32ef155ef859d179,Reental-RET-2
0x754ba462d22b63f5050b11997d7ac28a98a04e945c12025fce7abc61b1e91bb6,0xa0d99b441a9a5e334b234f31a92b97fa8d663626,1.0,0xbb5c220d202fd05c696ed73c18e9db175e7a7a5a,0x86f825691954618e576b039d32ef155ef859d179,Reental-YCT-2
0x3e08748aa745fd21322d8ed63f65ae67eebe60fc5938afddef3ae09e4c340d89,0xcc4c1ce8d335bd40a0acf17b9ab08c030cc299aa,5.0,0x95077fb59a3c7cea5465d175272408679365e885,0x86f825691954618e576b039d32ef155ef859d179,Reental-PRO-100
0xbea883186f3e30b2dd17135db4a1aee27c5c42e05e27f231be80cd3254f3d2f6,0x1998bc7570ae301154e0c3017acbb200b87ad1af,0.99999138,0x94264445fb3d0cd4f90e2e641ca1bd2a01e5c65a,0x86f825691954618e576b039d32ef155ef859d179,Reental-IDX-1
0x7ba006c4755eccf242e07078b4cbd550d46b0239466e54239a98575c2f9d2257,0xc48b58aae1fb770a8655e44de960eb7dc84a5de9,1.00656795,0x05ebfb7f5f51f1e5f97e27a5b436f188fed88a9c,0x86f825691954618e576b039d32ef155ef859d179,Reental-RET-1
0x8ea4209f73e69cbaa2b1d959ed4a700658be42e7826123321fe2cac9479464b8,0xe6e3ff145a6ffcd1dac08472f89164c0c43316b2,5.0,0xf3b9739ed70e548f8e30e81746c80bc6c74edd1a,0x86f825691954618e576b039d32ef155ef859d179,Reental-CMY-1
0xfbb7d494dbf94f2b28bc3fe5340c89b8825e5545480962484790fec76d060516,0x18bb9840fd7185c0589ca5fb81a32e3e2d0f2676,2.0,0xf3b9739ed70e548f8e30e81746c80bc6c74edd1a,0x86f825691954618e576b039d32ef155ef859d179,Reental-OPO-1
0x931f638cb533921dec8540578e20c9862cfa3bc1d02501ad9b974b22bc604ade,0x33be67454ae817337db15877fd4106c5cd5206c5,5.0,0xccbb900f37795abc4cca641ac27dd06fa321c79a,0x86f825691954618e576b039d32ef155ef859d179,Reental-MLG-5
0xfefec17e5ce7d2d33989b23f395830f8c219cea0ba571b4267e636afdd3f4b17,0x754f5b74e2639cef67fecec03f4d698470bdc92f,1.00000794,0x355ef1570a6b9373120dae9f25440bd1d9a61028,0x87ecf5ec4a7ff33d5cf2c74d80687b75fd7c086a,Reental-ABD-1
0x4c0e3af67fab9bf3822499ef71a0877a1b1d5cb3f3dd1bb3f6ee9122fb3392bd,0x29da137d6dba774ad4f79323374f685682542767,15.08038072,0xcfef84696c0df6b3f2fa6b780b21551241715f72,0x886a651fde78b07e4ff7a2ff086b11c66db41057,Reental-MUR-1
0x4c4f8db112c4965cf2e7a4c08168fd9982048ac0fe5d9989854c8b60dbf5bf41,0x8e08d151466bd8499a89ee9254586ef141f324c9,10.0,0x3f9ed6a481392a65009697131b12518b8cb8ce1f,0x886a651fde78b07e4ff7a2ff086b11c66db41057,Reental-FMY-1
0x3eff0bfe3f761ad400c0da93d536da0fb501a5b8a303c3b9d891d0b74e53f96e,0x8a96bf9aa5812ce957aed1f554065b64a545c88a,0.570928,0xb2ffd57ac78605d6357879cd6435c05880ff9590,0x886a651fde78b07e4ff7a2ff086b11c66db41057,Reental-VLC-12
0x944b44820c6d238d0fa7c1a0ccd6f614c5c985482338d72460b2c541e3ddd0a7,0x243e4bacc4b4d61b87816c945544286eb29125c6,5.0,0x5f9e9eecbc85f8257d2d07ea70b000ffda5bf3d5,0x886a651fde78b07e4ff7a2ff086b11c66db41057,Reental-CME-1
0xefe7f70e583771ef8ca88c0324e184945f9a09f85478480a615cb3532d4e41cd,0x243e4bacc4b4d61b87816c945544286eb29125c6,21.1,0x94264445fb3d0cd4f90e2e641ca1bd2a01e5c65a,0x886a651fde78b07e4ff7a2ff086b11c66db41057,Reental-CME-1
0x461a8c2f852dd76a05de8b14ec32dbaa000d721fbd54dd28f5d8cd4e24d4b9f6,0x5ab768c8ca1cc20cb8ec7b90554a3b12524b6c47,12.61,0xf3571e7ca0b8320e23dbbf7e188a737b7e26fba8,0x886a651fde78b07e4ff7a2ff086b11c66db41057,Reental-CDS-1
0x100f158cb8ec7702f174b70cf8ea5de4c01c79acd38ca1867733fd5105755048,0x4caefefa803ded399db5d2b6d38211adcf965bd4,7.07107912,0x94264445fb3d0cd4f90e2e641ca1bd2a01e5c65a,0x886a651fde78b07e4ff7a2ff086b11c66db41057,Reental-GRX-4
0x3bfbff2ab42da8faeadcb293976621e8b44d812acca8afb1a4367c446e8c72f6,0x18bb9840fd7185c0589ca5fb81a32e3e2d0f2676,1.00899132,0xaee5a19305d7cb4923c035520b00fd6cf4ae9145,0x886a651fde78b07e4ff7a2ff086b11c66db41057,Reental-OPO-1
0x8bf8ca63993b1d437202abfdcb01e4b9d65faaae07c41c7ddf721a5e573b24c0,0xf4237a554dcddc007688ffd72046e2b00dc5a905,10.0,0xf3b9739ed70e548f8e30e81746c80bc6c74edd1a,0x886a651fde78b07e4ff7a2ff086b11c66db41057,Reental-MAD-6
0x698da850cfb68f269ed70c0431f7e88d06b551cd9cc99132d6ce725ecf71ec0a,0x8711b4172ed71d2d4f90e3e2f0cb63726acba8e6,1.5,0x90d5f0db43c5f0be2849097c0cd2afaec66356e8,0x88f301c72b430a130a04608dc26833f07d4f7046,Reental-JAX-1
0xd815ba0d7274cade5a60bc0004faff7f26e5a2e9da7738e881decf6ca3af06a6,0xf94ca4e007553917d1f80d013d2544ddfbed555c,2.0,0x922e21af5c912a6c2283cd1a792bd52ba6523149,0x8a7761d07dbeb6b09848083a887a0c6fafa2fa3b,Reental-MLG-4
0xe52c05e5658d6194d103cf8c9ebd3da58b739de1a35bd74c4ba2cbb46bc2776a,0x954229f463f73a857fddc346857771c1ef3f7c00,1.0,0x3460f3e3ecdadb7ca18cc363c1ed05d227fda666,0x8a7761d07dbeb6b09848083a887a0c6fafa2fa3b,Reental-RDO-4
0x6fedc0cb7342fd26817648234c8b50cac2461b11add6ef171d183b2cfdd4e178,0xbaea3b53056d42c763d14bef94b39ada218c2dbd,4.0,0xd9135bda4ccd4291e3f3dcedfbb0994844b0c627,0x8a7761d07dbeb6b09848083a887a0c6fafa2fa3b,Reental-VLC-7
0xf8382cda6504bf4b3a54d18e9eb7252aceaa0c8a55d94de7d1da1bcd46542b57,0x6b7c34c8a1ffd4238e702243f0ff005680037fad,2.51898505,0xf699373124ad05a82f132bcccc2ad166fbc1975e,0x8a7761d07dbeb6b09848083a887a0c6fafa2fa3b,Reental-VLC-8
0xfde66b4383375e04d504f02bd28af6516a942afeb27388ad9f92d89c3750a7a7,0xf7e0069442e3e2d061673e16d2f77a3b87b45a42,2.39341622,0x64441cc873d5f2014ac6c1a2f039b405abca3d09,0x8a7ccf8e2c6ccf18dc43ca4191a59506e27d0047,Reental-JAX-4
0x65fddcf9762a7a180474ece3e367d6cc36e3fb3b80836c4f2215ca07e16fdd46,0x49b8f29f17a27ae89121642838e37bc8ce77d2f2,1.0,0xc0896e0e56d45b3c6d3444bff507adf6f15ee068,0x8a7ccf8e2c6ccf18dc43ca4191a59506e27d0047,Reental-SMA-1
0x6bbc396cc10d0d79641b24a2e83bab06097bd5723eb783bed4c57057c2e07e61,0xf1ec7e14489683babdb9299e5f9908d19a8759dc,5.0,0x64441cc873d5f2014ac6c1a2f039b405abca3d09,0x8a7ccf8e2c6ccf18dc43ca4191a59506e27d0047,Reental-MIA-2
0x0fef8b096a614da4b50f91be718525a7b521a4be1249c6a20171abeeec556e88,0xd48b1f302c8eb4a0f691fde99deaa9316d67a7db,0.63,0xb64fbeef6b52207a4648308c56b84432b16e9b0f,0x8a7ccf8e2c6ccf18dc43ca4191a59506e27d0047,Reental-JAX-5
0x421c81fcda11176832539f42a444ce1c303e9b4dbfe1ed93dd6efd3a3cac8ff1,0xca53dd67cfa553d9e31c377602fb217dff9eadff,4.0,0x64441cc873d5f2014ac6c1a2f039b405abca3d09,0x8a7ccf8e2c6ccf18dc43ca4191a59506e27d0047,Reental-SMA-2
0x8f3fa19e5852fc3842d94a6465970741397b7ffe764bafff2ff2764aaf7cf9b2,0x8711b4172ed71d2d4f90e3e2f0cb63726acba8e6,5.0,0xb64fbeef6b52207a4648308c56b84432b16e9b0f,0x8a7ccf8e2c6ccf18dc43ca4191a59506e27d0047,Reental-JAX-1
0x84d1e43774c31327228718af5b4d87bac0457bf3778d4e616d76911bacedc8b0,0xb0825e7a4093d21ed076883f8aca33300631291e,2.0,0xc0896e0e56d45b3c6d3444bff507adf6f15ee068,0x8a7ccf8e2c6ccf18dc43ca4191a59506e27d0047,Reental-MIA-3
0x42f74421d2216a513c173678c73b560510a402af858c8f7b2dc370f09930bc1a,0x9c09c8525c5baa3b254cb0a60d3565cfbd5c9f28,6.3945,0xb64fbeef6b52207a4648308c56b84432b16e9b0f,0x8a7ccf8e2c6ccf18dc43ca4191a59506e27d0047,Reental-JAX-3
0x664bbda25b75eb34f045a5ba5411c368a1e01856051fc056ca4300e5c96b04af,0xfd0ea97747f7b1a53ec59ef5001616cde3aead3e,5.0,0x70c8aab186e952c4f047c362035054e45a371045,0x8a7ccf8e2c6ccf18dc43ca4191a59506e27d0047,Reental-CLVM-2
0xf726849ed4fde221491f254830b1445ced7be8ac1a2b6a1e1752693c6ecf23f5,0x2f1026ff5bd94232050364c81d61a2d15e147209,7.00250438,0xb57114b18086ee2f28cabb096e42b67324dd5c70,0x8a7ccf8e2c6ccf18dc43ca4191a59506e27d0047,Reental-MIA-1
0x417405d0f053555b79e629f37b292f309be34b92f3ab41b2bc0bcccd23456dd5,0x49b8f29f17a27ae89121642838e37bc8ce77d2f2,1.0,0x8a7ccf8e2c6ccf18dc43ca4191a59506e27d0047,0xb794cda2cb82b55acde628f5ba71794af9cfbf3f,Reental-SMA-1
0x6d7507fa097da70c17eb8b930fc6efcb9c91370b6656bdfbcacb09b44b68b2a2,0x8711b4172ed71d2d4f90e3e2f0cb63726acba8e6,5.0,0x8a7ccf8e2c6ccf18dc43ca4191a59506e27d0047,0xaa45ef704b487212613ebf77c5ffa3207810915d,Reental-JAX-1
0xec7c0e98c48ed40d16e872b6d0f10adc2508a7c7a52a96d19bac98e3b59a20be,0xb5a1a4f29b7376c091d6f4c7689be4b7cd5a6d98,6.0,0xd9135bda4ccd4291e3f3dcedfbb0994844b0c627,0x8a7ccf8e2c6ccf18dc43ca4191a59506e27d0047,Reental-VLC-6
0x1d3e6c368e3b3fab31374cc94985da7ab018fdad0407a69a044bdad87eefb681,0x1b0d685f5e4063033e0a1a360db864c9911eedda,1.0,0xf19a356746a188cc0bc364eb7aea90da4ba905d2,0x8a7ccf8e2c6ccf18dc43ca4191a59506e27d0047,Reental-VLC-9
0x3c684b8dec23654faf8a2c9c567445b56b1f5a37e40911997c32d836eb332df7,0x1b0d685f5e4063033e0a1a360db864c9911eedda,1.0,0xfb8482d3a050b09d9dd3d3fb44e858864ef649f8,0x8a7ccf8e2c6ccf18dc43ca4191a59506e27d0047,Reental-VLC-9
0xf0732ea6bfb6424508613d11eda3b2f2974643aa3a2300f18517818978352f5b,0x6b7c34c8a1ffd4238e702243f0ff005680037fad,1.0,0xfb8482d3a050b09d9dd3d3fb44e858864ef649f8,0x8a7ccf8e2c6ccf18dc43ca4191a59506e27d0047,Reental-VLC-8
0x7c9ca2aaa6395c1afbe7c32090d89333b93c20779d7ea0479631769599efa24c,0x6b4fa3c69e62f8f03dc018b57efa74d560462210,7.34208033,0x9b04ba99ad57a8cfc5d1273f4cfe80d67a9bb9bb,0x8a7ccf8e2c6ccf18dc43ca4191a59506e27d0047,Reental-MAYA-1
0x8030ff0db2d9cfc0fcc28e2fe64cebd576bc68a706c7b14890d3462deb48a110,0x820380fea111509a38297fa2971eee5b41a5aeca,2.79877109,0x9b04ba99ad57a8cfc5d1273f4cfe80d67a9bb9bb,0x8a7ccf8e2c6ccf18dc43ca4191a59506e27d0047,Reental-RDO-3
0x873d2f69d500d73ba8c894571bdcf339a78c2ac27ca4f95b6a1f4fb2e88134ba,0xfc5e219788a953ad8e71c3b7cb9484695e7f028e,4.76382354,0x9b04ba99ad57a8cfc5d1273f4cfe80d67a9bb9bb,0x8a7ccf8e2c6ccf18dc43ca4191a59506e27d0047,Reental-SVQ-6
0x33685207fe13d2fc862ad56702aed3c599fdb8550fc4aecc920bee28e4011350,0x7f6b82381bce03e7cf6af2fb1dcd41993406d4ae,3.0,0x9b04ba99ad57a8cfc5d1273f4cfe80d67a9bb9bb,0x8a7ccf8e2c6ccf18dc43ca4191a59506e27d0047,Reental-MLG-2
0xc4ce6da3c51b8d67c75aa42caeb0c87b2b1779b05f09687f5d06ca2b5fb0ad37,0xaca38d593f7775334fa1b84a865f19396f62f760,2.0,0xc2fa2ab711cedd7a0ebb197bfc45a77577671f04,0x8a7ccf8e2c6ccf18dc43ca4191a59506e27d0047,Reental-MLG-6
0x61ccbcbe7e1fa60154a56514e7b809b962578fee387676af106d7b05e52a37ec,0xaca38d593f7775334fa1b84a865f19396f62f760,1.0,0xc2fa2ab711cedd7a0ebb197bfc45a77577671f04,0x8a7ccf8e2c6ccf18dc43ca4191a59506e27d0047,Reental-MLG-6
0xb36e32d006514afc1e698785bf1a24fc73cbc5d7228434b32620b5d294a7deb5,0xaca38d593f7775334fa1b84a865f19396f62f760,0.65,0xc2fa2ab711cedd7a0ebb197bfc45a77577671f04,0x8a7ccf8e2c6ccf18dc43ca4191a59506e27d0047,Reental-MLG-6
0x153b50b2c64753da159334a3b6fd571cda6e511dc109b73f2243ef132bdaf6ca,0x6b7c34c8a1ffd4238e702243f0ff005680037fad,1.0,0xed9f944b9674a7efbb73b85867b41af6a727d96b,0x8a7ccf8e2c6ccf18dc43ca4191a59506e27d0047,Reental-VLC-8
0x6f0d5dce0eb2e34a0a45ee554d17204e43cfb51669c556b9064ae2d7e636bc37,0xb0825e7a4093d21ed076883f8aca33300631291e,4.34660626,0x1bff0228f85596345d73c93a40f5014f41efe4ea,0x8a7ccf8e2c6ccf18dc43ca4191a59506e27d0047,Reental-MIA-3
0x1954c3c94d62b932d4b5adfbdc78c78f37319e01eaaf15113b267c042b973afa,0xaca38d593f7775334fa1b84a865f19396f62f760,0.18770791,0x1bff0228f85596345d73c93a40f5014f41efe4ea,0x8a7ccf8e2c6ccf18dc43ca4191a59506e27d0047,Reental-MLG-6
0x8943aa0166c3adace3cbd4656b484edc6df4fcd734a6e7ef9d495efd2eeba58a,0xfd0ea97747f7b1a53ec59ef5001616cde3aead3e,1.0,0xd212a7c928b7a61460d67b96769bb8e38b4a4652,0x8a7ccf8e2c6ccf18dc43ca4191a59506e27d0047,Reental-CLVM-2
0x886b11b3a9d6a55413ae8f504e7175767a5d50f6b149d259f0d8cd7059465d7e,0xb0825e7a4093d21ed076883f8aca33300631291e,4.53446812,0xdd1aaa107d955eec702582c3782e007aedffc067,0x8a7ccf8e2c6ccf18dc43ca4191a59506e27d0047,Reental-MIA-3
0xf21e0a877138227c5f4705e7b5142d24bcc89d16e68ce4684b3566d99f392e5c,0xe56ff2dff2c2e95511f0bef4b3d92da05e8197c0,2.0,0x8a7ccf8e2c6ccf18dc43ca4191a59506e27d0047,0x8ebda1ba52b841b40dcd932b1bf53ff499a1226c,Reental-HOU-2
0x594082a419cf978dd32a68780995cee0d77e468cf19e93dd1d9303c7bb9d9f69,0xe56ff2dff2c2e95511f0bef4b3d92da05e8197c0,2.0,0x8a7ccf8e2c6ccf18dc43ca4191a59506e27d0047,0xd3d40870c53c407880605631f14d473eb7c6a6f5,Reental-HOU-2
0x1fc1e408c5b75c43e44d369f7df1fad7d7c0112bc2c1d0d294b0f6943149de0f,0xe56ff2dff2c2e95511f0bef4b3d92da05e8197c0,2.5,0x8a7ccf8e2c6ccf18dc43ca4191a59506e27d0047,0xaa408762c90cdd6c2ce07e6732869a6cd801da04,Reental-HOU-2
0x9601fa5d21f2c00c755b55f3ebc855c4091a8102d09e4a0779c13da51d5013f6,0xd48b1f302c8eb4a0f691fde99deaa9316d67a7db,2.12102766,0x3024b33c6b6c0e90a908da6a718b9b74ece6b4da,0x8a7ccf8e2c6ccf18dc43ca4191a59506e27d0047,Reental-JAX-5
0x9c156d29d481d76b5a86b900f2915b909e46f034b462f82b9c53cdca89ab9cae,0xb0825e7a4093d21ed076883f8aca33300631291e,2.4772005,0x3024b33c6b6c0e90a908da6a718b9b74ece6b4da,0x8a7ccf8e2c6ccf18dc43ca4191a59506e27d0047,Reental-MIA-3
0x0a0fa482512054029fc103dd5eab8ee3c20eb6c95fbf5b6dcbb04a248fef8a65,0xad3e1f50590ef6f323caa0cf43f39d28d1d34144,2.17,0x74ccf6c72f487948447db636daf9bce199499150,0x8a7ccf8e2c6ccf18dc43ca4191a59506e27d0047,Reental-JAX-2
0x17d43d7a07bedd1ed555da47972845ec4b66f29dea9d897be7ce8377cb29f407,0xe56ff2dff2c2e95511f0bef4b3d92da05e8197c0,2.0,0x8a7ccf8e2c6ccf18dc43ca4191a59506e27d0047,0xd0b165e7f49dc15b36ed8cbb60292df383cc78a1,Reental-HOU-2
0x9aa9517610561eccb69919ebcacb555d61afb652dab7113b5db0f6faa4254748,0xe56ff2dff2c2e95511f0bef4b3d92da05e8197c0,2.5,0x8a7ccf8e2c6ccf18dc43ca4191a59506e27d0047,0xd0b165e7f49dc15b36ed8cbb60292df383cc78a1,Reental-HOU-2
0x7e0c45ed32f2537317c2553876df864a87574646046badc90f8ada2d2f1b5a87,0x9c09c8525c5baa3b254cb0a60d3565cfbd5c9f28,6.0,0xf9c3fa98e7c685ff7964b7a297a7a22cb88eef19,0x8a7ccf8e2c6ccf18dc43ca4191a59506e27d0047,Reental-JAX-3
0xb4e5ce671395d2c386e2ce4acb0055055dee6e0ece6bd70bd5113b793f9f2d6b,0x33be67454ae817337db15877fd4106c5cd5206c5,4.0,0x66586a1c1c7feed49d464fab89d9f7908ac6fea4,0x8a7ccf8e2c6ccf18dc43ca4191a59506e27d0047,Reental-MLG-5
0x9a142f5da8cfdfa66a250154eca6b6dd7c89a3ab8f0f30e72cab03dfc533ad61,0xe6e3ff145a6ffcd1dac08472f89164c0c43316b2,3.0,0x8a7ccf8e2c6ccf18dc43ca4191a59506e27d0047,0xb64fbeef6b52207a4648308c56b84432b16e9b0f,Reental-CMY-1
0xd142e1af4899da0dcc936ba632864b1322b19072ed8e3e38eb61f6105856f988,0x5222b24408a3fe2eac65cd505165f7e77f7f2847,5.0,0x5f9e9eecbc85f8257d2d07ea70b000ffda5bf3d5,0x8a7ccf8e2c6ccf18dc43ca4191a59506e27d0047,Reental-MAD-5
0x7de564ebdb11c0a4508f10fdbd2f3a69797a021e5ecd82619523bd9e5f1243ac,0xf4237a554dcddc007688ffd72046e2b00dc5a905,5.0,0xf3b9739ed70e548f8e30e81746c80bc6c74edd1a,0x8a7ccf8e2c6ccf18dc43ca4191a59506e27d0047,Reental-MAD-6
0x50c4a124dd6fad16a163d7de752ea27039fa5516b82b1a1c1f3a7e66ab01f347,0x2a8bbc241849431e9cc7c4dbea9c05dfac2de553,5.0,0xd72be8822f94b45a207b326f71f9ae7cc30018fa,0x8a7ccf8e2c6ccf18dc43ca4191a59506e27d0047,Reental-GRX-3
0x1a13a0eb5140b9abd17ecee277529ff2177c76349a0f4c5530179796f6c2a4c9,0x68f73061bdf369c2562f4c0ea4e940f362d1a97f,2.5,0x8a7ccf8e2c6ccf18dc43ca4191a59506e27d0047,0xcc568012f3f376785c48a3b036370b9d5c1be9a6,Reental-ATL-1
0x5976ea47d6aee32f2044b56c7c42a7d8187b3e8fda7411a5d49428ed21fb1c5b,0x68f73061bdf369c2562f4c0ea4e940f362d1a97f,2.0,0x8a7ccf8e2c6ccf18dc43ca4191a59506e27d0047,0x99435364c23e8fdb858fccc01f7e1570c8482b65,Reental-ATL-1
0xace2fbfa77b6863530b0344a7e282daf27c3a1b21b14eecaba5cf3b6ff582fe3,0x68f73061bdf369c2562f4c0ea4e940f362d1a97f,3.62,0x8a7ccf8e2c6ccf18dc43ca4191a59506e27d0047,0x99435364c23e8fdb858fccc01f7e1570c8482b65,Reental-ATL-1
0x3cf7e071cbf977e42280f65311ad7d3b7ee0520a52fe7c133a1f49ddefd39e42,0xf4237a554dcddc007688ffd72046e2b00dc5a905,5.0,0xf3b9739ed70e548f8e30e81746c80bc6c74edd1a,0x8a7ccf8e2c6ccf18dc43ca4191a59506e27d0047,Reental-MAD-6
0x8ace92b9c41501baf5fd69bdd5e0b0137c5ca24e944938289e5a52acee99f941,0xca53dd67cfa553d9e31c377602fb217dff9eadff,2.40424545,0xdc1b2d9fbc6e11edd2a16e17244851f2fbc4b6ba,0x8ab988c40f2d973ea78f1cd2972056b4257aaf6a,Reental-SMA-2
0x9735d25c3627029c4043443a02d3dbd2efe8fb0000b98705d4979c4fddf73d79,0x5ab768c8ca1cc20cb8ec7b90554a3b12524b6c47,1.85000404,0x8ab988c40f2d973ea78f1cd2972056b4257aaf6a,0xf9c3fa98e7c685ff7964b7a297a7a22cb88eef19,Reental-CDS-1
0xbf8c80351ee32b5b22f96fc49be74465fd30249f84911b2f3108d418b97a171f,0x8a96bf9aa5812ce957aed1f554065b64a545c88a,1.86997668,0x8ab988c40f2d973ea78f1cd2972056b4257aaf6a,0xb000aeab63428abddcce87c81027abbf9d027f7d,Reental-VLC-12
0x65809f55a55173821ab1b9b6f9bc157411d748b3f23fff71b9fb81f4822dbc21,0x33be67454ae817337db15877fd4106c5cd5206c5,1.0,0x8ab988c40f2d973ea78f1cd2972056b4257aaf6a,0xc8d87578f9c7005020d82625693ab46932d6491a,Reental-MLG-5
0xb8aeee0ec2466860dfafd43e1aca442b6dee235ad10f0daf68dc8db351a0f0e9,0xfd0ea97747f7b1a53ec59ef5001616cde3aead3e,2.0,0x9ba730b3a21fe1bb1aefc88e412e143928ac0ebf,0x8b064b79f1f26009e2b1e35ae8e55eb04d5bec6c,Reental-CLVM-2
0xc7c19ff28a0b9479d1e89a388e517db287f4c074e14a509628aa2ab3fba90b72,0xca53dd67cfa553d9e31c377602fb217dff9eadff,4.125,0x9b04ba99ad57a8cfc5d1273f4cfe80d67a9bb9bb,0x8b064b79f1f26009e2b1e35ae8e55eb04d5bec6c,Reental-SMA-2
0x57ce12608718c8971b2a88c3245860cdde440a8ce680f916a4482b30bcaefabe,0xca53dd67cfa553d9e31c377602fb217dff9eadff,1.0,0x9ba730b3a21fe1bb1aefc88e412e143928ac0ebf,0x8b064b79f1f26009e2b1e35ae8e55eb04d5bec6c,Reental-SMA-2
0xe7cc9c1b2e31f716f3d3a3db834e1c8d98c9f11bca34e9d73a913153c1abea91,0xca53dd67cfa553d9e31c377602fb217dff9eadff,2.62021289,0x468043dc6314e6d0ae6bb4d03de0d3f460372d08,0x8b064b79f1f26009e2b1e35ae8e55eb04d5bec6c,Reental-SMA-2
0x32e0117ca9fdff6bee745195db1c23b72fd394c6fe4e852aae32e2851c2a39a5,0x3b7455335fc7c3839167ed8fc173405908ffdf15,2.12789444,0x21cb12db1844b7d4c0cf3c3f1881737d7efa0702,0x8b064b79f1f26009e2b1e35ae8e55eb04d5bec6c,Reental-TLM-2
0x12d59110fe4fb13edd2285eaf8ba8f5fa5007c3b945d2c3942a3b52d8c05f79b,0xa17e89f33e80b506af759f9e493efe29a47ea905,10.0,0xff8975d6d90848cd9affa48e7b043813873b571a,0x8b064b79f1f26009e2b1e35ae8e55eb04d5bec6c,Reental-VLC-10
0x69049c5713e84fd475b511c77bdfa619742ac741a1b635a142843db8933525e2,0xe27f1e1d5ef28f560cbd9500342b24dd989635d2,5.0,0x4ef759b325e7f9713ce05f01ebd8e4b42eaa22f1,0x8b064b79f1f26009e2b1e35ae8e55eb04d5bec6c,Reental-VLC-1
0x1713ffd7c3ebcd95661cc61dad0e995691179882ac45d7e7488cbf7571059a83,0xb45898179fe8de2818e3ff994559c60aa962e2af,5.0,0xf021a90753fd51994c7d2ae3da9e63fb0e7c0ff3,0x8b064b79f1f26009e2b1e35ae8e55eb04d5bec6c,Reental-MLG-7
0x8b6394104025b3d5353df9e1e0a9f9fb30c10f264bf36e11dcfa3490f595a869,0xb45898179fe8de2818e3ff994559c60aa962e2af,5.0,0xf021a90753fd51994c7d2ae3da9e63fb0e7c0ff3,0x8b064b79f1f26009e2b1e35ae8e55eb04d5bec6c,Reental-MLG-7
0x6d517f3dd2365facf121e73f03db27034313a7425606dff62f77aac535ae1279,0xed923b814f1ea3d42c54dda55ba8edfaba994489,1.40128441,0xa3804d27c0d8386b9d4218f5e59ccfa778b59e6a,0x8b064b79f1f26009e2b1e35ae8e55eb04d5bec6c,Reental-BKL-2
0x0241fae4b0c2f0e25e3146cb532985194397cd7fe78ddfd3b0fbe85a50a78a2f,0x29fdc3434576e188e8131b2ad9cf94d3b3e71f56,1.0,0x13298289c119438e0dd2bce32e23f71192d063fb,0x8b064b79f1f26009e2b1e35ae8e55eb04d5bec6c,Reental-MLG-8
0xc244a9ee750336ebaeb374d4d32727d63832e200956a918160d991b15df9e1df,0x29fdc3434576e188e8131b2ad9cf94d3b3e71f56,1.0,0x13298289c119438e0dd2bce32e23f71192d063fb,0x8b064b79f1f26009e2b1e35ae8e55eb04d5bec6c,Reental-MLG-8
0x52b8e5302b70bb4b717e6acf9fbace88399422661715dfeb0ed5f03070a7e597,0xca53dd67cfa553d9e31c377602fb217dff9eadff,3.0056663,0x89b5416968540a8b504bcaeba2d7b3dc0753f1cc,0x8b064b79f1f26009e2b1e35ae8e55eb04d5bec6c,Reental-SMA-2
0xf281bb6705629d2a1e4a8431ee4327f48460b2dddfc479f94161690cc60beb45,0xca53dd67cfa553d9e31c377602fb217dff9eadff,5.0,0xff5e8a5f1fcd06c4bb4e995c7c02a577e86d7290,0x8b064b79f1f26009e2b1e35ae8e55eb04d5bec6c,Reental-SMA-2
0x21fd4b175976b5a39f3ace305254f16408deb5f420aa49657d240630c143e45a,0xfb759e0cc5cff4aea606064acd41c71c7c11bf40,2.0,0xe50afc8c3add9e95f03c0b9cd08594e667ae6d99,0x8b064b79f1f26009e2b1e35ae8e55eb04d5bec6c,Reental-BKL-1
0x009f02f4e82cbd08c72e0b6539f9c0b65286a15917a0b633c4194b58cf6fccfb,0xfb759e0cc5cff4aea606064acd41c71c7c11bf40,4.0,0x922e21af5c912a6c2283cd1a792bd52ba6523149,0x8b064b79f1f26009e2b1e35ae8e55eb04d5bec6c,Reental-BKL-1
0x9fb2485a4161b3d1e3ef4b1e39f4fd8676a146df94b98463974f4471e1c9569f,0xdecfebdaf1131899fb38a53dc63671246220ab7a,2.0,0xcc568012f3f376785c48a3b036370b9d5c1be9a6,0x8b064b79f1f26009e2b1e35ae8e55eb04d5bec6c,Reental-RDO-5
0x12db447fe28be61595b4e89cf9f30b821e67a8163fe212f76d1bf5fa47fb0bc7,0xd48b1f302c8eb4a0f691fde99deaa9316d67a7db,2.500155,0xcc568012f3f376785c48a3b036370b9d5c1be9a6,0x8b064b79f1f26009e2b1e35ae8e55eb04d5bec6c,Reental-JAX-5
0xbd53cc2ccb04c435405833f35d9ade0f90e39953bf4d50c90fb9569e8fe7eeea,0x49b8f29f17a27ae89121642838e37bc8ce77d2f2,3.29,0x74ccf6c72f487948447db636daf9bce199499150,0x8b064b79f1f26009e2b1e35ae8e55eb04d5bec6c,Reental-SMA-1
0x3068b2266186b297d12c46d9cb320b010a61e9fab3156d349bc4c9df88c6e390,0xfb759e0cc5cff4aea606064acd41c71c7c11bf40,2.0,0xc1213762f0b2010721e34a7d3a4e6742f836b462,0x8b064b79f1f26009e2b1e35ae8e55eb04d5bec6c,Reental-BKL-1
0xd73cc35530a38e1c00d18108b70f02b11b778d5b831c3f4a81719bb6e8ff5044,0xdecfebdaf1131899fb38a53dc63671246220ab7a,3.45186942,0xa400a5af8249444604a92c17fe3f06e5d7f079c9,0x8b064b79f1f26009e2b1e35ae8e55eb04d5bec6c,Reental-RDO-5
0x127aa00113282eb54bc34c4af65be8ef61a1a64f3ca5374d59ee80098a418b1b,0xed923b814f1ea3d42c54dda55ba8edfaba994489,5.61654428,0xe2fd23b414378ce9c67889100b51b1c7dc8eacad,0x8b064b79f1f26009e2b1e35ae8e55eb04d5bec6c,Reental-BKL-2
0x16a2b44840114806a8553ff500e8f2b35c451a5be8661de0366497fa1992e53a,0xed923b814f1ea3d42c54dda55ba8edfaba994489,12.83843957,0xdd5de994cdd5fae199fc5e0dc4cf8576338dc6aa,0x8b064b79f1f26009e2b1e35ae8e55eb04d5bec6c,Reental-BKL-2
0xc58e64e6a728115617e227e5e22bc7c701ee86f68368a8316b48416760291cf4,0xca53dd67cfa553d9e31c377602fb217dff9eadff,4.8,0xd7246f8404404bfb3a1f04aa8e95e4000bbeb212,0x8b064b79f1f26009e2b1e35ae8e55eb04d5bec6c,Reental-SMA-2
0x12159888e6019311747d580bea0be52d554f098309e5c0584398b68c9838a042,0x8711b4172ed71d2d4f90e3e2f0cb63726acba8e6,6.27014484,0xec2797928a075ac322e0a1f2fca0f253b961b9b5,0x8b064b79f1f26009e2b1e35ae8e55eb04d5bec6c,Reental-JAX-1
0xc657cb9b58c7987ccf041f96d0377a9f446ea4d2e7cbd600fef0340458c5e100,0xca53dd67cfa553d9e31c377602fb217dff9eadff,3.04680584,0x75c59da5cbb7dbfec067b8e9ac8f94e6cc1c6fef,0x8b064b79f1f26009e2b1e35ae8e55eb04d5bec6c,Reental-SMA-2
0x8c9853c4e251029ac335f1b4dae7ab3a40a2f7f3435fa2d099d66697a85adf67,0x093984f85f980479172fb96982f79c418ac730f7,7.29024421,0xdd5de994cdd5fae199fc5e0dc4cf8576338dc6aa,0x8b064b79f1f26009e2b1e35ae8e55eb04d5bec6c,Reental-RDO-6
0x64405f2b337369b1e463fc8d10aed65a4ea2dc17d45683859e05f3f5350b9855,0x4adaee2dae690cf8f3915f1c1963f16d239c5e11,1.0,0xeb4ea3b80a787863c729fc6c28b68c64a5a27089,0x8b064b79f1f26009e2b1e35ae8e55eb04d5bec6c,Reental-MRB-1
0x9f845d1914825a20d9ba6ab799878a1018213cae71c41b4d57b865f127a3f992,0x1998bc7570ae301154e0c3017acbb200b87ad1af,5.0,0x91b449094033dbdd4a077307bd73c46d4de75a0e,0x8b064b79f1f26009e2b1e35ae8e55eb04d5bec6c,Reental-IDX-1
0xda0a44b301d1f38d4dd6fc70e500d9e1700581b2b58d8d9b6165995b2f65b34f,0x4adaee2dae690cf8f3915f1c1963f16d239c5e11,10.0,0xf9c3fa98e7c685ff7964b7a297a7a22cb88eef19,0x8b064b79f1f26009e2b1e35ae8e55eb04d5bec6c,Reental-MRB-1
0x58e059468bca8563f6dbbafaf16abe19880510b084675e80ed716eb35b0431df,0x1998bc7570ae301154e0c3017acbb200b87ad1af,0.99993105,0x88c628d2602388e2ee211eccc851edd2e8b4678b,0x8b064b79f1f26009e2b1e35ae8e55eb04d5bec6c,Reental-IDX-1
0x1d160bb13276e335244dcfaa4151720437b8131fcc9fe4a20d67fabc78e159a9,0x1998bc7570ae301154e0c3017acbb200b87ad1af,1.90175362,0xb222b61c259e22546bfe9edd0b4eecc73aec3cf9,0x8b064b79f1f26009e2b1e35ae8e55eb04d5bec6c,Reental-IDX-1
0xfd3d25f4fc0a7f1e05001fb750b6c091961f13789b0eccebb927dec028c0cbbe,0x1998bc7570ae301154e0c3017acbb200b87ad1af,4.98999859,0x3a20c9e644d6b7cc68eb3d2328cd619eed79c31f,0x8b064b79f1f26009e2b1e35ae8e55eb04d5bec6c,Reental-IDX-1
0xc48f6d660ea6434b5041d0ff9e632689f31794d1fee53e0b42084ac6ca353429,0xe16901dad396fe7b1b77b6d2bd91b2d648e8a762,7.7925,0x8b064b79f1f26009e2b1e35ae8e55eb04d5bec6c,0xd3d40870c53c407880605631f14d473eb7c6a6f5,Reental-HOU-3
0x916277a090f8725ffa931e03c5b4840d614e065ece4cd1647b0d5ee63e7061b9,0xe27f1e1d5ef28f560cbd9500342b24dd989635d2,5.0,0x8b064b79f1f26009e2b1e35ae8e55eb04d5bec6c,0xf9c3fa98e7c685ff7964b7a297a7a22cb88eef19,Reental-VLC-1
0xc2c26c7b769f4a7853ec905faceab5b9a4e0e4f5f59012e26c1dd28893b029e4,0x7cb85443eab0851d9b4558db23e1026af07c700d,2.0,0xf3b9739ed70e548f8e30e81746c80bc6c74edd1a,0x8b064b79f1f26009e2b1e35ae8e55eb04d5bec6c,Reental-RET-2
0xc2599b3f2ad9c8409ed78a0a580df896ba88f6d399aa52553d471c2cb3949721,0x7cb85443eab0851d9b4558db23e1026af07c700d,10.0,0x5a5ac99975dc2a5944827fb68079e6f328e6b811,0x8b064b79f1f26009e2b1e35ae8e55eb04d5bec6c,Reental-RET-2
0x479da7b8cc8560ff4a3b6c686619528a7b38f3a7da0b63246166bbc8be95af6c,0xc48b58aae1fb770a8655e44de960eb7dc84a5de9,5.0,0x94264445fb3d0cd4f90e2e641ca1bd2a01e5c65a,0x8b064b79f1f26009e2b1e35ae8e55eb04d5bec6c,Reental-RET-1
0x6b7955df1105da8cd6dba8c65c119da76e0e3a0b7ea3177942bea46652a95f79,0xfb759e0cc5cff4aea606064acd41c71c7c11bf40,0.34254016,0x9f9daec64f6f05696d1578b7159cdf7e504afdb9,0x8c44bde75104a91651cc0040b5082c7b4d15a378,Reental-BKL-1
0x9825e9c37d8690d43d11f23255a3e2ac2bb906ce0a00399cb412d7e790fac5bf,0xed923b814f1ea3d42c54dda55ba8edfaba994489,0.28123735,0x9f9daec64f6f05696d1578b7159cdf7e504afdb9,0x8c44bde75104a91651cc0040b5082c7b4d15a378,Reental-BKL-2
0xc38582471bf93ffda930aee25c7fadb25c8c7c084fdffda6263939d4aa8e24f3,0x29da137d6dba774ad4f79323374f685682542767,0.99987514,0xb552a37e3f07082490b017aa6b43e10cd04176b5,0x8c44bde75104a91651cc0040b5082c7b4d15a378,Reental-MUR-1
0xb1086a66110158503e6c9141246855ef0b061eae69adf4d289293af48dbdecec,0xfb759e0cc5cff4aea606064acd41c71c7c11bf40,5.0,0x1f16c2d016cb02c94ba226e8c6975dd777d417ef,0x8c44bde75104a91651cc0040b5082c7b4d15a378,Reental-BKL-1
0xdf08a92931ab278948f1635a4a7ccedd593c9f77318ad8d77bc379cbdc767fd7,0x9c09c8525c5baa3b254cb0a60d3565cfbd5c9f28,2.5,0x90d5f0db43c5f0be2849097c0cd2afaec66356e8,0x8c773713988d71d7d329519cce7e4c6c3020ce3b,Reental-JAX-3
0x8e4270507df14450ce1ac11c80c6031cd814790c7a8c6298ab998279b2792f0a,0x7aa21fabd73e8d3aa5d5c5994af6b62cfcea3fe4,0.5,0xd73d0b5775caf7ff914d8643bc31bbfb1db2f3c6,0x8cb42b004a1407d262af5ad0d00a9df353ccefc6,Reental-SHL-1
0x4f44e96472959709892a0f43b21cd89e78f61efb6e2815695fbd1411705763e7,0xb0825e7a4093d21ed076883f8aca33300631291e,0.49145007,0x82052d854a72fdf229c093ae374ebad7b085e620,0x8cb42b004a1407d262af5ad0d00a9df353ccefc6,Reental-MIA-3
0x73cb468d7bbe5254198b925db539f748627e369f7ed1e687d57eec4ff5b92eec,0xf94ca4e007553917d1f80d013d2544ddfbed555c,1.0,0xc0896e0e56d45b3c6d3444bff507adf6f15ee068,0x8cb42b004a1407d262af5ad0d00a9df353ccefc6,Reental-MLG-4
0xa05ad0875b7876ca7ba91975d8937dfb67e1a280977b4123ffc2437f8c7b1d34,0x7f6b82381bce03e7cf6af2fb1dcd41993406d4ae,0.66,0x8d56502da9bd98bb676c0dd630152968495bd8c8,0xd212a7c928b7a61460d67b96769bb8e38b4a4652,Reental-MLG-2
0x0298e35d92ea09395d6b0e86c251cd5163ae88fd0748484f4244d5ecb960f1ab,0x7f6b82381bce03e7cf6af2fb1dcd41993406d4ae,2.0,0x8d56502da9bd98bb676c0dd630152968495bd8c8,0xac27191d5d8a387422b681ba0cb427dd685ab2f5,Reental-MLG-2
0x077b3d536907c236985244eda796203573d45815794cf307763b61794fb71f9f,0x7f6b82381bce03e7cf6af2fb1dcd41993406d4ae,2.0,0x8d56502da9bd98bb676c0dd630152968495bd8c8,0xed9f944b9674a7efbb73b85867b41af6a727d96b,Reental-MLG-2
0x87ff18a65a1c1000674cfaa046bad608e4e6020e982b48761e9027a16a244814,0x7f6b82381bce03e7cf6af2fb1dcd41993406d4ae,5.0,0x8d56502da9bd98bb676c0dd630152968495bd8c8,0xb64fbeef6b52207a4648308c56b84432b16e9b0f,Reental-MLG-2
0x67403e40a7fe034681c98c4674e3a345266ef9d18a490b3cea807a848810ca12,0x7f6b82381bce03e7cf6af2fb1dcd41993406d4ae,2.0,0x8d56502da9bd98bb676c0dd630152968495bd8c8,0xd212a7c928b7a61460d67b96769bb8e38b4a4652,Reental-MLG-2
0xd6c4c7fddd0fcd6d4966014b43249e1a7864f8fc010fd5f6a2e80ca6df38c48b,0x7f6b82381bce03e7cf6af2fb1dcd41993406d4ae,2.0,0x8d56502da9bd98bb676c0dd630152968495bd8c8,0xd212a7c928b7a61460d67b96769bb8e38b4a4652,Reental-MLG-2
0x927263216b3efbb47d27e71cd145ea5232d3fd79bf721f6fe192015db184bac0,0x8711b4172ed71d2d4f90e3e2f0cb63726acba8e6,5.0,0x8d56502da9bd98bb676c0dd630152968495bd8c8,0xf946b798367fdf5afd05d94ed4f1185cbead1788,Reental-JAX-1
0xefae7d539a204da57999c541cbf4df6e40901bfcf435f72602853216daffe821,0x7f6b82381bce03e7cf6af2fb1dcd41993406d4ae,10.0,0x8d56502da9bd98bb676c0dd630152968495bd8c8,0xb64fbeef6b52207a4648308c56b84432b16e9b0f,Reental-MLG-2
0xb092c0f25d4ee4160a22d09e869c34e294ecbb98ac2512e0102f976a160a622f,0x7f6b82381bce03e7cf6af2fb1dcd41993406d4ae,2.0,0x8d56502da9bd98bb676c0dd630152968495bd8c8,0xb64fbeef6b52207a4648308c56b84432b16e9b0f,Reental-MLG-2
0xe63e02bdd603e63cd393c3bbfc61126889c992bcb292a24ab7c9c15f2691c299,0x7f6b82381bce03e7cf6af2fb1dcd41993406d4ae,7.00196021,0x8d56502da9bd98bb676c0dd630152968495bd8c8,0xb54d1ee3859a24789d931962b7313bb2a2529785,Reental-MLG-2
0xa1b12741034d1db81767d9e0a2baf7ea3606a3895e2cda1b41eb409c457b0d5f,0x8711b4172ed71d2d4f90e3e2f0cb63726acba8e6,2.0,0x8d56502da9bd98bb676c0dd630152968495bd8c8,0xb54d1ee3859a24789d931962b7313bb2a2529785,Reental-JAX-1
0x675bf1ceca634047a0e62de658b19ea3c156b9f2e790fa058739f44589642a90,0x8711b4172ed71d2d4f90e3e2f0cb63726acba8e6,13.5005945,0x8d56502da9bd98bb676c0dd630152968495bd8c8,0xc3a8e0c76574defbba0d65994c7efa17182122dc,Reental-JAX-1
0x15ee1f084dd5d0e23d43e9a9f65d25f4c66d78c5a4608fa6a289089e9d895bc2,0x49b8f29f17a27ae89121642838e37bc8ce77d2f2,6.65535394,0x8d56502da9bd98bb676c0dd630152968495bd8c8,0x8ef1018c559a597c36b3cee7b53c44f9614b0190,Reental-SMA-1
0x709a6e63ab88dd39c56214243eaacd5c29c8de7864ab6689aec66af246bfd471,0xb0825e7a4093d21ed076883f8aca33300631291e,0.54,0x3949f8299a35fb6a31fcc2589970e8ea333ddfbb,0x8d6e0f86e5421abfd70c387359e6f47a1c84229f,Reental-MIA-3
0x3c74e74ae3f048b35db458f640a717f55c72087cf44ecbb246365344e67ea54a,0xf1ec7e14489683babdb9299e5f9908d19a8759dc,2.0,0x52864852ff6ba63768a95dcb60f481d10fe4fc3e,0x8d6e0f86e5421abfd70c387359e6f47a1c84229f,Reental-MIA-2
0xdc5ddb0c4b87dc32284b5ee113825ab8005f41d8eab22e5c402dfa9c18eea2ed,0xe27f1e1d5ef28f560cbd9500342b24dd989635d2,1.0,0x8e5812ae342ae21360b577318a0d9bd0364be9be,0xed9f944b9674a7efbb73b85867b41af6a727d96b,Reental-VLC-1
0xd16ff78848819919037cdb04a373d7620b7cd42bb466991a8abfecdd2bc48098,0x2f1026ff5bd94232050364c81d61a2d15e147209,7.82,0x8e5812ae342ae21360b577318a0d9bd0364be9be,0xf9c3fa98e7c685ff7964b7a297a7a22cb88eef19,Reental-MIA-1
0xfc613386a9b457d2edbd28badaa884f77c6b5998ce93a8db8d4e07e545130ef2,0x4adaee2dae690cf8f3915f1c1963f16d239c5e11,5.0,0x1f16c2d016cb02c94ba226e8c6975dd777d417ef,0x8e5812ae342ae21360b577318a0d9bd0364be9be,Reental-MRB-1
0x0a388a06205e7a84a69a0f2c0e903f5bebcdc7c0b6991840f21a964814c9865c,0xcc4c1ce8d335bd40a0acf17b9ab08c030cc299aa,1.66631064,0xa3804d27c0d8386b9d4218f5e59ccfa778b59e6a,0x8ebda1ba52b841b40dcd932b1bf53ff499a1226c,Reental-PRO-100
0x306b92d688363d56dc0e9b9503e568e427fe446065374c524b3e7956084aeaf6,0xe16901dad396fe7b1b77b6d2bd91b2d648e8a762,1.00007018,0xec22625f5838038bab25b9c814bdbe776ac49f58,0x8ebda1ba52b841b40dcd932b1bf53ff499a1226c,Reental-HOU-3
0xbeca6ee0ec65d436736b1480fc8148cfede7dcb5dcbdcaf123a83fc9e697229b,0xd48b1f302c8eb4a0f691fde99deaa9316d67a7db,5.0,0xce89063272ecce1cda2086670ff94cbc690b8f5f,0x8ebda1ba52b841b40dcd932b1bf53ff499a1226c,Reental-JAX-5
0xd9886432fb8f760c19e23c368043c2b964ff61e758890ffbf5ec318923b1ca8f,0x8711b4172ed71d2d4f90e3e2f0cb63726acba8e6,1.88689917,0xd212a7c928b7a61460d67b96769bb8e38b4a4652,0x8ebda1ba52b841b40dcd932b1bf53ff499a1226c,Reental-JAX-1
0xaf61b0f43b9f063c8dd99a3d99c50857e7dd4b3ffdf3bfbd246dd5bf01670823,0xe6e3ff145a6ffcd1dac08472f89164c0c43316b2,8.78587753,0xf9c3fa98e7c685ff7964b7a297a7a22cb88eef19,0x8ebda1ba52b841b40dcd932b1bf53ff499a1226c,Reental-CMY-1
0x1e01caf7d606900bdb6cf495425ce9495ff039a5fbe2bcde877fc12f85f82cc9,0xe59dde10d38df397c996bdb1325b6f81684a8b80,5.0,0xce89063272ecce1cda2086670ff94cbc690b8f5f,0x8ebda1ba52b841b40dcd932b1bf53ff499a1226c,Reental-DXB-1
0xa0d342d1b0e87d43b56a5867d4ad9ab6bffb4b6742144e8951a8a0232a6e87f1,0x69072424b70ed26ff987fcb49258b7e8f93c6d82,5.0,0xce89063272ecce1cda2086670ff94cbc690b8f5f,0x8ebda1ba52b841b40dcd932b1bf53ff499a1226c,Reental-SAM-1
0x5b3a0248eefe9f05185692e3f150346569338814215e9a77d3315d5150084161,0x95fb76dcf3bd83b3a9262a96194f29a9a7243f7a,1.24829776,0x0d91573db8e3901f660b33149eaaa8ca91c13754,0x8ef1018c559a597c36b3cee7b53c44f9614b0190,Reental-VLC-2
0x1f776e1880079d6d161ce6c051c1ab0461f19eabc942b0faecbca9823a8c1b16,0x512ee64de3b983d4e05faa949d63020442215a41,1.00008856,0x0d91573db8e3901f660b33149eaaa8ca91c13754,0x8ef1018c559a597c36b3cee7b53c44f9614b0190,Reental-VLC-3
0x9831b4ac6966c8716d3818124567a0bad71d7e44b15ec8f0ba780d008e1fed1a,0x454c0841a409b1752a6cf51fa8ed2fd28a6291c6,2.0,0x90d5f0db43c5f0be2849097c0cd2afaec66356e8,0x8ef1018c559a597c36b3cee7b53c44f9614b0190,Reental-RDO-2
0x5b6e9d817b917277ccf1c7901ab4a55a813b35abecbbdd2265d1823f27ac8278,0x3b7455335fc7c3839167ed8fc173405908ffdf15,3.0,0x6107da77b7e200de44af71de2e6dbd5faddfcc8c,0x8ef1018c559a597c36b3cee7b53c44f9614b0190,Reental-TLM-2
0x896461decbc5eaf3f33c767fee34a926ea635fa8d5cac8a365050ed5713e01d5,0xdecfebdaf1131899fb38a53dc63671246220ab7a,0.82064051,0x922e21af5c912a6c2283cd1a792bd52ba6523149,0x8ef1018c559a597c36b3cee7b53c44f9614b0190,Reental-RDO-5
0x50bd4c6c5960b42c74f7fed53702ad8258c3277fcf1df45c9c30646d703d4c9a,0x6b4fa3c69e62f8f03dc018b57efa74d560462210,2.17229966,0xc538526d642faa85f672abf8bf00e8d6909d7f22,0x8ef1018c559a597c36b3cee7b53c44f9614b0190,Reental-MAYA-1
0xdf81be7ca8c70327e0114ac72fb0a61a17e6ca014be44ec6f21e489c60550c66,0x512ee64de3b983d4e05faa949d63020442215a41,3.99628777,0xd7c29b7bdff2e120af60efbbdd420b576abd3a72,0x8ef1018c559a597c36b3cee7b53c44f9614b0190,Reental-VLC-3
0xcbe3a95848f687dbbba8f5dd7cccca6c88fd0396e3999deb8da89535d52c24e2,0x093984f85f980479172fb96982f79c418ac730f7,0.29658227,0xf486a748d2981361e272e5b4adefbebbf7a8805d,0x8ef1018c559a597c36b3cee7b53c44f9614b0190,Reental-RDO-6
0xd47a7772cd20bdb1014a83c8af76dc38d73fbc4716caced88f503ead38304717,0x7f6b82381bce03e7cf6af2fb1dcd41993406d4ae,1.0,0xd212a7c928b7a61460d67b96769bb8e38b4a4652,0x8ef1018c559a597c36b3cee7b53c44f9614b0190,Reental-MLG-2
0xa445d66f5d1b7b69fe93e18bc2f3646174344a647aae789579b91c8dd12ca704,0xfd0ea97747f7b1a53ec59ef5001616cde3aead3e,1.0,0xd212a7c928b7a61460d67b96769bb8e38b4a4652,0x8ef1018c559a597c36b3cee7b53c44f9614b0190,Reental-CLVM-2
0x09823c1b5addf77b559fff134ca7102b5cf50c72adf506b1cbb8a76f7060a0d6,0x9c09c8525c5baa3b254cb0a60d3565cfbd5c9f28,3.0,0x17222c114271db191db21bfcc3c76e3b166876ff,0x8ef1018c559a597c36b3cee7b53c44f9614b0190,Reental-JAX-3
0x109dd99663bfb925b962056a0d002eb7401bc0c92389462e5eb8313cfb50bd14,0x4adaee2dae690cf8f3915f1c1963f16d239c5e11,5.0,0xf9c3fa98e7c685ff7964b7a297a7a22cb88eef19,0x8ef1018c559a597c36b3cee7b53c44f9614b0190,Reental-MRB-1
0xc62ae097c75afd26d307d07f7bd107c9c5d32285e5bb743350ae319702b40847,0x4adaee2dae690cf8f3915f1c1963f16d239c5e11,5.0,0xf9c3fa98e7c685ff7964b7a297a7a22cb88eef19,0x8ef1018c559a597c36b3cee7b53c44f9614b0190,Reental-MRB-1
0x97be9e22d905cee15beed2854757b8d218c85e292e9b4ae65f039ba433ae8136,0xa0d99b441a9a5e334b234f31a92b97fa8d663626,5.0,0xf9c3fa98e7c685ff7964b7a297a7a22cb88eef19,0x8ef1018c559a597c36b3cee7b53c44f9614b0190,Reental-YCT-2
0x6393671748b4551c0694a50ecf32ff407a5082819a87beb707c0ec00ddcc2a39,0xb45898179fe8de2818e3ff994559c60aa962e2af,3.14011619,0x17222c114271db191db21bfcc3c76e3b166876ff,0x8ef1018c559a597c36b3cee7b53c44f9614b0190,Reental-MLG-7
0xbc6d18a91fa6d3be4a146675ef7403163f909f86953e5b50a19cd70a33c8ce40,0xfd0ea97747f7b1a53ec59ef5001616cde3aead3e,1.0,0xd212a7c928b7a61460d67b96769bb8e38b4a4652,0x8ef1018c559a597c36b3cee7b53c44f9614b0190,Reental-CLVM-2
0x5c3062a290a2a6fc923244094bd819cf5a1c6ec28836ff77ddf6fc012393304d,0x7f6b82381bce03e7cf6af2fb1dcd41993406d4ae,1.0,0xd212a7c928b7a61460d67b96769bb8e38b4a4652,0x8ef1018c559a597c36b3cee7b53c44f9614b0190,Reental-MLG-2
0x277cde28d306f56510e3907fe6f09484598d04af7cf3153c31d960df7bc12e14,0x7a7e4dd51d1ca1aa701b0eb76ba5f59cec2fbaa1,4.0,0xd73d0b5775caf7ff914d8643bc31bbfb1db2f3c6,0x8ef1018c559a597c36b3cee7b53c44f9614b0190,Reental-MAD-3
0x796459058cd552e3d758e4961a77c3c3a7eb4e71efcd07b515e6124f240896cd,0x29fdc3434576e188e8131b2ad9cf94d3b3e71f56,6.06358306,0x17222c114271db191db21bfcc3c76e3b166876ff,0x8ef1018c559a597c36b3cee7b53c44f9614b0190,Reental-MLG-8
0x8539eb162a3f58398c107f8c4dffabe2dc32f25cf59d098371e0a0a77f587881,0x4adaee2dae690cf8f3915f1c1963f16d239c5e11,2.46966555,0xe2c864f2e2681f0803a5b0f45012f608abc9ea22,0x8ef1018c559a597c36b3cee7b53c44f9614b0190,Reental-MRB-1
0x24fc155433d0d9d3bde23d77296cdc6c5cdeb9b1a3ec78ccb0e4ccf33a427f05,0x7f6b82381bce03e7cf6af2fb1dcd41993406d4ae,6.0,0x17222c114271db191db21bfcc3c76e3b166876ff,0x8ef1018c559a597c36b3cee7b53c44f9614b0190,Reental-MLG-2
0x38151a41fd75be06f9d54af7a4f5e88c66b9c44c13605b5b465ae5e41ae16256,0x4adaee2dae690cf8f3915f1c1963f16d239c5e11,1.98864622,0xdf50cbf0ea828d6d3fb7b59f905a56ec64d5036d,0x8ef1018c559a597c36b3cee7b53c44f9614b0190,Reental-MRB-1
0xb5bb9a836a8ccab183394346e0afb6f559f127e5d894f895a9130010b92e3963,0x4adaee2dae690cf8f3915f1c1963f16d239c5e11,1.0,0xdf50cbf0ea828d6d3fb7b59f905a56ec64d5036d,0x8ef1018c559a597c36b3cee7b53c44f9614b0190,Reental-MRB-1
0x55e18609dc14790f608dc8933efcc33ac14ce4fc286b51750ceb95b0786d47b5,0x2a8bbc241849431e9cc7c4dbea9c05dfac2de553,5.0,0x91b449094033dbdd4a077307bd73c46d4de75a0e,0x8ef1018c559a597c36b3cee7b53c44f9614b0190,Reental-GRX-3
0x75d6bf897d3ed1f849ac35e2d4b3f2044db2b21ee7a977d64ce6f9e10e4193ef,0x4adaee2dae690cf8f3915f1c1963f16d239c5e11,1.0,0xdf50cbf0ea828d6d3fb7b59f905a56ec64d5036d,0x8ef1018c559a597c36b3cee7b53c44f9614b0190,Reental-MRB-1
0xffe8d2f9df6164be195faeb3e6c904096cdf94e7e7c5bac2f9d99416f96482d9,0x4adaee2dae690cf8f3915f1c1963f16d239c5e11,1.0,0xdf50cbf0ea828d6d3fb7b59f905a56ec64d5036d,0x8ef1018c559a597c36b3cee7b53c44f9614b0190,Reental-MRB-1
0x6835d897f28196653868bebab4f9d4204a5e5e255377e988dd05f23bff615599,0x4adaee2dae690cf8f3915f1c1963f16d239c5e11,10.0,0xf9c3fa98e7c685ff7964b7a297a7a22cb88eef19,0x8ef1018c559a597c36b3cee7b53c44f9614b0190,Reental-MRB-1
0x64833a06dd71399cea8da588bd078bf4953e106efe10c1d3795db41dae2a5014,0x49b8f29f17a27ae89121642838e37bc8ce77d2f2,5.0,0xba9e9281a9adf656191724f7bef219c96e498b29,0x8ef1018c559a597c36b3cee7b53c44f9614b0190,Reental-SMA-1
0x2c1a1d4b6bd261add0129f562c931c6b43d6d928ea8b20b08260ebc8dfe9c273,0xaca38d593f7775334fa1b84a865f19396f62f760,1.0,0xd212a7c928b7a61460d67b96769bb8e38b4a4652,0x8ef1018c559a597c36b3cee7b53c44f9614b0190,Reental-MLG-6
0xf4438d18cff340a818c88a33ac7df3807e3c59553ebbcc28aff022104f0a6e6a,0xe7d35f9248ea53943765928c0d9dc027a0129f28,3.8972126,0xae908840c70db2c66183e8442e173d7b3bf4c9fd,0x8ef1018c559a597c36b3cee7b53c44f9614b0190,Reental-MLG-3
0x60ed3ba7c3a612331eceb343c9d16df92fedd7f1cf2cf753b6354c1f6a4bab96,0xc48b58aae1fb770a8655e44de960eb7dc84a5de9,8.3,0xc20b4d3f8d4594769cb01fb24b8a4eeaf64866ef,0x8ef1018c559a597c36b3cee7b53c44f9614b0190,Reental-RET-1
0xe6dd7bc629aa4e1cc3cc80323ec407dc893ad0a2b86fd11607d19b3c288551fa,0xdecfebdaf1131899fb38a53dc63671246220ab7a,0.24241791,0x6f6aad8d226ba66e7d7f46e32a6819c7e5cd60f3,0x90a5f9f86bd2f48208ef82f77a344b2c24216175,Reental-RDO-5
0x5b565d0ebf402b1e3d6ef078573167326749b0685cc906ff5688b1c02a9ecca9,0x4adaee2dae690cf8f3915f1c1963f16d239c5e11,1.0,0x90a5f9f86bd2f48208ef82f77a344b2c24216175,0xd212a7c928b7a61460d67b96769bb8e38b4a4652,Reental-MRB-1
0x6a548fd00c35b28c63a87a99dd3fc99218a844ede91b9339ea88c52454837485,0xac6b91d535bdedb731045ed823d2a6c3ad5b5177,1.23594073,0xc0e8b90c8ab3be3a6afdaf09c47b76f2e530da29,0x90a5f9f86bd2f48208ef82f77a344b2c24216175,Reental-OVD-1
0x73a36b28e09a9d92eebe594fda821a7eb6a26d7615845ebe2b8eebc739855603,0x8711b4172ed71d2d4f90e3e2f0cb63726acba8e6,2.0,0xfc083ae8973c130a9f86198529cf61e7e053d626,0x90d031ce5f83c3caf68f544b3c26252daf89ac56,Reental-JAX-1
0x83a543d08084f5d28469df4be3debf47e6d29de586ef5fe6d32dd53b7707994f,0x8711b4172ed71d2d4f90e3e2f0cb63726acba8e6,2.0,0xfc083ae8973c130a9f86198529cf61e7e053d626,0x90d031ce5f83c3caf68f544b3c26252daf89ac56,Reental-JAX-1
0x24df7ea95444ee10a35e8ade12631012a3533d1c9de0147542eac3c231ead6d2,0x2f1026ff5bd94232050364c81d61a2d15e147209,5.0,0x3f9ed6a481392a65009697131b12518b8cb8ce1f,0x90d3032a522e9935b5b86cb2b0446e654117e348,Reental-MIA-1
0x583df3bc24836077f273bf039b52fb0620e6ab65d47bb58e5ae73590c663687c,0x2f1026ff5bd94232050364c81d61a2d15e147209,10.0,0x3f9ed6a481392a65009697131b12518b8cb8ce1f,0x90d3032a522e9935b5b86cb2b0446e654117e348,Reental-MIA-1
0x90ac625573407514f1e0b6d2daea5a6887166b7b1f74ff7b3ee2f05e4fa448ad,0x2f1026ff5bd94232050364c81d61a2d15e147209,5.0,0x3f9ed6a481392a65009697131b12518b8cb8ce1f,0x90d3032a522e9935b5b86cb2b0446e654117e348,Reental-MIA-1
0x5f1264a5504661f1684c9f555d1b07ff31effc93b79c2773f13b0dca67caa861,0xfc5e219788a953ad8e71c3b7cb9484695e7f028e,1.0,0xd4bcede6c4055c12ec03cd383046297d0ed05625,0x90d5f0db43c5f0be2849097c0cd2afaec66356e8,Reental-SVQ-6
0x1c37e1e07f6096d9dfc9d532b5e96bc89cd098f5583a9587521ec9154d403c0d,0x6b4fa3c69e62f8f03dc018b57efa74d560462210,2.0,0x99b6b6f3d833d41cf50c9dc24c1c954e4124bef6,0x90d5f0db43c5f0be2849097c0cd2afaec66356e8,Reental-MAYA-1
0x4afb38568f1eaba41da31d4d4bc4691c6580c69a9ddd4e08ff968d4b2522b1a5,0x6b4fa3c69e62f8f03dc018b57efa74d560462210,2.0,0x99b6b6f3d833d41cf50c9dc24c1c954e4124bef6,0x90d5f0db43c5f0be2849097c0cd2afaec66356e8,Reental-MAYA-1
0x90619ca1b005e29797dd7ef8a9d841dd484e962f44824ac51595524f13ec6698,0x6b4fa3c69e62f8f03dc018b57efa74d560462210,2.0,0x99b6b6f3d833d41cf50c9dc24c1c954e4124bef6,0x90d5f0db43c5f0be2849097c0cd2afaec66356e8,Reental-MAYA-1
0x8586dac98ccae1914be45947fac64d4fe1d9e5293846e0e2eeb5185b5e654145,0x6b4fa3c69e62f8f03dc018b57efa74d560462210,2.0,0x99b6b6f3d833d41cf50c9dc24c1c954e4124bef6,0x90d5f0db43c5f0be2849097c0cd2afaec66356e8,Reental-MAYA-1
0x709a7c38d04e3943baa1a7859cd8366f387f46705267822443839e2389a525dd,0x2f1026ff5bd94232050364c81d61a2d15e147209,1.45,0x90d5f0db43c5f0be2849097c0cd2afaec66356e8,0xc73c1573045a3f1f5cc0afb112147c2d3cca21d8,Reental-MIA-1
0xb5138d9f65e9f2f98e4b77811c147677565640d785e8bd8df8745cd81ce5d3ab,0x4adaee2dae690cf8f3915f1c1963f16d239c5e11,5.0,0x1f16c2d016cb02c94ba226e8c6975dd777d417ef,0x90d5f0db43c5f0be2849097c0cd2afaec66356e8,Reental-MRB-1
0xd71cfaf8f24a3496ee86bae709ac639682e05fd5be0ecb167140ec89906cfc65,0xaaad2db2f624dc5a350d579d834b5fe12b2bcd8d,1.99673046,0xa3804d27c0d8386b9d4218f5e59ccfa778b59e6a,0x90d5f0db43c5f0be2849097c0cd2afaec66356e8,Reental-YCT-1
0xf5708d94c42982dd174c545bd9b6242e3e8c67c31d496a5e6f9eb51537865c3d,0x4adaee2dae690cf8f3915f1c1963f16d239c5e11,30.0,0xde17c80961aa748f4e61a5b2ee612c7dbb4cd0c7,0x90d5f0db43c5f0be2849097c0cd2afaec66356e8,Reental-MRB-1
0x483330ca0cb05d928ab618fcbf60f444e8861d5b75ff9bc86008c5f7cec9f8e7,0x55cb210f496df649fd283aa93a360e24fdb40964,1.30648374,0xcf44dd500c8120fe9b7017580392263cb19ceb9d,0x90d5f0db43c5f0be2849097c0cd2afaec66356e8,Reental-BPT-1
0xc46977e869cd42ef0301b25bf58497899cf6ddab3eaab9b89688519ca93f8def,0x69072424b70ed26ff987fcb49258b7e8f93c6d82,2.8,0x3460f3e3ecdadb7ca18cc363c1ed05d227fda666,0x90d5f0db43c5f0be2849097c0cd2afaec66356e8,Reental-SAM-1
0x61e7eb5e591aba8f518a63b2f135e5a9f830a8c2460efb97257144e6572e4cb4,0x69072424b70ed26ff987fcb49258b7e8f93c6d82,2.0,0x3460f3e3ecdadb7ca18cc363c1ed05d227fda666,0x90d5f0db43c5f0be2849097c0cd2afaec66356e8,Reental-SAM-1
0x1f10515e895985f53d9b64597f65265b907ff49e43ee7de92c586bffa6c0880a,0x69072424b70ed26ff987fcb49258b7e8f93c6d82,0.9965,0x3460f3e3ecdadb7ca18cc363c1ed05d227fda666,0x90d5f0db43c5f0be2849097c0cd2afaec66356e8,Reental-SAM-1
0x01970cef9889564ecd6b0e4f79b860e00242573c876ee9f560c5d457b3144209,0x8a96bf9aa5812ce957aed1f554065b64a545c88a,2.3460857,0x3a20c9e644d6b7cc68eb3d2328cd619eed79c31f,0x90d5f0db43c5f0be2849097c0cd2afaec66356e8,Reental-VLC-12
0x8b4e9665bc7bae347dd807d7b35f434a88597f82bd39adc01e311ee05582e01c,0x6b4fa3c69e62f8f03dc018b57efa74d560462210,1.0,0x99b6b6f3d833d41cf50c9dc24c1c954e4124bef6,0x91db1aa9b2e4a35fd41f2cd643a0ff59e8332302,Reental-MAYA-1
0x0063fd267f1904d9d8efe8bdca0efdc26a6f8001be1e8562fcd19643f341c3af,0xf94ca4e007553917d1f80d013d2544ddfbed555c,10.0,0x922e21af5c912a6c2283cd1a792bd52ba6523149,0xa75ef832099e1374635ad44ae64bfa0326a8fc0b,Reental-MLG-4
0x26f31bfcbfeb43503a741bde25ac902231c3474905067b591ecb5cf5dc3575e2,0xf94ca4e007553917d1f80d013d2544ddfbed555c,3.0,0x922e21af5c912a6c2283cd1a792bd52ba6523149,0xf4baf08aee50b3ff26ee76334e8d25d08bdf719f,Reental-MLG-4
0xc80645621f65f237c6c8968f5d610e2b3daabfcbf0362be26a587b05a7d190a5,0xf94ca4e007553917d1f80d013d2544ddfbed555c,3.0,0x922e21af5c912a6c2283cd1a792bd52ba6523149,0xf4baf08aee50b3ff26ee76334e8d25d08bdf719f,Reental-MLG-4
0x7306303900ea694e78486d4acd1e7d18b9912b58b9e9c32c1bdc7590b7a377d4,0x6b4fa3c69e62f8f03dc018b57efa74d560462210,2.0,0x99b6b6f3d833d41cf50c9dc24c1c954e4124bef6,0x922e21af5c912a6c2283cd1a792bd52ba6523149,Reental-MAYA-1
0x86615a0165b6007e88e1eb75208ae11f14de426a854a059db14f467c455e1dd0,0x6b4fa3c69e62f8f03dc018b57efa74d560462210,2.0,0x99b6b6f3d833d41cf50c9dc24c1c954e4124bef6,0x922e21af5c912a6c2283cd1a792bd52ba6523149,Reental-MAYA-1
0x65c98a172b831a165e5d49df5ba4e99b2c345d26b02d547a48ab8575309fc78e,0x6b4fa3c69e62f8f03dc018b57efa74d560462210,2.0,0x99b6b6f3d833d41cf50c9dc24c1c954e4124bef6,0x922e21af5c912a6c2283cd1a792bd52ba6523149,Reental-MAYA-1
0xa727797685ea10a9ea237d8ccfff63d21f27fdff5166ff82d4ba15c3f9ba64b2,0x6b4fa3c69e62f8f03dc018b57efa74d560462210,1.0,0x99b6b6f3d833d41cf50c9dc24c1c954e4124bef6,0x922e21af5c912a6c2283cd1a792bd52ba6523149,Reental-MAYA-1
0x1fa264457d36cf41798903c9d3b5c622ce022b93b10d061b025daa69dd64bca6,0x6b4fa3c69e62f8f03dc018b57efa74d560462210,1.0,0x99b6b6f3d833d41cf50c9dc24c1c954e4124bef6,0x922e21af5c912a6c2283cd1a792bd52ba6523149,Reental-MAYA-1
0x1083e757ed4dff5860ecc53fb1f425f3ffbdeaf2e572c8e8023c8b31ceb8e435,0xf94ca4e007553917d1f80d013d2544ddfbed555c,2.0,0x922e21af5c912a6c2283cd1a792bd52ba6523149,0xef3c5eadc37eedf181bedf8dd7484f4c169c3d53,Reental-MLG-4
0xca00987d0689c3ae6a22771e6bae74b399fd47234d8d8f23bcae994bd3ed7d4f,0xca53dd67cfa553d9e31c377602fb217dff9eadff,5.0,0xfbd1b0fed15f5c7958314b178e71d1a890abee13,0x922e21af5c912a6c2283cd1a792bd52ba6523149,Reental-SMA-2
0x18be94d26d5a4652ad311f5fc0941dc33d257941b244afb53bfd3f8de9821b9d,0x6b4fa3c69e62f8f03dc018b57efa74d560462210,1.0,0x99b6b6f3d833d41cf50c9dc24c1c954e4124bef6,0x922e21af5c912a6c2283cd1a792bd52ba6523149,Reental-MAYA-1
0x092ad9e11ba2118c67554c1e44b8a1602f7933c6ce1553d959ca5e6c6ea56ac1,0xf94ca4e007553917d1f80d013d2544ddfbed555c,2.0,0x922e21af5c912a6c2283cd1a792bd52ba6523149,0xd212a7c928b7a61460d67b96769bb8e38b4a4652,Reental-MLG-4
0xcc343d16a303734e5fe62704780d04d95a234c0232753f13f72696bd772cd944,0x6b4fa3c69e62f8f03dc018b57efa74d560462210,1.0,0x99b6b6f3d833d41cf50c9dc24c1c954e4124bef6,0x922e21af5c912a6c2283cd1a792bd52ba6523149,Reental-MAYA-1
0x06d078bd1594d753b3f383d3626de7871629aa0d7ffbdbeacfe337e643710cad,0x6b4fa3c69e62f8f03dc018b57efa74d560462210,1.0,0x99b6b6f3d833d41cf50c9dc24c1c954e4124bef6,0x922e21af5c912a6c2283cd1a792bd52ba6523149,Reental-MAYA-1
0x4289953aac2c8f82032617dca18d4e3bcdcb36b1e6c068a3064dac38359ac252,0x6b4fa3c69e62f8f03dc018b57efa74d560462210,1.0,0x99b6b6f3d833d41cf50c9dc24c1c954e4124bef6,0x922e21af5c912a6c2283cd1a792bd52ba6523149,Reental-MAYA-1
0xe967659a58119a39603c9a199c5cb60e1b4920c58f8879db5d0ae366fced41cc,0x6b4fa3c69e62f8f03dc018b57efa74d560462210,1.0,0x99b6b6f3d833d41cf50c9dc24c1c954e4124bef6,0x922e21af5c912a6c2283cd1a792bd52ba6523149,Reental-MAYA-1
0x0c2d1fece88205b31286058ac17f588448ab8b97bedfbf713d28df2e23a33b23,0x6b4fa3c69e62f8f03dc018b57efa74d560462210,1.0,0x99b6b6f3d833d41cf50c9dc24c1c954e4124bef6,0x922e21af5c912a6c2283cd1a792bd52ba6523149,Reental-MAYA-1
0x401e94c96b69672c1bc9b543337d3e209f4014ed353051ee47e32710ac43e026,0x6b4fa3c69e62f8f03dc018b57efa74d560462210,1.0,0x99b6b6f3d833d41cf50c9dc24c1c954e4124bef6,0x922e21af5c912a6c2283cd1a792bd52ba6523149,Reental-MAYA-1
0xe099006fe8e1a1ba5dc2002418d622ae2a816ed504ec7d6cc4583374bf9b10d4,0x6b4fa3c69e62f8f03dc018b57efa74d560462210,1.0,0x99b6b6f3d833d41cf50c9dc24c1c954e4124bef6,0x922e21af5c912a6c2283cd1a792bd52ba6523149,Reental-MAYA-1
0xefc33717368688effb4c7f5720c4fd7d4019e2788324f6d1589215ecf536d7f9,0x6b4fa3c69e62f8f03dc018b57efa74d560462210,1.0,0x99b6b6f3d833d41cf50c9dc24c1c954e4124bef6,0x922e21af5c912a6c2283cd1a792bd52ba6523149,Reental-MAYA-1
0x1fe45ccdf0bb0e555e6e5d310051471a776733bbecc6d81791398aca70c6fc04,0x6b4fa3c69e62f8f03dc018b57efa74d560462210,1.0,0x99b6b6f3d833d41cf50c9dc24c1c954e4124bef6,0x922e21af5c912a6c2283cd1a792bd52ba6523149,Reental-MAYA-1
0x0abc290e896cdcd7a2f6933a6e6ad67fb43549204624d8028a82deacf52eb1d8,0x6b4fa3c69e62f8f03dc018b57efa74d560462210,1.0,0x3460f3e3ecdadb7ca18cc363c1ed05d227fda666,0x922e21af5c912a6c2283cd1a792bd52ba6523149,Reental-MAYA-1
0xe740e98fe439fffe8225eb6e1b97dd355853bff7f5d246c6e623ef12726e5ddf,0x6b4fa3c69e62f8f03dc018b57efa74d560462210,1.0,0x99b6b6f3d833d41cf50c9dc24c1c954e4124bef6,0x922e21af5c912a6c2283cd1a792bd52ba6523149,Reental-MAYA-1
0xd9c3eb7acd991f17b7359940962fde0db0cee562243e5faceee791b39f651765,0x6b4fa3c69e62f8f03dc018b57efa74d560462210,1.0,0x99b6b6f3d833d41cf50c9dc24c1c954e4124bef6,0x922e21af5c912a6c2283cd1a792bd52ba6523149,Reental-MAYA-1
0x6804f13dcd56ac0d426d303ccc8d6d019814433e16d05abe549c3a72fd170396,0x6b4fa3c69e62f8f03dc018b57efa74d560462210,1.0,0x99b6b6f3d833d41cf50c9dc24c1c954e4124bef6,0x922e21af5c912a6c2283cd1a792bd52ba6523149,Reental-MAYA-1
0xcc57636eea764c3eb9465813461fa6423f1de81c80562d8ae628b5309ab37bbf,0x33be67454ae817337db15877fd4106c5cd5206c5,2.0,0x922e21af5c912a6c2283cd1a792bd52ba6523149,0xd212a7c928b7a61460d67b96769bb8e38b4a4652,Reental-MLG-5
0x54b71ea93b83ef26fb350df25e264354c497a7da9f215a931e969bb94c5fc530,0xe7d35f9248ea53943765928c0d9dc027a0129f28,3.0,0x922e21af5c912a6c2283cd1a792bd52ba6523149,0xd212a7c928b7a61460d67b96769bb8e38b4a4652,Reental-MLG-3
0x9170719eef125eebbed9c0ee4d368dc40d0eeccc2e9c886d029b48d3ccf868b5,0x7f6b82381bce03e7cf6af2fb1dcd41993406d4ae,2.0,0x922e21af5c912a6c2283cd1a792bd52ba6523149,0xd212a7c928b7a61460d67b96769bb8e38b4a4652,Reental-MLG-2
0x62fd522cc38e96b33f11dfd60a87bae79740daca60c3e5ca038695fec947a25a,0x7f6b82381bce03e7cf6af2fb1dcd41993406d4ae,2.0,0x922e21af5c912a6c2283cd1a792bd52ba6523149,0xb54d1ee3859a24789d931962b7313bb2a2529785,Reental-MLG-2
0x131163f2d7d2240b18645012dcf1368d4f2b5aacc975cdab7b5d20354d1f1bc3,0xe7d35f9248ea53943765928c0d9dc027a0129f28,2.0,0x922e21af5c912a6c2283cd1a792bd52ba6523149,0xb54d1ee3859a24789d931962b7313bb2a2529785,Reental-MLG-3
0xb616436caaaab61bb65c9f131b6f29b441bef97149c10631e320f4555bf428a0,0x7f6b82381bce03e7cf6af2fb1dcd41993406d4ae,1.0,0x922e21af5c912a6c2283cd1a792bd52ba6523149,0xb64fbeef6b52207a4648308c56b84432b16e9b0f,Reental-MLG-2
0xd20298084bdf621dcfd305a332629ef1bf49570f53f922580f505a83e118aac9,0xe7d35f9248ea53943765928c0d9dc027a0129f28,1.0,0x922e21af5c912a6c2283cd1a792bd52ba6523149,0xd212a7c928b7a61460d67b96769bb8e38b4a4652,Reental-MLG-3
0xb96ce3211974196190848de6eb10e756bc206f1f2c296ea4aa7f78af258a7267,0xf94ca4e007553917d1f80d013d2544ddfbed555c,2.0,0x922e21af5c912a6c2283cd1a792bd52ba6523149,0xc3a8e0c76574defbba0d65994c7efa17182122dc,Reental-MLG-4
0x2fd604f48e49398e5b6314a66657db6700fbb5aa89333fe5d7ac00cd314584b1,0xf94ca4e007553917d1f80d013d2544ddfbed555c,1.0,0x922e21af5c912a6c2283cd1a792bd52ba6523149,0xd212a7c928b7a61460d67b96769bb8e38b4a4652,Reental-MLG-4
0xa2f84276327c995962531924c556b2457cc9078d86c03f9c7d947a4832936e5b,0x7f6b82381bce03e7cf6af2fb1dcd41993406d4ae,2.0,0x922e21af5c912a6c2283cd1a792bd52ba6523149,0xb64fbeef6b52207a4648308c56b84432b16e9b0f,Reental-MLG-2
0x55dbea26c82868f29fe12036e0e1229f205c55f142839ff6ce4aeec182135ca0,0xe7d35f9248ea53943765928c0d9dc027a0129f28,2.0,0x922e21af5c912a6c2283cd1a792bd52ba6523149,0xd212a7c928b7a61460d67b96769bb8e38b4a4652,Reental-MLG-3
0xd5fc597fa18fcab094922003edd2055d5b8665e02b386e7d52cc005bfa8c2029,0xaca38d593f7775334fa1b84a865f19396f62f760,0.90928934,0x922e21af5c912a6c2283cd1a792bd52ba6523149,0xd212a7c928b7a61460d67b96769bb8e38b4a4652,Reental-MLG-6
0xdf61b9f8a1652469ff38987fb0ead9b1f01a6da6d5142c3fcb03c0c705405242,0xe7d35f9248ea53943765928c0d9dc027a0129f28,1.0,0x922e21af5c912a6c2283cd1a792bd52ba6523149,0xd212a7c928b7a61460d67b96769bb8e38b4a4652,Reental-MLG-3
0xafdb4dd66387e1af04b0fb47e0edb70d4495db6dde6111ccf2e7cfd04e33e50d,0xf94ca4e007553917d1f80d013d2544ddfbed555c,1.0,0x922e21af5c912a6c2283cd1a792bd52ba6523149,0xd212a7c928b7a61460d67b96769bb8e38b4a4652,Reental-MLG-4
0x0819334c0f45c45f1f88c54ec8a76981dd8c9da98b16e8fb135cb8c6a93349be,0x6b4fa3c69e62f8f03dc018b57efa74d560462210,0.24162964,0x6f6aad8d226ba66e7d7f46e32a6819c7e5cd60f3,0x922e21af5c912a6c2283cd1a792bd52ba6523149,Reental-MAYA-1
0xc9d009899b0135b6fa5c5d446573c00938233cfb0e60ddb92afad5b732d5d38f,0xe7d35f9248ea53943765928c0d9dc027a0129f28,2.25829741,0x922e21af5c912a6c2283cd1a792bd52ba6523149,0x9f9daec64f6f05696d1578b7159cdf7e504afdb9,Reental-MLG-3
0xe1b77f895a823e0fc8fc8e6f272d634f3e0e62ebf42ab78c31e55fe8bdb86f4c,0x7f6b82381bce03e7cf6af2fb1dcd41993406d4ae,1.57810037,0x922e21af5c912a6c2283cd1a792bd52ba6523149,0xb64fbeef6b52207a4648308c56b84432b16e9b0f,Reental-MLG-2
0x632d5356fd34b5435e380b162f88cab977aae53d321ff68884cf2a804da34694,0xca53dd67cfa553d9e31c377602fb217dff9eadff,1.0,0x922e21af5c912a6c2283cd1a792bd52ba6523149,0xadb9cafc4989c2fb7b86b8344245a9cf6a2b9682,Reental-SMA-2
0x4e1c4b74ef5094cced36ce065736e1c0966ed4e826ea6ff868db120a2bde098a,0xf94ca4e007553917d1f80d013d2544ddfbed555c,1.0,0x922e21af5c912a6c2283cd1a792bd52ba6523149,0xfb8482d3a050b09d9dd3d3fb44e858864ef649f8,Reental-MLG-4
0x8d61dcc05b3d4ab0c0334ab663f65ddc06d739f9f79769124ce802ea56ecb73f,0xf94ca4e007553917d1f80d013d2544ddfbed555c,2.0,0x922e21af5c912a6c2283cd1a792bd52ba6523149,0xa75ef832099e1374635ad44ae64bfa0326a8fc0b,Reental-MLG-4
0x71cb0529a51fcd67383dee086ea9418d455ce8ac69a9ffe2d09f9755845ec789,0xf94ca4e007553917d1f80d013d2544ddfbed555c,2.0,0x922e21af5c912a6c2283cd1a792bd52ba6523149,0xce89063272ecce1cda2086670ff94cbc690b8f5f,Reental-MLG-4
0x35b9e1842b9817e53ef69ca3294ac1fa93517db10acd1b6b4f2c44ab1d44ca78,0xf94ca4e007553917d1f80d013d2544ddfbed555c,1.0,0x922e21af5c912a6c2283cd1a792bd52ba6523149,0xfb8482d3a050b09d9dd3d3fb44e858864ef649f8,Reental-MLG-4
0x8eeada629e3ee9ffc2c10aceffbaf3761fdae2083bfde5524d122cf9d29e24bc,0x33be67454ae817337db15877fd4106c5cd5206c5,1.0,0x922e21af5c912a6c2283cd1a792bd52ba6523149,0xd212a7c928b7a61460d67b96769bb8e38b4a4652,Reental-MLG-5
0x7f94a0d671fc916ce1bfb5b6dfc861a47905d0c5070129d9728eff31f51cbd87,0xca53dd67cfa553d9e31c377602fb217dff9eadff,1.0,0x922e21af5c912a6c2283cd1a792bd52ba6523149,0xdf50cbf0ea828d6d3fb7b59f905a56ec64d5036d,Reental-SMA-2
0x61533f15b596c58e6ab4f817e0f37dfa062b43726d4346869b6b5375ce65aa30,0xca53dd67cfa553d9e31c377602fb217dff9eadff,1.0,0x922e21af5c912a6c2283cd1a792bd52ba6523149,0xfb8482d3a050b09d9dd3d3fb44e858864ef649f8,Reental-SMA-2
0x03bc9beafeedc20410674f3a255afec7e606a5aff5305964a3e54fd4dd40a1b9,0xca53dd67cfa553d9e31c377602fb217dff9eadff,1.0,0x922e21af5c912a6c2283cd1a792bd52ba6523149,0xfb8482d3a050b09d9dd3d3fb44e858864ef649f8,Reental-SMA-2
0x17da9ca9949a72dc633aa0f4a3d00fb25906195753f9fbc7654e51868df3efd9,0x68f73061bdf369c2562f4c0ea4e940f362d1a97f,2.12905579,0x922e21af5c912a6c2283cd1a792bd52ba6523149,0xa75ef832099e1374635ad44ae64bfa0326a8fc0b,Reental-ATL-1
0xad881fba8d064ae871a96037adf93e1982d2a8c56d1cb50db81495e4e9229f6b,0x68f73061bdf369c2562f4c0ea4e940f362d1a97f,2.0,0x922e21af5c912a6c2283cd1a792bd52ba6523149,0xa75ef832099e1374635ad44ae64bfa0326a8fc0b,Reental-ATL-1
0xb80c93918654d81542844a31b41fb7d70cc4c5dc262ca5c50d0b4da150d5ea7c,0xfb759e0cc5cff4aea606064acd41c71c7c11bf40,2.4698,0x1f16c2d016cb02c94ba226e8c6975dd777d417ef,0x922e21af5c912a6c2283cd1a792bd52ba6523149,Reental-BKL-1
0x710d6ac9187bcac28dd385f4005e83f268396dc37c7297782ca7895a961d940f,0xfb759e0cc5cff4aea606064acd41c71c7c11bf40,2.0,0x922e21af5c912a6c2283cd1a792bd52ba6523149,0xe50afc8c3add9e95f03c0b9cd08594e667ae6d99,Reental-BKL-1
0x14fc04b4200ac4927fcc1d0127d6dd13e933acdf8d1096512ac76ba99cbed500,0xfb759e0cc5cff4aea606064acd41c71c7c11bf40,3.0,0x922e21af5c912a6c2283cd1a792bd52ba6523149,0xf9c3fa98e7c685ff7964b7a297a7a22cb88eef19,Reental-BKL-1
0x048c039f08a680531675cc45ffe94e32795e2907d370fadae76b6233a98a023f,0xfb759e0cc5cff4aea606064acd41c71c7c11bf40,5.0,0x922e21af5c912a6c2283cd1a792bd52ba6523149,0xa3804d27c0d8386b9d4218f5e59ccfa778b59e6a,Reental-BKL-1
0xd206800631f946d7103e71325c04f6552db2aa27f576812795ceb754f95158c7,0xed923b814f1ea3d42c54dda55ba8edfaba994489,3.0,0x922e21af5c912a6c2283cd1a792bd52ba6523149,0xa3804d27c0d8386b9d4218f5e59ccfa778b59e6a,Reental-BKL-2
0xb02c65158f3d1221753d51c73f68d47053b19aa7b56e7356eec0f0c3ba3fffd2,0xfb759e0cc5cff4aea606064acd41c71c7c11bf40,3.0,0x922e21af5c912a6c2283cd1a792bd52ba6523149,0xa3804d27c0d8386b9d4218f5e59ccfa778b59e6a,Reental-BKL-1
0xf3f094b4a937e03879b3f4c464801e2e27f7f07c9391cf1bc9bbcc034ade6e6e,0xf8657256c5cd5fdb044e55d1ec39e9b8c969dbf1,5.0,0x922e21af5c912a6c2283cd1a792bd52ba6523149,0xf9c3fa98e7c685ff7964b7a297a7a22cb88eef19,Reental-PAZ-1
0x8732b99c1fc8d97d58d5d3fee4f9460f606810cb15ac8d6611f429edb82041ed,0xed923b814f1ea3d42c54dda55ba8edfaba994489,5.0,0x922e21af5c912a6c2283cd1a792bd52ba6523149,0xa3804d27c0d8386b9d4218f5e59ccfa778b59e6a,Reental-BKL-2
0x84a4bfc72d429b710f987ef0c849073fb71123d777255cbd1f0ce8d6318558df,0xfb759e0cc5cff4aea606064acd41c71c7c11bf40,5.0,0x922e21af5c912a6c2283cd1a792bd52ba6523149,0xa3804d27c0d8386b9d4218f5e59ccfa778b59e6a,Reental-BKL-1
0x23d19e44d6d1e28539c3a7286bceff677b40c68e05bae7477f163e7b34c5c64e,0xfb759e0cc5cff4aea606064acd41c71c7c11bf40,5.0,0x922e21af5c912a6c2283cd1a792bd52ba6523149,0xb64fbeef6b52207a4648308c56b84432b16e9b0f,Reental-BKL-1
0x6780fd0498a9a60e692d7736fb9851243fcc010ae12ae99a399a416864cb7dcd,0xe6e3ff145a6ffcd1dac08472f89164c0c43316b2,6.47376585,0x922e21af5c912a6c2283cd1a792bd52ba6523149,0xb64fbeef6b52207a4648308c56b84432b16e9b0f,Reental-CMY-1
0xebc877333206b2716bae539fb8454e411b1e2048a0e49e7212059e1ccb64cd14,0xed923b814f1ea3d42c54dda55ba8edfaba994489,3.0,0x922e21af5c912a6c2283cd1a792bd52ba6523149,0xdf50cbf0ea828d6d3fb7b59f905a56ec64d5036d,Reental-BKL-2
0x196076f8ed2a31454f5bb8498ea36d5ade6ce8522c00f64b086b4a52529aeea5,0xfb759e0cc5cff4aea606064acd41c71c7c11bf40,6.0,0x922e21af5c912a6c2283cd1a792bd52ba6523149,0xb64fbeef6b52207a4648308c56b84432b16e9b0f,Reental-BKL-1
0x12b7f7458ed26e6cdc4eadb7a45ef5831154d7ec693b6d63cf01577066bfbd43,0xf8657256c5cd5fdb044e55d1ec39e9b8c969dbf1,5.0,0x922e21af5c912a6c2283cd1a792bd52ba6523149,0xb64fbeef6b52207a4648308c56b84432b16e9b0f,Reental-PAZ-1
0x97e4d3d9fff12efaa6e40b12c0564f869fd8011e39e5b0c8eeba98efcde53f8c,0xe6e3ff145a6ffcd1dac08472f89164c0c43316b2,5.0,0x922e21af5c912a6c2283cd1a792bd52ba6523149,0xb64fbeef6b52207a4648308c56b84432b16e9b0f,Reental-CMY-1
0xd54376d9484764a56ab3c3c3cba0e90f91e68b11d8148c83688ea9a1ed6bba25,0xf8657256c5cd5fdb044e55d1ec39e9b8c969dbf1,2.0,0x922e21af5c912a6c2283cd1a792bd52ba6523149,0xb64fbeef6b52207a4648308c56b84432b16e9b0f,Reental-PAZ-1
0x9aad88b85ade5dfefc4385b0f49db7097df478bfbd784b602fc1a0cef828fa5d,0xfb759e0cc5cff4aea606064acd41c71c7c11bf40,5.0,0x922e21af5c912a6c2283cd1a792bd52ba6523149,0xb64fbeef6b52207a4648308c56b84432b16e9b0f,Reental-BKL-1
0x8298b67c03b722c1d3aaac50366906eae83bc7d5698a52548ea461b3659cbe4d,0xf8657256c5cd5fdb044e55d1ec39e9b8c969dbf1,1.0,0x922e21af5c912a6c2283cd1a792bd52ba6523149,0xb64fbeef6b52207a4648308c56b84432b16e9b0f,Reental-PAZ-1
0xd034e0233ce313c41661f962c706ede13c0dab4ef78492628a8bec3d9055779a,0xed923b814f1ea3d42c54dda55ba8edfaba994489,3.34382038,0x922e21af5c912a6c2283cd1a792bd52ba6523149,0xce89063272ecce1cda2086670ff94cbc690b8f5f,Reental-BKL-2
0x68343a17ffb630d6cdb393630d284bf665d7e3890ed23d46a395b9a96aa0b931,0xf8657256c5cd5fdb044e55d1ec39e9b8c969dbf1,0.38924158,0x922e21af5c912a6c2283cd1a792bd52ba6523149,0xf9c3fa98e7c685ff7964b7a297a7a22cb88eef19,Reental-PAZ-1
0x7a4923fc4d42fa850145f0c76a6c15ef98cf342eb6bb1cf35701f4abd8c35faf,0xfb759e0cc5cff4aea606064acd41c71c7c11bf40,5.0,0x922e21af5c912a6c2283cd1a792bd52ba6523149,0xce89063272ecce1cda2086670ff94cbc690b8f5f,Reental-BKL-1
0xac0c35e666c52ea5e08f8100ce21c9dca26554561ecf21f16a63d90dc9d49fe6,0xfb759e0cc5cff4aea606064acd41c71c7c11bf40,5.0,0x922e21af5c912a6c2283cd1a792bd52ba6523149,0xd9a54b209b18f037e7cdbab63ce73909f2127a9a,Reental-BKL-1
0x4846caabbd8d19bdc0ea0bf3fcdc7527c2e5cbbf1e0192ca0022fed4e4045eb5,0xfb759e0cc5cff4aea606064acd41c71c7c11bf40,5.0,0x922e21af5c912a6c2283cd1a792bd52ba6523149,0xc0896e0e56d45b3c6d3444bff507adf6f15ee068,Reental-BKL-1
0xbb9b7f1606d5d2d333f87ba31ffdd56e0d9e5c3398f80133d8c903542eaf731e,0xfb759e0cc5cff4aea606064acd41c71c7c11bf40,5.0,0x922e21af5c912a6c2283cd1a792bd52ba6523149,0xce89063272ecce1cda2086670ff94cbc690b8f5f,Reental-BKL-1
0x3dc30558bfa853e6e6d2fa0c03b2148e132edfea6cdac81f70d40ef6e92d735a,0xfb759e0cc5cff4aea606064acd41c71c7c11bf40,5.0,0x922e21af5c912a6c2283cd1a792bd52ba6523149,0xce89063272ecce1cda2086670ff94cbc690b8f5f,Reental-BKL-1
0xa3a85028c9ddc7a42c00d5ab91c16da1460015038075a6b42b5cb9e7dd6664af,0xfb759e0cc5cff4aea606064acd41c71c7c11bf40,5.0,0x922e21af5c912a6c2283cd1a792bd52ba6523149,0xce89063272ecce1cda2086670ff94cbc690b8f5f,Reental-BKL-1
0x2ebed9af3c4f0525129cad7b44b3e6477b05475846fcc4f46e4c2dacb74d6d01,0x7a7e4dd51d1ca1aa701b0eb76ba5f59cec2fbaa1,5.0,0xd83be40891ae6c08342b7b399d21aca2b8eee719,0x94264445fb3d0cd4f90e2e641ca1bd2a01e5c65a,Reental-MAD-3
0x7bb3c0280e11499479ec67b06524cc6a1c20a03c4156d8e06cb1b6be28be9414,0xed923b814f1ea3d42c54dda55ba8edfaba994489,1.08907636,0x05b54c5ea4522cbc5cf76917124e8169da7557b7,0x94264445fb3d0cd4f90e2e641ca1bd2a01e5c65a,Reental-BKL-2
0x7223e1ca9b15c245d4aedf6c3a8f3e912b06e8c762a0331775447c89a4fe682f,0x55cb210f496df649fd283aa93a360e24fdb40964,1.090601,0x05b54c5ea4522cbc5cf76917124e8169da7557b7,0x94264445fb3d0cd4f90e2e641ca1bd2a01e5c65a,Reental-BPT-1
0x1da7ad7b197a4827617669934bd6acb1f900868dc3d5df979d3ffa70f265e7c6,0x1998bc7570ae301154e0c3017acbb200b87ad1af,0.99999138,0xbfc71268725323dd06f32fbe81ec576195785df5,0x94264445fb3d0cd4f90e2e641ca1bd2a01e5c65a,Reental-IDX-1
0x8df7dfb0ad4321eb7d0e59186bf47b06c30c2af55a9f7ef6be8afecfcfbc4d8f,0x33be67454ae817337db15877fd4106c5cd5206c5,5.0,0x9c0e7f3e623e2daf58f9a343348671d76613af2e,0x94264445fb3d0cd4f90e2e641ca1bd2a01e5c65a,Reental-MLG-5
0xef972c08ee9c059d4b23c8c746f373a9ac00b7793cc9ba9aa8f374d98cf343c8,0x33be67454ae817337db15877fd4106c5cd5206c5,5.0,0x9c0e7f3e623e2daf58f9a343348671d76613af2e,0x94264445fb3d0cd4f90e2e641ca1bd2a01e5c65a,Reental-MLG-5
0x66b86202ddd79ee693ff1024135d97dc15b182237ad26dd7b8415fb565f3036f,0x33be67454ae817337db15877fd4106c5cd5206c5,5.0,0x9c0e7f3e623e2daf58f9a343348671d76613af2e,0x94264445fb3d0cd4f90e2e641ca1bd2a01e5c65a,Reental-MLG-5
0xd1ef528f0eee805a05ce0f5f6bee1a8163bca6d1de5c583c1266fe154fbad981,0xfb759e0cc5cff4aea606064acd41c71c7c11bf40,10.0,0xc195e3a4447f3cb3becd6d9895a04a23372af2c3,0x94264445fb3d0cd4f90e2e641ca1bd2a01e5c65a,Reental-BKL-1
0xbcbb1bde4b7b2cf3cf0d081fd40e4c968b0411ada602892505c829e193a6ba93,0x21ae95a56ef471370ce89a7a4624117f31810927,25.0,0x292def5532dedc34ca61feab063811794637dbc5,0x94264445fb3d0cd4f90e2e641ca1bd2a01e5c65a,Reental-DNB-1
0x571b72399e73d77bf523b736f93544ff7a6fbcfd82545a32435d809d817150b8,0x69072424b70ed26ff987fcb49258b7e8f93c6d82,15.0,0x292def5532dedc34ca61feab063811794637dbc5,0x94264445fb3d0cd4f90e2e641ca1bd2a01e5c65a,Reental-SAM-1
0x80c0a70ca022c1083ccce29f3148ae228dc328668b233be17fa504ab828230d2,0x69072424b70ed26ff987fcb49258b7e8f93c6d82,15.0,0x292def5532dedc34ca61feab063811794637dbc5,0x94264445fb3d0cd4f90e2e641ca1bd2a01e5c65a,Reental-SAM-1
0xa6e440c1ab9289af4dc38aa87fd38ff90b767951611c3548a4580a8fbd5f7fe5,0x69072424b70ed26ff987fcb49258b7e8f93c6d82,5.0,0x94264445fb3d0cd4f90e2e641ca1bd2a01e5c65a,0xa087dcd612b8ba98580ea48a33ba4dfa2ab8c2f3,Reental-SAM-1
0xdae40222cdfad168a9e0265bf0140e6b4f1d92781cddffaf8552dcb181ce4d8d,0x093984f85f980479172fb96982f79c418ac730f7,2.61189555,0x94264445fb3d0cd4f90e2e641ca1bd2a01e5c65a,0xc8d87578f9c7005020d82625693ab46932d6491a,Reental-RDO-6
0x175eadcab6a8755ebf32aa6aaf0477a3cab455a6fee18eb389bcdae9962072ab,0x4caefefa803ded399db5d2b6d38211adcf965bd4,1.06271391,0xf247e8e429b9ffd7aaa471561025de1853a61d02,0x94264445fb3d0cd4f90e2e641ca1bd2a01e5c65a,Reental-GRX-4
0x401b6de1f0b034e2ea97401a461996f9a6c0653ab233c6984ea4143f6c1ffe34,0x820380fea111509a38297fa2971eee5b41a5aeca,2.09881982,0x94264445fb3d0cd4f90e2e641ca1bd2a01e5c65a,0xdf391d9af8bc99abf1be8997ae447f614726a2fd,Reental-RDO-3
0x3502d0343a6d898dca3d0dac383b780d166ef6a0fa3e9a116e85e1e3277f377b,0x21ae95a56ef471370ce89a7a4624117f31810927,5.0,0x94264445fb3d0cd4f90e2e641ca1bd2a01e5c65a,0xdf391d9af8bc99abf1be8997ae447f614726a2fd,Reental-DNB-1
0x4932c0fa6f84669876923f39333cbd442d812730d4234df8ec630245d2dc856f,0x8a96bf9aa5812ce957aed1f554065b64a545c88a,6.91,0x9c0e7f3e623e2daf58f9a343348671d76613af2e,0x94264445fb3d0cd4f90e2e641ca1bd2a01e5c65a,Reental-VLC-12
0x57cdbc6ee43d52ac63417881ce18487b5f7dc2d3c57dea20e71ba306b0d651ee,0x21ae95a56ef471370ce89a7a4624117f31810927,5.0,0x94264445fb3d0cd4f90e2e641ca1bd2a01e5c65a,0xa18f8cd718f6a0984eedd8ba9b23230719860ae8,Reental-DNB-1
0x1fb1a56ccab284dcea5cac984a47de53e1f622e068875642e4452cae1196ef03,0xfb759e0cc5cff4aea606064acd41c71c7c11bf40,1.38153611,0xda097eee619b30e03adb1a6ef996882a4ae8b5ea,0x94264445fb3d0cd4f90e2e641ca1bd2a01e5c65a,Reental-BKL-1
0x090ab15e47d8c05c370b1159662834ebf2fe04b267607994738ca92541a4299a,0x5ab768c8ca1cc20cb8ec7b90554a3b12524b6c47,5.98,0x9c0e7f3e623e2daf58f9a343348671d76613af2e,0x94264445fb3d0cd4f90e2e641ca1bd2a01e5c65a,Reental-CDS-1
0x90c5a3fa13a4ccc71b374987950025177ff4c0b9d67b04db4b10a8419783e481,0x18bb9840fd7185c0589ca5fb81a32e3e2d0f2676,4.32,0x9c0e7f3e623e2daf58f9a343348671d76613af2e,0x94264445fb3d0cd4f90e2e641ca1bd2a01e5c65a,Reental-OPO-1
0x5ed7c252e69f10b29cd995fca91ec9641000cd048e110fa22aa70bd54be8bb2d,0x7a7e4dd51d1ca1aa701b0eb76ba5f59cec2fbaa1,6.56,0x9c0e7f3e623e2daf58f9a343348671d76613af2e,0x94264445fb3d0cd4f90e2e641ca1bd2a01e5c65a,Reental-MAD-3
0x08c7179feee4aeec34a005334b31bbf96a9b9dc61d1e6dff289f4544c2b95b2f,0xe6e3ff145a6ffcd1dac08472f89164c0c43316b2,25.19153596,0xa19c4767821f93d392eeefd64868e9e8c914129b,0x94264445fb3d0cd4f90e2e641ca1bd2a01e5c65a,Reental-CMY-1
0x71288d3d36e18161adf1bd4afc9415ac4fa1c318d0a95177590cf0d045b71627,0x33be67454ae817337db15877fd4106c5cd5206c5,10.0,0x9c0e7f3e623e2daf58f9a343348671d76613af2e,0x94264445fb3d0cd4f90e2e641ca1bd2a01e5c65a,Reental-MLG-5
0xe4a21e1309641743a457786a877277a09aaa8f614735400bd17ac34de52c68b6,0x33be67454ae817337db15877fd4106c5cd5206c5,10.4,0x9c0e7f3e623e2daf58f9a343348671d76613af2e,0x94264445fb3d0cd4f90e2e641ca1bd2a01e5c65a,Reental-MLG-5
0xa6d165f5eea7726d105fd046b3d9a7d8302dd9526e42cfe6ca8fda03819fa6b4,0x7cb85443eab0851d9b4558db23e1026af07c700d,15.0,0x42f300e781e98871689f5aef2095c8840cbe6bbd,0x94264445fb3d0cd4f90e2e641ca1bd2a01e5c65a,Reental-RET-2
0x2c0e1abee885443197779f2337531a4cb87e82cfb4454b833e99f6b095d75286,0x243e4bacc4b4d61b87816c945544286eb29125c6,10.0,0x42f300e781e98871689f5aef2095c8840cbe6bbd,0x94264445fb3d0cd4f90e2e641ca1bd2a01e5c65a,Reental-CME-1
0x691802c5f6ba7829449fbbf51f9b85d0bc89391764b65199e74047863ea0a382,0x21ae95a56ef471370ce89a7a4624117f31810927,5.0,0x94264445fb3d0cd4f90e2e641ca1bd2a01e5c65a,0xbde9e6770a6cd8399fffdeb391b16918ee9ae7af,Reental-DNB-1
0xb1d05636b35f136d89283e4e53dd04845e388b62228d9727181b0f3930ed564c,0x754f5b74e2639cef67fecec03f4d698470bdc92f,1.7746441,0x5ffbdb663d0e6b356f0ea7450ac6dc89def03a4d,0x94264445fb3d0cd4f90e2e641ca1bd2a01e5c65a,Reental-ABD-1
0x89dd4c28ca91cbaa859e21b206abb091d72d30e07550540a427cc1c14acc33e7,0x33be67454ae817337db15877fd4106c5cd5206c5,1.09,0x9c0e7f3e623e2daf58f9a343348671d76613af2e,0x94264445fb3d0cd4f90e2e641ca1bd2a01e5c65a,Reental-MLG-5
0xb087ddb49d63303046035744e9b0e2f12aab084f53eb668bfb2aa944e1e9e52c,0x754f5b74e2639cef67fecec03f4d698470bdc92f,1.20285173,0x94264445fb3d0cd4f90e2e641ca1bd2a01e5c65a,0xa18f8cd718f6a0984eedd8ba9b23230719860ae8,Reental-ABD-1
0xd723d41d81e3751a062c051a14105ffed157d775e3a7e586e8a6af66cada5e49,0xf090b60f731583288e8c7c9d9a80680e35bd63e0,6.504,0xd3d40870c53c407880605631f14d473eb7c6a6f5,0x94264445fb3d0cd4f90e2e641ca1bd2a01e5c65a,Reental-HOU-1
0x0c48055bfb357a29defdd4ac8c9087fd312d0288c80953fc85d38552f5c76733,0xf090b60f731583288e8c7c9d9a80680e35bd63e0,7.217,0xd3d40870c53c407880605631f14d473eb7c6a6f5,0x94264445fb3d0cd4f90e2e641ca1bd2a01e5c65a,Reental-HOU-1
0x6dcf4027fa373aa87437d34e3ff739bb3c0f102d9afa4b38127718ac370d12c5,0x7a7e4dd51d1ca1aa701b0eb76ba5f59cec2fbaa1,5.02956934,0x280399bf3baa639f204c490ed7d181fd67845bfe,0x94264445fb3d0cd4f90e2e641ca1bd2a01e5c65a,Reental-MAD-3
0x83176e96cbb3b5baa135e2e6e20ee51901d6983965c98b7653b90b5dc4179b6d,0x5ab768c8ca1cc20cb8ec7b90554a3b12524b6c47,25.0,0xda097eee619b30e03adb1a6ef996882a4ae8b5ea,0x94264445fb3d0cd4f90e2e641ca1bd2a01e5c65a,Reental-CDS-1
0x9208c7e8ce428657ea237b530c6042ae5cca7185a9cd6aabeeeed130f30afa07,0xf4237a554dcddc007688ffd72046e2b00dc5a905,3.0,0xf3b9739ed70e548f8e30e81746c80bc6c74edd1a,0x94264445fb3d0cd4f90e2e641ca1bd2a01e5c65a,Reental-MAD-6
0x041e2901bfd5ddece2ed0e567f357926c6854108eb09bbacdbaae4d74ba63ae6,0xf090b60f731583288e8c7c9d9a80680e35bd63e0,13.721,0x94264445fb3d0cd4f90e2e641ca1bd2a01e5c65a,0xa18f8cd718f6a0984eedd8ba9b23230719860ae8,Reental-HOU-1
0x912792ae0918b3e26748e1d785e0069bbb04e7c82a5fbb1d040e1e8727e9f18c,0xa0d99b441a9a5e334b234f31a92b97fa8d663626,10.0020003,0xae272cdaaa484931af055c5c030bfac23482d92d,0x94264445fb3d0cd4f90e2e641ca1bd2a01e5c65a,Reental-YCT-2
0xc9c041b82600fdef9c720eff532d09ec9104cfdbc5b52bf2ad61ded9e17d92d9,0x21ae95a56ef471370ce89a7a4624117f31810927,5.0,0x94264445fb3d0cd4f90e2e641ca1bd2a01e5c65a,0x99435364c23e8fdb858fccc01f7e1570c8482b65,Reental-DNB-1
0xc387d4e88d55f57d7c064b615dc6785ba927ff9058157e0526a231b4692d01ff,0x5ab768c8ca1cc20cb8ec7b90554a3b12524b6c47,1.0,0xfb8482d3a050b09d9dd3d3fb44e858864ef649f8,0x94264445fb3d0cd4f90e2e641ca1bd2a01e5c65a,Reental-CDS-1
0xf0136044334122aeb6576f8984fba254e69f50dbd87124a5cbc60c296d9f19db,0xfb759e0cc5cff4aea606064acd41c71c7c11bf40,20.87,0x20cee0edfa412dc899e61be73e36c0acae9f3d2a,0x94264445fb3d0cd4f90e2e641ca1bd2a01e5c65a,Reental-BKL-1
0x42fd41cfffaf8caa60ce99d527cf00ab1b79ea4b32cb8b165400eb63b6683d4b,0xfb759e0cc5cff4aea606064acd41c71c7c11bf40,25.0,0x20cee0edfa412dc899e61be73e36c0acae9f3d2a,0x94264445fb3d0cd4f90e2e641ca1bd2a01e5c65a,Reental-BKL-1
0x74107e9456703660a4696baedad6b79eb8d704aa4c156bc6b5f9ef506b963c67,0x69072424b70ed26ff987fcb49258b7e8f93c6d82,3.0,0x94264445fb3d0cd4f90e2e641ca1bd2a01e5c65a,0xa087dcd612b8ba98580ea48a33ba4dfa2ab8c2f3,Reental-SAM-1
0xf6bfa31cbcb5f51899aeac3caa5cd846faa2a3eda1d647661aaa053c55c1345c,0xfb759e0cc5cff4aea606064acd41c71c7c11bf40,20.0,0x20cee0edfa412dc899e61be73e36c0acae9f3d2a,0x94264445fb3d0cd4f90e2e641ca1bd2a01e5c65a,Reental-BKL-1
0xc99b95deb1519bc378e52dc11a6bd82d58bbaf152e1c7a2d23cf7b029cceceb8,0x093984f85f980479172fb96982f79c418ac730f7,27.1125,0xda097eee619b30e03adb1a6ef996882a4ae8b5ea,0x94264445fb3d0cd4f90e2e641ca1bd2a01e5c65a,Reental-RDO-6
0x15a3de9403c5a64130debc826909e0215d212351279674cf2e18585d9c96d328,0x7cb85443eab0851d9b4558db23e1026af07c700d,2.0659321,0xe9fc0ca25f1ac3ae65adea552e8431275b5f7943,0x94264445fb3d0cd4f90e2e641ca1bd2a01e5c65a,Reental-RET-2
0x981b6b674d162660c8c32018cc06fd1fc14117f64374b1edc391cd1f8f0dce3e,0xdfd7413a5d54d96312109a9d56b3bead8a786ff3,1.0657922,0xe9fc0ca25f1ac3ae65adea552e8431275b5f7943,0x94264445fb3d0cd4f90e2e641ca1bd2a01e5c65a,Reental-LVT-2
0x4df1aa774ee13d257742c9c55be741a6e2f81109bc36d50d65933ad0afdd4908,0x4caefefa803ded399db5d2b6d38211adcf965bd4,1.06566053,0xe9fc0ca25f1ac3ae65adea552e8431275b5f7943,0x94264445fb3d0cd4f90e2e641ca1bd2a01e5c65a,Reental-GRX-4
0x4c9a860e7d1895da02f420e907fa9415ec0d54c624bacc975bad361ee297ac98,0x69072424b70ed26ff987fcb49258b7e8f93c6d82,1.0,0x94264445fb3d0cd4f90e2e641ca1bd2a01e5c65a,0xa087dcd612b8ba98580ea48a33ba4dfa2ab8c2f3,Reental-SAM-1
0x1a6682ddca25634eed92f3425d67dea7d79ef1c336cc90989f6c86be7354889e,0xcc4c1ce8d335bd40a0acf17b9ab08c030cc299aa,25.0,0x9bb9a19c851c08dbe89c6a6702808bc09b08b102,0x94264445fb3d0cd4f90e2e641ca1bd2a01e5c65a,Reental-PRO-100
0xd5ca6f1ebb833032af137b35db961502201a234371a2eb2a47e64294333c1288,0xfb759e0cc5cff4aea606064acd41c71c7c11bf40,5.05,0x06af52b5ccebbeaf89ddba7beab33ae1709ab43e,0x94264445fb3d0cd4f90e2e641ca1bd2a01e5c65a,Reental-BKL-1
0x07e291637299d4a8c65ee977f6f0459fc8cea4ac867fafa92d6741e827c89c23,0x21ae95a56ef471370ce89a7a4624117f31810927,2.0,0x94264445fb3d0cd4f90e2e641ca1bd2a01e5c65a,0xb552a37e3f07082490b017aa6b43e10cd04176b5,Reental-DNB-1
0x30f9aaafb1a0df6d616727b3000074de38a7bcc469e07e0fce74e41efdc85f66,0xcc4c1ce8d335bd40a0acf17b9ab08c030cc299aa,2.0,0x94264445fb3d0cd4f90e2e641ca1bd2a01e5c65a,0xb552a37e3f07082490b017aa6b43e10cd04176b5,Reental-PRO-100
0x15f36cb9328aaf65821bb30049c4ce90f840466caf8cd5d15664819ce1f4ba3a,0xe92169619de6b5725322229b353287563b603fd3,10.0,0xd629abe488911a738c1d59854964798865e3bcdb,0x94264445fb3d0cd4f90e2e641ca1bd2a01e5c65a,Reental-OPO-2
0xdef1b6f30fb7c4accbad7cb73988ef8574f640309c98a1e36c9dec34d038c2ff,0xe92169619de6b5725322229b353287563b603fd3,10.0,0xd629abe488911a738c1d59854964798865e3bcdb,0x94264445fb3d0cd4f90e2e641ca1bd2a01e5c65a,Reental-OPO-2
0x72723e2abb63061d568ceb4638658d8290fe6ea8e57c2a125e6a4437feb42445,0xe92169619de6b5725322229b353287563b603fd3,10.0,0xd629abe488911a738c1d59854964798865e3bcdb,0x94264445fb3d0cd4f90e2e641ca1bd2a01e5c65a,Reental-OPO-2
0xec2b3884d8bbf9cf190854070d1f437a48621eccd522a2b8dbb91129fea53be9,0xe92169619de6b5725322229b353287563b603fd3,10.0,0xd629abe488911a738c1d59854964798865e3bcdb,0x94264445fb3d0cd4f90e2e641ca1bd2a01e5c65a,Reental-OPO-2
0xf206b9c9c4bdffb15b6782eb409a7053a1a9b4f7ebd740f1cc8652a2d0f9f014,0xe92169619de6b5725322229b353287563b603fd3,10.0,0xd629abe488911a738c1d59854964798865e3bcdb,0x94264445fb3d0cd4f90e2e641ca1bd2a01e5c65a,Reental-OPO-2
0xbf2259e697bd34feaedd16a31367c6ecc4242d702fb703d094d63784a8481e5a,0xe92169619de6b5725322229b353287563b603fd3,10.0,0xd629abe488911a738c1d59854964798865e3bcdb,0x94264445fb3d0cd4f90e2e641ca1bd2a01e5c65a,Reental-OPO-2
0x3d6661023809aa33aadbf6d90444d4b4ebc0c8567af7fc822f127b6dd46c26c6,0xe92169619de6b5725322229b353287563b603fd3,10.0,0xd629abe488911a738c1d59854964798865e3bcdb,0x94264445fb3d0cd4f90e2e641ca1bd2a01e5c65a,Reental-OPO-2
0x4069fdcdef2ce96942e4e4384cc691589db411d13426a91411c2053064d5911c,0xe92169619de6b5725322229b353287563b603fd3,10.0,0xd629abe488911a738c1d59854964798865e3bcdb,0x94264445fb3d0cd4f90e2e641ca1bd2a01e5c65a,Reental-OPO-2
0x9b051eb02f559bcbdca67f0703e67b58c1b661d37b2cc52b58a83cf09879c7bb,0xe92169619de6b5725322229b353287563b603fd3,10.0,0xd629abe488911a738c1d59854964798865e3bcdb,0x94264445fb3d0cd4f90e2e641ca1bd2a01e5c65a,Reental-OPO-2
0x2cb5698f9d1ec5123c7989dd49d743b2fd6f73e1a60b370b18dacbaf2aa1c83c,0xe92169619de6b5725322229b353287563b603fd3,10.0,0xd629abe488911a738c1d59854964798865e3bcdb,0x94264445fb3d0cd4f90e2e641ca1bd2a01e5c65a,Reental-OPO-2
0xe0acaf62b3805cac7d49d96e2541467607cf009a9a591e6e6fb9fc59dd210e60,0xe92169619de6b5725322229b353287563b603fd3,3.8,0xd629abe488911a738c1d59854964798865e3bcdb,0x94264445fb3d0cd4f90e2e641ca1bd2a01e5c65a,Reental-OPO-2
0xa8990955778b25b115a4992ee53d009b490f5654a41087900a98c7c71b3dd73c,0xa0d99b441a9a5e334b234f31a92b97fa8d663626,1.00021,0x3ee7975ea41a33acb1ea89fde166bea4e0bfa74b,0x94264445fb3d0cd4f90e2e641ca1bd2a01e5c65a,Reental-YCT-2
0xf87ef7b1770e54a52c7eeb481b2392c0904e22c71dab48cecdc5fd14f85f08fe,0x8833890a36adb704bfc8bf3726a661395d27c0d7,1.0,0x3ee7975ea41a33acb1ea89fde166bea4e0bfa74b,0x94264445fb3d0cd4f90e2e641ca1bd2a01e5c65a,Reental-GRX-2
0x4461c5f610ef1d1e606fa5dd82d38bed46fc3b62f4006c9cce1b0783fdef66b8,0xed923b814f1ea3d42c54dda55ba8edfaba994489,0.99812136,0x943f36bd841e1a4763b36d55871d306dc8184c71,0x94264445fb3d0cd4f90e2e641ca1bd2a01e5c65a,Reental-BKL-2
0x72750dd72b1b9eff7d211b81f789b0a0cb61fd872f05a22681e3ff8c2986d31b,0xe6e3ff145a6ffcd1dac08472f89164c0c43316b2,1.00021095,0x3ee7975ea41a33acb1ea89fde166bea4e0bfa74b,0x94264445fb3d0cd4f90e2e641ca1bd2a01e5c65a,Reental-CMY-1
0xfe01f41a4055c9c941f7317d30c9f81a7399f256066bf6fbc5df1da28ec1eaa0,0xcc4c1ce8d335bd40a0acf17b9ab08c030cc299aa,2.00100482,0x3ee7975ea41a33acb1ea89fde166bea4e0bfa74b,0x94264445fb3d0cd4f90e2e641ca1bd2a01e5c65a,Reental-PRO-100
0x0e18c20354867696a0c30c276ee69a2bae87ec8fdd42829514de5ee6c5cfaa61,0x18bb9840fd7185c0589ca5fb81a32e3e2d0f2676,2.20001241,0xd3d40870c53c407880605631f14d473eb7c6a6f5,0x94264445fb3d0cd4f90e2e641ca1bd2a01e5c65a,Reental-OPO-1
0x84f4e9947dfd563cd0bddb66202727771be7fa0f03c5be67ecce04db9a5ff132,0x18bb9840fd7185c0589ca5fb81a32e3e2d0f2676,2.2,0xd3d40870c53c407880605631f14d473eb7c6a6f5,0x94264445fb3d0cd4f90e2e641ca1bd2a01e5c65a,Reental-OPO-1
0xd2a6f67304658b97621801559ffbbc6fd7c71f3c659b27fb7d0ae804aac1063d,0x18bb9840fd7185c0589ca5fb81a32e3e2d0f2676,2.2,0xd3d40870c53c407880605631f14d473eb7c6a6f5,0x94264445fb3d0cd4f90e2e641ca1bd2a01e5c65a,Reental-OPO-1
0x2165511f447dbcffbbc5216d2a425ca981f78319be727f2e1b107409feebbaab,0x18bb9840fd7185c0589ca5fb81a32e3e2d0f2676,0.36,0xd3d40870c53c407880605631f14d473eb7c6a6f5,0x94264445fb3d0cd4f90e2e641ca1bd2a01e5c65a,Reental-OPO-1
0x072d385de6232f24bb30471f14a7f132a5fe8cc10efcad98d313c42196cd9b81,0xfb759e0cc5cff4aea606064acd41c71c7c11bf40,27.988,0xde78e7bc26afcbe9f6e571dbf0879d28e939b5b2,0x94264445fb3d0cd4f90e2e641ca1bd2a01e5c65a,Reental-BKL-1
0x21b97cb001b5fff6a62d983e32c91c770c8aca6c5747c2dc2d2ddc9966cc118e,0xfb759e0cc5cff4aea606064acd41c71c7c11bf40,8.837,0x1ebe47779e28a344ead0dcc69b8036fbabf678e8,0x94264445fb3d0cd4f90e2e641ca1bd2a01e5c65a,Reental-BKL-1
0xf7c96601f485fcb6ee37449cb6fcf0799df8849a942d495becd500b3f96310e7,0x7a7e4dd51d1ca1aa701b0eb76ba5f59cec2fbaa1,5.9,0x1ebe47779e28a344ead0dcc69b8036fbabf678e8,0x94264445fb3d0cd4f90e2e641ca1bd2a01e5c65a,Reental-MAD-3
0x410083fa846a21d9fb75937a5d773120bfe699ef102e102203c9f5f5d02cde6c,0x55cb210f496df649fd283aa93a360e24fdb40964,9.99991124,0xae272cdaaa484931af055c5c030bfac23482d92d,0x94264445fb3d0cd4f90e2e641ca1bd2a01e5c65a,Reental-BPT-1
0xfa5160b256ef4cde529f5fbe08e8ead3e5e6b6f40e8c902e9600bd3694cb1fd2,0x21ae95a56ef471370ce89a7a4624117f31810927,3.0,0x94264445fb3d0cd4f90e2e641ca1bd2a01e5c65a,0xc6ee11a454cf4e3523f5bf18c1e634a20e2eec26,Reental-DNB-1
0xc929f94b1fa2a1c83f1e751b6e59752ef720fcca7b9a80de59d2187f36df1222,0x2f1026ff5bd94232050364c81d61a2d15e147209,3.32,0xd3d40870c53c407880605631f14d473eb7c6a6f5,0x94264445fb3d0cd4f90e2e641ca1bd2a01e5c65a,Reental-MIA-1
0x6ef127eb69def66a1ce24d9f5740b8ccc7430389dd76477b407fee8fea9021ab,0x2f1026ff5bd94232050364c81d61a2d15e147209,3.99,0xd3d40870c53c407880605631f14d473eb7c6a6f5,0x94264445fb3d0cd4f90e2e641ca1bd2a01e5c65a,Reental-MIA-1
0xefe6cc97c8bbde2ded44d16e18122c5a8798b272a508b905a702edd3b691c621,0x2f1026ff5bd94232050364c81d61a2d15e147209,4.46,0xd3d40870c53c407880605631f14d473eb7c6a6f5,0x94264445fb3d0cd4f90e2e641ca1bd2a01e5c65a,Reental-MIA-1
0xcb95abc11400e98e6bc7e7f90264096872c87f4f354794da2e8b410e4b585ab4,0x2f1026ff5bd94232050364c81d61a2d15e147209,6.0,0xd3d40870c53c407880605631f14d473eb7c6a6f5,0x94264445fb3d0cd4f90e2e641ca1bd2a01e5c65a,Reental-MIA-1
0xcb3f2a2b1f06515f2fface27c9095d05000a57a0450b38271341313fc18b82dc,0x2f1026ff5bd94232050364c81d61a2d15e147209,5.85,0xd3d40870c53c407880605631f14d473eb7c6a6f5,0x94264445fb3d0cd4f90e2e641ca1bd2a01e5c65a,Reental-MIA-1
0xbe62b230032115ee4f117e7517bf5fd42f6e587ec3fe3a1aa0573b7881a21f39,0x2f1026ff5bd94232050364c81d61a2d15e147209,5.0,0xd3d40870c53c407880605631f14d473eb7c6a6f5,0x94264445fb3d0cd4f90e2e641ca1bd2a01e5c65a,Reental-MIA-1
0xc99a1f304449adc1a6e0cded35fbf4d866b54a6af738ddf9e969c292e34c1d59,0x243e4bacc4b4d61b87816c945544286eb29125c6,2.6,0xd3d40870c53c407880605631f14d473eb7c6a6f5,0x94264445fb3d0cd4f90e2e641ca1bd2a01e5c65a,Reental-CME-1
0x76100b74027a5ea0610d1df0d70c7c78075987424166bfddc4f85e2760ff489f,0x243e4bacc4b4d61b87816c945544286eb29125c6,10.0,0xd3d40870c53c407880605631f14d473eb7c6a6f5,0x94264445fb3d0cd4f90e2e641ca1bd2a01e5c65a,Reental-CME-1
0x48bae7ea8699a7baf5b1cd745e7b19c280f1dba0f9ed64e65ea1e0d7b5bf5c4f,0x2f1026ff5bd94232050364c81d61a2d15e147209,28.62,0x94264445fb3d0cd4f90e2e641ca1bd2a01e5c65a,0xba31fa71441f47e712eedf2ce973a5e552317af3,Reental-MIA-1
0x0781ef722c3ff4f280e47ec828373d4476727b7b1d9a5b59ca8944234cb80ecc,0x243e4bacc4b4d61b87816c945544286eb29125c6,4.99,0xd3d40870c53c407880605631f14d473eb7c6a6f5,0x94264445fb3d0cd4f90e2e641ca1bd2a01e5c65a,Reental-CME-1
0xbd2afe1cb12ac6530d90fefe50946ad9f4ddf0af9d33f3d2bb0ff7a32376f55d,0x243e4bacc4b4d61b87816c945544286eb29125c6,3.51,0xd3d40870c53c407880605631f14d473eb7c6a6f5,0x94264445fb3d0cd4f90e2e641ca1bd2a01e5c65a,Reental-CME-1
0x3e041c61aefde605702f08d16680bf3e5e950daf798ec46de138935e17a2280b,0xc48b58aae1fb770a8655e44de960eb7dc84a5de9,15.0,0xd3d40870c53c407880605631f14d473eb7c6a6f5,0x94264445fb3d0cd4f90e2e641ca1bd2a01e5c65a,Reental-RET-1
0xcac6bc5174861b44665e7b5ce4772cb311c4db2d70135a33f5d312e58de418d5,0x875b80a36ae0660f7de4178a49f7672c8447d365,5.115106,0x0c971ece7a700f30f0bf7e259269b71f3bdb3525,0x94264445fb3d0cd4f90e2e641ca1bd2a01e5c65a,Reental-RET-3
0x98ff720edd73fac559f7f5e0900dddfb177d3559d3efe7eccfa8723f3f7632b1,0xc48b58aae1fb770a8655e44de960eb7dc84a5de9,1.79,0xd3d40870c53c407880605631f14d473eb7c6a6f5,0x94264445fb3d0cd4f90e2e641ca1bd2a01e5c65a,Reental-RET-1
0x2aa187a1f3719a13f371f1a539fa6685b084a209a0686ba68ed4dec7d882c96c,0xe92169619de6b5725322229b353287563b603fd3,3.06,0xd3d40870c53c407880605631f14d473eb7c6a6f5,0x94264445fb3d0cd4f90e2e641ca1bd2a01e5c65a,Reental-OPO-2
0xa2089b85d03c50940844541c3b08591343073b588a285e5ef32e235fadc80a7a,0x18bb9840fd7185c0589ca5fb81a32e3e2d0f2676,1.0143223,0x608fca8ced2549b8414fdf7a9ca61344f988d8c6,0x94264445fb3d0cd4f90e2e641ca1bd2a01e5c65a,Reental-OPO-1
0xe28a9b4cddf120e3f0d3a82628cfe9445353823eadb6eaf2ff6cfdf15fe4ee5e,0x875b80a36ae0660f7de4178a49f7672c8447d365,5.115106,0x94264445fb3d0cd4f90e2e641ca1bd2a01e5c65a,0xdf391d9af8bc99abf1be8997ae447f614726a2fd,Reental-RET-3
0x5e111d6f4a7a62ddc1f674819d19fcca6324e6e0777860c606506ee01b159860,0xa0d99b441a9a5e334b234f31a92b97fa8d663626,0.99999999,0xf5a7c467188ab04aef5d8db983fc82edbc5b47ac,0x94264445fb3d0cd4f90e2e641ca1bd2a01e5c65a,Reental-YCT-2
0xde75ab8f9d6cdd9266453bf2d0c15f688e918fd46f234b16a255b0026a042319,0x8e08d151466bd8499a89ee9254586ef141f324c9,0.99999371,0xf5a7c467188ab04aef5d8db983fc82edbc5b47ac,0x94264445fb3d0cd4f90e2e641ca1bd2a01e5c65a,Reental-FMY-1
0xbc757c03ef5f5ccdad5485e0789121f57562c5218d482c5e402561003f4546bc,0x8a96bf9aa5812ce957aed1f554065b64a545c88a,0.99996318,0xf5a7c467188ab04aef5d8db983fc82edbc5b47ac,0x94264445fb3d0cd4f90e2e641ca1bd2a01e5c65a,Reental-VLC-12
0x2559a42458bcd352e938dbcdf2e4a3c6925a84fbf321292a1efae903157b0d71,0x754f5b74e2639cef67fecec03f4d698470bdc92f,67.11,0xd629abe488911a738c1d59854964798865e3bcdb,0x94264445fb3d0cd4f90e2e641ca1bd2a01e5c65a,Reental-ABD-1
0x1439a36db8c1b03f84be0778c0900794cc0a739075a972e960f5b91800a6b1ca,0x754f5b74e2639cef67fecec03f4d698470bdc92f,49.9,0xd629abe488911a738c1d59854964798865e3bcdb,0x94264445fb3d0cd4f90e2e641ca1bd2a01e5c65a,Reental-ABD-1
0x5eaf30ae1d72e0e8bd904e5e64543e5a714b3f284335dc4ee307b18b7ff8f5cd,0x2d1838eb7ebb6ae8b1288872f9704e3400ee8b20,7.00202006,0xae272cdaaa484931af055c5c030bfac23482d92d,0x94264445fb3d0cd4f90e2e641ca1bd2a01e5c65a,Reental-NPL-1
0xb552eda47afc0b42fe58ff6245c4740eac0264b9b4d862f407c3a00b45ff58f2,0x754f5b74e2639cef67fecec03f4d698470bdc92f,2.0,0x94264445fb3d0cd4f90e2e641ca1bd2a01e5c65a,0xb552a37e3f07082490b017aa6b43e10cd04176b5,Reental-ABD-1
0xcc719698607cc52c57d9494cf5abb173ed4b1d0b14552bb8fcdc236cd5c013ea,0xf8657256c5cd5fdb044e55d1ec39e9b8c969dbf1,1.11025649,0xd4f9954a295c31849afd3191402b19294870b082,0x9428615c36a8ab5fb744b3b460960d4a4a86f7b4,Reental-PAZ-1
0x07a3073e64a860cf9775d484393141afd813529e69f290a714f39075c79634a8,0xfb759e0cc5cff4aea606064acd41c71c7c11bf40,3.11227187,0xf9c3fa98e7c685ff7964b7a297a7a22cb88eef19,0x9428615c36a8ab5fb744b3b460960d4a4a86f7b4,Reental-BKL-1
0x6b490dc320e9b6247f39369bd77742dcc43a09784c7aa9541ecfe5cab2637778,0xa17e89f33e80b506af759f9e493efe29a47ea905,1.16474388,0xdf50cbf0ea828d6d3fb7b59f905a56ec64d5036d,0x943b71dd451daa8097bc2ad6d4afb7517cb4cf3f,Reental-VLC-10
0x6a9fc462b20b4fa393ec9c6ca2b8d6e1a1dcf6b0f7a40b1c38b4deef298f4a54,0xf1ec7e14489683babdb9299e5f9908d19a8759dc,10.0,0xac269ddf29b1f3aac469e28efb906ef1a49755e7,0x94aba65efad1d5e3fea3232ac1d0fe74dfeb4b1e,Reental-MIA-2
0x70d323c069d1183fbdc7685f1294f49990474597586c3ea0f3ee03b108543706,0x8833890a36adb704bfc8bf3726a661395d27c0d7,0.99999802,0x95ad23e3449135556c61e7dac6f9db7754117183,0xc0edf7382937a736c8deaa527e7c50c650506345,Reental-GRX-2
0x97c43facbc8752479d891805fe8862db04d964fbad8fc3664f7da24407393b59,0xa17e89f33e80b506af759f9e493efe29a47ea905,1.02290588,0x75c59da5cbb7dbfec067b8e9ac8f94e6cc1c6fef,0x95ad23e3449135556c61e7dac6f9db7754117183,Reental-VLC-10
0xe6f1e63006ef8ab7eedf6d388c6a14136e11ab45e5c3030d85a0920fc487249d,0x6b7c34c8a1ffd4238e702243f0ff005680037fad,10.0,0xcfef84696c0df6b3f2fa6b780b21551241715f72,0x95bcb7708bc6efeaf79545c0fb18ffae793f0bcd,Reental-VLC-8
0xfe9af5be2791b4e03433f760ea3d7531aecf46a3170ddb228c39ade74df75c5a,0x8711b4172ed71d2d4f90e3e2f0cb63726acba8e6,22.6140664,0x95c768b5108a4e3b7f1e68d04e945147b8996fa9,0x95bcb7708bc6efeaf79545c0fb18ffae793f0bcd,Reental-JAX-1
0x9bb93d5e67c8da66ca2d7b80003dee095db0e7e38fccc4efb490931120635374,0x6b7c34c8a1ffd4238e702243f0ff005680037fad,30.0,0xcfef84696c0df6b3f2fa6b780b21551241715f72,0x95bcb7708bc6efeaf79545c0fb18ffae793f0bcd,Reental-VLC-8
0x9d87f530d816b11fd44124bb1e94c16878dfb1041477b3a992d9d1073df19b05,0x8711b4172ed71d2d4f90e3e2f0cb63726acba8e6,1.0,0xb5b077cb356f8a7050ac1939b356e4f9e9e3517c,0x95bcb7708bc6efeaf79545c0fb18ffae793f0bcd,Reental-JAX-1
0xdde5a9fa9de2ff3360d9fdc636293086fe75befbfa4252d68a709b9ede8d76c5,0x4adaee2dae690cf8f3915f1c1963f16d239c5e11,10.0,0x0a191befab25af3d508a29e1e8e74388381580e4,0x95bcb7708bc6efeaf79545c0fb18ffae793f0bcd,Reental-MRB-1
0xf37d983fa1a9456bf0b75de8693088cb292d3796eb03a991006984a9b6262d6f,0xb45898179fe8de2818e3ff994559c60aa962e2af,0.97495944,0x468043dc6314e6d0ae6bb4d03de0d3f460372d08,0x95bcb7708bc6efeaf79545c0fb18ffae793f0bcd,Reental-MLG-7
0xbbd6de76f8d0cc73b674031c99af2e57a64de4a06db00af954fd66b3cdf6ccbd,0x4adaee2dae690cf8f3915f1c1963f16d239c5e11,1.05493464,0xfcd191d974bb4a2d911ee8370242c6b3aa7d611c,0x95bcb7708bc6efeaf79545c0fb18ffae793f0bcd,Reental-MRB-1
0x734908573f915fd81672e26e47216fa4fbef5f75b7dde6b31a9b6aae6495052d,0xca53dd67cfa553d9e31c377602fb217dff9eadff,0.24998375,0x0fb703cda723076c25c13f1ca0b77af6c0371723,0x95bcb7708bc6efeaf79545c0fb18ffae793f0bcd,Reental-SMA-2
0xd0d8601b1d443dc19ad5dcdfefc65e796863cd0441410bfdf78f190c30f76490,0xca53dd67cfa553d9e31c377602fb217dff9eadff,1.00048289,0x26c11cf61d3cbefb3d36571abc8967d5a667e3ab,0x95bcb7708bc6efeaf79545c0fb18ffae793f0bcd,Reental-SMA-2
0x6d1b068e0391f5d71b51254d1914c761773c43c5cd8c10e57c0f7ef4925561d1,0xfd0ea97747f7b1a53ec59ef5001616cde3aead3e,4.0,0xee21cb5ad21b519849e2a14c1555ca9e00a4f67f,0x95bcb7708bc6efeaf79545c0fb18ffae793f0bcd,Reental-CLVM-2
0x2b244085d183f7bd4e17b20b70b64cad845f1fc2d210381e5a8f4dc8caec9a9b,0xad3e1f50590ef6f323caa0cf43f39d28d1d34144,3.11779615,0x4cdb4df5783742ca090ae2945a4a59d0fd8c9fe3,0x95bcb7708bc6efeaf79545c0fb18ffae793f0bcd,Reental-JAX-2
0xdf188f7f5f41295d04c25687dff75ee396bcbc984422053a0d33a4516d729690,0x9c09c8525c5baa3b254cb0a60d3565cfbd5c9f28,3.12819548,0x4cdb4df5783742ca090ae2945a4a59d0fd8c9fe3,0x95bcb7708bc6efeaf79545c0fb18ffae793f0bcd,Reental-JAX-3
0x6a55a7c651e6457051be0e788a31edec220d752bbee6d544516d80c7f3b5d155,0x8711b4172ed71d2d4f90e3e2f0cb63726acba8e6,3.45206907,0x4cdb4df5783742ca090ae2945a4a59d0fd8c9fe3,0x95bcb7708bc6efeaf79545c0fb18ffae793f0bcd,Reental-JAX-1
0xf3943a096469bceb222522cd155e9ada3c894410468792559bd18620696d3250,0x9c09c8525c5baa3b254cb0a60d3565cfbd5c9f28,10.0,0x090372c25193715e342ea74cd4c0921fb6c23c7d,0x95bcb7708bc6efeaf79545c0fb18ffae793f0bcd,Reental-JAX-3
0xa7b201629f3ec58cc1122f05b696b1859fda6d04ee93b4c45450f03c1a1cb69a,0x093984f85f980479172fb96982f79c418ac730f7,10.0,0xf9c3fa98e7c685ff7964b7a297a7a22cb88eef19,0x95bcb7708bc6efeaf79545c0fb18ffae793f0bcd,Reental-RDO-6
0xdacf468e07a4c43dd470c951c1db4587cfb311f49bd537e82a6a879a9cb783ba,0x093984f85f980479172fb96982f79c418ac730f7,5.0,0xf9c3fa98e7c685ff7964b7a297a7a22cb88eef19,0x95bcb7708bc6efeaf79545c0fb18ffae793f0bcd,Reental-RDO-6
0xeab834aa53fe3fa9377a664491e0dc149e6acf8096078c4181cad2f9c04b65b1,0xe16901dad396fe7b1b77b6d2bd91b2d648e8a762,10.00028771,0xda097eee619b30e03adb1a6ef996882a4ae8b5ea,0x95bcb7708bc6efeaf79545c0fb18ffae793f0bcd,Reental-HOU-3
0x855d35148af63499d38eb139c8ee149ab734bc8a3bcb370d1d8685e6f1a45de5,0xe16901dad396fe7b1b77b6d2bd91b2d648e8a762,4.3410724,0xd3d40870c53c407880605631f14d473eb7c6a6f5,0x95bcb7708bc6efeaf79545c0fb18ffae793f0bcd,Reental-HOU-3
0xd2673c8f2acc7f5f2c448c5911411294addff6637766f5df11eaff8f448eaac3,0xe16901dad396fe7b1b77b6d2bd91b2d648e8a762,3.5774385,0xd3d40870c53c407880605631f14d473eb7c6a6f5,0x95bcb7708bc6efeaf79545c0fb18ffae793f0bcd,Reental-HOU-3
0xeb6e35bd48f2ce9ab1cc209df1a05ae9017ed83f458b782aefed31f099a2a872,0xb7632e6fa54b05846cf20ec3570c6dc948b7a72f,2.0,0x0cb29d82f3631b457cf4fd8bb4c616256097c9a4,0x95c768b5108a4e3b7f1e68d04e945147b8996fa9,Reental-ONDA-1
0x67b0ba99de41a872a88c3fe1a20342ed9b4ac0a54f3dcea412db5d72ad7b007e,0x3b7455335fc7c3839167ed8fc173405908ffdf15,2.0,0x99b6b6f3d833d41cf50c9dc24c1c954e4124bef6,0x95c768b5108a4e3b7f1e68d04e945147b8996fa9,Reental-TLM-2
0xad02bb02ad1c4a05f3e70184aa2bd51a5e367a8aa600526c3b08571754526b8c,0xcac847f077fc0a13db7e2476c0dd25bffd116809,2.3,0x88102fba6595f2f5b33f42e7a86ef82cf12ea9f3,0x95c768b5108a4e3b7f1e68d04e945147b8996fa9,Reental-VIL-1
0x71a6f63a9e1a61ed6d85f53f7bfc91930a57fb2345019beb9897354964155396,0x3b7455335fc7c3839167ed8fc173405908ffdf15,2.0,0x6107da77b7e200de44af71de2e6dbd5faddfcc8c,0x95c768b5108a4e3b7f1e68d04e945147b8996fa9,Reental-TLM-2
0x240395845ae289f4aa4b0590fc4f97b96cfa8a8b77a50ced0ca4883f17a29f06,0xcac847f077fc0a13db7e2476c0dd25bffd116809,7.59591765,0xaca1d60f849c82085aa71aed7a68342421e7e8e9,0x95c768b5108a4e3b7f1e68d04e945147b8996fa9,Reental-VIL-1
0xd377c7c3b5ca1394a5fed00969753e57d3360318cec0da2af5b72b34073c42cb,0x2f1026ff5bd94232050364c81d61a2d15e147209,20.3778318,0x95c768b5108a4e3b7f1e68d04e945147b8996fa9,0xf9c3fa98e7c685ff7964b7a297a7a22cb88eef19,Reental-MIA-1
0xf86aa8d54b02c7a5ac6b69a1fecc6f7e5c0a90b9bbdb42721644abd044c11c84,0x6b4fa3c69e62f8f03dc018b57efa74d560462210,13.03122963,0x95c768b5108a4e3b7f1e68d04e945147b8996fa9,0xf95fb897c6fd8d683f9b6c50033cb7b02498be6a,Reental-MAYA-1
0xd29a0a1c790e6907685f70d01d3d4debdf1d481e89585c24afb30131efb5b772,0xaca38d593f7775334fa1b84a865f19396f62f760,2.0,0xc2fa2ab711cedd7a0ebb197bfc45a77577671f04,0x95c768b5108a4e3b7f1e68d04e945147b8996fa9,Reental-MLG-6
0x0b7a26039ad8087beaa47ce00d7e2076e39ff39266808b540bd0be50dd4c9da9,0xfd0ea97747f7b1a53ec59ef5001616cde3aead3e,10.0,0x26c11cf61d3cbefb3d36571abc8967d5a667e3ab,0x95c768b5108a4e3b7f1e68d04e945147b8996fa9,Reental-CLVM-2
0xc9fed74eafcb2612f8091c81f8be6cc4f21e5fb00572df6ef127e08e7578d5a9,0xaca38d593f7775334fa1b84a865f19396f62f760,2.0,0xc2fa2ab711cedd7a0ebb197bfc45a77577671f04,0x95c768b5108a4e3b7f1e68d04e945147b8996fa9,Reental-MLG-6
0x8b57fa6cd20712b53c97d84538c59361eaaaced490f4351e1f14dd39c2b16b2e,0x49b8f29f17a27ae89121642838e37bc8ce77d2f2,21.81358293,0x95c768b5108a4e3b7f1e68d04e945147b8996fa9,0xba9e9281a9adf656191724f7bef219c96e498b29,Reental-SMA-1
0xc1ee6f7eb76d8bb23631aaf57358209c08be76f63f2b76427a039bbb784f6e15,0xad3e1f50590ef6f323caa0cf43f39d28d1d34144,11.22,0x95c768b5108a4e3b7f1e68d04e945147b8996fa9,0xaf446f6f480b440afb23340c7684b9811415ed4f,Reental-JAX-2
0xc462ea6acde6a4071f57723f0af62c9a3e36e0f524a6abae07d1a1907392e336,0xfd0ea97747f7b1a53ec59ef5001616cde3aead3e,20.0,0x95c768b5108a4e3b7f1e68d04e945147b8996fa9,0xb64fbeef6b52207a4648308c56b84432b16e9b0f,Reental-CLVM-2
0x303944e0f092b781d27874c3f4fd306c6f2e5c2ebb176ab97c3687af7f21ba03,0x7798f8c28ce575188f4e65aeb6719c0ec5c69195,22.96596986,0x95c768b5108a4e3b7f1e68d04e945147b8996fa9,0xb64fbeef6b52207a4648308c56b84432b16e9b0f,Reental-VLC-4
0x5312d013a9258b119e3669129bbd970777e85ebb8ccc90fe69f473e83be20111,0xbaea3b53056d42c763d14bef94b39ada218c2dbd,20.0,0x95c768b5108a4e3b7f1e68d04e945147b8996fa9,0xb64fbeef6b52207a4648308c56b84432b16e9b0f,Reental-VLC-7
0x6c68dad54157a84023ce052c8c1c220f3180d0b970c0f37997e0e0681cacb5fc,0x7f6b82381bce03e7cf6af2fb1dcd41993406d4ae,10.0,0x95c768b5108a4e3b7f1e68d04e945147b8996fa9,0xb64fbeef6b52207a4648308c56b84432b16e9b0f,Reental-MLG-2
0x1fe6e40ab61379a5ba58f8e9424d25a5b065d8cc18d0936a01bfe9906165dece,0x6b4fa3c69e62f8f03dc018b57efa74d560462210,2.0,0x99b6b6f3d833d41cf50c9dc24c1c954e4124bef6,0x95d4ab3a217c68d88622c92a772acf48dffe6800,Reental-MAYA-1
0xa644f2c92411cec24969a5d07c9cf91129cecbd47dd2fecf4063fea1d3db0b68,0x2f1026ff5bd94232050364c81d61a2d15e147209,2.0,0x6b24f90c84b04601139e4a5a2bb5cf8f01bc4f69,0x95d4ab3a217c68d88622c92a772acf48dffe6800,Reental-MIA-1
0x415691799741bd561940facf3a5d01c80319d3036c863a6138ed0855d19efd8b,0xa0d99b441a9a5e334b234f31a92b97fa8d663626,2.0,0xa3804d27c0d8386b9d4218f5e59ccfa778b59e6a,0x97e1df8a6b7c2ac74ad987cbfc632cb540c6a89a,Reental-YCT-2
0x56c66d42afce3b19debbfc5826a0b2c5094c00aed6c64fb6da8c1fa54fdfa879,0xe16901dad396fe7b1b77b6d2bd91b2d648e8a762,0.99967656,0xe50afc8c3add9e95f03c0b9cd08594e667ae6d99,0x97e1df8a6b7c2ac74ad987cbfc632cb540c6a89a,Reental-HOU-3
0x502ae4e00ad34ddf73bd20806061feccf12328a49d08d6a912e2d1c53263a930,0x68f73061bdf369c2562f4c0ea4e940f362d1a97f,0.99999999,0xe50afc8c3add9e95f03c0b9cd08594e667ae6d99,0x97e1df8a6b7c2ac74ad987cbfc632cb540c6a89a,Reental-ATL-1
0x94177775097b905fa588e27a8868103768b1a411e641321447eef709800b48fc,0xa0d99b441a9a5e334b234f31a92b97fa8d663626,2.0,0xc1213762f0b2010721e34a7d3a4e6742f836b462,0x97e1df8a6b7c2ac74ad987cbfc632cb540c6a89a,Reental-YCT-2
0x7afd659a1013babf2e6c2e52c5d4cbba0dbd671e7a6cb1d601c6273d385ba5ab,0xac6b91d535bdedb731045ed823d2a6c3ad5b5177,1.0,0x97ec993c772d12c925191ceb9668fa9fe1908ea8,0xd212a7c928b7a61460d67b96769bb8e38b4a4652,Reental-OVD-1
0x0fe5d488d6388400ef15f4b2f0c372c51a6f15e999e38252c12f5b88e32893a6,0x1b0d685f5e4063033e0a1a360db864c9911eedda,1.0,0x97ec993c772d12c925191ceb9668fa9fe1908ea8,0xf992dc441bdd53179f9a9955f92db68da6733bc3,Reental-VLC-9
0xf8a33042fd087fa07e7c1263c289e6673c04dd01077f3943acb33359a7e1f2cf,0xe16901dad396fe7b1b77b6d2bd91b2d648e8a762,3.0,0xe50afc8c3add9e95f03c0b9cd08594e667ae6d99,0x98f3ec24377655ba178cc7b0a255c03416e17dc9,Reental-HOU-3
0xc63103fae483f1b00ecb4fceacaf96549fa5f189c1774ff0e87fca9fab8b420d,0x6b4fa3c69e62f8f03dc018b57efa74d560462210,3.0,0x99435364c23e8fdb858fccc01f7e1570c8482b65,0x9a89a02632cc58785be05d41b265ed05dffa6345,Reental-MAYA-1
0x705d889ea82ddf4eb77dfab98b28223348ce5425ffa3b5c22a746a5f423fa4c9,0x6b4fa3c69e62f8f03dc018b57efa74d560462210,2.0,0x99435364c23e8fdb858fccc01f7e1570c8482b65,0x9a89a02632cc58785be05d41b265ed05dffa6345,Reental-MAYA-1
0x1b01a20cdb0c5d3f9ea8e14e85e912748434a969b5c4caa2a46e702e1838733e,0x6b4fa3c69e62f8f03dc018b57efa74d560462210,3.0,0x99435364c23e8fdb858fccc01f7e1570c8482b65,0x9a89a02632cc58785be05d41b265ed05dffa6345,Reental-MAYA-1
0x3781c5538dc47549abf0f4f7d59f0fea1f44254d8de853db9e4f227eaff2e1b4,0x820380fea111509a38297fa2971eee5b41a5aeca,2.0,0x99435364c23e8fdb858fccc01f7e1570c8482b65,0xfb8482d3a050b09d9dd3d3fb44e858864ef649f8,Reental-RDO-3
0x96270159e04e3cd10a449025349864bf86af5d0b020db37c1d3570b2ad170e16,0x21ae95a56ef471370ce89a7a4624117f31810927,2.0,0xa087dcd612b8ba98580ea48a33ba4dfa2ab8c2f3,0x99435364c23e8fdb858fccc01f7e1570c8482b65,Reental-DNB-1
0xc5f157990dab634d9496114c80bc7cdf55b8c4dc7df1c9fbde52b451fc4e70af,0xcc4c1ce8d335bd40a0acf17b9ab08c030cc299aa,9.00092516,0x95077fb59a3c7cea5465d175272408679365e885,0x99435364c23e8fdb858fccc01f7e1570c8482b65,Reental-PRO-100
0xc0e9a555f7126c2467f3b961f8754c27b590a13b0f2b48e5fcdd9352fc4bd77a,0xcc4c1ce8d335bd40a0acf17b9ab08c030cc299aa,3.80059242,0x280399bf3baa639f204c490ed7d181fd67845bfe,0x99435364c23e8fdb858fccc01f7e1570c8482b65,Reental-PRO-100
0x23682fb58ea47c2281d7ab1d80e505e58def77ea8d26879109724415182535d0,0xf090b60f731583288e8c7c9d9a80680e35bd63e0,1.0,0xa4a22753ecb2f3da4927f94f46e111dcc78c6a66,0x99435364c23e8fdb858fccc01f7e1570c8482b65,Reental-HOU-1
0xe25b10522b00bb279423e3d871ddf88d8d9ddbc1879d760fabea8cc7a905a246,0xf090b60f731583288e8c7c9d9a80680e35bd63e0,1.0,0xa4a22753ecb2f3da4927f94f46e111dcc78c6a66,0x99435364c23e8fdb858fccc01f7e1570c8482b65,Reental-HOU-1
0xeaa095cacc79f42b97ac6d9fb68a79ca9862d6960aa3cd4d8d7fff472c12c235,0x3b7455335fc7c3839167ed8fc173405908ffdf15,10.0,0x537f6350c88ca065223ecf87558b326b9a524d3c,0x99b6b6f3d833d41cf50c9dc24c1c954e4124bef6,Reental-TLM-2
0xcebfebabbfc8939fe0ae37bb69d8b7464eda8764c80cbbbda07069976bebbb8b,0xf1ec7e14489683babdb9299e5f9908d19a8759dc,2.0,0x99b6b6f3d833d41cf50c9dc24c1c954e4124bef6,0xba4b31472128d6c90b1f259e43f24f3b90c04444,Reental-MIA-2
0x4705c0f4476f19cefa1a035f587ebefee266dc43ad1f3abbeb8cafe4469777f5,0xf1ec7e14489683babdb9299e5f9908d19a8759dc,2.0,0x99b6b6f3d833d41cf50c9dc24c1c954e4124bef6,0xb16835315cc5e0f0279688b8cdaa80f99123fdb8,Reental-MIA-2
0x50c615de21f20ba903d42f2e4c90b8d88a640106925a2167ce60efbc8fd48bfc,0x6b4fa3c69e62f8f03dc018b57efa74d560462210,2.0,0x99b6b6f3d833d41cf50c9dc24c1c954e4124bef6,0xb64fbeef6b52207a4648308c56b84432b16e9b0f,Reental-MAYA-1
0x83adfc37ae9938193b7190ba3e827f0589ec84911378d7cc4d4f4f14b6ee1b90,0x6b4fa3c69e62f8f03dc018b57efa74d560462210,2.0,0x99b6b6f3d833d41cf50c9dc24c1c954e4124bef6,0xd4ac195ea4e3e236e11fd553e82b3d11e358ed69,Reental-MAYA-1
0x2d683dc328978291fa3bd8546637d6a138b0d7d9f00e7a917b593a3e25974258,0xf1ec7e14489683babdb9299e5f9908d19a8759dc,2.0,0x99b6b6f3d833d41cf50c9dc24c1c954e4124bef6,0xedb48acc6817ff8611155c7b86f75e45af5fdcf4,Reental-MIA-2
0x79ea515a9f4be79b8db70e7a8b49c1cc9bd48b4532f52fe1587ddd0cfe383905,0x6b4fa3c69e62f8f03dc018b57efa74d560462210,2.0,0x99b6b6f3d833d41cf50c9dc24c1c954e4124bef6,0xf8eb35cd541daa06344357239ef3e594459128fe,Reental-MAYA-1
0xd115a16c1853421c2e1dcd688a072b57e4b23ea00f7ef6d3f3dba8178df717ea,0x6b4fa3c69e62f8f03dc018b57efa74d560462210,2.0,0x99b6b6f3d833d41cf50c9dc24c1c954e4124bef6,0xf8eb35cd541daa06344357239ef3e594459128fe,Reental-MAYA-1
0x88cfd0201acb07412a221a2c66d2415c59a2d674a188915cfab9262cd5f2438e,0x6b4fa3c69e62f8f03dc018b57efa74d560462210,2.0,0x99b6b6f3d833d41cf50c9dc24c1c954e4124bef6,0xf8eb35cd541daa06344357239ef3e594459128fe,Reental-MAYA-1
0x3251efe7065d365fb049d34868ac289598fd8513a0c2cb30c2b201729914fb2c,0x6b4fa3c69e62f8f03dc018b57efa74d560462210,2.0,0x99b6b6f3d833d41cf50c9dc24c1c954e4124bef6,0xf8eb35cd541daa06344357239ef3e594459128fe,Reental-MAYA-1
0x3a7ba9f1a671e2393fdfabed0d071e265c6bfd8e564079bfcc93fee9388c0368,0x6b4fa3c69e62f8f03dc018b57efa74d560462210,2.0,0x99b6b6f3d833d41cf50c9dc24c1c954e4124bef6,0xf8eb35cd541daa06344357239ef3e594459128fe,Reental-MAYA-1
0xf6c54c935c63a26d76aa170b812d13ce60e2343ca9f3ca5c542d61e426262211,0x6b4fa3c69e62f8f03dc018b57efa74d560462210,2.0,0x99b6b6f3d833d41cf50c9dc24c1c954e4124bef6,0xf8eb35cd541daa06344357239ef3e594459128fe,Reental-MAYA-1
0xd21cdf778ee2d32d71da82a9f56f76294ecd275ec4d00bb034c6342be596011c,0xf1ec7e14489683babdb9299e5f9908d19a8759dc,2.0,0x99b6b6f3d833d41cf50c9dc24c1c954e4124bef6,0xedb48acc6817ff8611155c7b86f75e45af5fdcf4,Reental-MIA-2
0xd8f086bb9d57e0878c739089c1d8f9dcf9d6a3f9186fea6c27a27dbaee8d86fc,0xf1ec7e14489683babdb9299e5f9908d19a8759dc,2.0,0x99b6b6f3d833d41cf50c9dc24c1c954e4124bef6,0xedb48acc6817ff8611155c7b86f75e45af5fdcf4,Reental-MIA-2
0x668be64aa83bbb4a455d281a7ff78f0afe684584b93e65bc888e64130b61526e,0xf1ec7e14489683babdb9299e5f9908d19a8759dc,2.0,0x99b6b6f3d833d41cf50c9dc24c1c954e4124bef6,0xedb48acc6817ff8611155c7b86f75e45af5fdcf4,Reental-MIA-2
0x4790a1386a92b37b8f77bfa038f70054a296aad028d466fde29a702e79b691fc,0xf1ec7e14489683babdb9299e5f9908d19a8759dc,2.0,0x99b6b6f3d833d41cf50c9dc24c1c954e4124bef6,0xedb48acc6817ff8611155c7b86f75e45af5fdcf4,Reental-MIA-2
0x3272447520209d53d4d4370bec8a25c48e511bba94fd72a2575f6692f42466e7,0x6b4fa3c69e62f8f03dc018b57efa74d560462210,1.0,0x99b6b6f3d833d41cf50c9dc24c1c954e4124bef6,0xc0896e0e56d45b3c6d3444bff507adf6f15ee068,Reental-MAYA-1
0x6ebbf8e19ffeb9a1cbec6f3323f15b46dcca5342008010559b245179e24d64d3,0x6b4fa3c69e62f8f03dc018b57efa74d560462210,1.0,0x99b6b6f3d833d41cf50c9dc24c1c954e4124bef6,0xc0896e0e56d45b3c6d3444bff507adf6f15ee068,Reental-MAYA-1
0x4d6c48cb7b61e3c8565249a02d84eb1e758e8f0ac66e2f7cebf491b969f94829,0x6b4fa3c69e62f8f03dc018b57efa74d560462210,1.0,0x99b6b6f3d833d41cf50c9dc24c1c954e4124bef6,0xc0896e0e56d45b3c6d3444bff507adf6f15ee068,Reental-MAYA-1
0x48eb13cac31c4066de508c8e0fdf955a4184c090f03e40e81fa480ad6744b598,0x6b4fa3c69e62f8f03dc018b57efa74d560462210,1.0,0x99b6b6f3d833d41cf50c9dc24c1c954e4124bef6,0xdf50cbf0ea828d6d3fb7b59f905a56ec64d5036d,Reental-MAYA-1
0xac839cf7e97bc8ae8f391d99b4afbf79674187f26302bdb86d6d4009bd59a22e,0x6b4fa3c69e62f8f03dc018b57efa74d560462210,1.0,0x99b6b6f3d833d41cf50c9dc24c1c954e4124bef6,0xc5be371a0fedbd2fde487593d40b172a4c4505eb,Reental-MAYA-1
0x7689987e4fac4da8d37408cec4abe414b1470c3ce91783f6e3e3f133e4bb56a1,0x6b4fa3c69e62f8f03dc018b57efa74d560462210,1.0,0x99b6b6f3d833d41cf50c9dc24c1c954e4124bef6,0xa400a5af8249444604a92c17fe3f06e5d7f079c9,Reental-MAYA-1
0x473de3781c10cef7d39b9838dabb9f9721967b52680c51d344662c19873bab53,0x6b4fa3c69e62f8f03dc018b57efa74d560462210,1.0,0x99b6b6f3d833d41cf50c9dc24c1c954e4124bef6,0xb2a1cbe473f6e3e5c64b157c836d3ff7a8d0c9f9,Reental-MAYA-1
0x93ea3116ea7a8e793221fedc9dd1164cd67060315fc528d447663c641dda9e69,0x6b4fa3c69e62f8f03dc018b57efa74d560462210,1.0,0x99b6b6f3d833d41cf50c9dc24c1c954e4124bef6,0xdf50cbf0ea828d6d3fb7b59f905a56ec64d5036d,Reental-MAYA-1
0xa4664ed4e42fc59727fd50b4941f5990a2c1b7fbde83ebd31d31129ed6ed98a5,0x6b4fa3c69e62f8f03dc018b57efa74d560462210,1.0,0x99b6b6f3d833d41cf50c9dc24c1c954e4124bef6,0xc0896e0e56d45b3c6d3444bff507adf6f15ee068,Reental-MAYA-1
0xe4cd695f08ccd04e40d5605c6159d3ab4461d5cb6eeb648b0d229602b77c65f0,0x6b4fa3c69e62f8f03dc018b57efa74d560462210,1.0,0x99b6b6f3d833d41cf50c9dc24c1c954e4124bef6,0xb2a1cbe473f6e3e5c64b157c836d3ff7a8d0c9f9,Reental-MAYA-1
0x3d660cfc44e6b32538db1c9b9c727e02e997a5c295e9935f5b78e18a1c061c8f,0xf1ec7e14489683babdb9299e5f9908d19a8759dc,1.0,0x99b6b6f3d833d41cf50c9dc24c1c954e4124bef6,0xedb48acc6817ff8611155c7b86f75e45af5fdcf4,Reental-MIA-2
0xd8991219cdd5cbb9de8636e3de8bfaf241f3f4482de442c18d0601bacb3bf9bd,0xf1ec7e14489683babdb9299e5f9908d19a8759dc,2.0,0x99b6b6f3d833d41cf50c9dc24c1c954e4124bef6,0xedb48acc6817ff8611155c7b86f75e45af5fdcf4,Reental-MIA-2
0xeae2f11b3053f85c887c9bb850c05b023014eef1a5b7aedf2ed8c6dfd4d63f48,0x6b4fa3c69e62f8f03dc018b57efa74d560462210,1.0,0x99b6b6f3d833d41cf50c9dc24c1c954e4124bef6,0xc0896e0e56d45b3c6d3444bff507adf6f15ee068,Reental-MAYA-1
0xb24cb4cb28bb3ea234008e60f145c3e77387fa455a02bbb0fdc51f317bc1255b,0x6b4fa3c69e62f8f03dc018b57efa74d560462210,1.0,0x99b6b6f3d833d41cf50c9dc24c1c954e4124bef6,0xc0896e0e56d45b3c6d3444bff507adf6f15ee068,Reental-MAYA-1
0xc7471dd640b753c22734c114f7065f2e9ceff639a6d6539f15a4f6d6d612f07e,0x6b4fa3c69e62f8f03dc018b57efa74d560462210,1.0,0x99b6b6f3d833d41cf50c9dc24c1c954e4124bef6,0xcacb8fcd28446d36bad4f3e87ca26aee56cc7ad3,Reental-MAYA-1
0x2a7df4b91e3a91feb7ab606b8fdba1a5fa47d38b9809bf07d882ba81eb7eb78f,0x6b4fa3c69e62f8f03dc018b57efa74d560462210,1.0,0x99b6b6f3d833d41cf50c9dc24c1c954e4124bef6,0xc0896e0e56d45b3c6d3444bff507adf6f15ee068,Reental-MAYA-1
0xcab22ffc04de423faeea1ec22c0804944587fb9ac36d278d3a5859210a906494,0x6b4fa3c69e62f8f03dc018b57efa74d560462210,1.0,0x99b6b6f3d833d41cf50c9dc24c1c954e4124bef6,0xc0896e0e56d45b3c6d3444bff507adf6f15ee068,Reental-MAYA-1
0x7fd52e02de6b3f650361ce65b78c0205f4c921273fd496d951f08e86329bab6d,0x6b4fa3c69e62f8f03dc018b57efa74d560462210,1.0,0x99b6b6f3d833d41cf50c9dc24c1c954e4124bef6,0xf4baf08aee50b3ff26ee76334e8d25d08bdf719f,Reental-MAYA-1
0x3bd75d37deacdb20adbbf7b554168c66939012ec7447ec161ecc453c22d7eb35,0x6b4fa3c69e62f8f03dc018b57efa74d560462210,1.0,0x99b6b6f3d833d41cf50c9dc24c1c954e4124bef6,0xc0896e0e56d45b3c6d3444bff507adf6f15ee068,Reental-MAYA-1
0x3a3c50122e7b40684d0a0e44caf5f90da7d321a79407f3a6b5045b7bcc9834f2,0x6b4fa3c69e62f8f03dc018b57efa74d560462210,1.0,0x99b6b6f3d833d41cf50c9dc24c1c954e4124bef6,0xbe33ec430a7ff207bc2ecb0545753fe8565deef3,Reental-MAYA-1
0x2bdab643d3c1f361e34cb0200a0f72142426b14c069f6380761f0dea1c2dbb05,0x6b4fa3c69e62f8f03dc018b57efa74d560462210,1.0,0x99b6b6f3d833d41cf50c9dc24c1c954e4124bef6,0x9de2a1af3fc565bf03158269117d025d2638f5f4,Reental-MAYA-1
0xcbfbf446679cbc34c02cc2e58cb087c1fe0ee93b2e8e3270ad16a00e78764f74,0x6b4fa3c69e62f8f03dc018b57efa74d560462210,1.0,0x99b6b6f3d833d41cf50c9dc24c1c954e4124bef6,0xb64fbeef6b52207a4648308c56b84432b16e9b0f,Reental-MAYA-1
0xfb47c01ca5b02016b8cc72134732c2badad68142ab0f985b2cdc0897ae9ad833,0x6b4fa3c69e62f8f03dc018b57efa74d560462210,1.0,0x99b6b6f3d833d41cf50c9dc24c1c954e4124bef6,0xbe33ec430a7ff207bc2ecb0545753fe8565deef3,Reental-MAYA-1
0xd1fc890339e7fc34956494b241cb3d45a0af6694f7cb5ae32beafc2f88871ff5,0x6b4fa3c69e62f8f03dc018b57efa74d560462210,1.0,0x99b6b6f3d833d41cf50c9dc24c1c954e4124bef6,0xb64fbeef6b52207a4648308c56b84432b16e9b0f,Reental-MAYA-1
0x026c722625cfaad0672a47a47268b80ffa3e032890395f7e893e952c80798a26,0x6b4fa3c69e62f8f03dc018b57efa74d560462210,1.0,0x99b6b6f3d833d41cf50c9dc24c1c954e4124bef6,0xb64fbeef6b52207a4648308c56b84432b16e9b0f,Reental-MAYA-1
0xc6f64aea91d355e0b2034e8ddc8f87bbb458f0e577c73080449392ac57658ad8,0x6b4fa3c69e62f8f03dc018b57efa74d560462210,1.0,0x99b6b6f3d833d41cf50c9dc24c1c954e4124bef6,0xcacb8fcd28446d36bad4f3e87ca26aee56cc7ad3,Reental-MAYA-1
0x52677b4e1f13ef44d343aed027d613a3fe68a5067dfca52c4e9d00fc0b3e5b47,0x6b4fa3c69e62f8f03dc018b57efa74d560462210,1.0,0x99b6b6f3d833d41cf50c9dc24c1c954e4124bef6,0xcacb8fcd28446d36bad4f3e87ca26aee56cc7ad3,Reental-MAYA-1
0x3171ac280b098baf1578b79347f9a7fc4ccffab05b8f69ba540b2e05007c4e24,0x6b4fa3c69e62f8f03dc018b57efa74d560462210,1.0,0x99b6b6f3d833d41cf50c9dc24c1c954e4124bef6,0xb64fbeef6b52207a4648308c56b84432b16e9b0f,Reental-MAYA-1
0xec9ef6e1ac2116145840c9920eb301e866ffe173e74ad8d4ca7f76658bf1471d,0x6b4fa3c69e62f8f03dc018b57efa74d560462210,1.0,0x99b6b6f3d833d41cf50c9dc24c1c954e4124bef6,0x9c7a4beffaae224abf4570d938547cfc4d851ee1,Reental-MAYA-1
0x4bef2332a9d2d3f1cb5222818155dd12d7852769b60a018af535be746d01eeb7,0x6b4fa3c69e62f8f03dc018b57efa74d560462210,1.0,0x99b6b6f3d833d41cf50c9dc24c1c954e4124bef6,0xc0896e0e56d45b3c6d3444bff507adf6f15ee068,Reental-MAYA-1
0x6fa76bbbe9e0fc137c584e3fe01ac92c07cb2118cf35f275ad9a28c6c54151f9,0x6b4fa3c69e62f8f03dc018b57efa74d560462210,1.0,0x99b6b6f3d833d41cf50c9dc24c1c954e4124bef6,0xc0896e0e56d45b3c6d3444bff507adf6f15ee068,Reental-MAYA-1
0xf152a0d68674d2231c834990e9e55f3920822b8ae87a4edd0726b7c03b821bf2,0x6b4fa3c69e62f8f03dc018b57efa74d560462210,1.0,0x99b6b6f3d833d41cf50c9dc24c1c954e4124bef6,0xdf50cbf0ea828d6d3fb7b59f905a56ec64d5036d,Reental-MAYA-1
0xd96a4c711e3bd50aebca5a9eabc2b24e320c67bcd8af3715af02b697bf55e0bf,0x6b4fa3c69e62f8f03dc018b57efa74d560462210,1.0,0x99b6b6f3d833d41cf50c9dc24c1c954e4124bef6,0xfb8482d3a050b09d9dd3d3fb44e858864ef649f8,Reental-MAYA-1
0x797d46acfdd6ca16ce736282b724545195eb718aa4ebf52bd3929a2310a9353e,0x6b4fa3c69e62f8f03dc018b57efa74d560462210,1.0,0x99b6b6f3d833d41cf50c9dc24c1c954e4124bef6,0xd4ac195ea4e3e236e11fd553e82b3d11e358ed69,Reental-MAYA-1
0x0783babe98b88cdd40df753ba40aa29ade58d6ea8645aff49ce02999b7615eb8,0x6b4fa3c69e62f8f03dc018b57efa74d560462210,1.0,0x99b6b6f3d833d41cf50c9dc24c1c954e4124bef6,0xf8eb35cd541daa06344357239ef3e594459128fe,Reental-MAYA-1
0x795283402720849e993399136bf86ae132a060170ea62575af4b58798f5dee7e,0x6b4fa3c69e62f8f03dc018b57efa74d560462210,1.0,0x99b6b6f3d833d41cf50c9dc24c1c954e4124bef6,0x9a89a02632cc58785be05d41b265ed05dffa6345,Reental-MAYA-1
0x8b6644212e1c3d517252af79beac086f3eb4af62c183e637cd41fb61ad3467ac,0x6b4fa3c69e62f8f03dc018b57efa74d560462210,1.0,0x99b6b6f3d833d41cf50c9dc24c1c954e4124bef6,0xd911e2c57335b14f8e349019889c6a731bd35bd3,Reental-MAYA-1
0x3d90780a95c020a69d15d5b41eaa1c42f07761182243eebc87f23963ec398e5a,0x6b4fa3c69e62f8f03dc018b57efa74d560462210,1.0,0x99b6b6f3d833d41cf50c9dc24c1c954e4124bef6,0x9a89a02632cc58785be05d41b265ed05dffa6345,Reental-MAYA-1
0x0dab3a5fa6f9d468586eb4cd210a32d5c2fa9ecb6db603f9de28595e1149ead7,0x6b4fa3c69e62f8f03dc018b57efa74d560462210,1.0,0x99b6b6f3d833d41cf50c9dc24c1c954e4124bef6,0xfb8482d3a050b09d9dd3d3fb44e858864ef649f8,Reental-MAYA-1
0xc156ab4f772f8b9f8415f0705e6857ebc277ea4a9f13b94aaec69bce0c1e3302,0x6b4fa3c69e62f8f03dc018b57efa74d560462210,1.0,0x99b6b6f3d833d41cf50c9dc24c1c954e4124bef6,0xdf50cbf0ea828d6d3fb7b59f905a56ec64d5036d,Reental-MAYA-1
0xe4af26960aaec6b178764646b334d28c05ef1475f76180e16bab219e99cca5bd,0x6b4fa3c69e62f8f03dc018b57efa74d560462210,1.0,0x99b6b6f3d833d41cf50c9dc24c1c954e4124bef6,0x9a89a02632cc58785be05d41b265ed05dffa6345,Reental-MAYA-1
0xd0547e1dc4575c9708603cdc463b3daf501d207ff99539af56c22113b1f5ed9e,0x6b4fa3c69e62f8f03dc018b57efa74d560462210,1.0,0x99b6b6f3d833d41cf50c9dc24c1c954e4124bef6,0xa8e81e28bbe256b42a4857db4b4c1e4a2882059d,Reental-MAYA-1
0xd72d093913cf0bd7efa6cb554a68772685f59ee19ba72cb5604324f6a49ad563,0x6b4fa3c69e62f8f03dc018b57efa74d560462210,1.0,0x99b6b6f3d833d41cf50c9dc24c1c954e4124bef6,0xb64fbeef6b52207a4648308c56b84432b16e9b0f,Reental-MAYA-1
0x0a64adca502d00a0a7993d374e6bf590dc79dfaa1c9bbc0d77016f3ddd302bf0,0x6b4fa3c69e62f8f03dc018b57efa74d560462210,1.0,0x99b6b6f3d833d41cf50c9dc24c1c954e4124bef6,0xd73d0b5775caf7ff914d8643bc31bbfb1db2f3c6,Reental-MAYA-1
0xb32affffa9b23cc4aa2592d9968cfcdcd441a138ee2741f29d37080bbe6862ed,0x6b4fa3c69e62f8f03dc018b57efa74d560462210,1.0,0x99b6b6f3d833d41cf50c9dc24c1c954e4124bef6,0xd73d0b5775caf7ff914d8643bc31bbfb1db2f3c6,Reental-MAYA-1
0x17ee95e96e3f10fb0aeb80a811518d96ab9d25efe85c67203bdbeb7e5475f67d,0x6b4fa3c69e62f8f03dc018b57efa74d560462210,1.0,0x99b6b6f3d833d41cf50c9dc24c1c954e4124bef6,0xc0896e0e56d45b3c6d3444bff507adf6f15ee068,Reental-MAYA-1
0xbd959cff7006d071292c9c9ac3b4c1dff49ee504bd2ad7688afdc4a6dc292427,0x6b4fa3c69e62f8f03dc018b57efa74d560462210,1.0,0x99b6b6f3d833d41cf50c9dc24c1c954e4124bef6,0xfb8482d3a050b09d9dd3d3fb44e858864ef649f8,Reental-MAYA-1
0x72a80cd10adc9cd253e422db009181b9973fac74f1aef234e3dd201383fad03f,0x8eeb57505999d3092c7b00ad5a5e53b943ad235d,5.0,0x99b902d4b63d9703a1357d16f1e24c635c3c2c62,0xb816bb70fb1ab147d5c27972cd3ee53944edfc0e,Reental-SLA-2
0x6166d3eacdb528af654c45c9e3ce2c577833cf9185b894ac8375ad158143cd70,0x8eeb57505999d3092c7b00ad5a5e53b943ad235d,10.0,0x99b902d4b63d9703a1357d16f1e24c635c3c2c62,0xb816bb70fb1ab147d5c27972cd3ee53944edfc0e,Reental-SLA-2
0xe42f8fbd5e20ec7fcffd0adde286989c38b607bf610643c01364183374281a66,0xca53dd67cfa553d9e31c377602fb217dff9eadff,10.08601206,0x4616df79503fd39c5ce6701f1049b828e6210b3b,0x99b902d4b63d9703a1357d16f1e24c635c3c2c62,Reental-SMA-2
0x7b818cec6d567ea74e15d77271714eabc45f29c5fc71bbe21c3aca9163523344,0xf7a694bc2768fc3b26beb5e98bb76f744397e49c,6.4,0x8bdf687599153a62dbb6e0d85c0c81c98f408d2d,0x99b902d4b63d9703a1357d16f1e24c635c3c2c62,Reental-RDO-1
0xe479ea0f8fccd4bfdfeeae8669c0668dc0deadb0e77a88a7b9e2a5d2b7493510,0x6b7c34c8a1ffd4238e702243f0ff005680037fad,2.0,0xed9f944b9674a7efbb73b85867b41af6a727d96b,0x99b902d4b63d9703a1357d16f1e24c635c3c2c62,Reental-VLC-8
0x863b0786d206f8d75e671796c206fe56ec4cbaec9cfd4be256f59aa642e16931,0xf1ec7e14489683babdb9299e5f9908d19a8759dc,5.0,0x3a0143fc158bae4919900c38edfb472027fa2706,0x99b902d4b63d9703a1357d16f1e24c635c3c2c62,Reental-MIA-2
0xba377b35a99c2c9d6b14ccc3c3a42d14638b5a7bed25ec785746e861764563a5,0xf1ec7e14489683babdb9299e5f9908d19a8759dc,5.0,0x3a0143fc158bae4919900c38edfb472027fa2706,0x99b902d4b63d9703a1357d16f1e24c635c3c2c62,Reental-MIA-2
0xcb7defadea7846912c84816ec238df487da0f32bf34ec282a2b0f4c5d8945c0a,0xf1ec7e14489683babdb9299e5f9908d19a8759dc,5.0,0x3a0143fc158bae4919900c38edfb472027fa2706,0x99b902d4b63d9703a1357d16f1e24c635c3c2c62,Reental-MIA-2
0xd7e1b48b3d749656f9a32ca48af3ad1ae2879a1f3c6ac0dc58160b4a3adf4309,0xf1ec7e14489683babdb9299e5f9908d19a8759dc,5.0,0x3a0143fc158bae4919900c38edfb472027fa2706,0x99b902d4b63d9703a1357d16f1e24c635c3c2c62,Reental-MIA-2
0x2e55f279844fb206d0db830e60b5135f320b7d0452e05b105c551d030ea99f32,0xb0825e7a4093d21ed076883f8aca33300631291e,4.05320609,0x74ccf6c72f487948447db636daf9bce199499150,0x99b902d4b63d9703a1357d16f1e24c635c3c2c62,Reental-MIA-3
0x4705bda949ae5ddba3a575935a945011aa581f35bffd347b89096e64d899bce5,0x454c0841a409b1752a6cf51fa8ed2fd28a6291c6,1.54272426,0x74ccf6c72f487948447db636daf9bce199499150,0x99b902d4b63d9703a1357d16f1e24c635c3c2c62,Reental-RDO-2
0x93423e85101c820999c84a64e389dc292b0b0ed6d26bc374b30a3f521b318502,0x8a96bf9aa5812ce957aed1f554065b64a545c88a,6.78534,0xcfef84696c0df6b3f2fa6b780b21551241715f72,0x99b902d4b63d9703a1357d16f1e24c635c3c2c62,Reental-VLC-12
0x968b88f99c23461cb59e61fa0d01de8350e5b182211487327ede06f47aee7be9,0x8eeb57505999d3092c7b00ad5a5e53b943ad235d,7.00216221,0x99b902d4b63d9703a1357d16f1e24c635c3c2c62,0xf459185178c49adc9e16bb23f3e78e1a8c7ea190,Reental-SLA-2
0x71b216d4a400aae287ad976771d3c7e9ea584e70b8112dee3419b561bba1fdeb,0xfd0ea97747f7b1a53ec59ef5001616cde3aead3e,8.8,0xca20609da56c09acb47e7be96a360ef4383d447a,0x99b902d4b63d9703a1357d16f1e24c635c3c2c62,Reental-CLVM-2
0xd578a5c55ccb74e0cf8813900b675a90d87ab1ddd7eeb17a04e81ba5b13bbb57,0x820380fea111509a38297fa2971eee5b41a5aeca,1.11214943,0xf886c9a5b1fc8eddba7c1432b27fce0cf2cf0c6d,0x99b902d4b63d9703a1357d16f1e24c635c3c2c62,Reental-RDO-3
0x6f490bea7aa1a337a23d1de7b0da89d4f24f1761c126ad2b9ecad8252683f7ed,0x4adaee2dae690cf8f3915f1c1963f16d239c5e11,6.42275991,0x275b3b7b663725f877f6e0b0bb352aaf799bee4d,0x99b902d4b63d9703a1357d16f1e24c635c3c2c62,Reental-MRB-1
0xac5a5a9cd09838b42b7d81e6507e21d6f017039a994d867f97b1ebd492ebe075,0xb0825e7a4093d21ed076883f8aca33300631291e,17.3883044,0xdd5de994cdd5fae199fc5e0dc4cf8576338dc6aa,0x99b902d4b63d9703a1357d16f1e24c635c3c2c62,Reental-MIA-3
0xbfa9040e84a85fba43cf640ce78aecd9c22df1b65954f09a270ccbf104331d10,0x67f43c75ddc47762c1f5d0e4c97f0e3d38be8fc9,5.99777992,0xdd5de994cdd5fae199fc5e0dc4cf8576338dc6aa,0x99b902d4b63d9703a1357d16f1e24c635c3c2c62,Reental-MLG-9
0xdc49f824272f8eb123bcddbe0633f104cbbef6acd9c8623ca517fc7f8a483ff5,0xf7a694bc2768fc3b26beb5e98bb76f744397e49c,10.6675,0xdd5de994cdd5fae199fc5e0dc4cf8576338dc6aa,0x99b902d4b63d9703a1357d16f1e24c635c3c2c62,Reental-RDO-1
0x07e8206adcaaedef7c32a19f7bb61dab80e2b8c87caccf1f49c729c435d6114a,0xf1ec7e14489683babdb9299e5f9908d19a8759dc,10.9032,0xdd5de994cdd5fae199fc5e0dc4cf8576338dc6aa,0x99b902d4b63d9703a1357d16f1e24c635c3c2c62,Reental-MIA-2
0xd7c286f93331366378b18f5908e6d2140abfed7c785b9c3c6eb8acb47558400b,0x6da0652a8481a774f5164612ab0ab18f105ad243,5.45932091,0xec2797928a075ac322e0a1f2fca0f253b961b9b5,0x99b902d4b63d9703a1357d16f1e24c635c3c2c62,Reental-CLVM-1
0x5e29df6ca86305418e93f6ba44e4c323032588389e59e4003eb7f604577c373b,0xb0825e7a4093d21ed076883f8aca33300631291e,1.0,0xd212a7c928b7a61460d67b96769bb8e38b4a4652,0x99b902d4b63d9703a1357d16f1e24c635c3c2c62,Reental-MIA-3
0xc382e039991b269c6f79f8e9be3c49dd0b41b5c8a5f34792f9f31c501f51a17a,0x3b7455335fc7c3839167ed8fc173405908ffdf15,6.5,0xf486a748d2981361e272e5b4adefbebbf7a8805d,0x99b902d4b63d9703a1357d16f1e24c635c3c2c62,Reental-TLM-2
0xb4f0bb0fd4b42ce52c4afe105177abee5006a00a6b375ffc1cdb00b407d5cab1,0x33be67454ae817337db15877fd4106c5cd5206c5,20.0,0xf9c3fa98e7c685ff7964b7a297a7a22cb88eef19,0x99b902d4b63d9703a1357d16f1e24c635c3c2c62,Reental-MLG-5
0xc6492bef381ae05610a17d3bb8cb5d10c5dd0332060bcfad56476bbade610354,0xb0825e7a4093d21ed076883f8aca33300631291e,32.38,0x3d9f8cc25d7aa1e2c8c642cf3f91e2232e935be3,0x99b902d4b63d9703a1357d16f1e24c635c3c2c62,Reental-MIA-3
0x733a679bcb6b4a751414a1c4a3f77a578bf72c96ef598fa9f47db2934f0009e2,0xb0825e7a4093d21ed076883f8aca33300631291e,9.99229263,0x17222c114271db191db21bfcc3c76e3b166876ff,0x99b902d4b63d9703a1357d16f1e24c635c3c2c62,Reental-MIA-3
0x49233edbcd0cae335690c21373b2fc54007674cc56dfbdcd17de15a333a04d72,0xe56ff2dff2c2e95511f0bef4b3d92da05e8197c0,5.0,0x99b902d4b63d9703a1357d16f1e24c635c3c2c62,0xd3d40870c53c407880605631f14d473eb7c6a6f5,Reental-HOU-2
0x78768f3631ce63589637e1fb3cb5276dd62b395a318117b843c143f9ce6f3e9f,0x2f1026ff5bd94232050364c81d61a2d15e147209,5.0,0xc0896e0e56d45b3c6d3444bff507adf6f15ee068,0x99b902d4b63d9703a1357d16f1e24c635c3c2c62,Reental-MIA-1
0x7b02131694722a7e55ba57608b08bfb76953cf53d85a45cf16403449c69d6e05,0x2f1026ff5bd94232050364c81d61a2d15e147209,5.0,0xc0896e0e56d45b3c6d3444bff507adf6f15ee068,0x99b902d4b63d9703a1357d16f1e24c635c3c2c62,Reental-MIA-1
0x26af586fe364f54c38f402f99f6ad850251db1d8158d33d29eb2c64122049020,0x8833890a36adb704bfc8bf3726a661395d27c0d7,7.66461221,0x8da58a52c848da18dea006be52b8b7ab8d9bb5ef,0x99b902d4b63d9703a1357d16f1e24c635c3c2c62,Reental-GRX-2
0x2ab27f24c5b294c9ceda528e7b1badb3d3e8f451b67d65eeed745bd0e9b20ac8,0x8711b4172ed71d2d4f90e3e2f0cb63726acba8e6,10.54098039,0x6ab219c91d0b5127eb05d33566f993c885fd359a,0x99b902d4b63d9703a1357d16f1e24c635c3c2c62,Reental-JAX-1
0x33bc2f938aa53c162566d76e28a8f5629c1f9dc7d18ecaab75de929896ac9d48,0xca53dd67cfa553d9e31c377602fb217dff9eadff,1.0,0x9a89a02632cc58785be05d41b265ed05dffa6345,0xe6f1035fb204e40ab115d0f685879b5564d830ce,Reental-SMA-2
0x303c26f747e20206e46245812e87be29bbd4811d9d20ba4e4fa63c0812b363fe,0x6b4fa3c69e62f8f03dc018b57efa74d560462210,1.0,0x3460f3e3ecdadb7ca18cc363c1ed05d227fda666,0x9a89a02632cc58785be05d41b265ed05dffa6345,Reental-MAYA-1
0x6f6279c19f35252ac7afb10de977b67050d1d4eb0f0ef1f98de49ca80fc2e0e4,0x6b4fa3c69e62f8f03dc018b57efa74d560462210,1.0,0x3460f3e3ecdadb7ca18cc363c1ed05d227fda666,0x9a89a02632cc58785be05d41b265ed05dffa6345,Reental-MAYA-1
0xfdba5bb42d7eb7770c3f52e41bc289156409e64bb85f52393b36c53f183309aa,0x7469b9381bfa8a34bef9dfaad03d75f60947f957,4.0,0x9a89a02632cc58785be05d41b265ed05dffa6345,0xd601b3ed546840032f42ed32b7de3a753a94ee5f,Reental-CDP-3
0x36bc19ba4f24c09b490fe6586665ec3fb1c4bc420b31aac94672a3d74b1342a8,0x7469b9381bfa8a34bef9dfaad03d75f60947f957,5.0,0x9a89a02632cc58785be05d41b265ed05dffa6345,0xaa45ef704b487212613ebf77c5ffa3207810915d,Reental-CDP-3
0xc89c3224340cada511126d1a5d6a9053d563921a449c5a5262ad0b58d46155e6,0x6b4fa3c69e62f8f03dc018b57efa74d560462210,1.0,0x3460f3e3ecdadb7ca18cc363c1ed05d227fda666,0x9a89a02632cc58785be05d41b265ed05dffa6345,Reental-MAYA-1
0xe056eb7857ee78a9a2c8584b5e8672b649cab83de52da3dfc820266d4ec96683,0x6b4fa3c69e62f8f03dc018b57efa74d560462210,1.0,0x3460f3e3ecdadb7ca18cc363c1ed05d227fda666,0x9a89a02632cc58785be05d41b265ed05dffa6345,Reental-MAYA-1
0x3ca13f4d8af8fd604aba6f144ea527b6866dd13c43ba761e1666cf9d054cd070,0x6b4fa3c69e62f8f03dc018b57efa74d560462210,10.0,0x02b6adf2a83b996764221248d95ec969ad83e5d7,0x9a89a02632cc58785be05d41b265ed05dffa6345,Reental-MAYA-1
0x717e137a2bca4e4459437fb5a16aabf9512b9958543a50c2b8e7231db5da0e1c,0xca53dd67cfa553d9e31c377602fb217dff9eadff,2.0,0x9a89a02632cc58785be05d41b265ed05dffa6345,0xf8a7169ac87d13b09d22638eda5aaf4b8f6e7622,Reental-SMA-2
0xab7b2d883a2b9b04de625e13ee42b3f284fc224bf0078218560e42a07469fdd3,0x7cb85443eab0851d9b4558db23e1026af07c700d,1.37265034,0xa3804d27c0d8386b9d4218f5e59ccfa778b59e6a,0x9c6d041f69b2806c02bb7d02779fbeeb1ea8d8cc,Reental-RET-2
0x0702d7aa55c79e6647dfb37e3e8c655aeff0a15efca714fc16636b6fd08831ac,0x8711b4172ed71d2d4f90e3e2f0cb63726acba8e6,1.0,0x985702fb3c75a0f45412dbc1937195c28042d92b,0x9c7a4beffaae224abf4570d938547cfc4d851ee1,Reental-JAX-1
0xaed42ec85a0bb86a0be59c6e3aea9b073869b9978ae82c760e4eba4d9cd0b373,0x49b8f29f17a27ae89121642838e37bc8ce77d2f2,1.0,0x985702fb3c75a0f45412dbc1937195c28042d92b,0x9c7a4beffaae224abf4570d938547cfc4d851ee1,Reental-SMA-1
0x0f6c68db7c2a1b020cd88152f13e13426c3d6de8386968238496eab94d7459f2,0x6b4fa3c69e62f8f03dc018b57efa74d560462210,2.0,0x9de2a1af3fc565bf03158269117d025d2638f5f4,0xd212a7c928b7a61460d67b96769bb8e38b4a4652,Reental-MAYA-1
0x5f45ab2037b582171ae534cc10245c80fe1c9dff4e8e5b67f2951e160c6bfe91,0x4adaee2dae690cf8f3915f1c1963f16d239c5e11,0.27279896,0x9de2a1af3fc565bf03158269117d025d2638f5f4,0xc8d87578f9c7005020d82625693ab46932d6491a,Reental-MRB-1
0xc8ab89790a50f3ec7cbf2023541d4920928f4ecb2df0d485f8121b853ce10668,0x7aa21fabd73e8d3aa5d5c5994af6b62cfcea3fe4,1.9532232,0x9de2a1af3fc565bf03158269117d025d2638f5f4,0xc8d87578f9c7005020d82625693ab46932d6491a,Reental-SHL-1
0x4d13d5a07d950fa602d524535094e2a18d2015ac03743c25d8143f7ef8403985,0x29da137d6dba774ad4f79323374f685682542767,0.1088177,0x9de2a1af3fc565bf03158269117d025d2638f5f4,0xc8d87578f9c7005020d82625693ab46932d6491a,Reental-MUR-1
0xb8a35112aa81f8efcce1ba02cbe1b6ff9798b79bc8c9c90d48d3828008cdb829,0xf1ec7e14489683babdb9299e5f9908d19a8759dc,7.89,0xaca1d60f849c82085aa71aed7a68342421e7e8e9,0x9e7685da4effbe6a35266989f4f3040dc39c36ed,Reental-MIA-2
0xa2252043f359c13f9d6d1f5ffbc394a320e31a924ff98d4850bbfb7101c8449d,0xca53dd67cfa553d9e31c377602fb217dff9eadff,10.0,0xfbd1b0fed15f5c7958314b178e71d1a890abee13,0x9e7685da4effbe6a35266989f4f3040dc39c36ed,Reental-SMA-2
0x258c62b90d78d63155bd473c5972f1ee974859719494551ef2cb683b2aba8812,0x2f1026ff5bd94232050364c81d61a2d15e147209,5.5,0x9f94eb8ae902abb53a522988f46a02e5400c8331,0xc3a8e0c76574defbba0d65994c7efa17182122dc,Reental-MIA-1
0x99bd4ef970f466d71afdb9811e8f962679302b75bba38cc48dd0932ba84e2188,0xaca38d593f7775334fa1b84a865f19396f62f760,5.0,0x9f94eb8ae902abb53a522988f46a02e5400c8331,0xc3a8e0c76574defbba0d65994c7efa17182122dc,Reental-MLG-6
0xaff39db9870b42466fec81fc999da7e9d041ea16c8c4e0fe38f0f4d4060fea6f,0x29fdc3434576e188e8131b2ad9cf94d3b3e71f56,1.0,0xce89063272ecce1cda2086670ff94cbc690b8f5f,0x9f94eb8ae902abb53a522988f46a02e5400c8331,Reental-MLG-8
0x59e6a4ccd7cd6b14d505780862da4ccf6ba69d9e0f9c3d0ad9858c62f0ae44f2,0x29fdc3434576e188e8131b2ad9cf94d3b3e71f56,1.0,0xce89063272ecce1cda2086670ff94cbc690b8f5f,0x9f94eb8ae902abb53a522988f46a02e5400c8331,Reental-MLG-8
0xa454f644bb738f077f022cbf977e35c720f4ecaa336f3c9bc30fca4b1b8e363e,0xc48b58aae1fb770a8655e44de960eb7dc84a5de9,2.0,0xb6674d3613172eb97baa525002967cfb137e46b4,0x9f94eb8ae902abb53a522988f46a02e5400c8331,Reental-RET-1
0x01a35d0162e2a0ca2996e43414c25e2f5597ecb519d925ff85cab1db884973a0,0xc48b58aae1fb770a8655e44de960eb7dc84a5de9,1.0,0xb6674d3613172eb97baa525002967cfb137e46b4,0x9f94eb8ae902abb53a522988f46a02e5400c8331,Reental-RET-1
0xafbc8c856c6fbbe54b65ae9fc6d4b8495819ff4d520ee478d7434d8149bebf5e,0xc48b58aae1fb770a8655e44de960eb7dc84a5de9,1.0,0xb6674d3613172eb97baa525002967cfb137e46b4,0x9f94eb8ae902abb53a522988f46a02e5400c8331,Reental-RET-1
0xd86c5d1a4ea3bf0204fe484f06f24c85e98a202c39aa5ff88740c6b87b492961,0xc48b58aae1fb770a8655e44de960eb7dc84a5de9,2.0,0xb6674d3613172eb97baa525002967cfb137e46b4,0x9f94eb8ae902abb53a522988f46a02e5400c8331,Reental-RET-1
0x2911ff74075d3b45976cbc6b75833ec7bf65f7f3d95af9ff555ec62a98384721,0x7f6b82381bce03e7cf6af2fb1dcd41993406d4ae,1.0,0xdb718f9a06dd448d89adf3a0f474faa1558ce3df,0x9f94eb8ae902abb53a522988f46a02e5400c8331,Reental-MLG-2
0xd942d120b9b42d7b48c2980f26408406a2ded001da9861813b5ff487d86f8890,0x1998bc7570ae301154e0c3017acbb200b87ad1af,4.0,0xc73c1573045a3f1f5cc0afb112147c2d3cca21d8,0x9f94eb8ae902abb53a522988f46a02e5400c8331,Reental-IDX-1
0x5eb2bbd724e8ded8d3c0207c52804bcf5e6ae062cc722cbc0a4c88f9410c08a3,0x4adaee2dae690cf8f3915f1c1963f16d239c5e11,5.0,0xc1213762f0b2010721e34a7d3a4e6742f836b462,0x9f94eb8ae902abb53a522988f46a02e5400c8331,Reental-MRB-1
0xdce2ea33d013668da20930280c6d78bb97a0281453dff45bbea7c27170af66fe,0x4adaee2dae690cf8f3915f1c1963f16d239c5e11,1.0,0xbb5c220d202fd05c696ed73c18e9db175e7a7a5a,0x9f94eb8ae902abb53a522988f46a02e5400c8331,Reental-MRB-1
0x2c6828ce11e05788b1799f7fba5941c4557ff4c53eca6898e75487bd1599594a,0x4adaee2dae690cf8f3915f1c1963f16d239c5e11,1.0,0xbb5c220d202fd05c696ed73c18e9db175e7a7a5a,0x9f94eb8ae902abb53a522988f46a02e5400c8331,Reental-MRB-1
0x9cfcfa8cc7a1f4598101fc548203ec1d0d9c5bc6074b0f26d1840530803d5285,0x7cb85443eab0851d9b4558db23e1026af07c700d,1.0,0xd212a7c928b7a61460d67b96769bb8e38b4a4652,0x9f94eb8ae902abb53a522988f46a02e5400c8331,Reental-RET-2
0x5f6e15e09ab5b92a493bdde894f734ceb42f8e05fb98ddce18bbd87ffe63e201,0x7cb85443eab0851d9b4558db23e1026af07c700d,1.0,0xd212a7c928b7a61460d67b96769bb8e38b4a4652,0x9f94eb8ae902abb53a522988f46a02e5400c8331,Reental-RET-2
0x40faa7ca4ab3dd012b30f62419a567aa916cd1a7a5be27161f95145af9e20d7e,0x7cb85443eab0851d9b4558db23e1026af07c700d,1.0,0xd212a7c928b7a61460d67b96769bb8e38b4a4652,0x9f94eb8ae902abb53a522988f46a02e5400c8331,Reental-RET-2
0xdf1497c788c1c393e3cc7752be2f5242cceeae497d08589f482b18d1c0d482de,0x4adaee2dae690cf8f3915f1c1963f16d239c5e11,1.0,0xede1abaf81e96625ebe7d8f3249e363f0843a0b7,0x9f94eb8ae902abb53a522988f46a02e5400c8331,Reental-MRB-1
0x8be8474ac990bec70c80efecc067b6b9817c119f2b59af065b5fd60e7280dfd8,0x4adaee2dae690cf8f3915f1c1963f16d239c5e11,25.31528688,0xda097eee619b30e03adb1a6ef996882a4ae8b5ea,0x9f94eb8ae902abb53a522988f46a02e5400c8331,Reental-MRB-1
0x954ca11e3fbe8d6844d95f2e4ea92fd80350739bd661fcd3ee55ebcd5759c6af,0xc48b58aae1fb770a8655e44de960eb7dc84a5de9,1.00453121,0xcbbf8bf240f0f67f97aaad7f5920141d622b7519,0x9f94eb8ae902abb53a522988f46a02e5400c8331,Reental-RET-1
0x56fb2e7e7fb3e0ad941e682b41d397b9279e92003d0ac5e11d177fbedd06fd17,0x49b8f29f17a27ae89121642838e37bc8ce77d2f2,0.32658546,0x9f9daec64f6f05696d1578b7159cdf7e504afdb9,0xcd85a5512f7d6ecb2d60256f9975b5f52617db57,Reental-SMA-1
0x320e5d72229f68dd0f5620b8540def7df9e9d3ce792af76bcd4b017d490e26a9,0x454c0841a409b1752a6cf51fa8ed2fd28a6291c6,2.82738519,0x9f9daec64f6f05696d1578b7159cdf7e504afdb9,0xaa45ef704b487212613ebf77c5ffa3207810915d,Reental-RDO-2
0x9bee18ab7c7706d3b355538d65f49a9b10a407574dedbabf52a8c8c94c92e026,0xf1ec7e14489683babdb9299e5f9908d19a8759dc,1.50049462,0x9f9daec64f6f05696d1578b7159cdf7e504afdb9,0xce4551fc8210c5c55692d6b3349f45daef57cb98,Reental-MIA-2
0x080d5092bde154482803988e2789c5af831c668ccc02ef08f857b3b2769fbd2b,0x2f1026ff5bd94232050364c81d61a2d15e147209,2.0,0xc0896e0e56d45b3c6d3444bff507adf6f15ee068,0xa087dcd612b8ba98580ea48a33ba4dfa2ab8c2f3,Reental-MIA-1
0x5ebf72fd89bed1daf5c9932bf0380a73d016b9167ce2ee223cf802f1c9e8e9b1,0x2f1026ff5bd94232050364c81d61a2d15e147209,2.0,0xc0896e0e56d45b3c6d3444bff507adf6f15ee068,0xa087dcd612b8ba98580ea48a33ba4dfa2ab8c2f3,Reental-MIA-1
0xf80580e5d9b468b07105697b6530bee6677661c2f83373b9ebb0a1d31e2dd7a3,0x2f1026ff5bd94232050364c81d61a2d15e147209,1.0,0xc0896e0e56d45b3c6d3444bff507adf6f15ee068,0xa087dcd612b8ba98580ea48a33ba4dfa2ab8c2f3,Reental-MIA-1
0x3f73d8e53345c8e3437f10079a111dffbfc357a01fec6ab88fe7e1d882ceaa95,0x46182d6937ed8cf2707e187b61b654e8ca59c7b5,5.0,0xff36834b16be6a0628b3e8b68c8ff62e541f2af3,0xa087dcd612b8ba98580ea48a33ba4dfa2ab8c2f3,Reental-DXB-2
0x5640c275a9dbe357dac8957907372d4fd5f640eb37ebb77f90d9c8846a9f3a23,0x21ae95a56ef471370ce89a7a4624117f31810927,1.0,0xa087dcd612b8ba98580ea48a33ba4dfa2ab8c2f3,0xc6ee11a454cf4e3523f5bf18c1e634a20e2eec26,Reental-DNB-1
0x1aecbff4d6e1f6b77d97c5be8a77661716dc247ae46ea0319b70bbfde22061a2,0x21ae95a56ef471370ce89a7a4624117f31810927,1.0,0xa087dcd612b8ba98580ea48a33ba4dfa2ab8c2f3,0xc6ee11a454cf4e3523f5bf18c1e634a20e2eec26,Reental-DNB-1
0x21b571985bf50cf5197f0debb4702190be1a6758565688d74e1f0170ccb996da,0xcfc9462da1a6b9664251d78c5d30296220bd1f45,5.0,0xb222b61c259e22546bfe9edd0b4eecc73aec3cf9,0xa087dcd612b8ba98580ea48a33ba4dfa2ab8c2f3,Reental-SLA-4
0x2c55b23246c5c3d43dab7fb1285135d8704b1de4ee43a91138f1d776bfa14fc1,0xcc4c1ce8d335bd40a0acf17b9ab08c030cc299aa,5.0,0x95077fb59a3c7cea5465d175272408679365e885,0xa087dcd612b8ba98580ea48a33ba4dfa2ab8c2f3,Reental-PRO-100
0x900d76990e9f6c912f08bc94e7bc9c5c5acd5ce6f380a55cc64731852b5b2b28,0xcfc9462da1a6b9664251d78c5d30296220bd1f45,5.0,0xb222b61c259e22546bfe9edd0b4eecc73aec3cf9,0xa087dcd612b8ba98580ea48a33ba4dfa2ab8c2f3,Reental-SLA-4
0x583adcf8f8b5f4a0db83d76e7fef809494674ae86fb364e1620a5c18471c6a10,0x21ae95a56ef471370ce89a7a4624117f31810927,3.0,0xa087dcd612b8ba98580ea48a33ba4dfa2ab8c2f3,0xaf446f6f480b440afb23340c7684b9811415ed4f,Reental-DNB-1
0xa27f660341411a065db2f91d941326b27789f7b593e0ff8a5585c081698f2907,0x2f1026ff5bd94232050364c81d61a2d15e147209,4.0,0xc0896e0e56d45b3c6d3444bff507adf6f15ee068,0xa087dcd612b8ba98580ea48a33ba4dfa2ab8c2f3,Reental-MIA-1
0x5b045ba7e936e2f6f95ab73863ffb35588e2d8444731690da898c9711ab24a2b,0xe56ff2dff2c2e95511f0bef4b3d92da05e8197c0,2.50619206,0xa087dcd612b8ba98580ea48a33ba4dfa2ab8c2f3,0xa18f8cd718f6a0984eedd8ba9b23230719860ae8,Reental-HOU-2
0x2e0f8495d258824ebcd1f075d6b66cffd366cc79d7ac727db6cac1bcfa436f4a,0x21ae95a56ef471370ce89a7a4624117f31810927,1.0,0xa087dcd612b8ba98580ea48a33ba4dfa2ab8c2f3,0xa18f8cd718f6a0984eedd8ba9b23230719860ae8,Reental-DNB-1
0x3b1ccd68da49906aab8b5da567011f6c94f8a780de6501e74de28faa6ea4917b,0x21ae95a56ef471370ce89a7a4624117f31810927,1.0,0xa087dcd612b8ba98580ea48a33ba4dfa2ab8c2f3,0xdf391d9af8bc99abf1be8997ae447f614726a2fd,Reental-DNB-1
0xc762c4ed4c632cb75427f1e2b023d2b071c0779e5f1e3806491ee4e9da68d93c,0x21ae95a56ef471370ce89a7a4624117f31810927,1.0,0xa087dcd612b8ba98580ea48a33ba4dfa2ab8c2f3,0xdf391d9af8bc99abf1be8997ae447f614726a2fd,Reental-DNB-1
0xc0e67dfed53092457a6063e521a83b6b4716239f18a1342de7bf3cb470294606,0x6ade0a100a561664b417130b5c78bc6ed57890a0,5.81,0x7ee69d0dbe3332dc6842e0c307b9b632f121ea83,0xa087dcd612b8ba98580ea48a33ba4dfa2ab8c2f3,Reental-SAT-1
0x954c21561b61d9f527e2040f5d585cb75535b161fa5b9b31159668a53b329430,0x6ade0a100a561664b417130b5c78bc6ed57890a0,5.0,0xf3b9739ed70e548f8e30e81746c80bc6c74edd1a,0xa087dcd612b8ba98580ea48a33ba4dfa2ab8c2f3,Reental-SAT-1
0x20cf0999a9947e597809e0bfe11c62447c41d70c26daf94a485de946b4fbb8ba,0x6ade0a100a561664b417130b5c78bc6ed57890a0,5.98592971,0xdf391d9af8bc99abf1be8997ae447f614726a2fd,0xa087dcd612b8ba98580ea48a33ba4dfa2ab8c2f3,Reental-SAT-1
0xcf063e2837a01af6e5846e54ee830ba684cedce9330bef1bc1908abc8f37ff67,0x875b80a36ae0660f7de4178a49f7672c8447d365,1.5577268,0xa3804d27c0d8386b9d4218f5e59ccfa778b59e6a,0xa087dcd612b8ba98580ea48a33ba4dfa2ab8c2f3,Reental-RET-3
0x5afb14b0c7a60c1a1ac09cf84376bf5cced54a7a142c9561fafadb3fb9be8f9f,0x21ae95a56ef471370ce89a7a4624117f31810927,1.0,0xa087dcd612b8ba98580ea48a33ba4dfa2ab8c2f3,0xb552a37e3f07082490b017aa6b43e10cd04176b5,Reental-DNB-1
0xca1808c42490f451338010b56ee2addb61569603617e801ca25cf4218e942ca7,0x456cb94ea08d014166e56aec36879ca7ffa95378,5.0,0xdf391d9af8bc99abf1be8997ae447f614726a2fd,0xa087dcd612b8ba98580ea48a33ba4dfa2ab8c2f3,Reental-MIA-5
0x4c6785449c36f23cf304121a43320b8fa7f2c16bce87ba04aec9e7b76e56dc08,0x6ade0a100a561664b417130b5c78bc6ed57890a0,5.65,0xd3d40870c53c407880605631f14d473eb7c6a6f5,0xa087dcd612b8ba98580ea48a33ba4dfa2ab8c2f3,Reental-SAT-1
0x5b95b3a57e2e9d1f9befff6cd28c145ba661e90b129531b5efdf53ed3f83436f,0x456cb94ea08d014166e56aec36879ca7ffa95378,5.0,0xdf391d9af8bc99abf1be8997ae447f614726a2fd,0xa087dcd612b8ba98580ea48a33ba4dfa2ab8c2f3,Reental-MIA-5
0xae0ebd84bce70eb3912dea0f958209f9305f4b772d21be5bc6e74e9f5dc41b85,0xed923b814f1ea3d42c54dda55ba8edfaba994489,0.99857015,0x7d81d59a4d0569d45d036ddf879f20762aab642f,0xa087dcd612b8ba98580ea48a33ba4dfa2ab8c2f3,Reental-BKL-2
0xf6118993e7efb3a766297c14c763c05f0843a07653f52d1a674d8147e0e9a3d8,0x2f1026ff5bd94232050364c81d61a2d15e147209,2.0,0xc0896e0e56d45b3c6d3444bff507adf6f15ee068,0xa18f8cd718f6a0984eedd8ba9b23230719860ae8,Reental-MIA-1
0xce60a76527723756455187a41ce19a0ed7cb7500515b321c46f9537b9defaeb1,0x2d1838eb7ebb6ae8b1288872f9704e3400ee8b20,1.0,0xbb5c220d202fd05c696ed73c18e9db175e7a7a5a,0xa18f8cd718f6a0984eedd8ba9b23230719860ae8,Reental-NPL-1
0x0745e627df8d2d84a822ee4de389bcc8d2c5ff6e509f93b5c8cba972e00ff2b2,0x2d1838eb7ebb6ae8b1288872f9704e3400ee8b20,1.0,0xbb5c220d202fd05c696ed73c18e9db175e7a7a5a,0xa18f8cd718f6a0984eedd8ba9b23230719860ae8,Reental-NPL-1
0xd5238faaed09b5c2051297d81db534002725b19da528c1c2d30433a4393a5cc0,0x21ae95a56ef471370ce89a7a4624117f31810927,3.30690785,0x8bdf687599153a62dbb6e0d85c0c81c98f408d2d,0xa18f8cd718f6a0984eedd8ba9b23230719860ae8,Reental-DNB-1
0x66fcd0ce3a5a19906847e97bbfbcdae0c566b1328bf70c677fee4f89784cf24d,0x754f5b74e2639cef67fecec03f4d698470bdc92f,7.87233862,0x67ac0b7b667d3a266ef70e0e054d14825217794c,0xa18f8cd718f6a0984eedd8ba9b23230719860ae8,Reental-ABD-1
0x0ca8a5a7d766b1132affc92e1778b0c4f34117bd7636058f94e86bf70df87e2e,0x754f5b74e2639cef67fecec03f4d698470bdc92f,5.0,0xd601b3ed546840032f42ed32b7de3a753a94ee5f,0xa18f8cd718f6a0984eedd8ba9b23230719860ae8,Reental-ABD-1
0xcef6ffae30baefe34b32cffa186f1537af10a4a3a8375fa78dd715ba524998dc,0x754f5b74e2639cef67fecec03f4d698470bdc92f,5.79497654,0xd601b3ed546840032f42ed32b7de3a753a94ee5f,0xa18f8cd718f6a0984eedd8ba9b23230719860ae8,Reental-ABD-1
0xddc1d79097539c52cb051f2045673cc582558ac412ee2d27ec5ecbe05d688dce,0x21ae95a56ef471370ce89a7a4624117f31810927,5.0,0xc0896e0e56d45b3c6d3444bff507adf6f15ee068,0xa18f8cd718f6a0984eedd8ba9b23230719860ae8,Reental-DNB-1
0xa083a4ad82cd9f0951e99353af205357f0a6d64190a36b954c3fca697cf06cc4,0x2f1026ff5bd94232050364c81d61a2d15e147209,4.0,0xc0896e0e56d45b3c6d3444bff507adf6f15ee068,0xa18f8cd718f6a0984eedd8ba9b23230719860ae8,Reental-MIA-1
0xae847e9f7940498f3e6120259e5a80c0e0cbd8ef9824640e456191b3f2669568,0x2f1026ff5bd94232050364c81d61a2d15e147209,4.0,0xc0896e0e56d45b3c6d3444bff507adf6f15ee068,0xa18f8cd718f6a0984eedd8ba9b23230719860ae8,Reental-MIA-1
0x47821d702456ac52c753f51fa321589c0bced6aae73e840a1a794839619807bf,0x754f5b74e2639cef67fecec03f4d698470bdc92f,11.6849,0xf3b9739ed70e548f8e30e81746c80bc6c74edd1a,0xa18f8cd718f6a0984eedd8ba9b23230719860ae8,Reental-ABD-1
0x91e11fd201b7f7f4ee5def867ec58797e722ebc32de5ade7037e40a2bbd59914,0x2f1026ff5bd94232050364c81d61a2d15e147209,10.0,0x9c0e7f3e623e2daf58f9a343348671d76613af2e,0xa18f8cd718f6a0984eedd8ba9b23230719860ae8,Reental-MIA-1
0x551a7f015153f1b40f8295f05cc46a60de777438b22f2e6d3ef4c5a95afa237d,0x2f1026ff5bd94232050364c81d61a2d15e147209,10.0,0x9c0e7f3e623e2daf58f9a343348671d76613af2e,0xa18f8cd718f6a0984eedd8ba9b23230719860ae8,Reental-MIA-1
0x1c86077200b24d6358cbd9d38f70b3dea43f89b9538a9e1e35a6e041efeedada,0x21ae95a56ef471370ce89a7a4624117f31810927,5.0,0xc0896e0e56d45b3c6d3444bff507adf6f15ee068,0xa18f8cd718f6a0984eedd8ba9b23230719860ae8,Reental-DNB-1
0xafb07213650d4f9207a07060d54cbb5df4fd39fed40b0e8bf2d7fbfeef50bbcd,0x2f1026ff5bd94232050364c81d61a2d15e147209,10.0,0x9c0e7f3e623e2daf58f9a343348671d76613af2e,0xa18f8cd718f6a0984eedd8ba9b23230719860ae8,Reental-MIA-1
0xfcc6b22aa404c7117c8f125b01b0e8f5aa2ff46bbfce4a6136380d72763a1ee7,0x2f1026ff5bd94232050364c81d61a2d15e147209,10.0,0x9c0e7f3e623e2daf58f9a343348671d76613af2e,0xa18f8cd718f6a0984eedd8ba9b23230719860ae8,Reental-MIA-1
0xf0cf4a09b6b1feb19d3d7311d67701f25f1f65e826d6b8e3a11e68a397de07af,0x21ae95a56ef471370ce89a7a4624117f31810927,5.0,0xc0896e0e56d45b3c6d3444bff507adf6f15ee068,0xa18f8cd718f6a0984eedd8ba9b23230719860ae8,Reental-DNB-1
0xbd508d6ab94c65af8eadb51204e3e0c926c4c43680847bbe608302a23e75d836,0xf090b60f731583288e8c7c9d9a80680e35bd63e0,3.0,0xd3d40870c53c407880605631f14d473eb7c6a6f5,0xa18f8cd718f6a0984eedd8ba9b23230719860ae8,Reental-HOU-1
0xbce49ab25051b241433f9d417eb6039fd41e743ddd8a532b9d5ed558a01ac968,0xf090b60f731583288e8c7c9d9a80680e35bd63e0,3.0,0xd3d40870c53c407880605631f14d473eb7c6a6f5,0xa18f8cd718f6a0984eedd8ba9b23230719860ae8,Reental-HOU-1
0x539c375ae2e38d28e7c219f753c510ed5998fcd8ce4415b1ed502e5ffac123c0,0x754f5b74e2639cef67fecec03f4d698470bdc92f,0.9987,0xd0a7510f368829fff35611515a6dc7f4a18fac7e,0xa18f8cd718f6a0984eedd8ba9b23230719860ae8,Reental-ABD-1
0xa43be6b8e81bd770b81e51c94b1217446828d00b605d63b1ff10b76a75d09336,0xf090b60f731583288e8c7c9d9a80680e35bd63e0,4.0,0xd3d40870c53c407880605631f14d473eb7c6a6f5,0xa18f8cd718f6a0984eedd8ba9b23230719860ae8,Reental-HOU-1
0x1c3cddedc247774510bf845f16e8f9143ed01ceb803c9c10324569bd9d4d6d1f,0xf090b60f731583288e8c7c9d9a80680e35bd63e0,4.0,0xd3d40870c53c407880605631f14d473eb7c6a6f5,0xa18f8cd718f6a0984eedd8ba9b23230719860ae8,Reental-HOU-1
0xb9a344637c9fdc69803ef513e47964f9342cb061766a318e1bca1e389f0e1ba1,0xf090b60f731583288e8c7c9d9a80680e35bd63e0,4.884,0xd3d40870c53c407880605631f14d473eb7c6a6f5,0xa18f8cd718f6a0984eedd8ba9b23230719860ae8,Reental-HOU-1
0x9db510f49614213dadfd375feb7a5e451e6ab87122105f643983e7fee9e08e9f,0xf090b60f731583288e8c7c9d9a80680e35bd63e0,1.0,0xd3d40870c53c407880605631f14d473eb7c6a6f5,0xa18f8cd718f6a0984eedd8ba9b23230719860ae8,Reental-HOU-1
0xba3f1c2770a05d6dfbe517b32f47d69f31ba4b037f30b6f68593582d2108afb3,0xf090b60f731583288e8c7c9d9a80680e35bd63e0,6.75,0xd3d40870c53c407880605631f14d473eb7c6a6f5,0xa18f8cd718f6a0984eedd8ba9b23230719860ae8,Reental-HOU-1
0xb943767a4ba47d8552be4234704e4f1789c66c33fc58b17020a963f7b9d6aa14,0xe16901dad396fe7b1b77b6d2bd91b2d648e8a762,3.99999999,0xac9a8416cc426326d75e89f76dcfdd1b0cb66290,0xa18f8cd718f6a0984eedd8ba9b23230719860ae8,Reental-HOU-3
0x641b761b262093f078cd3ad5b2568800092a21d7362d4677c0cc44fb6a02e06b,0x2f1026ff5bd94232050364c81d61a2d15e147209,30.0,0x3f9ed6a481392a65009697131b12518b8cb8ce1f,0xa18f8cd718f6a0984eedd8ba9b23230719860ae8,Reental-MIA-1
0xdb7b466f6df74e36a28d47231f30718b304e7584aff2c05028e99568c2bcbd4b,0x9c09c8525c5baa3b254cb0a60d3565cfbd5c9f28,17.49881221,0x3f9ed6a481392a65009697131b12518b8cb8ce1f,0xa18f8cd718f6a0984eedd8ba9b23230719860ae8,Reental-JAX-3
0xd8d71d5cdc062b9b085d977d2c81d13668f3ce96fdfcea238dc0ac758c5ffe97,0x754f5b74e2639cef67fecec03f4d698470bdc92f,9.9961,0x3cc54b2fbdf880550827045abc2b78ade4b80816,0xa18f8cd718f6a0984eedd8ba9b23230719860ae8,Reental-ABD-1
0x75249e7f3e5666a629037b94839f311c66930dee67f9b0792b1b9affaac0894f,0xcc4c1ce8d335bd40a0acf17b9ab08c030cc299aa,48.00047973,0x3f9ed6a481392a65009697131b12518b8cb8ce1f,0xa18f8cd718f6a0984eedd8ba9b23230719860ae8,Reental-PRO-100
0xd602a3938375ffc2d18d815e75ccea222e00cb0575626ab266721e0424aa5542,0xe56ff2dff2c2e95511f0bef4b3d92da05e8197c0,5.0,0xd3d40870c53c407880605631f14d473eb7c6a6f5,0xa18f8cd718f6a0984eedd8ba9b23230719860ae8,Reental-HOU-2
0x8b93dc109c618a72ff1f09afa5d275ebdf30b73861617d2d82611f089c20bba4,0xe56ff2dff2c2e95511f0bef4b3d92da05e8197c0,4.0,0xd3d40870c53c407880605631f14d473eb7c6a6f5,0xa18f8cd718f6a0984eedd8ba9b23230719860ae8,Reental-HOU-2
0x19d635740d643615b0d530755b54f32b5bc9455a202a5b5d216aa2e98a2e8e72,0xe56ff2dff2c2e95511f0bef4b3d92da05e8197c0,5.0,0xd3d40870c53c407880605631f14d473eb7c6a6f5,0xa18f8cd718f6a0984eedd8ba9b23230719860ae8,Reental-HOU-2
0x85c3b33f8e5b82c4665fb5c552967a514a7ab92c41107ad5953c53cc56601003,0x68f73061bdf369c2562f4c0ea4e940f362d1a97f,24.895,0xac0f0b60064499de1e4f4f09d2835e2f3854f249,0xa18f8cd718f6a0984eedd8ba9b23230719860ae8,Reental-ATL-1
0xd0e391a3d96b7f64758b3cdea1d67fd94e96765558f6285af8e8ed85e9873aea,0xcc4c1ce8d335bd40a0acf17b9ab08c030cc299aa,5.0,0xce89063272ecce1cda2086670ff94cbc690b8f5f,0xa19c4767821f93d392eeefd64868e9e8c914129b,Reental-PRO-100
0xce097f18393d3c082fab6f48bafcd98d8e443133da98c175b5c9fbecbc34e6c3,0xcc4c1ce8d335bd40a0acf17b9ab08c030cc299aa,5.0,0xce89063272ecce1cda2086670ff94cbc690b8f5f,0xa19c4767821f93d392eeefd64868e9e8c914129b,Reental-PRO-100
0xdd8131dbd036e99fe620d32c7501a3e7f050e8a9b8bdc4c2b2bef8ac463c4362,0xcc4c1ce8d335bd40a0acf17b9ab08c030cc299aa,1.0,0xce89063272ecce1cda2086670ff94cbc690b8f5f,0xa19c4767821f93d392eeefd64868e9e8c914129b,Reental-PRO-100
0x2781e102319a515cbcfbd1f41f20fdc74cc0173cf1d1e62a5f841b67ed2f686c,0xcc4c1ce8d335bd40a0acf17b9ab08c030cc299aa,1.0,0xce89063272ecce1cda2086670ff94cbc690b8f5f,0xa19c4767821f93d392eeefd64868e9e8c914129b,Reental-PRO-100
0x4a2bbc27fee7b681125ded2ffbaa60761b3b89d271ea4d5a93ae2bc8246f384f,0xc48b58aae1fb770a8655e44de960eb7dc84a5de9,1.01039858,0x2c55f73c1d48d4b9c473df97b9c46628678a7acf,0xa19c4767821f93d392eeefd64868e9e8c914129b,Reental-RET-1
0xbe85a35b131ce7e7a9a97ea5e68f35662dba0e87952e8aaf4bf53916b0484b03,0xc48b58aae1fb770a8655e44de960eb7dc84a5de9,1.0,0x58573aaa4d8476679c58a18d11dbe7da800b99a8,0xa19c4767821f93d392eeefd64868e9e8c914129b,Reental-RET-1
0x94ba88fca0e942f0ebb97d558686137be377b5c5142f3a35ddb95a04bbbcd46c,0xc48b58aae1fb770a8655e44de960eb7dc84a5de9,0.39508927,0x4c17d010f88148b20e01f38a79ac0dc6c1f1938a,0xa19c4767821f93d392eeefd64868e9e8c914129b,Reental-RET-1
0xf7a004ff58af8453a61ae3ae5305ad11bd43f1babb14fad041e2949f09128313,0xcc4c1ce8d335bd40a0acf17b9ab08c030cc299aa,1.0,0xf9c3fa98e7c685ff7964b7a297a7a22cb88eef19,0xa19c4767821f93d392eeefd64868e9e8c914129b,Reental-PRO-100
0x811520abc48aaf51a24cc52956da8461c0b42b3d92a3d056aeb374958941d4c7,0x8711b4172ed71d2d4f90e3e2f0cb63726acba8e6,4.25,0xff5e8a5f1fcd06c4bb4e995c7c02a577e86d7290,0xa3804d27c0d8386b9d4218f5e59ccfa778b59e6a,Reental-JAX-1
0xb23f00bf254f80d7a202a850362f60eeabb2e6ca97b0eb4eab318e78e92471f3,0x9c09c8525c5baa3b254cb0a60d3565cfbd5c9f28,2.85,0xff5e8a5f1fcd06c4bb4e995c7c02a577e86d7290,0xa3804d27c0d8386b9d4218f5e59ccfa778b59e6a,Reental-JAX-3
0x079dd02e5f069300789157d6cfa3d6750a4a25270c670f362250332284203f1a,0x8711b4172ed71d2d4f90e3e2f0cb63726acba8e6,2.25,0xa3804d27c0d8386b9d4218f5e59ccfa778b59e6a,0xec2797928a075ac322e0a1f2fca0f253b961b9b5,Reental-JAX-1
0xd3e5ddda102aff34dd434dea380ca372f039bcd914a1ef04d78b97bc93138a38,0xca53dd67cfa553d9e31c377602fb217dff9eadff,1.0,0x6078e39382b2c09c9bac7d327570b1d50d7185b7,0xa3804d27c0d8386b9d4218f5e59ccfa778b59e6a,Reental-SMA-2
0xc40a60b2466849cb8750aab644dfaac1259f3d29dbabc51f6503da173b98696e,0xe7d35f9248ea53943765928c0d9dc027a0129f28,1.0,0xd212a7c928b7a61460d67b96769bb8e38b4a4652,0xa3804d27c0d8386b9d4218f5e59ccfa778b59e6a,Reental-MLG-3
0xcdc9fb8015c159b43f7ddcf2197eb387e3d95e632d9b42d52d17593d7e11f969,0xfd0ea97747f7b1a53ec59ef5001616cde3aead3e,1.0,0x75dddfb045c0f0ef72d940fe935bf36e773eb05b,0xa3804d27c0d8386b9d4218f5e59ccfa778b59e6a,Reental-CLVM-2
0x91c59a37258bd318effd3c20bed56144b7117565d6c0707f9dd5b73799220577,0xe7d35f9248ea53943765928c0d9dc027a0129f28,2.0,0xd212a7c928b7a61460d67b96769bb8e38b4a4652,0xa3804d27c0d8386b9d4218f5e59ccfa778b59e6a,Reental-MLG-3
0xebee79b44eb0e4a8d7f2cd034831071e004fee80abcbc2a7f4f2e2407872830b,0x9c09c8525c5baa3b254cb0a60d3565cfbd5c9f28,2.0,0xa3804d27c0d8386b9d4218f5e59ccfa778b59e6a,0xaf446f6f480b440afb23340c7684b9811415ed4f,Reental-JAX-3
0x494c730dcc00d2ae5615af4aca0410233d3b5dd8755f10339cea5ac31eed2420,0x8711b4172ed71d2d4f90e3e2f0cb63726acba8e6,2.0,0xa3804d27c0d8386b9d4218f5e59ccfa778b59e6a,0xaf446f6f480b440afb23340c7684b9811415ed4f,Reental-JAX-1
0xcf8f3756804c213cb16dc89989d9b3fe82cf49a78230979176dd06922ac7a430,0xe56ff2dff2c2e95511f0bef4b3d92da05e8197c0,3.001,0xa3804d27c0d8386b9d4218f5e59ccfa778b59e6a,0xaf446f6f480b440afb23340c7684b9811415ed4f,Reental-HOU-2
0xb7d60f97e7e85a23b629d28024bbe31ba1e47e22a5d544c96f6b084938c494eb,0xe16901dad396fe7b1b77b6d2bd91b2d648e8a762,3.00641161,0xa3804d27c0d8386b9d4218f5e59ccfa778b59e6a,0xc8d87578f9c7005020d82625693ab46932d6491a,Reental-HOU-3
0x01442f30c6b0befd5711730c74c044401e7b1c94a43e3393a719cebe8e4cb11a,0xaaad2db2f624dc5a350d579d834b5fe12b2bcd8d,2.0,0xa3804d27c0d8386b9d4218f5e59ccfa778b59e6a,0xdf50cbf0ea828d6d3fb7b59f905a56ec64d5036d,Reental-YCT-1
0x4c6bdbee72377cb3f8408b651d6560609028361064233e7d04246af37344b700,0x29fdc3434576e188e8131b2ad9cf94d3b3e71f56,1.0,0x13298289c119438e0dd2bce32e23f71192d063fb,0xa3804d27c0d8386b9d4218f5e59ccfa778b59e6a,Reental-MLG-8
0xa7813146e24828221bfb849d2dacdd330e1eb85405edf93cf0c44da687696616,0x29fdc3434576e188e8131b2ad9cf94d3b3e71f56,2.0,0x13298289c119438e0dd2bce32e23f71192d063fb,0xa3804d27c0d8386b9d4218f5e59ccfa778b59e6a,Reental-MLG-8
0xefef13152c6cd95946b8673f2b4781ebd5dda8819c174ff7238247a5c1d97e51,0x29da137d6dba774ad4f79323374f685682542767,0.00025552,0xa3804d27c0d8386b9d4218f5e59ccfa778b59e6a,0xc8d87578f9c7005020d82625693ab46932d6491a,Reental-MUR-1
0xfd3bf2add4be8e370d16f8222dd9c04aa5fa063d285802f73e67dbf86840f6c4,0x68f73061bdf369c2562f4c0ea4e940f362d1a97f,2.0,0xa3804d27c0d8386b9d4218f5e59ccfa778b59e6a,0xadb9cafc4989c2fb7b86b8344245a9cf6a2b9682,Reental-ATL-1
0x09121f52f8d66c56e81ca8941dc609ae7a49867724f77ba89c600b614f782211,0xf8657256c5cd5fdb044e55d1ec39e9b8c969dbf1,2.99875338,0xa400a5af8249444604a92c17fe3f06e5d7f079c9,0xa3804d27c0d8386b9d4218f5e59ccfa778b59e6a,Reental-PAZ-1
0xa10dbcde48d2249e6895a8fac2e2a406c3d2d31b8ba233cd0a6ed0675680a75b,0xa0d99b441a9a5e334b234f31a92b97fa8d663626,2.0,0xa3804d27c0d8386b9d4218f5e59ccfa778b59e6a,0xf459185178c49adc9e16bb23f3e78e1a8c7ea190,Reental-YCT-2
0x929e2a364ea44cdd5f0040f1a9dd57702ebbc9771f70a4fbb760dc4452f5bc01,0xed923b814f1ea3d42c54dda55ba8edfaba994489,1.65804741,0xcc568012f3f376785c48a3b036370b9d5c1be9a6,0xa3804d27c0d8386b9d4218f5e59ccfa778b59e6a,Reental-BKL-2
0xcc653d619c562d0cc8b042244d351ff8fce1dc48687aa14d63fda3cd72b1a244,0xe27f1e1d5ef28f560cbd9500342b24dd989635d2,3.07601987,0xf886c9a5b1fc8eddba7c1432b27fce0cf2cf0c6d,0xa3804d27c0d8386b9d4218f5e59ccfa778b59e6a,Reental-VLC-1
0xd92b26db54cf2309357dc2bd2bc2fdaa25d9ab676d7767359a071c8444f1196a,0xb5a1a4f29b7376c091d6f4c7689be4b7cd5a6d98,4.0,0x74ccf6c72f487948447db636daf9bce199499150,0xa3804d27c0d8386b9d4218f5e59ccfa778b59e6a,Reental-VLC-6
0x12194165487335a1e94a56e8dfd4d63661666727516da04f7ad4dab12f7c819a,0xa0d99b441a9a5e334b234f31a92b97fa8d663626,2.0,0xc1213762f0b2010721e34a7d3a4e6742f836b462,0xa3804d27c0d8386b9d4218f5e59ccfa778b59e6a,Reental-YCT-2
0xfbc197f8e6f3be80a785fa3d8285c5e5709652f3bf6114e454fd8d5fba39073f,0xa0d99b441a9a5e334b234f31a92b97fa8d663626,2.0,0xc1213762f0b2010721e34a7d3a4e6742f836b462,0xa3804d27c0d8386b9d4218f5e59ccfa778b59e6a,Reental-YCT-2
0x30a0228c0b77761418c8292857b52e7a00bc947ef9cd7ceb46fc91c1f63731c0,0xa0d99b441a9a5e334b234f31a92b97fa8d663626,2.0,0xc1213762f0b2010721e34a7d3a4e6742f836b462,0xa3804d27c0d8386b9d4218f5e59ccfa778b59e6a,Reental-YCT-2
0x111660301ffb7e7a392a811ed9973e1bc437a0049aac80eb19f937a0b50d4f8b,0xfb759e0cc5cff4aea606064acd41c71c7c11bf40,5.5188,0xd03ab136acdba275021b70fa061e53aface43e0d,0xa3804d27c0d8386b9d4218f5e59ccfa778b59e6a,Reental-BKL-1
0xadd75d8c2830d76c1ae3ee9daecff19a9fa342d3fc2879a2297a82c4cd178814,0xa0d99b441a9a5e334b234f31a92b97fa8d663626,1.0,0xa3804d27c0d8386b9d4218f5e59ccfa778b59e6a,0xe7d643f83a62515719a5078202f7f8a4c6097427,Reental-YCT-2
0xa5a76beadd8ed80489ae89f98f72c408fe0c0ae7f6455ca6e3b2e0e5b7f8ad5d,0xbaea3b53056d42c763d14bef94b39ada218c2dbd,1.0,0xd212a7c928b7a61460d67b96769bb8e38b4a4652,0xa3804d27c0d8386b9d4218f5e59ccfa778b59e6a,Reental-VLC-7
0xfa60e718001d477d904006ccd79b4d79d4e269eaf35c631fe85e6c3baf68b9b0,0x33be67454ae817337db15877fd4106c5cd5206c5,1.41302291,0x17222c114271db191db21bfcc3c76e3b166876ff,0xa3804d27c0d8386b9d4218f5e59ccfa778b59e6a,Reental-MLG-5
0x8f2f5b3fdbcecf4b39a8944cce89b0a8927bd82e4fc45e07220dada7af43731c,0xfb759e0cc5cff4aea606064acd41c71c7c11bf40,5.0,0xc1213762f0b2010721e34a7d3a4e6742f836b462,0xa3804d27c0d8386b9d4218f5e59ccfa778b59e6a,Reental-BKL-1
0x532aa60ec1e80c38bb62da3aa8fefe4df1bbf7f3e497fe40fc6e3384a9d842c0,0xfb759e0cc5cff4aea606064acd41c71c7c11bf40,6.5,0xc1213762f0b2010721e34a7d3a4e6742f836b462,0xa3804d27c0d8386b9d4218f5e59ccfa778b59e6a,Reental-BKL-1
0x89af07356863e6900acabe7e1cdb4c6149cb9cbac2b188513964bc3396261ffd,0xed923b814f1ea3d42c54dda55ba8edfaba994489,3.40415854,0x17222c114271db191db21bfcc3c76e3b166876ff,0xa3804d27c0d8386b9d4218f5e59ccfa778b59e6a,Reental-BKL-2
0xd1935d17dc1e3f395423eb9ad8a70b6ac920532ae166f9520db049ea81daec59,0xa0d99b441a9a5e334b234f31a92b97fa8d663626,5.0,0xc1213762f0b2010721e34a7d3a4e6742f836b462,0xa3804d27c0d8386b9d4218f5e59ccfa778b59e6a,Reental-YCT-2
0x192ddcad44d491699d93c199655427e620b2fac71724877ed61925775284a569,0x29fdc3434576e188e8131b2ad9cf94d3b3e71f56,1.12005268,0x89528b6bc17b8f3a024462549f7aa33cdf10eac2,0xa3804d27c0d8386b9d4218f5e59ccfa778b59e6a,Reental-MLG-8
0x8a50a4f686db9b82f8ec9b0cd1bc164f7c20fff77c69c91610bce52ab8bb6945,0xa0d99b441a9a5e334b234f31a92b97fa8d663626,1.0,0xa3804d27c0d8386b9d4218f5e59ccfa778b59e6a,0xdf50cbf0ea828d6d3fb7b59f905a56ec64d5036d,Reental-YCT-2
0x87a51585791cc6b63daca0a9b602645cafc2c1af1cfea8c9320e022ba6958c91,0xa0d99b441a9a5e334b234f31a92b97fa8d663626,10.0,0xc1213762f0b2010721e34a7d3a4e6742f836b462,0xa3804d27c0d8386b9d4218f5e59ccfa778b59e6a,Reental-YCT-2
0x81e5e3bbc0a6f6a3bd6d26b6f1da52384fd92451429a8180ff2192ffa93783c4,0xa0d99b441a9a5e334b234f31a92b97fa8d663626,1.0,0xa3804d27c0d8386b9d4218f5e59ccfa778b59e6a,0xdf50cbf0ea828d6d3fb7b59f905a56ec64d5036d,Reental-YCT-2
0x56c7dc8e7fb09fcdb23803a3040db0ee0eee96a50eab71d8cd07dea4c675a5ec,0xa0d99b441a9a5e334b234f31a92b97fa8d663626,1.0,0xa3804d27c0d8386b9d4218f5e59ccfa778b59e6a,0xdf50cbf0ea828d6d3fb7b59f905a56ec64d5036d,Reental-YCT-2
0x43d81e2d01b9d2b10810da00fe080609fb4afd3f373d3ae32e767ffdfb376a12,0x4adaee2dae690cf8f3915f1c1963f16d239c5e11,1.0,0x4c17d010f88148b20e01f38a79ac0dc6c1f1938a,0xa3804d27c0d8386b9d4218f5e59ccfa778b59e6a,Reental-MRB-1
0x39106f43344c29379cab86f709958ea93823f9bb779efdeb0ca93d7ae98ee88f,0x4adaee2dae690cf8f3915f1c1963f16d239c5e11,0.62527442,0x4c17d010f88148b20e01f38a79ac0dc6c1f1938a,0xa3804d27c0d8386b9d4218f5e59ccfa778b59e6a,Reental-MRB-1
0xe52fcec20e1fbac4e5caf8f34915788588a961c83e5723e610b4e4a37feda940,0xa0d99b441a9a5e334b234f31a92b97fa8d663626,2.0,0xa3804d27c0d8386b9d4218f5e59ccfa778b59e6a,0xc6ee11a454cf4e3523f5bf18c1e634a20e2eec26,Reental-YCT-2
0xd6c44b8e1757e87b955acaaafbe61f5966bc18d10a600efa9cc15f0a6eaeb581,0xa0d99b441a9a5e334b234f31a92b97fa8d663626,2.0,0xa3804d27c0d8386b9d4218f5e59ccfa778b59e6a,0xc6ee11a454cf4e3523f5bf18c1e634a20e2eec26,Reental-YCT-2
0xeeb0f7ae89a7ca1296121dbeec5ec0d759dc66cf6a780cdf462a7c92fbb55b06,0xa0d99b441a9a5e334b234f31a92b97fa8d663626,1.0,0xa3804d27c0d8386b9d4218f5e59ccfa778b59e6a,0xc6ee11a454cf4e3523f5bf18c1e634a20e2eec26,Reental-YCT-2
0x8385d483d41111b62355f3363b581e90165aa9c7b451446b5fd12c8df922312f,0xa0d99b441a9a5e334b234f31a92b97fa8d663626,1.0,0xa3804d27c0d8386b9d4218f5e59ccfa778b59e6a,0xdf50cbf0ea828d6d3fb7b59f905a56ec64d5036d,Reental-YCT-2
0x3d271ee2a253a09be590f2e6076001ee53641f24f5166e22e5a17cc02a2c5cc7,0xa0d99b441a9a5e334b234f31a92b97fa8d663626,0.085,0xa3804d27c0d8386b9d4218f5e59ccfa778b59e6a,0xdf50cbf0ea828d6d3fb7b59f905a56ec64d5036d,Reental-YCT-2
0x80db8004982329492547f32e8358d2ba445239eae4e1e69b4a49851dae74cd22,0xa0d99b441a9a5e334b234f31a92b97fa8d663626,0.25,0xa3804d27c0d8386b9d4218f5e59ccfa778b59e6a,0xdf50cbf0ea828d6d3fb7b59f905a56ec64d5036d,Reental-YCT-2
0xa1f14b23f9d673c8b3821b2a207b2288f61d3d1568f07c77abb7165ad7adfa63,0x46182d6937ed8cf2707e187b61b654e8ca59c7b5,7.8124495,0xcfef84696c0df6b3f2fa6b780b21551241715f72,0xa3804d27c0d8386b9d4218f5e59ccfa778b59e6a,Reental-DXB-2
0xbd3c07731ec74636f65c3f147601c2bee8614860835e1374a0528985d245b875,0xa0d99b441a9a5e334b234f31a92b97fa8d663626,3.0,0xa3804d27c0d8386b9d4218f5e59ccfa778b59e6a,0xdf50cbf0ea828d6d3fb7b59f905a56ec64d5036d,Reental-YCT-2
0x0dee9a47156f6475c0e0b336859593f311940c9cc3e5d9896c1724c6b8f94085,0xa0d99b441a9a5e334b234f31a92b97fa8d663626,0.17,0xa3804d27c0d8386b9d4218f5e59ccfa778b59e6a,0xdf50cbf0ea828d6d3fb7b59f905a56ec64d5036d,Reental-YCT-2
0xa5610167a9c4e91ba81928cb9bb977626166450e0fb73fb19e46c1da7cc15cfb,0x46182d6937ed8cf2707e187b61b654e8ca59c7b5,2.0,0xa3804d27c0d8386b9d4218f5e59ccfa778b59e6a,0xc20b4d3f8d4594769cb01fb24b8a4eeaf64866ef,Reental-DXB-2
0x3ba0d8ef14705bdda1d8a6660172aee65740a0569818f52a95293b083b6b7c95,0x46182d6937ed8cf2707e187b61b654e8ca59c7b5,2.0,0xa3804d27c0d8386b9d4218f5e59ccfa778b59e6a,0xf459185178c49adc9e16bb23f3e78e1a8c7ea190,Reental-DXB-2
0xa0a4254d3d382219e39825f272af7b0a24c0a2dd0073ab08eccf32207ede7b19,0xf8657256c5cd5fdb044e55d1ec39e9b8c969dbf1,13.0746,0xf0f34d925651bfb1bd39df61bb9f852afb325e9a,0xa3804d27c0d8386b9d4218f5e59ccfa778b59e6a,Reental-PAZ-1
0x061d7a7aac4735c04fd86a4df354cf87f3172686894cfd80b965315b3ad0a144,0x46182d6937ed8cf2707e187b61b654e8ca59c7b5,5.70549838,0xa3804d27c0d8386b9d4218f5e59ccfa778b59e6a,0xc20b4d3f8d4594769cb01fb24b8a4eeaf64866ef,Reental-DXB-2
0x6dfe6ec886ec5e1762711e0e6a98292bcc5e075ebb5d4f1051d46032284efc07,0xf8657256c5cd5fdb044e55d1ec39e9b8c969dbf1,10.0,0x20cee0edfa412dc899e61be73e36c0acae9f3d2a,0xa3804d27c0d8386b9d4218f5e59ccfa778b59e6a,Reental-PAZ-1
0xe55275b95108bfd1118f1f2e3d2db19a04fb3e67e24c4a36b171ed9f87697008,0xa5f1c9a6567213fb7fa5511013ae3c9bb0b235a0,3.14840957,0xa3804d27c0d8386b9d4218f5e59ccfa778b59e6a,0xac9a8416cc426326d75e89f76dcfdd1b0cb66290,Reental-MAD-4
0x473f4bcabcca85543ed778885fd1c47c29bc21c14e632caffb4f8f6544d9f8b6,0xa0d99b441a9a5e334b234f31a92b97fa8d663626,5.0,0xc1213762f0b2010721e34a7d3a4e6742f836b462,0xa3804d27c0d8386b9d4218f5e59ccfa778b59e6a,Reental-YCT-2
0x83a64aedd12e75fc93224b92ff28817c510fed8459d0a326be3ef13d6619446b,0xa0d99b441a9a5e334b234f31a92b97fa8d663626,5.0,0xa3804d27c0d8386b9d4218f5e59ccfa778b59e6a,0xc3d5be118775e26ab22a63f33d75a431e52538a0,Reental-YCT-2
0xb4612559deb582b3e772d9c57c09a6860d49e50a7fe9bd4e7aa1e9faca76fe4c,0xe59dde10d38df397c996bdb1325b6f81684a8b80,2.0,0xa3804d27c0d8386b9d4218f5e59ccfa778b59e6a,0xc174548fdecc4439917c9221b04f528f21fa06ed,Reental-DXB-1
0x4468d666b703ad270e4e1833ec93c4a2a751e654dd59d9b7a657e75be8ddd51f,0x70e77c5f094534505d6a42f913d3a387e6db0842,1.0,0x355ef1570a6b9373120dae9f25440bd1d9a61028,0xa3804d27c0d8386b9d4218f5e59ccfa778b59e6a,Reental-BKL-3
0x9a16e24714f62bb0342dd5d4fb731c9e919fa2df78483cc6d52ae40019b2d099,0x754f5b74e2639cef67fecec03f4d698470bdc92f,1.78992929,0xa3804d27c0d8386b9d4218f5e59ccfa778b59e6a,0xd0b165e7f49dc15b36ed8cbb60292df383cc78a1,Reental-ABD-1
0x617ecb9cfeb90cecbc92ca1719c1b1c853b4a74e7974f470a2c043636969596d,0xa0d99b441a9a5e334b234f31a92b97fa8d663626,5.0,0xa3804d27c0d8386b9d4218f5e59ccfa778b59e6a,0xd629abe488911a738c1d59854964798865e3bcdb,Reental-YCT-2
0xd4126729151e58320e6ab9cb6fde4c631a32d89758b3b8dd07cce660d69f2d08,0xa0d99b441a9a5e334b234f31a92b97fa8d663626,5.0,0xa3804d27c0d8386b9d4218f5e59ccfa778b59e6a,0xd629abe488911a738c1d59854964798865e3bcdb,Reental-YCT-2
0x11e5f0b1a6b782ce721fdb4d204b4254c13ebbb8e4ec957a9de5726cdc3b7418,0xa0d99b441a9a5e334b234f31a92b97fa8d663626,5.0,0xa3804d27c0d8386b9d4218f5e59ccfa778b59e6a,0xd629abe488911a738c1d59854964798865e3bcdb,Reental-YCT-2
0xec496210bfab3b3f1e649ba7d0d467c235da1b72a667ca9f3f430480d195e0d7,0xa0d99b441a9a5e334b234f31a92b97fa8d663626,5.0,0xa3804d27c0d8386b9d4218f5e59ccfa778b59e6a,0xd629abe488911a738c1d59854964798865e3bcdb,Reental-YCT-2
0x8bd38ac7ea54d421bdbc155b5a01451bc9b8e3be4ff6b7924bc32a32fb832869,0xa0d99b441a9a5e334b234f31a92b97fa8d663626,5.0,0xa3804d27c0d8386b9d4218f5e59ccfa778b59e6a,0xd629abe488911a738c1d59854964798865e3bcdb,Reental-YCT-2
0xd94d074db6b4a28e50e65abfa5e504b92f557ffb8255f6d66ff787d79be89bce,0xa0d99b441a9a5e334b234f31a92b97fa8d663626,15.0,0xd629abe488911a738c1d59854964798865e3bcdb,0xa3804d27c0d8386b9d4218f5e59ccfa778b59e6a,Reental-YCT-2
0x3756c0118615172546dd7c71a165e358741229411e1d154e938412a098d3d767,0xa0d99b441a9a5e334b234f31a92b97fa8d663626,10.0,0xa3804d27c0d8386b9d4218f5e59ccfa778b59e6a,0xc6ee11a454cf4e3523f5bf18c1e634a20e2eec26,Reental-YCT-2
0x07df0e499d3a74e50270cb37b9ded0d15b73c28c33b67c9008dd3e61fdeeb308,0xed923b814f1ea3d42c54dda55ba8edfaba994489,1.358,0xbb5c220d202fd05c696ed73c18e9db175e7a7a5a,0xa3804d27c0d8386b9d4218f5e59ccfa778b59e6a,Reental-BKL-2
0x53169f50faaeb23e07672ddc15bad23c4bf9fde379fc91f6c3e07df07385400a,0xa0d99b441a9a5e334b234f31a92b97fa8d663626,1.0,0xbb5c220d202fd05c696ed73c18e9db175e7a7a5a,0xa3804d27c0d8386b9d4218f5e59ccfa778b59e6a,Reental-YCT-2
0xd1a2e5d1faf1f471b01ecaf58419fafcffeafaa45b8fc8ef6cd5fb40aa4537f4,0xa0d99b441a9a5e334b234f31a92b97fa8d663626,3.0,0xa3804d27c0d8386b9d4218f5e59ccfa778b59e6a,0xdf391d9af8bc99abf1be8997ae447f614726a2fd,Reental-YCT-2
0xc4ce4141bf1a1d2e4f19d5a32e9f04785a48352ac2576fbf4d083c8c1d3902eb,0xf4237a554dcddc007688ffd72046e2b00dc5a905,1.34816637,0xa3804d27c0d8386b9d4218f5e59ccfa778b59e6a,0xba9e9281a9adf656191724f7bef219c96e498b29,Reental-MAD-6
0x9a4934409c33affdacc9560ca8eed9871351a2a71788e4407524ad28c082987d,0x6b4fa3c69e62f8f03dc018b57efa74d560462210,1.54145946,0xa6e1b44481f027e4609ff0983db49d0fbd769983,0xa400a5af8249444604a92c17fe3f06e5d7f079c9,Reental-MAYA-1
0x62e497d1d79084198e31eb7fe3408ba086e28c4b804f10901da6686d15644adb,0x33be67454ae817337db15877fd4106c5cd5206c5,1.58088108,0xa400a5af8249444604a92c17fe3f06e5d7f079c9,0xa75ef832099e1374635ad44ae64bfa0326a8fc0b,Reental-MLG-5
0x9fc10f05efad63504647c96ae3e281edaa7f9e831093618a29a16d0f252f65a6,0xad3e1f50590ef6f323caa0cf43f39d28d1d34144,2.0997,0xa400a5af8249444604a92c17fe3f06e5d7f079c9,0xc0edf7382937a736c8deaa527e7c50c650506345,Reental-JAX-2
0x83731ba7abe2b46fb5834e3849a78f7838cd845d6d732c484a1abc3610666a4f,0x8e08d151466bd8499a89ee9254586ef141f324c9,1.30689243,0xcf44dd500c8120fe9b7017580392263cb19ceb9d,0xa4a22753ecb2f3da4927f94f46e111dcc78c6a66,Reental-FMY-1
0x86c9e53fbf94a3b371f14372a5f3383d11e9cf6e60a7372938553d5a76f86ae6,0xf090b60f731583288e8c7c9d9a80680e35bd63e0,1.0,0xa4a22753ecb2f3da4927f94f46e111dcc78c6a66,0xc6ee11a454cf4e3523f5bf18c1e634a20e2eec26,Reental-HOU-1
0x614a4ab2ed0e02a471cc5e0a25cff726503d6c09843c3c91986eee088ce80661,0x8ddea623f8ffa94aae50dc4c44da22d6e570a749,10.0,0xdf391d9af8bc99abf1be8997ae447f614726a2fd,0xa5c666bba208b84e4f61bed3f407ece0e8ac0e21,Reental-SAM-2
0xaf06246e871770bee5d41c4f67c6004c94c3edb54f8178e04bed5e917a8d5618,0x3b7455335fc7c3839167ed8fc173405908ffdf15,10.0,0x07894214cdae556893f475389b146ff646d4e3d5,0xa6e1fce977d48f02627df4a5dae63ca1b6591478,Reental-TLM-2
0x8eca4248d16f3992c906c8035fd3b8dd7f4c2ca345ae3e1b7cc483cc4cb7b5ed,0x3b7455335fc7c3839167ed8fc173405908ffdf15,3.9144319,0x07894214cdae556893f475389b146ff646d4e3d5,0xa6e1fce977d48f02627df4a5dae63ca1b6591478,Reental-TLM-2
0xd1dfca764ff5a4d338a2adb3d7e3e39ffd2d63586d59e2b2da269cae927c3b6b,0x3b7455335fc7c3839167ed8fc173405908ffdf15,5.0,0x07894214cdae556893f475389b146ff646d4e3d5,0xa6e1fce977d48f02627df4a5dae63ca1b6591478,Reental-TLM-2
0x4c3976d53b2862391a42cbe322723b3e9e05bf25367548d8036d52193564e104,0xff2a9f1731b0243978c5080c34db617a8f5a1ae3,1.0158137,0x0c9ddacefb5848bae01a6c37de08b67bb5134065,0xa6e1fce977d48f02627df4a5dae63ca1b6591478,Reental-CDP-1
0xe1aeb48b4d8db5bcd56835f708ce76d0bf82fccab548be4c16f98736d42ee69f,0xa1bf01d5fdb5ae190853f49585eea6c910eb8937,1.93629799,0x0c9ddacefb5848bae01a6c37de08b67bb5134065,0xa6e1fce977d48f02627df4a5dae63ca1b6591478,Reental-SVQ-4
0xa489eb0cb7563c590ed3dacef96c44128438e47746a7b0c6be4c51e6a7ff11c4,0xff2a9f1731b0243978c5080c34db617a8f5a1ae3,1.0,0xc0896e0e56d45b3c6d3444bff507adf6f15ee068,0xa6e1fce977d48f02627df4a5dae63ca1b6591478,Reental-CDP-1
0x0f779b4a9eaf9ee68bf2ba7bc324cf1bcd10c6771664eef3fb047e2f5d2eb500,0xb0825e7a4093d21ed076883f8aca33300631291e,5.0,0xe8a3242e3f44fedf778ad1dda48ba6b779a00b9b,0xa6e1fce977d48f02627df4a5dae63ca1b6591478,Reental-MIA-3
0x3287724aaa8e4798931da753102d4474d90eccac46d06b277b2f954c1c71fc6e,0xdecfebdaf1131899fb38a53dc63671246220ab7a,5.56797631,0xb00f45001343e07464d2a40044ef8a527db76039,0xa6e1fce977d48f02627df4a5dae63ca1b6591478,Reental-RDO-5
0x73e45ea66f9270c5b480f478d5d2dc0ffb86a079fcaeda99113e7e8515c7abf8,0xb0825e7a4093d21ed076883f8aca33300631291e,2.0,0xcc568012f3f376785c48a3b036370b9d5c1be9a6,0xa6e1fce977d48f02627df4a5dae63ca1b6591478,Reental-MIA-3
0xacc39be25e5c2fd763013e24b00559049268f64c2da437158224ac6453eb4b1d,0x7798f8c28ce575188f4e65aeb6719c0ec5c69195,3.1,0xd4bcede6c4055c12ec03cd383046297d0ed05625,0xa75ef832099e1374635ad44ae64bfa0326a8fc0b,Reental-VLC-4
0xda2a92f3faf5d3f0825e18ef2f04bd72abc4bdb7f78b6086a95dab24a587a2c8,0xb7632e6fa54b05846cf20ec3570c6dc948b7a72f,6.0,0xd0b6a9b34097a7a6c3c42540e5a33244dbc9b0a8,0xa75ef832099e1374635ad44ae64bfa0326a8fc0b,Reental-ONDA-1
0xfa0ed2d2cf5c747a283bcef03526956404e2637f7a0955eb9320106df4c23e8b,0x7f6b82381bce03e7cf6af2fb1dcd41993406d4ae,15.0,0xaca1d60f849c82085aa71aed7a68342421e7e8e9,0xa75ef832099e1374635ad44ae64bfa0326a8fc0b,Reental-MLG-2
0x2a65b8cc8b0d703556f51ac387818ac0900712244419a9ba640a5def491abccf,0x7798f8c28ce575188f4e65aeb6719c0ec5c69195,16.91135555,0x5cbd3aaabb7dc0bb893a96a6fc696c099ccb775b,0xa75ef832099e1374635ad44ae64bfa0326a8fc0b,Reental-VLC-4
0x7e91e195a3a36c9de8ae50e4c27fe5561117d7856445ee9a2d4a631968b35bf2,0xe27f1e1d5ef28f560cbd9500342b24dd989635d2,4.00738936,0xd7c29b7bdff2e120af60efbbdd420b576abd3a72,0xa75ef832099e1374635ad44ae64bfa0326a8fc0b,Reental-VLC-1
0x10bbf5c1f6673bf5652cca3391821197d3fea97fd674859edaba9f4f9a5cc4bb,0x7469b9381bfa8a34bef9dfaad03d75f60947f957,5.07913308,0x64441cc873d5f2014ac6c1a2f039b405abca3d09,0xa75ef832099e1374635ad44ae64bfa0326a8fc0b,Reental-CDP-3
0x5d2df6d8b3602888f5b787ef7dae2e91128bab1591bc1fbc24c119f5472eabe4,0x60b3d1920b31da1eedc4e2065ebb7a43a1690113,10.59486502,0x5cbd3aaabb7dc0bb893a96a6fc696c099ccb775b,0xa75ef832099e1374635ad44ae64bfa0326a8fc0b,Reental-TLM-1
0xecd9ca533b60bbc6f881d19a133e7de919b1afeb64b2fb79ccee545ed3010751,0xb5a1a4f29b7376c091d6f4c7689be4b7cd5a6d98,4.0,0xd9135bda4ccd4291e3f3dcedfbb0994844b0c627,0xa75ef832099e1374635ad44ae64bfa0326a8fc0b,Reental-VLC-6
0xff10d2efeac0c2666bbab8d810b5dbe38bb8ad4083e3ad2cdde3e4d134c5dcec,0x3b7455335fc7c3839167ed8fc173405908ffdf15,11.0,0xa72ed54fb61853c823820a264870b7bdf46c0ddb,0xa75ef832099e1374635ad44ae64bfa0326a8fc0b,Reental-TLM-2
0x758bddaaba1a40969d3dabb6b5d09e522a204223205e6d0f5db7f4c9df08c4ec,0x3b7455335fc7c3839167ed8fc173405908ffdf15,5.0,0x70c8aab186e952c4f047c362035054e45a371045,0xa75ef832099e1374635ad44ae64bfa0326a8fc0b,Reental-TLM-2
0x2cfc742c7f1252b1ec82419b839697bea241319318987135f58dd60ac28d9443,0x7469b9381bfa8a34bef9dfaad03d75f60947f957,10.0,0xb915b37dd22a3884f7388616f838090b413b01c6,0xa75ef832099e1374635ad44ae64bfa0326a8fc0b,Reental-CDP-3
0xf65e3b6f85fc1b4440e4a217f9a17662cf43e1ef50f34474ea4465ba45f70eb5,0x7f6b82381bce03e7cf6af2fb1dcd41993406d4ae,20.0,0x70c8aab186e952c4f047c362035054e45a371045,0xa75ef832099e1374635ad44ae64bfa0326a8fc0b,Reental-MLG-2
0x0f3baa493b3e5373e017c15a2d794cabdb1731b397e40f8990887b9609d546a1,0x49b8f29f17a27ae89121642838e37bc8ce77d2f2,35.0,0xe66395100d6dd2ecf4c281739add60816523a298,0xa75ef832099e1374635ad44ae64bfa0326a8fc0b,Reental-SMA-1
0xa450269a08a262d7b4772a545fbc93feb92aa5bfc86117473a13390936adcbc8,0x33be67454ae817337db15877fd4106c5cd5206c5,10.0,0xff8975d6d90848cd9affa48e7b043813873b571a,0xa75ef832099e1374635ad44ae64bfa0326a8fc0b,Reental-MLG-5
0x309854f6825373f940c9dbca3bb09e0b76071409dfb60ee54d749d9014e88168,0x33be67454ae817337db15877fd4106c5cd5206c5,7.16423226,0xee21cb5ad21b519849e2a14c1555ca9e00a4f67f,0xa75ef832099e1374635ad44ae64bfa0326a8fc0b,Reental-MLG-5
0xdad94bc8836b47e09f444bab1fc8188440c34163b6a7250091a2ef804f2a5d27,0xc48b58aae1fb770a8655e44de960eb7dc84a5de9,18.71369864,0xc3a8e0c76574defbba0d65994c7efa17182122dc,0xa75ef832099e1374635ad44ae64bfa0326a8fc0b,Reental-RET-1
0xc04128445d2ad0f7f70c68f7d69ef61e39f2b0c24b52f1924d1df94bfe6aefc5,0xc48b58aae1fb770a8655e44de960eb7dc84a5de9,3.03731544,0xdf50cbf0ea828d6d3fb7b59f905a56ec64d5036d,0xa75ef832099e1374635ad44ae64bfa0326a8fc0b,Reental-RET-1
0x111170d6228d37b08bb8a41f82b3a70ec247afefaa54580eeef9d34b43245ec7,0xe7d35f9248ea53943765928c0d9dc027a0129f28,20.0,0xba31fa71441f47e712eedf2ce973a5e552317af3,0xa75ef832099e1374635ad44ae64bfa0326a8fc0b,Reental-MLG-3
0x8d2ad709c825e238884b59343146774d51121bb65598c55a581849a3f2c15a18,0xc48b58aae1fb770a8655e44de960eb7dc84a5de9,10.0,0xe0ac42deb4179f36da21abff215fabe973aedc58,0xa75ef832099e1374635ad44ae64bfa0326a8fc0b,Reental-RET-1
0x645642ac75970d62fb02e084971472cf91d42e39947096368ade2afe6216f013,0xdecfebdaf1131899fb38a53dc63671246220ab7a,0.61890174,0x64441cc873d5f2014ac6c1a2f039b405abca3d09,0xa8dff2da2254d094624e0f0cbb4eb2008ce19c2e,Reental-RDO-5
0xb4b9ef217d8fb07e2c2efcd3a020e7af422c8226083258ff81a17375c687c807,0x5ab768c8ca1cc20cb8ec7b90554a3b12524b6c47,1.17,0xfb8482d3a050b09d9dd3d3fb44e858864ef649f8,0xa8dff2da2254d094624e0f0cbb4eb2008ce19c2e,Reental-CDS-1
0xfcb5fa9ceb76d63caacc88ef94fb8e4dc713bdca7214dca1f8d59d618636a778,0x5ab768c8ca1cc20cb8ec7b90554a3b12524b6c47,1.0,0xfb8482d3a050b09d9dd3d3fb44e858864ef649f8,0xa8dff2da2254d094624e0f0cbb4eb2008ce19c2e,Reental-CDS-1
0xa3bdaec6133c41735798739e75c5b76f16f9f059d4865541038be20ba169b497,0x820380fea111509a38297fa2971eee5b41a5aeca,1.0,0xfb8482d3a050b09d9dd3d3fb44e858864ef649f8,0xa8dff2da2254d094624e0f0cbb4eb2008ce19c2e,Reental-RDO-3
0x7e235b43651160f9d7c4c04910981102acb9f48eed76409609ed4a1830ce7f8e,0xdecfebdaf1131899fb38a53dc63671246220ab7a,1.19916773,0x8da58a52c848da18dea006be52b8b7ab8d9bb5ef,0xa8dff2da2254d094624e0f0cbb4eb2008ce19c2e,Reental-RDO-5
0x9801d106a4322dd0e27a10b07644cab215c63b5f06af07c4fa5d4148150ba8ac,0x7f6b82381bce03e7cf6af2fb1dcd41993406d4ae,1.0,0xc0896e0e56d45b3c6d3444bff507adf6f15ee068,0xa8dff2da2254d094624e0f0cbb4eb2008ce19c2e,Reental-MLG-2
0xd46b4da58bb586cc1e9c0d7cbf563985954d701f51e51ee9a10fe74a02ab3569,0xac6b91d535bdedb731045ed823d2a6c3ad5b5177,2.0,0x5aa2e83633ff5fb40f85479f5a3218d11daea050,0xa8dff2da2254d094624e0f0cbb4eb2008ce19c2e,Reental-OVD-1
0xce779ceff2c981e39460eddb25a6a428f69f45db606bffbe436f5a7665f01061,0x512ee64de3b983d4e05faa949d63020442215a41,1.95810504,0x5cbd3aaabb7dc0bb893a96a6fc696c099ccb775b,0xa8dff2da2254d094624e0f0cbb4eb2008ce19c2e,Reental-VLC-3
0x2f3b36de23271cf338d40e19b6c42b5481f3845a46dab4bb36fa905bf1f59276,0x33be67454ae817337db15877fd4106c5cd5206c5,3.0,0x64441cc873d5f2014ac6c1a2f039b405abca3d09,0xa8dff2da2254d094624e0f0cbb4eb2008ce19c2e,Reental-MLG-5
0x48012b6d7cd681e71c9fef8f365485c428754fb9c2143e487b1740796b396ab2,0xca53dd67cfa553d9e31c377602fb217dff9eadff,5.0,0xe8a3242e3f44fedf778ad1dda48ba6b779a00b9b,0xa8dff2da2254d094624e0f0cbb4eb2008ce19c2e,Reental-SMA-2
0xbbc902eaec6bb5975f187367841ed87e421d9aef7d44c9a72bf9826f06aad932,0xff2a9f1731b0243978c5080c34db617a8f5a1ae3,1.0,0xc0896e0e56d45b3c6d3444bff507adf6f15ee068,0xa8dff2da2254d094624e0f0cbb4eb2008ce19c2e,Reental-CDP-1
0xf675fc9cac1501d79a6907646a103370d54f193a9a6dfdabe06568b43c9bc491,0x6da0652a8481a774f5164612ab0ab18f105ad243,1.0,0xc0896e0e56d45b3c6d3444bff507adf6f15ee068,0xa8dff2da2254d094624e0f0cbb4eb2008ce19c2e,Reental-CLVM-1
0xcfe6058c786812ad5bcb2ed7428af03fdfacc32dbcac60ed7b18ad41b0406fb8,0x7469b9381bfa8a34bef9dfaad03d75f60947f957,3.0,0x64441cc873d5f2014ac6c1a2f039b405abca3d09,0xa8dff2da2254d094624e0f0cbb4eb2008ce19c2e,Reental-CDP-3
0x0413af35d721c9b36b045db97b264a1baaf2ea0b0c702929a4c0545c6403b1f8,0x7469b9381bfa8a34bef9dfaad03d75f60947f957,1.0,0xc0896e0e56d45b3c6d3444bff507adf6f15ee068,0xa8dff2da2254d094624e0f0cbb4eb2008ce19c2e,Reental-CDP-3
0xc3a6315a5dd453f1d72c2737900e1f94398a2ce4c594df605c759540f9d3e04a,0xf94ca4e007553917d1f80d013d2544ddfbed555c,1.0,0xc0896e0e56d45b3c6d3444bff507adf6f15ee068,0xa8dff2da2254d094624e0f0cbb4eb2008ce19c2e,Reental-MLG-4
0x1973f07c4522793832ba8ab2b947d6c06b1245681dba570e0bae0d4c1c6cb4ca,0x33be67454ae817337db15877fd4106c5cd5206c5,3.0,0x64441cc873d5f2014ac6c1a2f039b405abca3d09,0xa8dff2da2254d094624e0f0cbb4eb2008ce19c2e,Reental-MLG-5
0x3208b96909d6cdcb57de1eae6d7e43256c84be930723e3afc8fb76dc6f995f2e,0x7469b9381bfa8a34bef9dfaad03d75f60947f957,1.32212669,0xc0896e0e56d45b3c6d3444bff507adf6f15ee068,0xa8dff2da2254d094624e0f0cbb4eb2008ce19c2e,Reental-CDP-3
0x633df15368506c29ebc916f35881a02b5874a635451803c4b9c7edb8592807ab,0xdecfebdaf1131899fb38a53dc63671246220ab7a,2.031952,0x5cbd3aaabb7dc0bb893a96a6fc696c099ccb775b,0xa8dff2da2254d094624e0f0cbb4eb2008ce19c2e,Reental-RDO-5
0x5bbf6bce316e54c014564283e6145ad9b41752486d5879c3595fb584214d616e,0x6da0652a8481a774f5164612ab0ab18f105ad243,19.27023882,0x5cbd3aaabb7dc0bb893a96a6fc696c099ccb775b,0xa8dff2da2254d094624e0f0cbb4eb2008ce19c2e,Reental-CLVM-1
0x3779ca2fa4ea3deb01e1f5edcb5f9b3d775657a1c3ab9b2ed58c96b8b3865230,0xe27f1e1d5ef28f560cbd9500342b24dd989635d2,1.99994586,0x679919cb6f1b4c85ab79d2d91b6fc6140c41fb99,0xa8dff2da2254d094624e0f0cbb4eb2008ce19c2e,Reental-VLC-1
0xa8495ca1d549e077d67b44203cb58c3881ff5179edd2cb5520229e09c223c403,0x7798f8c28ce575188f4e65aeb6719c0ec5c69195,4.0,0xd9135bda4ccd4291e3f3dcedfbb0994844b0c627,0xa8dff2da2254d094624e0f0cbb4eb2008ce19c2e,Reental-VLC-4
0x8b1186334eeb2b3c77aaeb4e8be9e1f54d40166c5949c6659f6515703afb70c3,0xe27f1e1d5ef28f560cbd9500342b24dd989635d2,1.0,0xc0896e0e56d45b3c6d3444bff507adf6f15ee068,0xa8dff2da2254d094624e0f0cbb4eb2008ce19c2e,Reental-VLC-1
0xd43798c27ee9c0d2b3368ad743ef4ece2085cc924d1f218837e848eff4185f2e,0x33be67454ae817337db15877fd4106c5cd5206c5,2.5,0x64441cc873d5f2014ac6c1a2f039b405abca3d09,0xa8dff2da2254d094624e0f0cbb4eb2008ce19c2e,Reental-MLG-5
0x66f2864e44cde33ad379ffc394a6dc263f35976cab5e1a58988ca5a3f565c76c,0xb5a1a4f29b7376c091d6f4c7689be4b7cd5a6d98,10.0,0x70c8aab186e952c4f047c362035054e45a371045,0xa8dff2da2254d094624e0f0cbb4eb2008ce19c2e,Reental-VLC-6
0x436821e4d8fdf5d221248b247bd61dd16d6c3071dc339431b326df572b85c562,0xf94ca4e007553917d1f80d013d2544ddfbed555c,10.0,0x70c8aab186e952c4f047c362035054e45a371045,0xa8dff2da2254d094624e0f0cbb4eb2008ce19c2e,Reental-MLG-4
0x96503c573e513a3abebdc7b3939cc6024a1372aaec288d25495fe6085e043f64,0x7469b9381bfa8a34bef9dfaad03d75f60947f957,4.0,0xd601b3ed546840032f42ed32b7de3a753a94ee5f,0xa8dff2da2254d094624e0f0cbb4eb2008ce19c2e,Reental-CDP-3
0xe262d968a62ec1ebce5bd7b3d3ec57a8863bb9c9a11896ce1d6c8cce142412c0,0xaca38d593f7775334fa1b84a865f19396f62f760,6.61229713,0x82952d2256eb2ab8d842167c4b5de2fd0bed0c9f,0xa8dff2da2254d094624e0f0cbb4eb2008ce19c2e,Reental-MLG-6
0xc6c43537c2eb1d02fccca0ce97e203052e40d9ddd73ab57aae5af401601ec5d6,0xac6b91d535bdedb731045ed823d2a6c3ad5b5177,10.0,0xb64fbeef6b52207a4648308c56b84432b16e9b0f,0xa8dff2da2254d094624e0f0cbb4eb2008ce19c2e,Reental-OVD-1
0xe01204ef03d45a329175aa23306c4d09efc797cd9277b49817f6dfb19e41c322,0x5ab768c8ca1cc20cb8ec7b90554a3b12524b6c47,20.0,0x9c59b4a3992af8306cfa59e36a367189768ae4b1,0xa8dff2da2254d094624e0f0cbb4eb2008ce19c2e,Reental-CDS-1
0xc55cb4926a4239c36f1d183edd214939f4227f0e021e6f6d5959008e42416226,0x60d595922e964b5cc002b5c207fde25d98d6fcd1,5.0,0x9b04ba99ad57a8cfc5d1273f4cfe80d67a9bb9bb,0xa8dff2da2254d094624e0f0cbb4eb2008ce19c2e,Reental-VLC-5
0x225c09a2bd481a44927e47ef3196d8a887ca93c548c7f97bd35179270b9891b2,0x4adaee2dae690cf8f3915f1c1963f16d239c5e11,3.91147424,0xcf1d4fcb4a2e7617973c75b414b7498f742a88f3,0xa8dff2da2254d094624e0f0cbb4eb2008ce19c2e,Reental-MRB-1
0xa12a8778f9db892deec1587a560832341d9c84a079234fae878c4575c06b6a81,0x33be67454ae817337db15877fd4106c5cd5206c5,3.57152646,0xed5b64603e254aab6d2dd7f6128fee8d8d567d5e,0xa8dff2da2254d094624e0f0cbb4eb2008ce19c2e,Reental-MLG-5
0x9128a67a699c432a8e521f51411cf6a4bd2531ad36008684cb6e897a7c20c775,0xfd81b5f560700652b1bf73e26662ec4df1469ae3,2.99830459,0x468043dc6314e6d0ae6bb4d03de0d3f460372d08,0xa8dff2da2254d094624e0f0cbb4eb2008ce19c2e,Reental-SVQ-5
0x08633491f2b94d70ccc48817017cfe14025c107d35917fb445dccdcce06377a4,0x7a7e4dd51d1ca1aa701b0eb76ba5f59cec2fbaa1,1.9998442,0xe50afc8c3add9e95f03c0b9cd08594e667ae6d99,0xa8dff2da2254d094624e0f0cbb4eb2008ce19c2e,Reental-MAD-3
0x3bb509fbf947f0be8034fc30f7b80380332caf00ee6f8d3f2738363aac07dc45,0x7469b9381bfa8a34bef9dfaad03d75f60947f957,5.59555964,0x4616df79503fd39c5ce6701f1049b828e6210b3b,0xa8dff2da2254d094624e0f0cbb4eb2008ce19c2e,Reental-CDP-3
0xa42ff856ba278f9d8107cd0694379b1d0112db94857cd984d374483cbefdb268,0x6b7c34c8a1ffd4238e702243f0ff005680037fad,12.0,0xcfef84696c0df6b3f2fa6b780b21551241715f72,0xa8dff2da2254d094624e0f0cbb4eb2008ce19c2e,Reental-VLC-8
0x91dd2664a6ee3135db7debbd91d5ebcad2e775868b2aebec47b95d2646f0176f,0x8a96bf9aa5812ce957aed1f554065b64a545c88a,6.78632747,0xb1000126471a0111f2380a9e196fe49d297bce77,0xa8dff2da2254d094624e0f0cbb4eb2008ce19c2e,Reental-VLC-12
0x1f544a163e429ba0e286290e4a929325c6d7171384f5b42c057eaed84deb6342,0xac6b91d535bdedb731045ed823d2a6c3ad5b5177,4.35,0xa75c9b4a9d6352a3de7023c9912417d32dbd5220,0xa8dff2da2254d094624e0f0cbb4eb2008ce19c2e,Reental-OVD-1
0x39f3d4ec8a636bb67d340cb21f377f8f037cda142fbb310029d0a37c846734e9,0x7f6b82381bce03e7cf6af2fb1dcd41993406d4ae,5.0,0x86a8f2c6251b94e6ec9812225056392d5af723c0,0xa8dff2da2254d094624e0f0cbb4eb2008ce19c2e,Reental-MLG-2
0x90291b3b90c2de1a878b537fcf4aa263f95efaceb186c4732bc7acd341a5926f,0xfd0ea97747f7b1a53ec59ef5001616cde3aead3e,5.0,0x86a8f2c6251b94e6ec9812225056392d5af723c0,0xa8dff2da2254d094624e0f0cbb4eb2008ce19c2e,Reental-CLVM-2
0x6f3c54e2f03e1525b7548539e4d6dc82adeda2838397c7359877db0d160ceda3,0x5ab768c8ca1cc20cb8ec7b90554a3b12524b6c47,1.0,0xde17c80961aa748f4e61a5b2ee612c7dbb4cd0c7,0xa8dff2da2254d094624e0f0cbb4eb2008ce19c2e,Reental-CDS-1
0x0380b635246ca7bcbfec3fa20a689b8a5fb431953504575dff9e468971284771,0x4adaee2dae690cf8f3915f1c1963f16d239c5e11,30.0,0xde17c80961aa748f4e61a5b2ee612c7dbb4cd0c7,0xa8dff2da2254d094624e0f0cbb4eb2008ce19c2e,Reental-MRB-1
0x11a45424fc41de50beda3a534aeddc368e89c4a2f97af24be5f6f8961e65ed43,0x7a7e4dd51d1ca1aa701b0eb76ba5f59cec2fbaa1,5.5,0xbb4762be347b87f78f2b92e46db2bc4f6749ecf2,0xa8dff2da2254d094624e0f0cbb4eb2008ce19c2e,Reental-MAD-3
0xa05b169c4d1394b25157dae8209326d7f61d09094eed8153b337c8ec126262ef,0x2a8bbc241849431e9cc7c4dbea9c05dfac2de553,9.62921837,0x36f90fc41b89989aa836bbf580d4339f08d34b10,0xa8dff2da2254d094624e0f0cbb4eb2008ce19c2e,Reental-GRX-3
0xef4e3f53b7c323dfce1ef01e9183921ecec325884b34ce5294840f8d1ed36a13,0x7a7e4dd51d1ca1aa701b0eb76ba5f59cec2fbaa1,1.10125856,0xd69b0809a227727994ea9bba96bd44a9eb32eecd,0xa8dff2da2254d094624e0f0cbb4eb2008ce19c2e,Reental-MAD-3
0x3ce865666460d4675dbb057013df3403090de1d7ddd6b8fab32fa38687a7282c,0x7a7e4dd51d1ca1aa701b0eb76ba5f59cec2fbaa1,3.22851505,0x54cff5170b3f889397ef40ef2ecf34ad6e40ec55,0xa8dff2da2254d094624e0f0cbb4eb2008ce19c2e,Reental-MAD-3
0x79cbc5901463f07e9a872cdac0c7518e0c1abdb4eb95c7c4331c1cb6706be680,0x6da0652a8481a774f5164612ab0ab18f105ad243,2.0,0xce89063272ecce1cda2086670ff94cbc690b8f5f,0xa8dff2da2254d094624e0f0cbb4eb2008ce19c2e,Reental-CLVM-1
0x5962135136b41f25ed484712cf8217ce8e88d203ff30c18349426c42456ae4a3,0xf94ca4e007553917d1f80d013d2544ddfbed555c,2.0,0xce89063272ecce1cda2086670ff94cbc690b8f5f,0xa8dff2da2254d094624e0f0cbb4eb2008ce19c2e,Reental-MLG-4
0x2204d2503c6d5085e95a0b98446c9342cb7d4c1b485208a6a3c8ade6d376d238,0x33be67454ae817337db15877fd4106c5cd5206c5,5.0,0x9c0e7f3e623e2daf58f9a343348671d76613af2e,0xa8dff2da2254d094624e0f0cbb4eb2008ce19c2e,Reental-MLG-5
0xe9497bf6befd754831d9268d8d809a84b8c581d5a4080aefe73e396a604ee678,0x2a8bbc241849431e9cc7c4dbea9c05dfac2de553,10.0,0xae908840c70db2c66183e8442e173d7b3bf4c9fd,0xa8dff2da2254d094624e0f0cbb4eb2008ce19c2e,Reental-GRX-3
0x2b5c62e133f99eb52254d8046bb0ade1ce4faf0aab184462789a73fd852cb20c,0x7a7e4dd51d1ca1aa701b0eb76ba5f59cec2fbaa1,1.03844117,0xa0abb8dc334974192401c90f2c422b06e6771521,0xa8dff2da2254d094624e0f0cbb4eb2008ce19c2e,Reental-MAD-3
0x569fc0ee2f53bca4c998af9cb4b828cce4c4659615ff6188b9b78db2f926d811,0x2a8bbc241849431e9cc7c4dbea9c05dfac2de553,1.0,0xb552a37e3f07082490b017aa6b43e10cd04176b5,0xa8dff2da2254d094624e0f0cbb4eb2008ce19c2e,Reental-GRX-3
0x9951532f814ab865532c52e6bf9aba551d9e14f8023f4f998f27dbaa723bda35,0xad3e1f50590ef6f323caa0cf43f39d28d1d34144,1.27,0x3460f3e3ecdadb7ca18cc363c1ed05d227fda666,0xa8e81e28bbe256b42a4857db4b4c1e4a2882059d,Reental-JAX-2
0xf7e0c858114b1a3e332159859e2bd61ec933465c281d8c77dcc38cfa63e2a5a2,0xca53dd67cfa553d9e31c377602fb217dff9eadff,1.3676234,0xd1aa7e73c79d7faade965ecca298b3a88d9abaea,0xa8e81e28bbe256b42a4857db4b4c1e4a2882059d,Reental-SMA-2
0x8d9cd9022d10247cc983574a2ba8ff9150404b9bc29b3540a090b2cb480ad27d,0x7f6b82381bce03e7cf6af2fb1dcd41993406d4ae,6.0,0xe1ab1a7ea56667e26832e8d6b6f987bcb8f8f3d3,0xaa45ef704b487212613ebf77c5ffa3207810915d,Reental-MLG-2
0xf76657c619f2b70b1bccaf79448caf9b9869363d8606ecb5e5d08a27883d5240,0x2f1026ff5bd94232050364c81d61a2d15e147209,5.0,0xd38ff23914216097673e6e6d78ac402bd946c924,0xaa45ef704b487212613ebf77c5ffa3207810915d,Reental-MIA-1
0x1d2398c747bc962e41b750a6f779f59dcf02775d4e7fa313a6d15a2362ff52ff,0xca53dd67cfa553d9e31c377602fb217dff9eadff,5.0,0xfbd1b0fed15f5c7958314b178e71d1a890abee13,0xaa45ef704b487212613ebf77c5ffa3207810915d,Reental-SMA-2
0x74ea76bcee411e37163e5092ef08e71d1df2cf5dbcd5b95eb8be87d55b89ef3c,0xfd0ea97747f7b1a53ec59ef5001616cde3aead3e,1.03991277,0xb8b957f384195cef2280701b87282c9d60543f9a,0xaa45ef704b487212613ebf77c5ffa3207810915d,Reental-CLVM-2
0x0d7f4e07bff8805bf0a89590ad1f05953772d4378d97213d454bd79ae9f7a2bb,0x2f1026ff5bd94232050364c81d61a2d15e147209,10.0,0xd38ff23914216097673e6e6d78ac402bd946c924,0xaa45ef704b487212613ebf77c5ffa3207810915d,Reental-MIA-1
0x1e586c31367ebc684de5b77fe423df9ddc3e8ebdf61f7ccf4c30cd492c19a366,0x7469b9381bfa8a34bef9dfaad03d75f60947f957,1.0,0xc0896e0e56d45b3c6d3444bff507adf6f15ee068,0xaa45ef704b487212613ebf77c5ffa3207810915d,Reental-CDP-3
0x148d7bde0d34aeb40dd2ce4ecb19be44aed03a5bc097786ad4067d1cc7f4a5a9,0xfd0ea97747f7b1a53ec59ef5001616cde3aead3e,15.0,0x70c8aab186e952c4f047c362035054e45a371045,0xaa45ef704b487212613ebf77c5ffa3207810915d,Reental-CLVM-2
0xc40107530c27d9f7939b9e8b062f1de824d1be7fd35eb8ca19d817c0c47f94de,0xca53dd67cfa553d9e31c377602fb217dff9eadff,5.25,0x70c8aab186e952c4f047c362035054e45a371045,0xaa45ef704b487212613ebf77c5ffa3207810915d,Reental-SMA-2
0x44fcb3d96c6c07e86f75c97e12a8872ad50176d456ece5c363e049b40898600d,0xf94ca4e007553917d1f80d013d2544ddfbed555c,6.5,0x70c8aab186e952c4f047c362035054e45a371045,0xaa45ef704b487212613ebf77c5ffa3207810915d,Reental-MLG-4
0xe328cee23c0889c62bcf84d8b0d9ae20973adcbfc0a8cc9044eb9f9d90c7e9ff,0xfb759e0cc5cff4aea606064acd41c71c7c11bf40,1.00994396,0x8ed6065bd9c079e53361cc9bad1e02012f0bc6c9,0xaa45ef704b487212613ebf77c5ffa3207810915d,Reental-BKL-1
0x6f5fae04c7606af9cb589cc71d46d7486507ad2c637c823878ef410f198fc0f1,0xdecfebdaf1131899fb38a53dc63671246220ab7a,0.58949687,0x44eff9b70a800dd9a47c5b855286d5b7930679ae,0xaa45ef704b487212613ebf77c5ffa3207810915d,Reental-RDO-5
0x60f0dfabb713bf7d3b94bfb9c5e49f3505c3f6a8e9cf0d3241c689c758367e1a,0x8ddea623f8ffa94aae50dc4c44da22d6e570a749,1.500075,0xaa45ef704b487212613ebf77c5ffa3207810915d,0xb552a37e3f07082490b017aa6b43e10cd04176b5,Reental-SAM-2
0x3c064c6b8d8414ccf333f5b9f5597a8b091b8bbe35a03845d9cd33163f49f828,0x754f5b74e2639cef67fecec03f4d698470bdc92f,26.55716301,0x8da58a52c848da18dea006be52b8b7ab8d9bb5ef,0xaa7b5dbfb9d5c49a6c0952eda2974d43bb65f0d6,Reental-ABD-1
0x6f270265dbb3ca829e4e16d0c05cd43d4a22c683434cee64893835fd599d2087,0x33be67454ae817337db15877fd4106c5cd5206c5,0.93,0xca04b1fdc59b229b31e3eff04ac2d476b283f567,0xaaaf3b3b941d28884ecf4cd8f0ae2162dcab5e94,Reental-MLG-5
0xa9d149916894971e50f5d77ca6f5ca783ca2e862cbe2e2e5d6eb0a67d317fbdb,0xf7e0069442e3e2d061673e16d2f77a3b87b45a42,1.0,0x52b71b70ec73defae5e9840e4fa706ecb2b29a25,0xaaaf3b3b941d28884ecf4cd8f0ae2162dcab5e94,Reental-JAX-4
0x897caf5bd65044e102ded785b538ecc690246a3e6e579cda94cd93dee52e2907,0xad3e1f50590ef6f323caa0cf43f39d28d1d34144,1.0,0x985702fb3c75a0f45412dbc1937195c28042d92b,0xac27191d5d8a387422b681ba0cb427dd685ab2f5,Reental-JAX-2
0x01d3e54f1c39f07416f0f09d00cad8b91729b5b7ba1630aa1f3ffe96363bf0c4,0xca53dd67cfa553d9e31c377602fb217dff9eadff,2.20955853,0xbe4dd0c066d01842f7c79ea850fa7bd0f4d52e44,0xac27191d5d8a387422b681ba0cb427dd685ab2f5,Reental-SMA-2
0xf90cc6f1af0bd286c9980009202fb712e5f8684c8154027924d324cc85edd410,0x21ae95a56ef471370ce89a7a4624117f31810927,1.0,0xc0896e0e56d45b3c6d3444bff507adf6f15ee068,0xaca2bb6a22e1050c6d99328ac80e1b74787b4edc,Reental-DNB-1
0xf5788a55d7bce46c2455f7777b98ef328a6f2a9de97e3347f22599676cee1589,0xca53dd67cfa553d9e31c377602fb217dff9eadff,1.0,0x6f6aad8d226ba66e7d7f46e32a6819c7e5cd60f3,0xadb9cafc4989c2fb7b86b8344245a9cf6a2b9682,Reental-SMA-2
0x8ec76bbe901cedd240ab414da34f5c21f3d1dfc144c93cb0d2820291025efb59,0xe7d35f9248ea53943765928c0d9dc027a0129f28,1.0,0xc0896e0e56d45b3c6d3444bff507adf6f15ee068,0xadb9cafc4989c2fb7b86b8344245a9cf6a2b9682,Reental-MLG-3
0x5e28efd378c77f8618b861e0c5b98446025937dcac4d4176efb10ea1cfe8dbd1,0xa0d99b441a9a5e334b234f31a92b97fa8d663626,10.0,0xc1213762f0b2010721e34a7d3a4e6742f836b462,0xae908840c70db2c66183e8442e173d7b3bf4c9fd,Reental-YCT-2
0x311236f7250cf44f492d33f7ed8422dd1bcefb30fbff3f5149841cb260f14c3a,0x29fdc3434576e188e8131b2ad9cf94d3b3e71f56,3.0,0xae908840c70db2c66183e8442e173d7b3bf4c9fd,0xd212a7c928b7a61460d67b96769bb8e38b4a4652,Reental-MLG-8
0x080fdb86c1a37bbe62db566db0efc42d8cb6a856b624b1b73073e348b45b5da3,0x2a8bbc241849431e9cc7c4dbea9c05dfac2de553,5.0,0xd72be8822f94b45a207b326f71f9ae7cc30018fa,0xae908840c70db2c66183e8442e173d7b3bf4c9fd,Reental-GRX-3
0x04d8c81bfae49f5b4bd167b0dd49cc6f56a1916e3aa0d1549e674ab49350e5b3,0x2a8bbc241849431e9cc7c4dbea9c05dfac2de553,10.0,0xd72be8822f94b45a207b326f71f9ae7cc30018fa,0xae908840c70db2c66183e8442e173d7b3bf4c9fd,Reental-GRX-3
0x0d157aeeb5ddc383dcff1fba28ac677246f5acd4354d9a40dcf350a23b262b78,0x2a8bbc241849431e9cc7c4dbea9c05dfac2de553,10.0,0xd72be8822f94b45a207b326f71f9ae7cc30018fa,0xae908840c70db2c66183e8442e173d7b3bf4c9fd,Reental-GRX-3
0x92e488589dbdb26abbc8404abba3c41b7db70c28061745f4c9fa0306c62fdccf,0x2a8bbc241849431e9cc7c4dbea9c05dfac2de553,5.0,0xae908840c70db2c66183e8442e173d7b3bf4c9fd,0xb05725425c80808329a5c8acdee4c79aef648300,Reental-GRX-3
0x7397ead0d9d0814467b0cb089fa053853cb2cd5b80454c4a44a42f44617fc1ac,0xca53dd67cfa553d9e31c377602fb217dff9eadff,1.61202439,0x88102fba6595f2f5b33f42e7a86ef82cf12ea9f3,0xaead7ad2bb47499d537cfe44fd213372ca61b377,Reental-SMA-2
0xab6961ead9c863df5e66c7184843fb2d5ec70d0cf66458570eedb57bc186848a,0xe7d35f9248ea53943765928c0d9dc027a0129f28,2.0,0xaead7ad2bb47499d537cfe44fd213372ca61b377,0xb64fbeef6b52207a4648308c56b84432b16e9b0f,Reental-MLG-3
0x4c9af25858042e377efa4c175bc2e6969b1bc2ea69ee6c69c445cefeedbc2f90,0x7469b9381bfa8a34bef9dfaad03d75f60947f957,1.0,0xaead7ad2bb47499d537cfe44fd213372ca61b377,0xc6ee11a454cf4e3523f5bf18c1e634a20e2eec26,Reental-CDP-3
0xd8dc661b981a8ccfb6fc8b87482fa413c065766b425087e61775d319cb71b260,0x7469b9381bfa8a34bef9dfaad03d75f60947f957,1.0,0xaead7ad2bb47499d537cfe44fd213372ca61b377,0xc6ee11a454cf4e3523f5bf18c1e634a20e2eec26,Reental-CDP-3
0x06e275b0b41868165d966ae037547620893b0b99d9f7e5ae16692b0e6e654eaa,0x7469b9381bfa8a34bef9dfaad03d75f60947f957,1.0,0xaead7ad2bb47499d537cfe44fd213372ca61b377,0xc6ee11a454cf4e3523f5bf18c1e634a20e2eec26,Reental-CDP-3
0xed4b90b89472537396d47cbfbf2af9a3a0834c212d82cba0cf151d8cd14f3bf0,0x7469b9381bfa8a34bef9dfaad03d75f60947f957,1.0,0xaead7ad2bb47499d537cfe44fd213372ca61b377,0xc6ee11a454cf4e3523f5bf18c1e634a20e2eec26,Reental-CDP-3
0x9c30df5a59bf420ce1e7cf4622ed94a2a3fd8867b7a6967f2935a498f0adcfcf,0xe7d35f9248ea53943765928c0d9dc027a0129f28,2.0,0xaead7ad2bb47499d537cfe44fd213372ca61b377,0xb54d1ee3859a24789d931962b7313bb2a2529785,Reental-MLG-3
0xa77ff2aa4789bc2a2ea066262d20ee4d0dcb5dfb8753d758ee9d9c7edc032536,0x4adaee2dae690cf8f3915f1c1963f16d239c5e11,2.0,0xaead7ad2bb47499d537cfe44fd213372ca61b377,0xc1213762f0b2010721e34a7d3a4e6742f836b462,Reental-MRB-1
0xba1bbf4e827d502084792aa06d532bde9257f8076b3ef5f2dd8bf1d190b74ec7,0xaca38d593f7775334fa1b84a865f19396f62f760,2.6,0xaead7ad2bb47499d537cfe44fd213372ca61b377,0xc8d87578f9c7005020d82625693ab46932d6491a,Reental-MLG-6
0x4f71a137f1dff7264a800aaebca1a8557ce752905ce33245ba10baec47a937c4,0x33be67454ae817337db15877fd4106c5cd5206c5,2.7,0xaead7ad2bb47499d537cfe44fd213372ca61b377,0xc8d87578f9c7005020d82625693ab46932d6491a,Reental-MLG-5
0x64ce7849e87839e2a2a46a1fee037a46211a6b421b4160819a41f25f691d2b2b,0xad3e1f50590ef6f323caa0cf43f39d28d1d34144,2.0,0x9ba730b3a21fe1bb1aefc88e412e143928ac0ebf,0xaf446f6f480b440afb23340c7684b9811415ed4f,Reental-JAX-2
0xa1e52c0f51aa69f552247b312cd203409c358beff6c8a811c54385692c688f76,0xe16901dad396fe7b1b77b6d2bd91b2d648e8a762,1.0,0x34f35369d6a61465d1cd799cd032a1eb96a2e5c1,0xaf446f6f480b440afb23340c7684b9811415ed4f,Reental-HOU-3
0x8342fde96410d2610d81b7436f0ca0a04e39cee8449c442effcb46e07c3adc37,0x9c09c8525c5baa3b254cb0a60d3565cfbd5c9f28,10.48583487,0x26c11cf61d3cbefb3d36571abc8967d5a667e3ab,0xaf446f6f480b440afb23340c7684b9811415ed4f,Reental-JAX-3
0x80b01851f50a26a8fe6e60dbd32d38abe9dcabb7b27a8994e8b43c89de5d5db4,0x8711b4172ed71d2d4f90e3e2f0cb63726acba8e6,2.0,0xe50afc8c3add9e95f03c0b9cd08594e667ae6d99,0xaf446f6f480b440afb23340c7684b9811415ed4f,Reental-JAX-1
0xa3720bbce7ee8b9bba339569f7c2ebe74e6f4a51862ab2120ebd825bb040ec2a,0x8e08d151466bd8499a89ee9254586ef141f324c9,1.0,0x23363a09813b1241abad140371278de17647866f,0xaf446f6f480b440afb23340c7684b9811415ed4f,Reental-FMY-1
0x8da9bb32069e0c4de699447a6c7f96961b8558fe753e440f61deccb6079e2a9f,0xf7e0069442e3e2d061673e16d2f77a3b87b45a42,10.00259,0x4616df79503fd39c5ce6701f1049b828e6210b3b,0xaf446f6f480b440afb23340c7684b9811415ed4f,Reental-JAX-4
0xc3784d06c8c1b28a32feb6fef61bfd8f2ec6588ec365739e6539f5e34e035c7c,0x8711b4172ed71d2d4f90e3e2f0cb63726acba8e6,5.0,0xccffa7d14a9dcaa3b63f9cd7395df73563c3a727,0xaf446f6f480b440afb23340c7684b9811415ed4f,Reental-JAX-1
0x23a6ed4c6d259c7f52eaf5d75332df1006c5a9962efb2e2aba1cf3ea15a901af,0xe59dde10d38df397c996bdb1325b6f81684a8b80,2.0,0xc1213762f0b2010721e34a7d3a4e6742f836b462,0xaf446f6f480b440afb23340c7684b9811415ed4f,Reental-DXB-1
0x6bde7404b29931b0ba9459c7a5109ef9e4a6158feb117d9babdf5ceb130cb64a,0xe59dde10d38df397c996bdb1325b6f81684a8b80,2.0,0xc1213762f0b2010721e34a7d3a4e6742f836b462,0xaf446f6f480b440afb23340c7684b9811415ed4f,Reental-DXB-1
0x5ebef797f8749c8f8b66c4f2a8d78552d475ee6db228405aac8e3119e7493687,0xe59dde10d38df397c996bdb1325b6f81684a8b80,2.0,0xe2c864f2e2681f0803a5b0f45012f608abc9ea22,0xaf446f6f480b440afb23340c7684b9811415ed4f,Reental-DXB-1
0xeb402792b36c511cb1774fc8fd416ea093760ea93005caa6f27b347f1bb3836c,0xfb759e0cc5cff4aea606064acd41c71c7c11bf40,6.24115297,0x7d6c736f532ff02d853b1ee553d0a869372886d1,0xaf940915d9dce561c5ed55faa21ad5e87812b796,Reental-BKL-1
0x5d523fe75a6038be5de2008539a4d878da53f60327f8a46ec6eec8045ac097c8,0x55cb210f496df649fd283aa93a360e24fdb40964,12.42820301,0xaf940915d9dce561c5ed55faa21ad5e87812b796,0xce89063272ecce1cda2086670ff94cbc690b8f5f,Reental-BPT-1
0x5adc2adf121e5199aa210891539c180f592d0a338d2207ebe1d3234be9254efe,0xcfc9462da1a6b9664251d78c5d30296220bd1f45,4.98643721,0xb222b61c259e22546bfe9edd0b4eecc73aec3cf9,0xafa8cf626beee4ffc084ce62810aa91ade3c087c,Reental-SLA-4
0xf9509b01c0669b603bbc702be957c836a8111f6102e21fb5b115c3490f7588ff,0x6b7c34c8a1ffd4238e702243f0ff005680037fad,10.0,0xcfef84696c0df6b3f2fa6b780b21551241715f72,0xb000aeab63428abddcce87c81027abbf9d027f7d,Reental-VLC-8
0xf5faf6bce8553fe2b39ca6daca576d1fe7cbea9eab1f5eecd7f37db9bb4760be,0x6b7c34c8a1ffd4238e702243f0ff005680037fad,10.0,0xcfef84696c0df6b3f2fa6b780b21551241715f72,0xb000aeab63428abddcce87c81027abbf9d027f7d,Reental-VLC-8
0x81e832cbe4575f2fcf8673ae08ea3004fff2f226aa7fa3aff16b8e758a9bdab7,0x8a96bf9aa5812ce957aed1f554065b64a545c88a,17.0,0xc0896e0e56d45b3c6d3444bff507adf6f15ee068,0xb000aeab63428abddcce87c81027abbf9d027f7d,Reental-VLC-12
0x6adc8269e30bf9532a681f5b9d6ef9045eb08dc132bb1c941826edaa4f15202f,0x8a96bf9aa5812ce957aed1f554065b64a545c88a,6.73791532,0xcfef84696c0df6b3f2fa6b780b21551241715f72,0xb000aeab63428abddcce87c81027abbf9d027f7d,Reental-VLC-12
0x6915296657ff8c2fdd9e53bab2692455cbd46f483651415da7a620b7921ebf67,0x46182d6937ed8cf2707e187b61b654e8ca59c7b5,22.55408853,0xc3a8e0c76574defbba0d65994c7efa17182122dc,0xb000aeab63428abddcce87c81027abbf9d027f7d,Reental-DXB-2
0xb9f4ab6f1388ed85d2094da8decaaa3ce4cf64df546e70b849fa88838992c65a,0x8a96bf9aa5812ce957aed1f554065b64a545c88a,0.50496708,0xac544c539d48cf9bd1024a1616e00eaa3a39f2cf,0xb000aeab63428abddcce87c81027abbf9d027f7d,Reental-VLC-12
0x8483533502a98abf130393ec53ee74e446eddb988786ba59ef8bc4f8fcbdb12b,0xdfd7413a5d54d96312109a9d56b3bead8a786ff3,16.90138461,0xc3a8e0c76574defbba0d65994c7efa17182122dc,0xb000aeab63428abddcce87c81027abbf9d027f7d,Reental-LVT-2
0xb64795032aec7df41ff066940319f801b2a24bd1cbfddcbed7efb86fa2b85249,0xf090b60f731583288e8c7c9d9a80680e35bd63e0,15.399,0xb05725425c80808329a5c8acdee4c79aef648300,0xd3d40870c53c407880605631f14d473eb7c6a6f5,Reental-HOU-1
0x908e581f43a91ca0a8fedd7ac79fbd7fd61b4fb151a2e4f8dc6642ea2478a83d,0x7aa21fabd73e8d3aa5d5c5994af6b62cfcea3fe4,0.9541687,0xb05725425c80808329a5c8acdee4c79aef648300,0xb64fbeef6b52207a4648308c56b84432b16e9b0f,Reental-SHL-1
0x1d4fbd3251b0fc404a62d2029f9862d1b96355c9c39ed7a8e4a3316e53d263d1,0xaca38d593f7775334fa1b84a865f19396f62f760,1.16703797,0xca20609da56c09acb47e7be96a360ef4383d447a,0xb05725425c80808329a5c8acdee4c79aef648300,Reental-MLG-6
0x314c2433f9bb115bb5049ba58694e39e3f224c6bf66ae6ae2313594186f10935,0x2f1026ff5bd94232050364c81d61a2d15e147209,2.725,0xb2ffd57ac78605d6357879cd6435c05880ff9590,0xb05725425c80808329a5c8acdee4c79aef648300,Reental-MIA-1
0xbbb4bfa5b0b496f7c496440ef5b74fe0fb994e8ca967d3afa184d6508f6dcdbc,0xe16901dad396fe7b1b77b6d2bd91b2d648e8a762,1.5440992,0xb05725425c80808329a5c8acdee4c79aef648300,0xd3d40870c53c407880605631f14d473eb7c6a6f5,Reental-HOU-3
0x1178d89908bf81e0b613e19d8d56fbafe3c98e374b69e61deb00d658ba382c52,0xe7d35f9248ea53943765928c0d9dc027a0129f28,0.06340906,0x70c912e29805f1b053d58c7de0c7e30bb31a9635,0xb05725425c80808329a5c8acdee4c79aef648300,Reental-MLG-3
0xe8100cedaf1c89d976b95276fce53e0bc7f13007d0e2934dda4c75f55550b282,0x093984f85f980479172fb96982f79c418ac730f7,3.00020078,0x45d0f502f33eab35f747edb2508ad6b2b357212c,0xb05725425c80808329a5c8acdee4c79aef648300,Reental-RDO-6
0x05ae14c2d5a1ae4cbc73a551027497411327de5d2bff3c353314a3623efe68bf,0x754f5b74e2639cef67fecec03f4d698470bdc92f,8.70032478,0xf9c3fa98e7c685ff7964b7a297a7a22cb88eef19,0xb05725425c80808329a5c8acdee4c79aef648300,Reental-ABD-1
0xe135e3e8e537731b4204feab31998131d433cbae412357ff6e9a8468e10cc02d,0x2a8bbc241849431e9cc7c4dbea9c05dfac2de553,10.0,0xd72be8822f94b45a207b326f71f9ae7cc30018fa,0xb05725425c80808329a5c8acdee4c79aef648300,Reental-GRX-3
0x82cbd4b92f65e9c3b1b35399543ce8041315421e8f1c51668eabcb3eded00391,0xe56ff2dff2c2e95511f0bef4b3d92da05e8197c0,3.00129,0xb05725425c80808329a5c8acdee4c79aef648300,0xdac3758f649449ca21ee02ea272b8ae920fa7c06,Reental-HOU-2
0x43f71b7a4eab91a133efdf3a3a08163c28fc6ff6cbc60ce66655607b6d95e366,0x754f5b74e2639cef67fecec03f4d698470bdc92f,3.0,0xb05725425c80808329a5c8acdee4c79aef648300,0xd629abe488911a738c1d59854964798865e3bcdb,Reental-ABD-1
0x151d357c182c97569f4d4f890b521332bf8fb5c153f58d02432aaaa06a5503c9,0x093984f85f980479172fb96982f79c418ac730f7,3.08357236,0x79564a4047302d38fc750a4ee3b211d923190617,0xb05725425c80808329a5c8acdee4c79aef648300,Reental-RDO-6
0x8666958a3f9e9fe7b542808f4fbe66d1259056f363241fd1e971baa2f71ee503,0xaca38d593f7775334fa1b84a865f19396f62f760,2.0,0x86a8f2c6251b94e6ec9812225056392d5af723c0,0xb05725425c80808329a5c8acdee4c79aef648300,Reental-MLG-6
0x031e536ad695800ee88c723f4dafcda88ff928c43256f7521ff7074bfcfcce6e,0xf4237a554dcddc007688ffd72046e2b00dc5a905,3.0,0xf3b9739ed70e548f8e30e81746c80bc6c74edd1a,0xb05725425c80808329a5c8acdee4c79aef648300,Reental-MAD-6
0x280873f86650adf24912512d8ddfaa9cca95031ffb972d7a68a83d488b639010,0xf4237a554dcddc007688ffd72046e2b00dc5a905,2.0,0xf3b9739ed70e548f8e30e81746c80bc6c74edd1a,0xb05725425c80808329a5c8acdee4c79aef648300,Reental-MAD-6
0xbe24b064dea4e63111b9ee54f0472ef5a6792392221ed303db90df2b340f1a48,0xe56ff2dff2c2e95511f0bef4b3d92da05e8197c0,1.0,0xce89063272ecce1cda2086670ff94cbc690b8f5f,0xb08f3d0a48eeb60531a2fd8373ce1647a815a9ed,Reental-HOU-2
0xe8391f9bed3560ee9d4e3781c9b0a58f1fdea60b2a4d220001941b7d37746748,0xe56ff2dff2c2e95511f0bef4b3d92da05e8197c0,1.0,0xb08f3d0a48eeb60531a2fd8373ce1647a815a9ed,0xd3d40870c53c407880605631f14d473eb7c6a6f5,Reental-HOU-2
0xe5442a28ce735398cefb62e21f4f94088728cb491a7c0f52e7b1af418eb8ccc3,0xcc4c1ce8d335bd40a0acf17b9ab08c030cc299aa,5.0,0xb08f3d0a48eeb60531a2fd8373ce1647a815a9ed,0xd3d40870c53c407880605631f14d473eb7c6a6f5,Reental-PRO-100
0x7c50e7922b21b40a110a6ee2f2141d64ea62064f3819c6cd0e96b3f392e50f80,0xc48b58aae1fb770a8655e44de960eb7dc84a5de9,16.80322384,0xb08f3d0a48eeb60531a2fd8373ce1647a815a9ed,0xd3d40870c53c407880605631f14d473eb7c6a6f5,Reental-RET-1
0x34314dda9beccaa50e26e1f61481c675ce4efe264a3629929ed973cd77661178,0x18bb9840fd7185c0589ca5fb81a32e3e2d0f2676,7.5655971,0xb08f3d0a48eeb60531a2fd8373ce1647a815a9ed,0xd3d40870c53c407880605631f14d473eb7c6a6f5,Reental-OPO-1
0xab2e69f7ff496f11bfb8f6d8d91032bc2ed2b828500c15471a0fcf8036883a81,0xf7a694bc2768fc3b26beb5e98bb76f744397e49c,2.05,0xae853f9dfbebb9648adc12282ec01752a2f0aa63,0xb16835315cc5e0f0279688b8cdaa80f99123fdb8,Reental-RDO-1
0x39bf7017fbb23febeed35055b48f7f652b6286c0750b33219ccb20db16472f93,0x2f1026ff5bd94232050364c81d61a2d15e147209,0.5,0xb222b61c259e22546bfe9edd0b4eecc73aec3cf9,0xf9c3fa98e7c685ff7964b7a297a7a22cb88eef19,Reental-MIA-1
0x2575ea5d7d1b60a595c01f49ba6f0aa3a6d5ceee7345b049691b39ef8d66cc5e,0xca53dd67cfa553d9e31c377602fb217dff9eadff,10.0,0x86a8f2c6251b94e6ec9812225056392d5af723c0,0xb222b61c259e22546bfe9edd0b4eecc73aec3cf9,Reental-SMA-2
0x4d0716a1455be8ab69523b34f4963a15fe087cf702a1e16b4186eb44bfa2587f,0x7f6b82381bce03e7cf6af2fb1dcd41993406d4ae,5.0,0x86a8f2c6251b94e6ec9812225056392d5af723c0,0xb222b61c259e22546bfe9edd0b4eecc73aec3cf9,Reental-MLG-2
0xa15d6b4f333781cc1c87cf37c9710fed8078c6ac58dbef2918931078cffe4d68,0xfd0ea97747f7b1a53ec59ef5001616cde3aead3e,5.0,0x86a8f2c6251b94e6ec9812225056392d5af723c0,0xb222b61c259e22546bfe9edd0b4eecc73aec3cf9,Reental-CLVM-2
0x911e715fb599f5aa47752109e50849d4956332baebd299bbddcb895a61c8900e,0x7f6b82381bce03e7cf6af2fb1dcd41993406d4ae,5.0,0x86a8f2c6251b94e6ec9812225056392d5af723c0,0xb222b61c259e22546bfe9edd0b4eecc73aec3cf9,Reental-MLG-2
0x75a592048c8b9201e983c067de99bf54f17cf3232b86ad154f62395b1bdf0d09,0x4adaee2dae690cf8f3915f1c1963f16d239c5e11,3.23438918,0x17222c114271db191db21bfcc3c76e3b166876ff,0xb222b61c259e22546bfe9edd0b4eecc73aec3cf9,Reental-MRB-1
0x9e03a2d61ca03ecf72b15d949cd242634008486b3d28361c24179b8a9819d6ae,0x4adaee2dae690cf8f3915f1c1963f16d239c5e11,5.0,0xf9c3fa98e7c685ff7964b7a297a7a22cb88eef19,0xb222b61c259e22546bfe9edd0b4eecc73aec3cf9,Reental-MRB-1
0xc2ba7bec6616b60fd53db75c5077fbe2a41ccc0139616d600250c252f2ed5dd8,0x55cb210f496df649fd283aa93a360e24fdb40964,0.49482437,0xb222b61c259e22546bfe9edd0b4eecc73aec3cf9,0xba4b31472128d6c90b1f259e43f24f3b90c04444,Reental-BPT-1
0x97addd13753e8ecec9491990db36e9f9116fcf7ae3d22557cf8ecda3fe74d73b,0xb5a1a4f29b7376c091d6f4c7689be4b7cd5a6d98,19.217,0x8cee3efeb21d1cc84d6bc1168812dcba11eaee05,0xb222b61c259e22546bfe9edd0b4eecc73aec3cf9,Reental-VLC-6
0x35257b5405843baea4d13ed1d5fe06b21f88c54397b182fd998451b0fcbf0069,0x3b7455335fc7c3839167ed8fc173405908ffdf15,4.58854323,0xf9c3fa98e7c685ff7964b7a297a7a22cb88eef19,0xb222b61c259e22546bfe9edd0b4eecc73aec3cf9,Reental-TLM-2
0x134d3d41f7bc519c9dd0352634a8200246a078e0092729e8778c5cf296164cce,0x7469b9381bfa8a34bef9dfaad03d75f60947f957,5.0,0xce89063272ecce1cda2086670ff94cbc690b8f5f,0xb222b61c259e22546bfe9edd0b4eecc73aec3cf9,Reental-CDP-3
0x60c1c04d3dbfd34f3ca9efc1e735de101203d44bee9e3b1746b1341cba862819,0x7469b9381bfa8a34bef9dfaad03d75f60947f957,1.0,0xce89063272ecce1cda2086670ff94cbc690b8f5f,0xb222b61c259e22546bfe9edd0b4eecc73aec3cf9,Reental-CDP-3
0xbf973df3780f96455fa926369d077bbd56e65131273caf2e2752606baafa6d4b,0x6da0652a8481a774f5164612ab0ab18f105ad243,10.0,0xf9c3fa98e7c685ff7964b7a297a7a22cb88eef19,0xb222b61c259e22546bfe9edd0b4eecc73aec3cf9,Reental-CLVM-1
0xbc7481b629fef8a0a373a0ee1b0d17490bbde9f0d9153bc4582fb365f9b057ad,0xfd0ea97747f7b1a53ec59ef5001616cde3aead3e,10.0,0x3024b33c6b6c0e90a908da6a718b9b74ece6b4da,0xb222b61c259e22546bfe9edd0b4eecc73aec3cf9,Reental-CLVM-2
0xc6d90e94c0dbf2a7769ebdeb1d1167b04e079fa9b10a2f546098311de66d8ae0,0x7f6b82381bce03e7cf6af2fb1dcd41993406d4ae,5.0,0xce89063272ecce1cda2086670ff94cbc690b8f5f,0xb222b61c259e22546bfe9edd0b4eecc73aec3cf9,Reental-MLG-2
0xae8e582a03479220666586dbf4d27026c71cf30659525ee371ab58b718a57796,0xe7d35f9248ea53943765928c0d9dc027a0129f28,5.0,0xba31fa71441f47e712eedf2ce973a5e552317af3,0xb222b61c259e22546bfe9edd0b4eecc73aec3cf9,Reental-MLG-3
0xe586619c42532ca9a2468bd6a89c14d590918f42c74703a699fcea1686514a6f,0xe7d35f9248ea53943765928c0d9dc027a0129f28,5.0,0xba31fa71441f47e712eedf2ce973a5e552317af3,0xb222b61c259e22546bfe9edd0b4eecc73aec3cf9,Reental-MLG-3
0x89f1f7023a6935e1c309dc1ef5e1f26f401411a73e5c57573b2e2eeb52ef617b,0xf94ca4e007553917d1f80d013d2544ddfbed555c,5.0,0xf9c3fa98e7c685ff7964b7a297a7a22cb88eef19,0xb222b61c259e22546bfe9edd0b4eecc73aec3cf9,Reental-MLG-4
0xa82ee6b0f5adf2837afbfb2db3989ea2dc6ff175bb69a39e7fe570df806b5e75,0xa5f1c9a6567213fb7fa5511013ae3c9bb0b235a0,5.0,0xb222b61c259e22546bfe9edd0b4eecc73aec3cf9,0xc6ee11a454cf4e3523f5bf18c1e634a20e2eec26,Reental-MAD-4
0xb15b69e59376e637b94d0e46f7e27c57b80eec824c1ee57fdd34e8f3345ed245,0x4adaee2dae690cf8f3915f1c1963f16d239c5e11,12.37,0x9c0e7f3e623e2daf58f9a343348671d76613af2e,0xb222b61c259e22546bfe9edd0b4eecc73aec3cf9,Reental-MRB-1
0xa4aeec3f4e353f977684e5c25ac2ab9229563a364c06042db1ef5431c4a8fa21,0x8711b4172ed71d2d4f90e3e2f0cb63726acba8e6,1.0,0x985702fb3c75a0f45412dbc1937195c28042d92b,0xb54d1ee3859a24789d931962b7313bb2a2529785,Reental-JAX-1
0x2dc80ead93c9f322f16a2128a528551b2a766aa616e62397bdcab592ecd91f3c,0xcac847f077fc0a13db7e2476c0dd25bffd116809,1.0,0x3460f3e3ecdadb7ca18cc363c1ed05d227fda666,0xb54d1ee3859a24789d931962b7313bb2a2529785,Reental-VIL-1
0x6d36e5dfb935df96d34c0fd18871a583e8b2cd2951b83d460cdfbc05bc013082,0x3b7455335fc7c3839167ed8fc173405908ffdf15,3.0,0x6107da77b7e200de44af71de2e6dbd5faddfcc8c,0xb54d1ee3859a24789d931962b7313bb2a2529785,Reental-TLM-2
0x88032247d4604dcc03f6f08111b5446b72839cd14ce09f41ee1547bc58afeffc,0x49b8f29f17a27ae89121642838e37bc8ce77d2f2,5.0,0xe66395100d6dd2ecf4c281739add60816523a298,0xb54d1ee3859a24789d931962b7313bb2a2529785,Reental-SMA-1
0xeb62e31d6a74ac0f862ce2ddb8cdd507b86de93ddf9dd04f012581d1facaf3e4,0x49b8f29f17a27ae89121642838e37bc8ce77d2f2,0.54374777,0xa72ed54fb61853c823820a264870b7bdf46c0ddb,0xb54d1ee3859a24789d931962b7313bb2a2529785,Reental-SMA-1
0x53a58221dd26beb6d7ff50b87a4e46aa85d79bef4c5e63997c6c918eb95481c3,0x33be67454ae817337db15877fd4106c5cd5206c5,1.79,0xc1213762f0b2010721e34a7d3a4e6742f836b462,0xb54d1ee3859a24789d931962b7313bb2a2529785,Reental-MLG-5
0x5b5d96750bf0c94b3387877e6e47054f7aa6416ade9f1e9f0a535f530438ace7,0x4adaee2dae690cf8f3915f1c1963f16d239c5e11,6.99177812,0x9b735cc49533282dc0703622dd7d30a600b27174,0xb54d1ee3859a24789d931962b7313bb2a2529785,Reental-MRB-1
0xf054da2ca0a38ce8c516d55f4be0a48f83d504cca79319c638a8b5fc3ceaef81,0x33be67454ae817337db15877fd4106c5cd5206c5,2.26135478,0xb6d61b7cc9feca2b226ffdbcd5e8b0544c8bf4ef,0xb54d1ee3859a24789d931962b7313bb2a2529785,Reental-MLG-5
0x27a9651542cd96286963cfa5953a0d5f267483d06dc4c3921850b699c1bf66dc,0x7469b9381bfa8a34bef9dfaad03d75f60947f957,3.0,0xee21cb5ad21b519849e2a14c1555ca9e00a4f67f,0xb54d1ee3859a24789d931962b7313bb2a2529785,Reental-CDP-3
0x5fd94b8a9ea70e9b1d1fba9f35fa439c4041354d70625d3f747cbbb88ef50918,0xaca38d593f7775334fa1b84a865f19396f62f760,7.0,0xee21cb5ad21b519849e2a14c1555ca9e00a4f67f,0xb54d1ee3859a24789d931962b7313bb2a2529785,Reental-MLG-6
0x0b41bb6694c4527b82127c58bcf920e12ed6bd52351906448056e259f51ed53b,0x7f6b82381bce03e7cf6af2fb1dcd41993406d4ae,2.58957831,0xec2797928a075ac322e0a1f2fca0f253b961b9b5,0xb54d1ee3859a24789d931962b7313bb2a2529785,Reental-MLG-2
0x98f5aa22d23bb68b9b4c4056614f0f0272b95a20f681f74d063306b33b2b46c7,0x7f6b82381bce03e7cf6af2fb1dcd41993406d4ae,1.0,0xd7246f8404404bfb3a1f04aa8e95e4000bbeb212,0xb54d1ee3859a24789d931962b7313bb2a2529785,Reental-MLG-2
0xa3fcfdc208d103d386dba2b5151b90c33e56a6ba92492fd2574f49b4cae7624a,0xe7d35f9248ea53943765928c0d9dc027a0129f28,1.0,0xd212a7c928b7a61460d67b96769bb8e38b4a4652,0xb54d1ee3859a24789d931962b7313bb2a2529785,Reental-MLG-3
0x15c9d84855acce1da23692efcfd57769a55d496d92dbde4ef59733ac658f0dae,0xe7d35f9248ea53943765928c0d9dc027a0129f28,1.0,0xd7246f8404404bfb3a1f04aa8e95e4000bbeb212,0xb54d1ee3859a24789d931962b7313bb2a2529785,Reental-MLG-3
0x60891ba721f4bb14dd629e5733e2c0f49e9a99bafeeb2281217b91472ec4668e,0x33be67454ae817337db15877fd4106c5cd5206c5,15.0,0xf9c3fa98e7c685ff7964b7a297a7a22cb88eef19,0xb54d1ee3859a24789d931962b7313bb2a2529785,Reental-MLG-5
0x649d7073407291bd2dfbd65a0e584d67ae7fdd21fff9ce940a4de7affdf4e69d,0x33be67454ae817337db15877fd4106c5cd5206c5,5.0,0xf9c3fa98e7c685ff7964b7a297a7a22cb88eef19,0xb54d1ee3859a24789d931962b7313bb2a2529785,Reental-MLG-5
0xf1112ff0154431c488a2876878364838241488e5140e614b38b2a6fd3921fe13,0x33be67454ae817337db15877fd4106c5cd5206c5,10.0,0xf9c3fa98e7c685ff7964b7a297a7a22cb88eef19,0xb54d1ee3859a24789d931962b7313bb2a2529785,Reental-MLG-5
0x5837c50a0ffd4adc3ef38d19ef68dc762e125fc5b73e95d209b755b2b3b0a930,0xaca38d593f7775334fa1b84a865f19396f62f760,2.01191342,0xec2797928a075ac322e0a1f2fca0f253b961b9b5,0xb54d1ee3859a24789d931962b7313bb2a2529785,Reental-MLG-6
0x1d66510595f411d5be5022de4d5419ae444e78a125fd225af4662de1bc68b18a,0x7469b9381bfa8a34bef9dfaad03d75f60947f957,3.0,0xec2797928a075ac322e0a1f2fca0f253b961b9b5,0xb54d1ee3859a24789d931962b7313bb2a2529785,Reental-CDP-3
0x434a0c4730a7f9f2029fdede8922f79d29b1a18bd042df1083ea04b050407595,0x7469b9381bfa8a34bef9dfaad03d75f60947f957,1.4,0xd7246f8404404bfb3a1f04aa8e95e4000bbeb212,0xb54d1ee3859a24789d931962b7313bb2a2529785,Reental-CDP-3
0x334ae82e2687076c3a808afd5a1cc0ce5397c5120b7ec1b96e985aa13f6cee7a,0x33be67454ae817337db15877fd4106c5cd5206c5,3.5,0xd7246f8404404bfb3a1f04aa8e95e4000bbeb212,0xb54d1ee3859a24789d931962b7313bb2a2529785,Reental-MLG-5
0xcdc6f9d2a08f09d43553f6fb2dc3b232505f29d7b201e54cd3a1684058d25979,0xe7d35f9248ea53943765928c0d9dc027a0129f28,1.0,0xd212a7c928b7a61460d67b96769bb8e38b4a4652,0xb54d1ee3859a24789d931962b7313bb2a2529785,Reental-MLG-3
0xd7bdcf982249d83fba4c9365adf37826948d3eee6eb89574edb684ed44ec63aa,0xe7d35f9248ea53943765928c0d9dc027a0129f28,0.5,0xd7246f8404404bfb3a1f04aa8e95e4000bbeb212,0xb54d1ee3859a24789d931962b7313bb2a2529785,Reental-MLG-3
0x32626de413e283ba0d8758bb4f406e0367c787a000fafc733f517ed66bd4ce32,0xac6b91d535bdedb731045ed823d2a6c3ad5b5177,1.3,0xd7246f8404404bfb3a1f04aa8e95e4000bbeb212,0xb54d1ee3859a24789d931962b7313bb2a2529785,Reental-OVD-1
0xc87feb9b663f5ab7f6a5326e56dc66b53110616b993dae61a7178788c373fb73,0xb5a1a4f29b7376c091d6f4c7689be4b7cd5a6d98,6.0,0xca20609da56c09acb47e7be96a360ef4383d447a,0xb54d1ee3859a24789d931962b7313bb2a2529785,Reental-VLC-6
0x339532ce73899c1079bb4bd0338cb1aa2931bddeaae06c8cde1b323f48c048f9,0x33be67454ae817337db15877fd4106c5cd5206c5,3.85149401,0xca20609da56c09acb47e7be96a360ef4383d447a,0xb54d1ee3859a24789d931962b7313bb2a2529785,Reental-MLG-5
0xd47254ebc98884115be554e2ebc9677d556c8cd65bce17902033397a87d4113f,0xaca38d593f7775334fa1b84a865f19396f62f760,1.0,0xeb4ea3b80a787863c729fc6c28b68c64a5a27089,0xb54d1ee3859a24789d931962b7313bb2a2529785,Reental-MLG-6
0xdf2324cfa55593dcce2668e73e7223af936d37abf1974624bac93dbf3d028c7d,0x7f6b82381bce03e7cf6af2fb1dcd41993406d4ae,4.0,0x17222c114271db191db21bfcc3c76e3b166876ff,0xb54d1ee3859a24789d931962b7313bb2a2529785,Reental-MLG-2
0x3d10653cdeb1401d029ef18ec5bb857f2c0f5f0284d6618b4c607bd20e337fd5,0xb45898179fe8de2818e3ff994559c60aa962e2af,5.0,0xad69b35789e9515de3fcbb56d19e2ac2e28f65f9,0xb54d1ee3859a24789d931962b7313bb2a2529785,Reental-MLG-7
0xfb4981403c8e0c36c69309b4d57d17ee188f60077dd0c41c503cadc54722eb8a,0xad3e1f50590ef6f323caa0cf43f39d28d1d34144,5.61,0xb2ffd57ac78605d6357879cd6435c05880ff9590,0xb54d1ee3859a24789d931962b7313bb2a2529785,Reental-JAX-2
0xe71fbc30fb85c4f9d090f54ea58365b83e5b893b79b9501df50f1d4fb23c2763,0xad3e1f50590ef6f323caa0cf43f39d28d1d34144,3.0,0x74ccf6c72f487948447db636daf9bce199499150,0xb54d1ee3859a24789d931962b7313bb2a2529785,Reental-JAX-2
0x9bfc3d3b78b3a2608a078bd159e52f464345a1b8091b967f5fefba6335ef0149,0x33be67454ae817337db15877fd4106c5cd5206c5,5.0,0xce89063272ecce1cda2086670ff94cbc690b8f5f,0xb54d1ee3859a24789d931962b7313bb2a2529785,Reental-MLG-5
0xaaf10ef6cdef7de7e271944c02243c50ad44937cd491bc538097d90005041e7e,0xe7d35f9248ea53943765928c0d9dc027a0129f28,10.0,0xba31fa71441f47e712eedf2ce973a5e552317af3,0xb54d1ee3859a24789d931962b7313bb2a2529785,Reental-MLG-3
0xd6602e33a9d813b97acdf941d83357e2f0f93a19ca534439421d53fa3a11794c,0x1b0d685f5e4063033e0a1a360db864c9911eedda,1.0,0xd212a7c928b7a61460d67b96769bb8e38b4a4652,0xb552a37e3f07082490b017aa6b43e10cd04176b5,Reental-VLC-9
0x45b6589404aaaf0b48ab65bb21f235d1641823b66a4e9ce360408d092ab4116e,0xe7d35f9248ea53943765928c0d9dc027a0129f28,1.0,0xd212a7c928b7a61460d67b96769bb8e38b4a4652,0xb552a37e3f07082490b017aa6b43e10cd04176b5,Reental-MLG-3
0x8721cbbb5f4e6a81efaf9b86b50612b66dff9dfc83cd4108798da939b8ddaf15,0xaca38d593f7775334fa1b84a865f19396f62f760,1.0,0xd212a7c928b7a61460d67b96769bb8e38b4a4652,0xb552a37e3f07082490b017aa6b43e10cd04176b5,Reental-MLG-6
0xc8e88f6d55339b7b11781d40a3de642b8523951663a374e6eb8daad3b47aa1f8,0xfb759e0cc5cff4aea606064acd41c71c7c11bf40,2.0,0xc1213762f0b2010721e34a7d3a4e6742f836b462,0xb552a37e3f07082490b017aa6b43e10cd04176b5,Reental-BKL-1
0x067a7a15a659324fd3714b15b3608583521916781c27ffcb6ffb4e6ea60bbe55,0x18bb9840fd7185c0589ca5fb81a32e3e2d0f2676,0.99999999,0xb552a37e3f07082490b017aa6b43e10cd04176b5,0xd212a7c928b7a61460d67b96769bb8e38b4a4652,Reental-OPO-1
0xe2ad81b7765e67ed7252df659c91f28a5080e0e45fde80cf3ecb4e3a5721463b,0x69072424b70ed26ff987fcb49258b7e8f93c6d82,1.0,0xce89063272ecce1cda2086670ff94cbc690b8f5f,0xb552a37e3f07082490b017aa6b43e10cd04176b5,Reental-SAM-1
0xd6c4f1a3c334c528ecede67c17b30816cabe82816c638630f1b0ff14f8eb17b5,0x69072424b70ed26ff987fcb49258b7e8f93c6d82,1.0,0xce89063272ecce1cda2086670ff94cbc690b8f5f,0xb552a37e3f07082490b017aa6b43e10cd04176b5,Reental-SAM-1
0xa051a3c3ede7827eea8df642e6c510e70b760d575890832eec7953d6f78aa69c,0xb0825e7a4093d21ed076883f8aca33300631291e,1.621,0x6f75e5978fddfea30790bfb39efdda073dbacc45,0xb552a37e3f07082490b017aa6b43e10cd04176b5,Reental-MIA-3
0xee3c46c0201454b94fd8a6fb4c46865912baaf3dfdf4836cd07230e3585470cc,0xcc4c1ce8d335bd40a0acf17b9ab08c030cc299aa,1.0,0xbe5d189f4cf9fa7d061b7935e088dd11600e18c0,0xb552a37e3f07082490b017aa6b43e10cd04176b5,Reental-PRO-100
0x2b956232283e140cc02efb37053706c2082e657a182f6d9987669297f2321aaa,0x21ae95a56ef471370ce89a7a4624117f31810927,1.0,0xbe5d189f4cf9fa7d061b7935e088dd11600e18c0,0xb552a37e3f07082490b017aa6b43e10cd04176b5,Reental-DNB-1
0xcefe3079dbb4983225de3d337530f10fa2696bba75099e8bf909fe88bff97946,0x2a8bbc241849431e9cc7c4dbea9c05dfac2de553,1.0,0xf9c3fa98e7c685ff7964b7a297a7a22cb88eef19,0xb552a37e3f07082490b017aa6b43e10cd04176b5,Reental-GRX-3
0xd4f297d3f7618e8a9a162eab8ff18c8239435024df1626499f27663b1d4b08f0,0xcc4c1ce8d335bd40a0acf17b9ab08c030cc299aa,2.0,0xf9c3fa98e7c685ff7964b7a297a7a22cb88eef19,0xb552a37e3f07082490b017aa6b43e10cd04176b5,Reental-PRO-100
0x2265f8f56bbdeddbd2b7511f56a9372887eb024d17b89ce872edcb532151e610,0x754f5b74e2639cef67fecec03f4d698470bdc92f,2.4324018,0x66586a1c1c7feed49d464fab89d9f7908ac6fea4,0xb552a37e3f07082490b017aa6b43e10cd04176b5,Reental-ABD-1
0x25c1e5a10c7cee338fd4d4884199918357d72dffa4b2f51e33de34d2ae4d36d3,0x243e4bacc4b4d61b87816c945544286eb29125c6,1.00000511,0xf5a7c467188ab04aef5d8db983fc82edbc5b47ac,0xb552a37e3f07082490b017aa6b43e10cd04176b5,Reental-CME-1
0x0c6dd7f662b87416f86f921894f8f85cb6091099f4b10cae394d8745c20da6aa,0x6ade0a100a561664b417130b5c78bc6ed57890a0,2.28,0x4e10efc01d3c54adbd5afe673c52ec3f661041f6,0xb552a37e3f07082490b017aa6b43e10cd04176b5,Reental-SAT-1
0x5a162deda1b25ea637d8e14bd881bfda9dfb1fae9b9a682b0baf7b6613483966,0xb5a1a4f29b7376c091d6f4c7689be4b7cd5a6d98,1.02112451,0xb5b077cb356f8a7050ac1939b356e4f9e9e3517c,0xd212a7c928b7a61460d67b96769bb8e38b4a4652,Reental-VLC-6
0xbc717a13fa5705f3677a402d076327690cb7ab33571dd50941ecc96a7159ecbd,0x8711b4172ed71d2d4f90e3e2f0cb63726acba8e6,1.0,0xfb8482d3a050b09d9dd3d3fb44e858864ef649f8,0xb5b077cb356f8a7050ac1939b356e4f9e9e3517c,Reental-JAX-1
0x487c6b68dfefcd8888997d9a883d185a6041cd774310bb57ada3bea7cb99bcd9,0x1b0d685f5e4063033e0a1a360db864c9911eedda,1.0,0xf19a356746a188cc0bc364eb7aea90da4ba905d2,0xb5b077cb356f8a7050ac1939b356e4f9e9e3517c,Reental-VLC-9
0x3a8c701cee08eceaa49cf788d5cd1a4814f24b0b3025b4d4d3808b2fbccd433d,0xb8dbb3ae481e99be72de56a154d47b237b9b9568,3.0,0x3dad602c5df4594872889348a4a39acbd84ec73a,0xb64fbeef6b52207a4648308c56b84432b16e9b0f,Reental-GND-4
0x049ee4bc28d45f062ebdefbda969b4b5eec136263f637ff71ec950fa93b9e7d0,0x7f6b82381bce03e7cf6af2fb1dcd41993406d4ae,2.0,0x545696e2cd66d47ec3dd5c4f6a52f07870a42fc8,0xb64fbeef6b52207a4648308c56b84432b16e9b0f,Reental-MLG-2
0xf5b6f066b1cb67020a436ccbee4da355fc1cc9a23087dc2f903729e546be0045,0x7469b9381bfa8a34bef9dfaad03d75f60947f957,0.47,0xa1fe7174043ec47259895f2883704231b41da0ad,0xb64fbeef6b52207a4648308c56b84432b16e9b0f,Reental-CDP-3
0x830b9819770d11b19a12dab4788465328bfd3779168b00ece0df53affb30f72b,0x2f1026ff5bd94232050364c81d61a2d15e147209,0.45,0x37a8e6a01e9e4baad0f700257f6326005ad29c0e,0xb64fbeef6b52207a4648308c56b84432b16e9b0f,Reental-MIA-1
0xc25d91792201c88f8a00006e1653c5c6f0201a325259099dbd012d4688663a69,0x6b4fa3c69e62f8f03dc018b57efa74d560462210,5.57062786,0x81e84dc4214ae61ba4a75403117bb6ff229c6e9e,0xb64fbeef6b52207a4648308c56b84432b16e9b0f,Reental-MAYA-1
0x6ece1f04bc4bd87f66b716faabb55812d43424b2d284629a7de301aa282db03c,0x512ee64de3b983d4e05faa949d63020442215a41,0.58619097,0xcd650c9be67dcf3aa10debbefc4e3be1d89f83ca,0xb64fbeef6b52207a4648308c56b84432b16e9b0f,Reental-VLC-3
0xaf6e2d70e9b82cbcbe0f7ba32eba2c9ff67ad3acd9b4ae05d0fdd465f49d29ae,0x7469b9381bfa8a34bef9dfaad03d75f60947f957,0.00226231,0xa1fe7174043ec47259895f2883704231b41da0ad,0xb64fbeef6b52207a4648308c56b84432b16e9b0f,Reental-CDP-3
0x6f8f41530c6db8061d179cb70e2ab1852d751ab48c66c9d6eb0d1f0c55e38802,0xca53dd67cfa553d9e31c377602fb217dff9eadff,2.0,0xce61d46a3f86a01e1d3512acf2ca5774d9063d2b,0xb64fbeef6b52207a4648308c56b84432b16e9b0f,Reental-SMA-2
0x37bc143e7c0899b60b2b9060f19d45e01227f7caf61667230aa4defdc0cf2de6,0xd48b1f302c8eb4a0f691fde99deaa9316d67a7db,0.13,0x4bec9ecfe157879011f4846f2d2fc1565b34fbb4,0xb64fbeef6b52207a4648308c56b84432b16e9b0f,Reental-JAX-5
0xa476e8cdf87fbae2e035ffced230bb8a66356d6a2b0b0e83a02d8588468232c0,0x49b8f29f17a27ae89121642838e37bc8ce77d2f2,2.14309075,0xd0b6a9b34097a7a6c3c42540e5a33244dbc9b0a8,0xb64fbeef6b52207a4648308c56b84432b16e9b0f,Reental-SMA-1
0x20e10704098b8a7f8fe19917c23aeea5000655fcef2b8287f83e61dac0bd1c5e,0x3b7455335fc7c3839167ed8fc173405908ffdf15,1.00356441,0x6107da77b7e200de44af71de2e6dbd5faddfcc8c,0xb64fbeef6b52207a4648308c56b84432b16e9b0f,Reental-TLM-2
0xa21a87d2b24e62093518d378f8378e85f4b7c69dc1fe28031a32e2a6dac8a911,0xfd0ea97747f7b1a53ec59ef5001616cde3aead3e,5.0,0xd0b6a9b34097a7a6c3c42540e5a33244dbc9b0a8,0xb64fbeef6b52207a4648308c56b84432b16e9b0f,Reental-CLVM-2
0xdfcc1d0a5cfaf7d0ec20305751b171e6a312ef9f96a282189683905211d6da14,0x6b4fa3c69e62f8f03dc018b57efa74d560462210,1.36299822,0xdc1b2d9fbc6e11edd2a16e17244851f2fbc4b6ba,0xb64fbeef6b52207a4648308c56b84432b16e9b0f,Reental-MAYA-1
0x6f2432b3e5a9de2129d9c991348783d2776ca37535ef1892f35225cb26e1ea2e,0xbaea3b53056d42c763d14bef94b39ada218c2dbd,12.36,0x82952d2256eb2ab8d842167c4b5de2fd0bed0c9f,0xb64fbeef6b52207a4648308c56b84432b16e9b0f,Reental-VLC-7
0x17de327792e8ec90ce0bceb4c0764416bea5b23bce9037211a7efe1b0816932b,0x60d595922e964b5cc002b5c207fde25d98d6fcd1,0.00923692,0xd73d0b5775caf7ff914d8643bc31bbfb1db2f3c6,0xb64fbeef6b52207a4648308c56b84432b16e9b0f,Reental-VLC-5
0x0d39d927e79da54b80fcf5c1221e551b0fdc7440c60e7749176e74a6aecafa90,0x7f6b82381bce03e7cf6af2fb1dcd41993406d4ae,5.0,0xe66395100d6dd2ecf4c281739add60816523a298,0xb64fbeef6b52207a4648308c56b84432b16e9b0f,Reental-MLG-2
0x1b00668366c8aeab31a680d9c1905cc54bc25b3803bd1435c63d665eb3250eb2,0x92f8150266c3a2a51be53188eebdfb0798ca7910,4.00497693,0xd7c29b7bdff2e120af60efbbdd420b576abd3a72,0xb64fbeef6b52207a4648308c56b84432b16e9b0f,Reental-SGT-2
0x99ddf1f8660fa5d4e0ff928707cc999ec599c63e2d439125c6cad5e60ecffe66,0xfd0ea97747f7b1a53ec59ef5001616cde3aead3e,5.0,0xd8f2bd65ac53f6d521be3ad2d9ecf7f13924003c,0xb64fbeef6b52207a4648308c56b84432b16e9b0f,Reental-CLVM-2
0x90b996551e0927f39d57958ea645cc80f16a36030be46c2519ad9b5cea2e5c52,0x2f1026ff5bd94232050364c81d61a2d15e147209,10.0,0xd8f2bd65ac53f6d521be3ad2d9ecf7f13924003c,0xb64fbeef6b52207a4648308c56b84432b16e9b0f,Reental-MIA-1
0xc8a125e143f16745b9a8760e1f7cb979054f5f1db7851c1a1acbe305c451835b,0x2f1026ff5bd94232050364c81d61a2d15e147209,10.0,0xc4b5b82143eedab80c7c9edd912b3f746dd7151c,0xb64fbeef6b52207a4648308c56b84432b16e9b0f,Reental-MIA-1
0xad724167b2570cbcccf11638260e4c5f7dca6e459b06616f35a224dcb8fa66ae,0x7798f8c28ce575188f4e65aeb6719c0ec5c69195,3.0,0xd9135bda4ccd4291e3f3dcedfbb0994844b0c627,0xb64fbeef6b52207a4648308c56b84432b16e9b0f,Reental-VLC-4
0x3d8cf1cf0f442eb407c7743ccbf78a0b3e647ef27c0886abfc4e67b205332395,0x7aa21fabd73e8d3aa5d5c5994af6b62cfcea3fe4,0.22149416,0x6f6aad8d226ba66e7d7f46e32a6819c7e5cd60f3,0xb64fbeef6b52207a4648308c56b84432b16e9b0f,Reental-SHL-1
0x94f9948829e5248b67316c8a8b14bee50fb8b925f25e36800d18c4c0040e0e65,0x2f1026ff5bd94232050364c81d61a2d15e147209,3.03838661,0xc538526d642faa85f672abf8bf00e8d6909d7f22,0xb64fbeef6b52207a4648308c56b84432b16e9b0f,Reental-MIA-1
0xd5b57d63338292e7d87876fe2134b403a9f727ba854104751db67ecccb52c213,0x2f1026ff5bd94232050364c81d61a2d15e147209,4.32378789,0xc01cf05b6e6fbdbe2236c6db70026229a38f253e,0xb64fbeef6b52207a4648308c56b84432b16e9b0f,Reental-MIA-1
0xc199707c86564e032d75526ee229d97b6cf8bcb04ef952293e56065e26cbb79e,0x7f6b82381bce03e7cf6af2fb1dcd41993406d4ae,1.83343612,0x21cb12db1844b7d4c0cf3c3f1881737d7efa0702,0xb64fbeef6b52207a4648308c56b84432b16e9b0f,Reental-MLG-2
0x6fa798422172f504e1b201e435bc5d2db624fbd37164bab1ad3709624cb306d9,0x2f1026ff5bd94232050364c81d61a2d15e147209,5.0,0xe8a3242e3f44fedf778ad1dda48ba6b779a00b9b,0xb64fbeef6b52207a4648308c56b84432b16e9b0f,Reental-MIA-1
0xc47eddb5e748311bf5d1a81672d1d89893b6450233665779dc9787a87a820a4d,0x6da0652a8481a774f5164612ab0ab18f105ad243,1.0,0xc0896e0e56d45b3c6d3444bff507adf6f15ee068,0xb64fbeef6b52207a4648308c56b84432b16e9b0f,Reental-CLVM-1
0x4c0282e52e20401e13f339e82e38860a6a93c1b0dc5bb4c8af67387629ab2baa,0x6b4fa3c69e62f8f03dc018b57efa74d560462210,10.0,0x02b6adf2a83b996764221248d95ec969ad83e5d7,0xb64fbeef6b52207a4648308c56b84432b16e9b0f,Reental-MAYA-1
0x787e452d2d23506d7231032c3383b2df6ffa9bd650a7ee5e1b6e8cb8cc3ed0a5,0x3b7455335fc7c3839167ed8fc173405908ffdf15,3.0,0x64441cc873d5f2014ac6c1a2f039b405abca3d09,0xb64fbeef6b52207a4648308c56b84432b16e9b0f,Reental-TLM-2
0xf7b606e99a92b60a9e7c354ba64d870e45aad799a8067fc061b38a75cefdc4bb,0x7aa21fabd73e8d3aa5d5c5994af6b62cfcea3fe4,1.0,0xc0896e0e56d45b3c6d3444bff507adf6f15ee068,0xb64fbeef6b52207a4648308c56b84432b16e9b0f,Reental-SHL-1
0xb206d080391ec574a5e1d6cafc836b82cd417a4721f86824caff9fda5c7fc188,0x7798f8c28ce575188f4e65aeb6719c0ec5c69195,5.0,0xd9135bda4ccd4291e3f3dcedfbb0994844b0c627,0xb64fbeef6b52207a4648308c56b84432b16e9b0f,Reental-VLC-4
0x3a43487fd63c43e2bed86788528e46ae43e3d88f09d3e78e7f902f6a9ee44a2c,0x6da0652a8481a774f5164612ab0ab18f105ad243,1.0,0xc0896e0e56d45b3c6d3444bff507adf6f15ee068,0xb64fbeef6b52207a4648308c56b84432b16e9b0f,Reental-CLVM-1
0x5a58d37e04bd39cab7ccf632a7d8c1f089c70f756566dafa69fbd9c40a9ea79b,0x7aa21fabd73e8d3aa5d5c5994af6b62cfcea3fe4,1.0,0xc0896e0e56d45b3c6d3444bff507adf6f15ee068,0xb64fbeef6b52207a4648308c56b84432b16e9b0f,Reental-SHL-1
0xc304dd43dd94a4d0ba50fa070439c3a8709d832a4f97f1c66f214056d8f2faff,0x7aa21fabd73e8d3aa5d5c5994af6b62cfcea3fe4,1.0,0xc0896e0e56d45b3c6d3444bff507adf6f15ee068,0xb64fbeef6b52207a4648308c56b84432b16e9b0f,Reental-SHL-1
0xa4504b9f2d370aff962cd2776f3a07a2884e34468c37f789314f42587ba1fbbe,0x7aa21fabd73e8d3aa5d5c5994af6b62cfcea3fe4,1.0,0xc0896e0e56d45b3c6d3444bff507adf6f15ee068,0xb64fbeef6b52207a4648308c56b84432b16e9b0f,Reental-SHL-1
0x46c0cdb9fa29eed0fe573977010824255ff7ee0a21103cdb10df6b1e0509c656,0x8711b4172ed71d2d4f90e3e2f0cb63726acba8e6,5.0,0xb64fbeef6b52207a4648308c56b84432b16e9b0f,0xff5e8a5f1fcd06c4bb4e995c7c02a577e86d7290,Reental-JAX-1
0x489d4b5addba64b500c065e78ef21d1ca9ec0eb955fd44ae2428fb2a23b2a118,0x2f1026ff5bd94232050364c81d61a2d15e147209,5.0,0xb57114b18086ee2f28cabb096e42b67324dd5c70,0xb64fbeef6b52207a4648308c56b84432b16e9b0f,Reental-MIA-1
0xfd09fff919d0c4e3078c16b4ba3f1a6b785c6ed1936b5970621dfd929e486346,0x8711b4172ed71d2d4f90e3e2f0cb63726acba8e6,10.0,0xb64fbeef6b52207a4648308c56b84432b16e9b0f,0xca04b1fdc59b229b31e3eff04ac2d476b283f567,Reental-JAX-1
0xc06454127e1848347f72aa872abf6a961c009656272cb846c18cc0f493de07bb,0x9c09c8525c5baa3b254cb0a60d3565cfbd5c9f28,10.0,0xb64fbeef6b52207a4648308c56b84432b16e9b0f,0xca04b1fdc59b229b31e3eff04ac2d476b283f567,Reental-JAX-3
0x342bb0e319d0b1a348a1d9bb5245da429f401558181b5498d784eba878c204b3,0xfd0ea97747f7b1a53ec59ef5001616cde3aead3e,7.57,0x70c8aab186e952c4f047c362035054e45a371045,0xb64fbeef6b52207a4648308c56b84432b16e9b0f,Reental-CLVM-2
0xbfb52fcb33c2a45ee191f94dae9943aedc5bb3e6a03104b32dbce7ceefc41320,0xfb759e0cc5cff4aea606064acd41c71c7c11bf40,2.07437123,0xb57114b18086ee2f28cabb096e42b67324dd5c70,0xb64fbeef6b52207a4648308c56b84432b16e9b0f,Reental-BKL-1
0x59ea7a3ad5ccf3b9fc0f7711ca33c5a290bf530e963bd00587a86f817bef389a,0x2f1026ff5bd94232050364c81d61a2d15e147209,5.89,0xb57114b18086ee2f28cabb096e42b67324dd5c70,0xb64fbeef6b52207a4648308c56b84432b16e9b0f,Reental-MIA-1
0x9539069502c3480941b0f1b3e230e4c364dfada968892bf8bc132d25cbcf99d0,0x7469b9381bfa8a34bef9dfaad03d75f60947f957,11.92383304,0xb64fbeef6b52207a4648308c56b84432b16e9b0f,0xef8ce94238938ac02f165db75674cc2c9e45a699,Reental-CDP-3
0xdcb629f7870673d4c648f85c1d540508ab9c31a79402b8e2ed574b22b2745da2,0xf7a694bc2768fc3b26beb5e98bb76f744397e49c,12.00604586,0xb64fbeef6b52207a4648308c56b84432b16e9b0f,0xba9e9281a9adf656191724f7bef219c96e498b29,Reental-RDO-1
0x870a2ec5bb56589a36e13edcb1d54725ec6ee5710f8866bd2258b75e97efaeac,0x7798f8c28ce575188f4e65aeb6719c0ec5c69195,1.1114,0x6b7aa6eed204c22c199db0044d9369c2712a7e26,0xb64fbeef6b52207a4648308c56b84432b16e9b0f,Reental-VLC-4
0x6eaee58564a703b108c361b92fcd9d940ba69f80129b818b7b906fdf0d11ee5f,0x7aa21fabd73e8d3aa5d5c5994af6b62cfcea3fe4,0.1,0xd73d0b5775caf7ff914d8643bc31bbfb1db2f3c6,0xb64fbeef6b52207a4648308c56b84432b16e9b0f,Reental-SHL-1
0xa4f22056101cf95963fad9276a06c105bc9fefd315464a849134492ff3d56dd0,0x2f1026ff5bd94232050364c81d61a2d15e147209,3.44893666,0x9b04ba99ad57a8cfc5d1273f4cfe80d67a9bb9bb,0xb64fbeef6b52207a4648308c56b84432b16e9b0f,Reental-MIA-1
0x611ce1900c34e2a81292cbafe6e4731f85a72f311cfd8c8fb2879264e358f0e7,0x7f6b82381bce03e7cf6af2fb1dcd41993406d4ae,2.77296725,0x9b04ba99ad57a8cfc5d1273f4cfe80d67a9bb9bb,0xb64fbeef6b52207a4648308c56b84432b16e9b0f,Reental-MLG-2
0xc0e9a16536b291eb96ad6a7a10459d2f65504639aaf71b958497ad94d47c3bac,0x7f6b82381bce03e7cf6af2fb1dcd41993406d4ae,2.17539468,0x44eff9b70a800dd9a47c5b855286d5b7930679ae,0xb64fbeef6b52207a4648308c56b84432b16e9b0f,Reental-MLG-2
0xdf8730b738aae9b14b57c0d0d433598772f285b6b1a64dd53f195317535f40c5,0x5ab768c8ca1cc20cb8ec7b90554a3b12524b6c47,7.0,0x8bdf687599153a62dbb6e0d85c0c81c98f408d2d,0xb64fbeef6b52207a4648308c56b84432b16e9b0f,Reental-CDS-1
0x345e67950b76191563ee730133bd59c9f64a579131d9b71e52efb957ec66a372,0xf8657256c5cd5fdb044e55d1ec39e9b8c969dbf1,50.0,0xf486a748d2981361e272e5b4adefbebbf7a8805d,0xb64fbeef6b52207a4648308c56b84432b16e9b0f,Reental-PAZ-1
0x6723624a9619818dc369e4673faa7f6b71f461b3bda169f53802e5e9ae8c958f,0x5ab768c8ca1cc20cb8ec7b90554a3b12524b6c47,1.0,0xd73d0b5775caf7ff914d8643bc31bbfb1db2f3c6,0xb64fbeef6b52207a4648308c56b84432b16e9b0f,Reental-CDS-1
0x07ad44c1c29b0f6f2a0abbb1b085d555ca3e374b81e3d66baed621a088ab93f4,0x5ab768c8ca1cc20cb8ec7b90554a3b12524b6c47,1.0,0xd73d0b5775caf7ff914d8643bc31bbfb1db2f3c6,0xb64fbeef6b52207a4648308c56b84432b16e9b0f,Reental-CDS-1
0xf920525795068ffbec21efe2dd4ddd21e1360be69f98a7d2a952fa9b8e538951,0x5ab768c8ca1cc20cb8ec7b90554a3b12524b6c47,1.0,0xd73d0b5775caf7ff914d8643bc31bbfb1db2f3c6,0xb64fbeef6b52207a4648308c56b84432b16e9b0f,Reental-CDS-1
0x2554d5da73e342e32e577372479623b042631335fb00a5d4c48797c3bf2b9c95,0x7798f8c28ce575188f4e65aeb6719c0ec5c69195,3.02294719,0x74ccf6c72f487948447db636daf9bce199499150,0xb64fbeef6b52207a4648308c56b84432b16e9b0f,Reental-VLC-4
0x76eeefd423463bb7c124f67dec726ac7242a08f3293215d8b45f5ad83dadc863,0xb5a1a4f29b7376c091d6f4c7689be4b7cd5a6d98,2.99313998,0x74ccf6c72f487948447db636daf9bce199499150,0xb64fbeef6b52207a4648308c56b84432b16e9b0f,Reental-VLC-6
0xb7828bbb67b6fb24daab2761193bb7eff8594a92509c2fabf2190e348c2a6694,0x49b8f29f17a27ae89121642838e37bc8ce77d2f2,8.0,0x86a8f2c6251b94e6ec9812225056392d5af723c0,0xb64fbeef6b52207a4648308c56b84432b16e9b0f,Reental-SMA-1
0xe35dad7e7c505d4e87454f09408dd042034aa484a4589448af2889ee88a469bd,0xfd0ea97747f7b1a53ec59ef5001616cde3aead3e,1.0,0xd212a7c928b7a61460d67b96769bb8e38b4a4652,0xb64fbeef6b52207a4648308c56b84432b16e9b0f,Reental-CLVM-2
0xc50d4784a70e06ba206b7d81d2f7de671dbda0ef4fe717a3a7c73bd665154bf5,0x5ab768c8ca1cc20cb8ec7b90554a3b12524b6c47,1.0,0xd73d0b5775caf7ff914d8643bc31bbfb1db2f3c6,0xb64fbeef6b52207a4648308c56b84432b16e9b0f,Reental-CDS-1
0x07d62f7f51842f57dd8dcb15583d815a560f237aea1394e99b07bc9f1307ae9f,0xfd0ea97747f7b1a53ec59ef5001616cde3aead3e,10.0,0x86a8f2c6251b94e6ec9812225056392d5af723c0,0xb64fbeef6b52207a4648308c56b84432b16e9b0f,Reental-CLVM-2
0xe7f9de4e4f875942410db3779f792959efdef1c32422e0f6cae2fbae0b2024f4,0x2f1026ff5bd94232050364c81d61a2d15e147209,10.0,0x9c0e7f3e623e2daf58f9a343348671d76613af2e,0xb64fbeef6b52207a4648308c56b84432b16e9b0f,Reental-MIA-1
0x4d1a77c623972aa66341781fe437dad5be01bf39b722b54b410c463ed9c92dc1,0xfd0ea97747f7b1a53ec59ef5001616cde3aead3e,1.0,0xd212a7c928b7a61460d67b96769bb8e38b4a4652,0xb64fbeef6b52207a4648308c56b84432b16e9b0f,Reental-CLVM-2
0x1d22f77b4b7cf7ec9b0b0531dc90b0939756d37f8fd4475ca900626b5851a886,0xfd0ea97747f7b1a53ec59ef5001616cde3aead3e,10.0,0x86a8f2c6251b94e6ec9812225056392d5af723c0,0xb64fbeef6b52207a4648308c56b84432b16e9b0f,Reental-CLVM-2
0x9ef43717ef165f1262c50491ac61950f1a2a3c60f63f8ef2dcd1d0b3c09faad8,0xfd0ea97747f7b1a53ec59ef5001616cde3aead3e,5.0,0x86a8f2c6251b94e6ec9812225056392d5af723c0,0xb64fbeef6b52207a4648308c56b84432b16e9b0f,Reental-CLVM-2
0x76cb5d6758e7e37d472e0645e5ea8e0c21d95bd2bca96e499e181db3fa06379f,0xf8657256c5cd5fdb044e55d1ec39e9b8c969dbf1,8.0,0xc195e3a4447f3cb3becd6d9895a04a23372af2c3,0xb64fbeef6b52207a4648308c56b84432b16e9b0f,Reental-PAZ-1
0xdf372d703d78ca79242250a8cbef325717a3ab1f8681867d3739c372922bf593,0xca53dd67cfa553d9e31c377602fb217dff9eadff,0.9801788,0xd212a7c928b7a61460d67b96769bb8e38b4a4652,0xb64fbeef6b52207a4648308c56b84432b16e9b0f,Reental-SMA-2
0xbfa112071ef10fb335e5050300d80c6d2e26c47f496c6c90e0deb76de376dddf,0xfb759e0cc5cff4aea606064acd41c71c7c11bf40,1.70519768,0x4616df79503fd39c5ce6701f1049b828e6210b3b,0xb64fbeef6b52207a4648308c56b84432b16e9b0f,Reental-BKL-1
0x73a30b44ee2233f8bde46fed777d3a995e62495aeec4b9bbf1c67270dc23fd47,0xa0d99b441a9a5e334b234f31a92b97fa8d663626,10.0,0xc1213762f0b2010721e34a7d3a4e6742f836b462,0xb64fbeef6b52207a4648308c56b84432b16e9b0f,Reental-YCT-2
0x4707abe0299d3f53133e3aab8d35a0c568f38b5cab7db4cef0e599ff41c6a204,0x2f1026ff5bd94232050364c81d61a2d15e147209,4.0,0x3f9ed6a481392a65009697131b12518b8cb8ce1f,0xb64fbeef6b52207a4648308c56b84432b16e9b0f,Reental-MIA-1
0x3ea2a14a20696d45ee08df3e51030f2e25c68ada7984c57a3a6db295627e152a,0xcc4c1ce8d335bd40a0acf17b9ab08c030cc299aa,22.84550704,0xc3a8e0c76574defbba0d65994c7efa17182122dc,0xb64fbeef6b52207a4648308c56b84432b16e9b0f,Reental-PRO-100
0x4a9e3eec1caf2f2c734b94d1f6ef18d0c2d6f784cd0d9837644f9cda30be9edb,0xcc4c1ce8d335bd40a0acf17b9ab08c030cc299aa,7.65529808,0xf9c3fa98e7c685ff7964b7a297a7a22cb88eef19,0xb64fbeef6b52207a4648308c56b84432b16e9b0f,Reental-PRO-100
0x7b53680fae8afd8b87c8996e78894bc4aa45728eaca6382c8687e1be62721396,0xcc4c1ce8d335bd40a0acf17b9ab08c030cc299aa,0.12301459,0xd69b0809a227727994ea9bba96bd44a9eb32eecd,0xb64fbeef6b52207a4648308c56b84432b16e9b0f,Reental-PRO-100
0xb5223ab45a8e0777531ca69f9830f5efa55e39f27477c086850db74cbf721f4c,0x6da0652a8481a774f5164612ab0ab18f105ad243,1.0,0xd69b0809a227727994ea9bba96bd44a9eb32eecd,0xb64fbeef6b52207a4648308c56b84432b16e9b0f,Reental-CLVM-1
0x88a1c8efe9a06188c289c2e5e933b1e53fbb27305133ded3ecaca42137c329d9,0x7aa21fabd73e8d3aa5d5c5994af6b62cfcea3fe4,0.9,0xd69b0809a227727994ea9bba96bd44a9eb32eecd,0xb64fbeef6b52207a4648308c56b84432b16e9b0f,Reental-SHL-1
0x198723979cf1798c6f8c34f1ebf4b4098626f27514a3a7e8bb15ed1222671bb4,0x7f6b82381bce03e7cf6af2fb1dcd41993406d4ae,3.0,0x17222c114271db191db21bfcc3c76e3b166876ff,0xb64fbeef6b52207a4648308c56b84432b16e9b0f,Reental-MLG-2
0xe69b0619e4c1da26c8f6747c460734df074a4fd8fbf6ba5d096d0d5490398117,0x7f6b82381bce03e7cf6af2fb1dcd41993406d4ae,12.0,0xba31fa71441f47e712eedf2ce973a5e552317af3,0xb64fbeef6b52207a4648308c56b84432b16e9b0f,Reental-MLG-2
0xa2f1d6203a56d904ab856644c3c46acaf4f4183b41a1a775e0d30abd68f46819,0x6da0652a8481a774f5164612ab0ab18f105ad243,5.48136859,0x289d2e28b4bfa10199895b8cd055de76b11d0333,0xb64fbeef6b52207a4648308c56b84432b16e9b0f,Reental-CLVM-1
0x9aec9246e874302bf4acee27c499a787a67e2ca10952077e20ccb7810842b7bc,0xe7d35f9248ea53943765928c0d9dc027a0129f28,1.14830282,0x994dde1269603c2baa56f7a8327f8d9095226c3f,0xb64fbeef6b52207a4648308c56b84432b16e9b0f,Reental-MLG-3
0x3cd8acef461df527cd053e04d164fbe9af37fc0175f9bf32f1e3cd65f416c3e1,0x6da0652a8481a774f5164612ab0ab18f105ad243,2.0,0xce89063272ecce1cda2086670ff94cbc690b8f5f,0xb64fbeef6b52207a4648308c56b84432b16e9b0f,Reental-CLVM-1
0x9d4170dd24626535ffa6c4d8e3e0d1303b4c494c24c7790ccc11cb7493a4b3c5,0x7f6b82381bce03e7cf6af2fb1dcd41993406d4ae,4.0,0x17222c114271db191db21bfcc3c76e3b166876ff,0xb64fbeef6b52207a4648308c56b84432b16e9b0f,Reental-MLG-2
0xe33956c0988163e34c62f79a1eb35bde5946852c42d8020799f1e4460a1cabff,0xfd0ea97747f7b1a53ec59ef5001616cde3aead3e,1.0,0xce89063272ecce1cda2086670ff94cbc690b8f5f,0xb64fbeef6b52207a4648308c56b84432b16e9b0f,Reental-CLVM-2
0x1502246a4d85a2c9c7bec21b776fdae9dcd614125d9e7ecea436fef13decd5a9,0x6da0652a8481a774f5164612ab0ab18f105ad243,1.0,0xce89063272ecce1cda2086670ff94cbc690b8f5f,0xb64fbeef6b52207a4648308c56b84432b16e9b0f,Reental-CLVM-1
0xf097b8bd00fb22c8faa6e49c15c83d7a80fedc772ed11129c2473f55af51fea2,0xfd0ea97747f7b1a53ec59ef5001616cde3aead3e,5.0,0xce89063272ecce1cda2086670ff94cbc690b8f5f,0xb64fbeef6b52207a4648308c56b84432b16e9b0f,Reental-CLVM-2
0x369f5c4622fabe7b11586727342f6d7ba176bcd1495f4721213c217ed76ba1db,0xfd0ea97747f7b1a53ec59ef5001616cde3aead3e,4.0,0xce89063272ecce1cda2086670ff94cbc690b8f5f,0xb64fbeef6b52207a4648308c56b84432b16e9b0f,Reental-CLVM-2
0x417904317f0c292934abc159dbf6af613b8ab0f716763604dd256549455b1a9f,0x6da0652a8481a774f5164612ab0ab18f105ad243,1.0,0xce89063272ecce1cda2086670ff94cbc690b8f5f,0xb64fbeef6b52207a4648308c56b84432b16e9b0f,Reental-CLVM-1
0x02fc59879ce376c0f90bd958231cb3c95b428d64a8670a186b368e971f77c4cf,0x6da0652a8481a774f5164612ab0ab18f105ad243,1.0,0xce89063272ecce1cda2086670ff94cbc690b8f5f,0xb64fbeef6b52207a4648308c56b84432b16e9b0f,Reental-CLVM-1
0x7ee7640a2c893720b91cfeddfca9f78e4473c1d90782bf9087d689255ef2da30,0x7aa21fabd73e8d3aa5d5c5994af6b62cfcea3fe4,5.15,0xce89063272ecce1cda2086670ff94cbc690b8f5f,0xb64fbeef6b52207a4648308c56b84432b16e9b0f,Reental-SHL-1
0xd72629123998857f3d1e57042565a321e23f409520e04600f1552f3cd51ce1c9,0x7f6b82381bce03e7cf6af2fb1dcd41993406d4ae,3.0,0xce89063272ecce1cda2086670ff94cbc690b8f5f,0xb64fbeef6b52207a4648308c56b84432b16e9b0f,Reental-MLG-2
0xdf0f4816d31c6b3cd4fcac10b4772e1302d9f5fc7a1cb88e8282e84b0d2e3a09,0xfd0ea97747f7b1a53ec59ef5001616cde3aead3e,5.0,0xce89063272ecce1cda2086670ff94cbc690b8f5f,0xb64fbeef6b52207a4648308c56b84432b16e9b0f,Reental-CLVM-2
0xeb0b54b571c98db965fe8ff6a13392ffa2740a432f70b751f21dcc1ae4e1d314,0x7798f8c28ce575188f4e65aeb6719c0ec5c69195,2.00591443,0xce89063272ecce1cda2086670ff94cbc690b8f5f,0xb64fbeef6b52207a4648308c56b84432b16e9b0f,Reental-VLC-4
0x0834d4983d5fb2393b786f2050432f87e2f763f38b25d99701b435b346ecc76a,0xbaea3b53056d42c763d14bef94b39ada218c2dbd,0.19536254,0xce89063272ecce1cda2086670ff94cbc690b8f5f,0xb64fbeef6b52207a4648308c56b84432b16e9b0f,Reental-VLC-7
0x203a3bc5f47aaca0b347f27d46a8039c8f267ad4601e9f3cb17516844bee2a65,0xfd0ea97747f7b1a53ec59ef5001616cde3aead3e,5.0,0xce89063272ecce1cda2086670ff94cbc690b8f5f,0xb64fbeef6b52207a4648308c56b84432b16e9b0f,Reental-CLVM-2
0x5e6c0e6bfbc5c8a59c5efb8705a495f38972f1279c851fae5fbb443b8ee06d43,0x6da0652a8481a774f5164612ab0ab18f105ad243,5.14868659,0xf9c3fa98e7c685ff7964b7a297a7a22cb88eef19,0xb64fbeef6b52207a4648308c56b84432b16e9b0f,Reental-CLVM-1
0x074511976c41db2d1dd7263b94c831e1d2706c7efbdb4070030f5700b3316faf,0xbaea3b53056d42c763d14bef94b39ada218c2dbd,5.22667721,0xf9c3fa98e7c685ff7964b7a297a7a22cb88eef19,0xb64fbeef6b52207a4648308c56b84432b16e9b0f,Reental-VLC-7
0xf129f00e8d48012058d8034f0b36f3f50a6a68dea3b06d805a85984ec53b41bf,0xfd0ea97747f7b1a53ec59ef5001616cde3aead3e,5.0,0xce89063272ecce1cda2086670ff94cbc690b8f5f,0xb64fbeef6b52207a4648308c56b84432b16e9b0f,Reental-CLVM-2
0xffab424379a918ae9670aec58ee126c97fc4b576b090991a19e84f5842dc130b,0x6da0652a8481a774f5164612ab0ab18f105ad243,2.0,0xce89063272ecce1cda2086670ff94cbc690b8f5f,0xb64fbeef6b52207a4648308c56b84432b16e9b0f,Reental-CLVM-1
0xd0ea96f0ec28090b83363e3e5ca271dee6ac83709a1ad51c5ce92213e165f12c,0x6da0652a8481a774f5164612ab0ab18f105ad243,1.0,0xce89063272ecce1cda2086670ff94cbc690b8f5f,0xb64fbeef6b52207a4648308c56b84432b16e9b0f,Reental-CLVM-1
0x98c1aee23ce6106458a20059b14f8a35a0739c6afdbac1ecfe079fb0eb86f4f7,0xfd0ea97747f7b1a53ec59ef5001616cde3aead3e,1.35,0xce89063272ecce1cda2086670ff94cbc690b8f5f,0xb64fbeef6b52207a4648308c56b84432b16e9b0f,Reental-CLVM-2
0x3c53f5b3373507fbbbc4b8ba90675ea4ad24e01bbf998fb3339c6ec05819f68a,0xbaea3b53056d42c763d14bef94b39ada218c2dbd,5.0,0xf9c3fa98e7c685ff7964b7a297a7a22cb88eef19,0xb64fbeef6b52207a4648308c56b84432b16e9b0f,Reental-VLC-7
0x95687f42154f74846bd5764877feb6bf34d68fc5befa295e3182dc17f304b080,0xf8657256c5cd5fdb044e55d1ec39e9b8c969dbf1,20.0,0xf486a748d2981361e272e5b4adefbebbf7a8805d,0xb64fbeef6b52207a4648308c56b84432b16e9b0f,Reental-PAZ-1
0x10fea9773d4fb8097ad700368a68a5f16b93e61e8dbfd0611b502917bf6686fa,0x7f6b82381bce03e7cf6af2fb1dcd41993406d4ae,5.0,0x17222c114271db191db21bfcc3c76e3b166876ff,0xb64fbeef6b52207a4648308c56b84432b16e9b0f,Reental-MLG-2
0xeafa8e5349cb53345edb522023093a4223b4bed7d1ae77ba2c92359f916bef14,0xf8657256c5cd5fdb044e55d1ec39e9b8c969dbf1,20.0,0xeb3b721abc9b9a2f323fbeef666934481266714e,0xb64fbeef6b52207a4648308c56b84432b16e9b0f,Reental-PAZ-1
0xb3c653e72abce74b31af92ccc5c1d09f1a97cd928465cf51f8dc819c1eb708cd,0x7f6b82381bce03e7cf6af2fb1dcd41993406d4ae,1.0,0xce89063272ecce1cda2086670ff94cbc690b8f5f,0xb64fbeef6b52207a4648308c56b84432b16e9b0f,Reental-MLG-2
0x3d2e302e3241d32e10a611283d97da8c988a44bdb78a102f2d870385701cb39e,0x7f6b82381bce03e7cf6af2fb1dcd41993406d4ae,1.0,0xce89063272ecce1cda2086670ff94cbc690b8f5f,0xb64fbeef6b52207a4648308c56b84432b16e9b0f,Reental-MLG-2
0x2c75c943f241fd2c96b97e8c9a6ff3276fce3acbc88ea20b5794d0360417d7bb,0xa0d99b441a9a5e334b234f31a92b97fa8d663626,20.0,0xeb3b721abc9b9a2f323fbeef666934481266714e,0xb64fbeef6b52207a4648308c56b84432b16e9b0f,Reental-YCT-2
0xae39a2dedec184e04cadd8ffcf7cb8199e757fbff355bc4e907fbbf17a9aa861,0xbaea3b53056d42c763d14bef94b39ada218c2dbd,15.0,0x3024b33c6b6c0e90a908da6a718b9b74ece6b4da,0xb64fbeef6b52207a4648308c56b84432b16e9b0f,Reental-VLC-7
0x76649a912330ee98fb4a6da39a6d960ed974b858b735b3ba75d6133d829fb3f3,0xa0d99b441a9a5e334b234f31a92b97fa8d663626,10.0,0xc1213762f0b2010721e34a7d3a4e6742f836b462,0xb64fbeef6b52207a4648308c56b84432b16e9b0f,Reental-YCT-2
0xf8c66e59210b98690875dd35902070c9bfafadac1530b2463913a63475bed269,0xf8657256c5cd5fdb044e55d1ec39e9b8c969dbf1,2.0,0x824d7f58dc8741efaedd915ffaea4d7d53914ce8,0xb64fbeef6b52207a4648308c56b84432b16e9b0f,Reental-PAZ-1
0x56814aa7b5e77ab9c37a816aebe203497efcadce69f035d8a695bffdcc1443a3,0xcc4c1ce8d335bd40a0acf17b9ab08c030cc299aa,1.00000065,0x355ef1570a6b9373120dae9f25440bd1d9a61028,0xb64fbeef6b52207a4648308c56b84432b16e9b0f,Reental-PRO-100
0xf6207bf3ba080a85001ed1c90693dd6cdbbf9ca672da2252b41a362d3f747642,0x2f1026ff5bd94232050364c81d61a2d15e147209,2.49,0x6b19c5195dfb08219f6a94fa48be9d2a4274a696,0xb64fbeef6b52207a4648308c56b84432b16e9b0f,Reental-MIA-1
0x8d1b9c8ea7d098c8f81e61746b6fc2da2d1ed438015918ecde931cce745f7fca,0xa0d99b441a9a5e334b234f31a92b97fa8d663626,10.0,0xeb3b721abc9b9a2f323fbeef666934481266714e,0xb64fbeef6b52207a4648308c56b84432b16e9b0f,Reental-YCT-2
0xb33c11b652caac7700ee8b755698b59475a832df57a4fcbc48916710ce3da9a7,0xa0d99b441a9a5e334b234f31a92b97fa8d663626,5.0,0xc1213762f0b2010721e34a7d3a4e6742f836b462,0xb64fbeef6b52207a4648308c56b84432b16e9b0f,Reental-YCT-2
0x505cca7e1997f5bd1e9ec4d215e8c187ce91b5d49a8c04a37a44b20f3a2abc68,0xe6e3ff145a6ffcd1dac08472f89164c0c43316b2,10.0,0x3fe2ee56ea77ffccfa0c036b20e7a2269e8da534,0xb64fbeef6b52207a4648308c56b84432b16e9b0f,Reental-CMY-1
0xc16192942fc4a10c4c326f21d74c69682ce7d2612918cb04455caebeaf5eaed0,0xa0d99b441a9a5e334b234f31a92b97fa8d663626,10.0,0xd629abe488911a738c1d59854964798865e3bcdb,0xb64fbeef6b52207a4648308c56b84432b16e9b0f,Reental-YCT-2
0x8268572a9e168d4493b42b8bc5ed2bdb81ec52cc18b22c21254fa75d666823f4,0xe6e3ff145a6ffcd1dac08472f89164c0c43316b2,10.0,0x3fe2ee56ea77ffccfa0c036b20e7a2269e8da534,0xb64fbeef6b52207a4648308c56b84432b16e9b0f,Reental-CMY-1
0xf8ef8c0777d912e4a3eea169e139b5ec5e826be2c1634daad875814f0026c758,0x2f1026ff5bd94232050364c81d61a2d15e147209,2.0,0xc0896e0e56d45b3c6d3444bff507adf6f15ee068,0xb64fbeef6b52207a4648308c56b84432b16e9b0f,Reental-MIA-1
0x026243428d78ec44f5a000992c4af7ec936f6304bf8e96e970475d50217dec88,0xcc4c1ce8d335bd40a0acf17b9ab08c030cc299aa,5.0,0x95077fb59a3c7cea5465d175272408679365e885,0xb64fbeef6b52207a4648308c56b84432b16e9b0f,Reental-PRO-100
0xda621b43005922af04bf5e4f2e56757250079f36a3df2c27e86f2b21bc74287b,0xe6e3ff145a6ffcd1dac08472f89164c0c43316b2,10.0,0x3fe2ee56ea77ffccfa0c036b20e7a2269e8da534,0xb64fbeef6b52207a4648308c56b84432b16e9b0f,Reental-CMY-1
0xc414f6453f56189f6e60cd650daa77394dfcace8a13921a7b41bf8e2ee30a4d0,0xe6e3ff145a6ffcd1dac08472f89164c0c43316b2,10.0,0x3fe2ee56ea77ffccfa0c036b20e7a2269e8da534,0xb64fbeef6b52207a4648308c56b84432b16e9b0f,Reental-CMY-1
0x8e8be8d3d2b69ebabd067f825b0ff4419048aeb3782c60d395134d32786a298b,0x2f1026ff5bd94232050364c81d61a2d15e147209,2.0,0xc0896e0e56d45b3c6d3444bff507adf6f15ee068,0xb64fbeef6b52207a4648308c56b84432b16e9b0f,Reental-MIA-1
0x31aef826a9ffb33076c2f204325e6b6fd842bf1b3cabc2538353bff98262b9d2,0xfb759e0cc5cff4aea606064acd41c71c7c11bf40,5.0,0xc195e3a4447f3cb3becd6d9895a04a23372af2c3,0xb64fbeef6b52207a4648308c56b84432b16e9b0f,Reental-BKL-1
0x7a75ca787f7eeb240f78e473a399c981b72c0576410763c97bc75235eb6bd5df,0xa0d99b441a9a5e334b234f31a92b97fa8d663626,1.0,0xbb5c220d202fd05c696ed73c18e9db175e7a7a5a,0xb64fbeef6b52207a4648308c56b84432b16e9b0f,Reental-YCT-2
0xb9f47b19f5ccdae4f87fea529e8d8dec9a1043d622d6b00b1a6bce72880c6cba,0x5ab768c8ca1cc20cb8ec7b90554a3b12524b6c47,1.0,0xfb8482d3a050b09d9dd3d3fb44e858864ef649f8,0xb64fbeef6b52207a4648308c56b84432b16e9b0f,Reental-CDS-1
0x71b9419de75d88d372fa7406deb69620db9f68e947f99799437c670d7dc3045c,0x5ab768c8ca1cc20cb8ec7b90554a3b12524b6c47,1.00329806,0xfb8482d3a050b09d9dd3d3fb44e858864ef649f8,0xb64fbeef6b52207a4648308c56b84432b16e9b0f,Reental-CDS-1
0x7c686e542b735a712b6e5f93a0ab3b45359ff7d8d02b01ba8ab973aeda7f1fab,0x2f1026ff5bd94232050364c81d61a2d15e147209,5.47,0xd3d40870c53c407880605631f14d473eb7c6a6f5,0xb64fbeef6b52207a4648308c56b84432b16e9b0f,Reental-MIA-1
0x435f3bcbf0f25de43629f28490d64e2b2f5bf4f18d4ee58c88737e97a6129c8e,0x2f1026ff5bd94232050364c81d61a2d15e147209,2.28,0xd3d40870c53c407880605631f14d473eb7c6a6f5,0xb64fbeef6b52207a4648308c56b84432b16e9b0f,Reental-MIA-1
0xe806d756138e767f876efc1b59df1599fd0c8a95b9ecd7c2ed66e8ff4b85ec34,0xad3e1f50590ef6f323caa0cf43f39d28d1d34144,1.01008284,0xe010737ac1cfce590436346cae509c15be492cbd,0xb6691debd25d6343bc6c3d620168180b97c4973e,Reental-JAX-2
0x42574c456164db7e08ee38cf1a9f610aa31ce83e005ddd59b64e12c4c22edab6,0xe7d35f9248ea53943765928c0d9dc027a0129f28,1.0,0xc0896e0e56d45b3c6d3444bff507adf6f15ee068,0xb794cda2cb82b55acde628f5ba71794af9cfbf3f,Reental-MLG-3
0xc07323df4f928441bac87b3a9a98ecba48fd00a65e28d027039cfe6ce91427a7,0xf94ca4e007553917d1f80d013d2544ddfbed555c,1.0,0xc0896e0e56d45b3c6d3444bff507adf6f15ee068,0xb794cda2cb82b55acde628f5ba71794af9cfbf3f,Reental-MLG-4
0x237dd008267cb1683a3ea7a445c7a05b787d498ecfd5c2dd3f78bca8e36077a1,0xca53dd67cfa553d9e31c377602fb217dff9eadff,1.0,0x6f6aad8d226ba66e7d7f46e32a6819c7e5cd60f3,0xb794cda2cb82b55acde628f5ba71794af9cfbf3f,Reental-SMA-2
0xb0a4cb6d522b16feee1e3f77a4ab345448ebdd0042703b0690ce6b83f9e32be5,0xaca38d593f7775334fa1b84a865f19396f62f760,0.10882942,0x67f41ceabfd6f47f3c826860bc9f582f86f9f609,0xb794cda2cb82b55acde628f5ba71794af9cfbf3f,Reental-MLG-6
0x82eea7bbc9a29b9b89d3baf4dab2db05f554622a86fbc48fd73fcf77645f8c3d,0x33be67454ae817337db15877fd4106c5cd5206c5,0.51905065,0x67f41ceabfd6f47f3c826860bc9f582f86f9f609,0xb794cda2cb82b55acde628f5ba71794af9cfbf3f,Reental-MLG-5
0xb5442bd2534206dc48e455d756ada5e0222d30a60e8c72742da94801d5e1ae10,0xaca38d593f7775334fa1b84a865f19396f62f760,1.0,0xc2fa2ab711cedd7a0ebb197bfc45a77577671f04,0xb794cda2cb82b55acde628f5ba71794af9cfbf3f,Reental-MLG-6
0x8b76cf4639ed1564589ffe01432325db159c0aa1d4407fb5a6587fa87c208761,0xaca38d593f7775334fa1b84a865f19396f62f760,1.0,0xc2fa2ab711cedd7a0ebb197bfc45a77577671f04,0xb794cda2cb82b55acde628f5ba71794af9cfbf3f,Reental-MLG-6
0x5dade6d02d524e28a12c266f0f280ec0b43deb363e9c44655ee8c9b666c97071,0xca53dd67cfa553d9e31c377602fb217dff9eadff,1.0,0x52b71b70ec73defae5e9840e4fa706ecb2b29a25,0xb794cda2cb82b55acde628f5ba71794af9cfbf3f,Reental-SMA-2
0x7597beb3f9ef3fd7881712a94f87c77c1c197336c8fb38c7752fa39ba6e2baf8,0xbaea3b53056d42c763d14bef94b39ada218c2dbd,1.0,0xdf50cbf0ea828d6d3fb7b59f905a56ec64d5036d,0xb794cda2cb82b55acde628f5ba71794af9cfbf3f,Reental-VLC-7
0x5f4ad1229f7dac5070ff79af88951c29167dbede5bc295f8fda5fd1401c8b039,0xaca38d593f7775334fa1b84a865f19396f62f760,1.0,0xd73d0b5775caf7ff914d8643bc31bbfb1db2f3c6,0xb794cda2cb82b55acde628f5ba71794af9cfbf3f,Reental-MLG-6
0x1653e7a219c0c78347b559a9b29de0c2d4979084b702fc6097e30e63f64dd883,0x33be67454ae817337db15877fd4106c5cd5206c5,0.18575914,0xd73d0b5775caf7ff914d8643bc31bbfb1db2f3c6,0xb794cda2cb82b55acde628f5ba71794af9cfbf3f,Reental-MLG-5
0x70be9716aacfaf81ac9c0158605680727ee0b239cc089b5eab6496c50e7682f5,0x8711b4172ed71d2d4f90e3e2f0cb63726acba8e6,5.53,0xb00f45001343e07464d2a40044ef8a527db76039,0xb802567ccd163f6c02b34c23652912805b66bb96,Reental-JAX-1
0x89e720aae8b01e12184f1d649b9d27f38b5011b9d1c80dd998c8dadd7f621c60,0xad3e1f50590ef6f323caa0cf43f39d28d1d34144,4.0,0x985702fb3c75a0f45412dbc1937195c28042d92b,0xb802567ccd163f6c02b34c23652912805b66bb96,Reental-JAX-2
0xa0bacb88ddf2c0a9506af9f5119f759b3e0aa7441168c4ee1a095e2a51bc6960,0xad3e1f50590ef6f323caa0cf43f39d28d1d34144,3.0,0x985702fb3c75a0f45412dbc1937195c28042d92b,0xb802567ccd163f6c02b34c23652912805b66bb96,Reental-JAX-2
0x955ffe66e08f3cbc1fc02f3570042a235df1b69e6c60ea1c659bce3a72aa6874,0xad3e1f50590ef6f323caa0cf43f39d28d1d34144,2.0,0x985702fb3c75a0f45412dbc1937195c28042d92b,0xb802567ccd163f6c02b34c23652912805b66bb96,Reental-JAX-2
0x3b01b989eba90a7c9c9b7afef0e31c994896c1d886dd68d07300f6c33646f3dd,0x8711b4172ed71d2d4f90e3e2f0cb63726acba8e6,3.48585596,0xc0896e0e56d45b3c6d3444bff507adf6f15ee068,0xb802567ccd163f6c02b34c23652912805b66bb96,Reental-JAX-1
0x7ed55658da87d846e113d1491bc42a9c6b94009971b40c03a70d1e346f053f01,0xb0825e7a4093d21ed076883f8aca33300631291e,5.54909026,0xb00f45001343e07464d2a40044ef8a527db76039,0xb802567ccd163f6c02b34c23652912805b66bb96,Reental-MIA-3
0xfbc181c74a47de7d3a14781daf0a2fcc69d05b24e4bd4512acbb647bd111b125,0x8711b4172ed71d2d4f90e3e2f0cb63726acba8e6,1.0,0x581934593505cb88f61da455cf923b33e4d66f43,0xb802567ccd163f6c02b34c23652912805b66bb96,Reental-JAX-1
0x19a3ae5231fb169cd5cac2833a3060d45646535eb0c9889bd6a659cfc894c55a,0x68f73061bdf369c2562f4c0ea4e940f362d1a97f,0.99999499,0xec22625f5838038bab25b9c814bdbe776ac49f58,0xb802567ccd163f6c02b34c23652912805b66bb96,Reental-ATL-1
0x20314a811108617fd5b87abf159c1201c8f99bd370f4fb751653e5e6b389e8b8,0xe59dde10d38df397c996bdb1325b6f81684a8b80,2.0,0xc1213762f0b2010721e34a7d3a4e6742f836b462,0xb816bb70fb1ab147d5c27972cd3ee53944edfc0e,Reental-DXB-1
0x1777b070278e5e74782304f8249ecf7c81014c773764ad640aa9d0e738869f72,0xca53dd67cfa553d9e31c377602fb217dff9eadff,7.0,0x86a8f2c6251b94e6ec9812225056392d5af723c0,0xb816bb70fb1ab147d5c27972cd3ee53944edfc0e,Reental-SMA-2
0xb1112d5970d84daa627c7d533b6b6a72b1777ec72e08ae762d3876b1afb09949,0xf94ca4e007553917d1f80d013d2544ddfbed555c,1.0,0xe3ea4d6d33d97afa33229647c718111a31529cc9,0xb8f2c072c3f286e4be59180c86f587e039bcd716,Reental-MLG-4
0xa3f054d50ddab16bf84053acb1d19712047c172540bf086bc58be9dd972b2f3e,0xf1ec7e14489683babdb9299e5f9908d19a8759dc,5.0,0x64441cc873d5f2014ac6c1a2f039b405abca3d09,0xb91e058f56eca67ada798750558ee0ada586e482,Reental-MIA-2
0x94e1309b3ef0f49e11c4ebb7fcd592141b489a01567c960446f99d6df4fc75b7,0xdecfebdaf1131899fb38a53dc63671246220ab7a,6.50006327,0xba31fa71441f47e712eedf2ce973a5e552317af3,0xc1213762f0b2010721e34a7d3a4e6742f836b462,Reental-RDO-5
0x563a540e283387d89425bf982a367ef2cf248aa52d45fa1d6f8b95b7912fb4dc,0x29fdc3434576e188e8131b2ad9cf94d3b3e71f56,18.19373801,0xba31fa71441f47e712eedf2ce973a5e552317af3,0xdacadf3c95a8613d167d39f088f701e5b5c63100,Reental-MLG-8
0x54861dcba00fe2782739eadbde42e7ff66f78ec52a287962b94ba8940211a8d4,0xe7d35f9248ea53943765928c0d9dc027a0129f28,5.0,0xba31fa71441f47e712eedf2ce973a5e552317af3,0xd9135bda4ccd4291e3f3dcedfbb0994844b0c627,Reental-MLG-3
0x6441f1470022c8452ad7bb997552a3a764f87f1d4f4d4fa2d9230a7bb17905c5,0x46182d6937ed8cf2707e187b61b654e8ca59c7b5,10.0,0xff36834b16be6a0628b3e8b68c8ff62e541f2af3,0xba31fa71441f47e712eedf2ce973a5e552317af3,Reental-DXB-2
0x272dfa1480b31a64cf85d6e2d84fed047872e72d4cd82e465e5eae54180ddc1c,0xe7d35f9248ea53943765928c0d9dc027a0129f28,5.0,0xba31fa71441f47e712eedf2ce973a5e552317af3,0xccbb900f37795abc4cca641ac27dd06fa321c79a,Reental-MLG-3
0xc9f7d38adb4ba3563bbc2f8d1a54bd86ebc6e0e7c7ae9b0a1f67ff5333d8b362,0x46182d6937ed8cf2707e187b61b654e8ca59c7b5,10.0,0xec81c239348fcece500ea1d90636690fd20a8899,0xba31fa71441f47e712eedf2ce973a5e552317af3,Reental-DXB-2
0x47188134b2fb25d99450a2c9263425f8acd7c4eeee2f26f6ee7976d4a3d6500c,0x2f1026ff5bd94232050364c81d61a2d15e147209,5.0,0xd3d40870c53c407880605631f14d473eb7c6a6f5,0xba31fa71441f47e712eedf2ce973a5e552317af3,Reental-MIA-1
0xc19b5ed270a63767cec52d36c3578bdc783243a3e024471fb672d0a859244d0e,0xca53dd67cfa553d9e31c377602fb217dff9eadff,4.84095407,0x44eff9b70a800dd9a47c5b855286d5b7930679ae,0xba9e9281a9adf656191724f7bef219c96e498b29,Reental-SMA-2
0x02126402c17f74b9501e97911b3e39cc794d7dc21a4727bfdfa2700b4deb03db,0xad3e1f50590ef6f323caa0cf43f39d28d1d34144,27.0,0xe66395100d6dd2ecf4c281739add60816523a298,0xba9e9281a9adf656191724f7bef219c96e498b29,Reental-JAX-2
0xf9cbd60e37a87cbd6e1e16f8fa1d5b94d801ac6ddd7abade8e33d3d758185f21,0x9c09c8525c5baa3b254cb0a60d3565cfbd5c9f28,20.0,0xe66395100d6dd2ecf4c281739add60816523a298,0xba9e9281a9adf656191724f7bef219c96e498b29,Reental-JAX-3
0xa91a54b7e0f9df4338d17906529f43426ae245fea713f56b1365cc4ec915a507,0x454c0841a409b1752a6cf51fa8ed2fd28a6291c6,5.9739,0x88102fba6595f2f5b33f42e7a86ef82cf12ea9f3,0xba9e9281a9adf656191724f7bef219c96e498b29,Reental-RDO-2
0x219e2f544d9565f11bc417443834f97981dd69bbab58a3cde707600f85567a07,0xac6b91d535bdedb731045ed823d2a6c3ad5b5177,2.36930711,0xf95fb897c6fd8d683f9b6c50033cb7b02498be6a,0xba9e9281a9adf656191724f7bef219c96e498b29,Reental-OVD-1
0xd9cdf358af9793b4fb2ba4e526711854394d659866a0447d1b9d8d8cc578528e,0xfd81b5f560700652b1bf73e26662ec4df1469ae3,8.69266634,0x9b04ba99ad57a8cfc5d1273f4cfe80d67a9bb9bb,0xba9e9281a9adf656191724f7bef219c96e498b29,Reental-SVQ-5
0xc8e7fd4d08a3f54fdc2d95b3d7ec536191b5373a32ffe9a100728a47f898f92a,0xf7a694bc2768fc3b26beb5e98bb76f744397e49c,6.294143,0x9b04ba99ad57a8cfc5d1273f4cfe80d67a9bb9bb,0xba9e9281a9adf656191724f7bef219c96e498b29,Reental-RDO-1
0xf9f1293f714e3f9b3cedd50e776eb6132f11b8c0a0135a749563b3e8e77d5b15,0xf7a694bc2768fc3b26beb5e98bb76f744397e49c,5.84,0x7d6c736f532ff02d853b1ee553d0a869372886d1,0xba9e9281a9adf656191724f7bef219c96e498b29,Reental-RDO-1
0x7989c8246f532923d2e3932a4453d70f65f671d43fec94da7b3cedc492d6e96b,0xfc5e219788a953ad8e71c3b7cb9484695e7f028e,2.675,0x7d6c736f532ff02d853b1ee553d0a869372886d1,0xba9e9281a9adf656191724f7bef219c96e498b29,Reental-SVQ-6
0xe3efb41b36c19dbb6202f7bb59172a1dbff4b9f94056f2d8cadc4355452dfbd0,0x0e3cee0e3a23c6a7c2aa5df16e7c417f1344b580,1.26356986,0xf9c3fa98e7c685ff7964b7a297a7a22cb88eef19,0xba9e9281a9adf656191724f7bef219c96e498b29,Reental-MLG-10
0xda999c36f8da8b378fef37384151f16e1ed0db862e3247b345ddca172d8736f2,0x6bde5421e90a42c6e78faaf3a79e4310a4d6266f,3.88850543,0x6b7aa6eed204c22c199db0044d9369c2712a7e26,0xba9e9281a9adf656191724f7bef219c96e498b29,Reental-VLC-11
0xc9345493d858e9957671bc214690c3aa432c9b4acf3464ffc6d0dc1fe9f6018f,0x820380fea111509a38297fa2971eee5b41a5aeca,1.26958301,0x75c59da5cbb7dbfec067b8e9ac8f94e6cc1c6fef,0xba9e9281a9adf656191724f7bef219c96e498b29,Reental-RDO-3
0x69cfaf10911afa85fe90068d4eee75a77f308e389b1f59ef7e8d3cc4d82163df,0xdecfebdaf1131899fb38a53dc63671246220ab7a,1.10072405,0x75c59da5cbb7dbfec067b8e9ac8f94e6cc1c6fef,0xba9e9281a9adf656191724f7bef219c96e498b29,Reental-RDO-5
0x2d1e1e1fd199b11efa1c3b4d6f13bfcf3a300288c21a26c5e0e5838c6a4fc6c3,0x512ee64de3b983d4e05faa949d63020442215a41,2.19097046,0x81193a31b4d88736405e2b08cd7a6fb8e778cf3d,0xba9e9281a9adf656191724f7bef219c96e498b29,Reental-VLC-3
0xb4962ad65f8d9d3dd4ddf3094374b93fa7c4174e37a893acc880126bf0c9e77e,0x7f6b82381bce03e7cf6af2fb1dcd41993406d4ae,5.14557667,0x75c59da5cbb7dbfec067b8e9ac8f94e6cc1c6fef,0xba9e9281a9adf656191724f7bef219c96e498b29,Reental-MLG-2
0x203257282703b8e473eb1b23ea3d4a49b5fbf6353facb9e6088cb99e993d23e2,0xfd0ea97747f7b1a53ec59ef5001616cde3aead3e,5.0,0x86a8f2c6251b94e6ec9812225056392d5af723c0,0xba9e9281a9adf656191724f7bef219c96e498b29,Reental-CLVM-2
0x7108b8fccf6f7c63825e64afaa4b95da31928c13f9663f58b161b584ec8cfb20,0x7f6b82381bce03e7cf6af2fb1dcd41993406d4ae,4.0,0x86a8f2c6251b94e6ec9812225056392d5af723c0,0xba9e9281a9adf656191724f7bef219c96e498b29,Reental-MLG-2
0xe812b9c6f26b8a23b17aa1f8ce8760881e9d3ba214c773e9a275e56e3e2f5d33,0x7f6b82381bce03e7cf6af2fb1dcd41993406d4ae,3.0,0x17222c114271db191db21bfcc3c76e3b166876ff,0xba9e9281a9adf656191724f7bef219c96e498b29,Reental-MLG-2
0xad1c20d9d1d3791a947d011b88cb16b05e67640156b51ff332e060a4cdfdd8e5,0x60d595922e964b5cc002b5c207fde25d98d6fcd1,13.16998399,0xf886c9a5b1fc8eddba7c1432b27fce0cf2cf0c6d,0xba9e9281a9adf656191724f7bef219c96e498b29,Reental-VLC-5
0x9b5b152c1dc446478c724ab8ecb1e46d74f775dead9b5638db808388771fbfdb,0xe59dde10d38df397c996bdb1325b6f81684a8b80,1.0,0xce89063272ecce1cda2086670ff94cbc690b8f5f,0xbacbdf53afcb3f1b9697d6876022b5d56ea3eb1f,Reental-DXB-1
0x273f96d52fc44046c30d1d7bdbaebe44f62fa581fa3b79f23a90a355a49df784,0x21ae95a56ef471370ce89a7a4624117f31810927,5.0,0xc0896e0e56d45b3c6d3444bff507adf6f15ee068,0xbde9e6770a6cd8399fffdeb391b16918ee9ae7af,Reental-DNB-1
0xbf4fe699b22169a16f67b05aa3c49da5659118be2961f7c6085fdc01e3cd5f40,0x754f5b74e2639cef67fecec03f4d698470bdc92f,24.89754871,0x42f300e781e98871689f5aef2095c8840cbe6bbd,0xbde9e6770a6cd8399fffdeb391b16918ee9ae7af,Reental-ABD-1
0x43450708df3b48c8255686302f1d86e0d5c1c41d4126bc8c5ef15c9eca855a78,0xca53dd67cfa553d9e31c377602fb217dff9eadff,1.0,0x985702fb3c75a0f45412dbc1937195c28042d92b,0xc0896e0e56d45b3c6d3444bff507adf6f15ee068,Reental-SMA-2
0xf5106c1e807da9b07fb062a74dcf46a54a506795624e452eda91e14a1d1e4c69,0xca53dd67cfa553d9e31c377602fb217dff9eadff,1.0,0x985702fb3c75a0f45412dbc1937195c28042d92b,0xc0896e0e56d45b3c6d3444bff507adf6f15ee068,Reental-SMA-2
0x7794e71cb8264ebb61ebb8af1b358ca786a288b7b5edd5dd02228c516b1baa55,0xca53dd67cfa553d9e31c377602fb217dff9eadff,1.0,0x985702fb3c75a0f45412dbc1937195c28042d92b,0xc0896e0e56d45b3c6d3444bff507adf6f15ee068,Reental-SMA-2
0x30b0b9bfa04ec8720c8941317ed682d3f07f12abc7923bdcecde008fb59dfea4,0xca53dd67cfa553d9e31c377602fb217dff9eadff,1.0,0x985702fb3c75a0f45412dbc1937195c28042d92b,0xc0896e0e56d45b3c6d3444bff507adf6f15ee068,Reental-SMA-2
0x4dd03cd1339f5cb2c0916136b1c4b6e3f9cc2684a8cdf883b7b0064cfe3bfdce,0x49b8f29f17a27ae89121642838e37bc8ce77d2f2,1.0,0x985702fb3c75a0f45412dbc1937195c28042d92b,0xc0896e0e56d45b3c6d3444bff507adf6f15ee068,Reental-SMA-1
0x3399b4898b2e9789a7ddfeb0efbcbca554913142777fd28dc7f84420154f6e15,0x8711b4172ed71d2d4f90e3e2f0cb63726acba8e6,1.0,0x985702fb3c75a0f45412dbc1937195c28042d92b,0xc0896e0e56d45b3c6d3444bff507adf6f15ee068,Reental-JAX-1
0x70604b883ba9c991a20e961426d86f791230d64a062e3cd490605d37af83e229,0x8711b4172ed71d2d4f90e3e2f0cb63726acba8e6,1.0,0x985702fb3c75a0f45412dbc1937195c28042d92b,0xc0896e0e56d45b3c6d3444bff507adf6f15ee068,Reental-JAX-1
0xa3775565efaa723fdcc000390298dc38f0d44618a5c1500611e5f82ec77df7d7,0x6da0652a8481a774f5164612ab0ab18f105ad243,4.27578995,0x3275a41a620de29201b26e60b7306e060e806457,0xc0896e0e56d45b3c6d3444bff507adf6f15ee068,Reental-CLVM-1
0x1594750a6845b06b67e7914e410eeba42588135bcb57354c3a586e35e74cb246,0xad3e1f50590ef6f323caa0cf43f39d28d1d34144,1.0,0x985702fb3c75a0f45412dbc1937195c28042d92b,0xc0896e0e56d45b3c6d3444bff507adf6f15ee068,Reental-JAX-2
0xf7e1a4e8c78079f87a487d561716a5edabb66069230fee6b4afcebb9576479d6,0x3b7455335fc7c3839167ed8fc173405908ffdf15,1.05771286,0xd0b6a9b34097a7a6c3c42540e5a33244dbc9b0a8,0xc0896e0e56d45b3c6d3444bff507adf6f15ee068,Reental-TLM-2
0xaea760e1e42b3978e4beb23a51a5bfd2c951b61385a14290ba2c643e03588230,0xe27f1e1d5ef28f560cbd9500342b24dd989635d2,1.0,0x3460f3e3ecdadb7ca18cc363c1ed05d227fda666,0xc0896e0e56d45b3c6d3444bff507adf6f15ee068,Reental-VLC-1
0xe104aaa63867793d39b5e7fdad194d5e8e8865da7c965002661cb45d194e1111,0xad3e1f50590ef6f323caa0cf43f39d28d1d34144,1.0,0x3460f3e3ecdadb7ca18cc363c1ed05d227fda666,0xc0896e0e56d45b3c6d3444bff507adf6f15ee068,Reental-JAX-2
0x184a049a39f150c9f84fa2e13d28f990426068ef2a70f9af02c971bb6973dbf0,0xad3e1f50590ef6f323caa0cf43f39d28d1d34144,1.0,0xc0896e0e56d45b3c6d3444bff507adf6f15ee068,0xccffa7d14a9dcaa3b63f9cd7395df73563c3a727,Reental-JAX-2
0x082fa02a0cdb2efe123d4989c19003d257bfa5da4457932c230c9e6c7174e359,0xad3e1f50590ef6f323caa0cf43f39d28d1d34144,1.73572407,0xc0896e0e56d45b3c6d3444bff507adf6f15ee068,0xd9a54b209b18f037e7cdbab63ce73909f2127a9a,Reental-JAX-2
0x1eb7b0b4c208a4dc51809983fe0a87483f01040459a12ce2c610c857e02e2521,0xd48b1f302c8eb4a0f691fde99deaa9316d67a7db,1.2863,0xc0896e0e56d45b3c6d3444bff507adf6f15ee068,0xcd85a5512f7d6ecb2d60256f9975b5f52617db57,Reental-JAX-5
0x68a133d04d3719dfc1bc91d75a135dba4b2e610ddcd24a610c7f4aec9724ece9,0x7f6b82381bce03e7cf6af2fb1dcd41993406d4ae,1.0,0xc0896e0e56d45b3c6d3444bff507adf6f15ee068,0xd212a7c928b7a61460d67b96769bb8e38b4a4652,Reental-MLG-2
0xabeaceede264e1209f94284294457e98317aae6f1734f430fa8794930603b1df,0x7f6b82381bce03e7cf6af2fb1dcd41993406d4ae,1.0,0xc0896e0e56d45b3c6d3444bff507adf6f15ee068,0xd212a7c928b7a61460d67b96769bb8e38b4a4652,Reental-MLG-2
0xbfb73851b351978b747cf9cc0ed2082c3062475544657825a299d40058cce2f1,0xff2a9f1731b0243978c5080c34db617a8f5a1ae3,1.0,0xc0896e0e56d45b3c6d3444bff507adf6f15ee068,0xd212a7c928b7a61460d67b96769bb8e38b4a4652,Reental-CDP-1
0x482f5436ff6142afb90da501176ba1735843fe57a23ebe0cec82fe916da8fc28,0x7f6b82381bce03e7cf6af2fb1dcd41993406d4ae,1.0,0xc0896e0e56d45b3c6d3444bff507adf6f15ee068,0xd212a7c928b7a61460d67b96769bb8e38b4a4652,Reental-MLG-2
0xb73f3de655860f604387606a5b8491012299386ef7b31d08fe0567e9d5462d0e,0x2f1026ff5bd94232050364c81d61a2d15e147209,15.79849654,0x82052d854a72fdf229c093ae374ebad7b085e620,0xc0896e0e56d45b3c6d3444bff507adf6f15ee068,Reental-MIA-1
0xe20a92f92a9c4c99dd8d5a69f42c4f7996b897fdc0dc56fa454f672383c74cfd,0xe7d35f9248ea53943765928c0d9dc027a0129f28,1.70020643,0xc0896e0e56d45b3c6d3444bff507adf6f15ee068,0xd212a7c928b7a61460d67b96769bb8e38b4a4652,Reental-MLG-3
0xa68498595fe33b41c22933cf500b4dc68954b9a5988cfafc880afe450bff4b01,0x6da0652a8481a774f5164612ab0ab18f105ad243,1.0,0xc0896e0e56d45b3c6d3444bff507adf6f15ee068,0xf4baf08aee50b3ff26ee76334e8d25d08bdf719f,Reental-CLVM-1
0x5c2e308b806751a7cc427c22dda523abb07c2b589363e3edaeccf57e174dc9b2,0xe7d35f9248ea53943765928c0d9dc027a0129f28,1.0,0xc0896e0e56d45b3c6d3444bff507adf6f15ee068,0xd73d0b5775caf7ff914d8643bc31bbfb1db2f3c6,Reental-MLG-3
0x5b39b9a8e6a0f22cf32878dd8b219ef39d68ee5871df711136ad26f6c35e0432,0x6da0652a8481a774f5164612ab0ab18f105ad243,1.0,0xc0896e0e56d45b3c6d3444bff507adf6f15ee068,0xf4baf08aee50b3ff26ee76334e8d25d08bdf719f,Reental-CLVM-1
0xa8b173f631031f944a2d53ceef52dcf927793665cd848e1a0c172b04da41f2c2,0xe7d35f9248ea53943765928c0d9dc027a0129f28,1.0,0xc0896e0e56d45b3c6d3444bff507adf6f15ee068,0xd212a7c928b7a61460d67b96769bb8e38b4a4652,Reental-MLG-3
0xaadbcd3f2a9a2c8144f67859e9e46a791b9a69456f83c61cd7bc781798122bdc,0x6da0652a8481a774f5164612ab0ab18f105ad243,1.0,0xc0896e0e56d45b3c6d3444bff507adf6f15ee068,0xd212a7c928b7a61460d67b96769bb8e38b4a4652,Reental-CLVM-1
0x0a75f4da45536c37b27ecaf65388f1e9ca6f90ccd688169a7ce782f27158a2f9,0x7aa21fabd73e8d3aa5d5c5994af6b62cfcea3fe4,1.0,0xc0896e0e56d45b3c6d3444bff507adf6f15ee068,0xfb8482d3a050b09d9dd3d3fb44e858864ef649f8,Reental-SHL-1
0xe5c1c7aeb377f4dd11843f66870e7f844f3342d54ec6e1c68ab78350f53bb576,0xf94ca4e007553917d1f80d013d2544ddfbed555c,1.0,0xc0896e0e56d45b3c6d3444bff507adf6f15ee068,0xd212a7c928b7a61460d67b96769bb8e38b4a4652,Reental-MLG-4
0xf401d5634ecc96d45019a25d70cf0d7f9d9493165c9662ae1d2cca8219d0ced6,0xf94ca4e007553917d1f80d013d2544ddfbed555c,1.0,0xc0896e0e56d45b3c6d3444bff507adf6f15ee068,0xe3ea4d6d33d97afa33229647c718111a31529cc9,Reental-MLG-4
0x83e86e5189ecce163dc5a8129f4950dd2531ec630cc3e482aaf43c7edfb16ccf,0x7469b9381bfa8a34bef9dfaad03d75f60947f957,1.0,0xc0896e0e56d45b3c6d3444bff507adf6f15ee068,0xca04b1fdc59b229b31e3eff04ac2d476b283f567,Reental-CDP-3
0xf76d1e5ed6d4cc7655f9dfb9fe593e6a1ca8a82cb86c753a127ec2db13b52d30,0x49b8f29f17a27ae89121642838e37bc8ce77d2f2,1.0,0xc0896e0e56d45b3c6d3444bff507adf6f15ee068,0xd212a7c928b7a61460d67b96769bb8e38b4a4652,Reental-SMA-1
0x844176eaaa84c7a3e42081b4115d76a65e685fb645ad3f5b921eb7689ff4b92d,0x49b8f29f17a27ae89121642838e37bc8ce77d2f2,1.0,0xc0896e0e56d45b3c6d3444bff507adf6f15ee068,0xd212a7c928b7a61460d67b96769bb8e38b4a4652,Reental-SMA-1
0xd5ca8a3d988981dceb66ae08871c9c33f21224170052bc99dd1c673999633d5c,0xa17e89f33e80b506af759f9e493efe29a47ea905,1.15464,0xc0896e0e56d45b3c6d3444bff507adf6f15ee068,0xd212a7c928b7a61460d67b96769bb8e38b4a4652,Reental-VLC-10
0xfcd3a2e64a2b6ef8f179dcfecdf748c6b7c9403b1e190b3796467ee0d459b369,0xe27f1e1d5ef28f560cbd9500342b24dd989635d2,1.0,0xc0896e0e56d45b3c6d3444bff507adf6f15ee068,0xd212a7c928b7a61460d67b96769bb8e38b4a4652,Reental-VLC-1
0x384f288912f9e62b898b67fbed974445eb4ccb1a12dbfc4260c057a004336652,0xca53dd67cfa553d9e31c377602fb217dff9eadff,0.85,0xc0896e0e56d45b3c6d3444bff507adf6f15ee068,0xf992dc441bdd53179f9a9955f92db68da6733bc3,Reental-SMA-2
0xe7a73009b47bdc553aa884caa1e6a695ee78397b02c6b20b984f1fc65e74e95c,0x6bde5421e90a42c6e78faaf3a79e4310a4d6266f,0.15747736,0xdf50cbf0ea828d6d3fb7b59f905a56ec64d5036d,0xc0896e0e56d45b3c6d3444bff507adf6f15ee068,Reental-VLC-11
0x94ec33bf2112ad860d84c0b09d1b2e204294f3e010ca315856543af8581f7263,0x3b7455335fc7c3839167ed8fc173405908ffdf15,1.0,0xc0896e0e56d45b3c6d3444bff507adf6f15ee068,0xc73c1573045a3f1f5cc0afb112147c2d3cca21d8,Reental-TLM-2
0x150b68cb49c388ccac7f4e1c3d9635d74374fcf60ea965d57a794609e67b744d,0xb0825e7a4093d21ed076883f8aca33300631291e,1.0,0xc0896e0e56d45b3c6d3444bff507adf6f15ee068,0xc458a69e832c7be1cec19d5adeb659a69d913000,Reental-MIA-3
0x34c79ceb8948b9ebe1b62542ca3793ce4bb063a698f4dcfb238f0c66b6da4f3c,0xb0825e7a4093d21ed076883f8aca33300631291e,1.24059574,0xc0896e0e56d45b3c6d3444bff507adf6f15ee068,0xd2d74ff193f38a3f69c28cd671d1301538164a12,Reental-MIA-3
0x4b441d8b2623f907af2ff0d96844c1c9dc3b37ad78c7d787c7ef5477446dd25b,0x2f1026ff5bd94232050364c81d61a2d15e147209,5.0,0xb57114b18086ee2f28cabb096e42b67324dd5c70,0xc0896e0e56d45b3c6d3444bff507adf6f15ee068,Reental-MIA-1
0x55ca03e21bed9319d5d3e53530f9410b8dd176de4c79cdae52b2a17529de28da,0x29fdc3434576e188e8131b2ad9cf94d3b3e71f56,1.42689265,0xdf50cbf0ea828d6d3fb7b59f905a56ec64d5036d,0xc0896e0e56d45b3c6d3444bff507adf6f15ee068,Reental-MLG-8
0x4203559786b34bb8875278ca184c468b3a87d20bdde3e1f52905b4669a2577f7,0x29fdc3434576e188e8131b2ad9cf94d3b3e71f56,0.13290006,0xd73d0b5775caf7ff914d8643bc31bbfb1db2f3c6,0xc0896e0e56d45b3c6d3444bff507adf6f15ee068,Reental-MLG-8
0xf1d09971b755a687489aadee4d399a34a2923495e2fedcdad31ea57d533736a1,0xdecfebdaf1131899fb38a53dc63671246220ab7a,7.19028849,0x9b04ba99ad57a8cfc5d1273f4cfe80d67a9bb9bb,0xc0896e0e56d45b3c6d3444bff507adf6f15ee068,Reental-RDO-5
0x7cd86c92d28dd480b59741443cb643d75e53f259c0eb0a96f1e61dc63bcc5677,0xaaad2db2f624dc5a350d579d834b5fe12b2bcd8d,1.0,0xc0896e0e56d45b3c6d3444bff507adf6f15ee068,0xdf50cbf0ea828d6d3fb7b59f905a56ec64d5036d,Reental-YCT-1
0xb020ab34b00cf6517e8e1950faf0654ac8018c2fd548fe7d99c7f6b66ae6ad20,0x8eeb57505999d3092c7b00ad5a5e53b943ad235d,10.0,0xf9c3fa98e7c685ff7964b7a297a7a22cb88eef19,0xc0896e0e56d45b3c6d3444bff507adf6f15ee068,Reental-SLA-2
0x929028f684aba62fcc924305a81bff2dd2a6874cd4ea62c2aa5e7bf54d373f65,0x8eeb57505999d3092c7b00ad5a5e53b943ad235d,5.0,0xf9c3fa98e7c685ff7964b7a297a7a22cb88eef19,0xc0896e0e56d45b3c6d3444bff507adf6f15ee068,Reental-SLA-2
0x7e8e40d557c7e95316b6a300faf99ca95227b17c5bc806265eee3688fa3d005a,0x2f1026ff5bd94232050364c81d61a2d15e147209,6.1000607,0x74ccf6c72f487948447db636daf9bce199499150,0xc0896e0e56d45b3c6d3444bff507adf6f15ee068,Reental-MIA-1
0x9c1558f33c1cf1cefb6c7acb289afdecdb1ebae696fb66c271a0f48be5beb86d,0x2f1026ff5bd94232050364c81d61a2d15e147209,5.12,0xca20609da56c09acb47e7be96a360ef4383d447a,0xc0896e0e56d45b3c6d3444bff507adf6f15ee068,Reental-MIA-1
0x6860bff43e6e3ca8cf046e670383e4e6774e87b6a3a203cf11f62a6852f6428d,0x8a96bf9aa5812ce957aed1f554065b64a545c88a,17.0,0x1913104307837b57c9be9c20ad295e147a60b138,0xc0896e0e56d45b3c6d3444bff507adf6f15ee068,Reental-VLC-12
0x1b68fae86122d713fb7eeb90af6604f75928ff77eef3ba5e5a10be3acee9fc35,0xfb759e0cc5cff4aea606064acd41c71c7c11bf40,6.55338103,0xca20609da56c09acb47e7be96a360ef4383d447a,0xc0896e0e56d45b3c6d3444bff507adf6f15ee068,Reental-BKL-1
0x6507b682b7a46cbaaeb8ae3b94a41592138e61679058bf44c139d5a82ba58c6d,0x2f1026ff5bd94232050364c81d61a2d15e147209,15.0,0x9c0e7f3e623e2daf58f9a343348671d76613af2e,0xc0896e0e56d45b3c6d3444bff507adf6f15ee068,Reental-MIA-1
0xba41642f59eecce3022e49fc07402d274170062e78c7a04cb585577dfb57b489,0x2f1026ff5bd94232050364c81d61a2d15e147209,15.0,0x9c0e7f3e623e2daf58f9a343348671d76613af2e,0xc0896e0e56d45b3c6d3444bff507adf6f15ee068,Reental-MIA-1
0x8b7d260e9701ecb2b8e90a0cf746f0632d45558e9ca6c5474e6299860b1cb8d6,0x21ae95a56ef471370ce89a7a4624117f31810927,3.0,0xc0896e0e56d45b3c6d3444bff507adf6f15ee068,0xc8d87578f9c7005020d82625693ab46932d6491a,Reental-DNB-1
0x781b7c7e4a86e3581c83f1953230a04910b5c7e8c160ef466fffb2baf364b549,0x2f1026ff5bd94232050364c81d61a2d15e147209,10.0,0x9882c1eab4f93473171cbc3571a36ab7e88a3aef,0xc0896e0e56d45b3c6d3444bff507adf6f15ee068,Reental-MIA-1
0xf71b2f5171c45f537d3f7b7d30191368d51e631b4d3bc360ebcbddbd0e86b795,0x2f1026ff5bd94232050364c81d61a2d15e147209,10.0,0x9882c1eab4f93473171cbc3571a36ab7e88a3aef,0xc0896e0e56d45b3c6d3444bff507adf6f15ee068,Reental-MIA-1
0x558f1f20e07f43eb568cb34dde08c1120fdaa9c9ac0b27c2455e657e83ea3b3e,0xa0d99b441a9a5e334b234f31a92b97fa8d663626,10.0,0xc1213762f0b2010721e34a7d3a4e6742f836b462,0xc0896e0e56d45b3c6d3444bff507adf6f15ee068,Reental-YCT-2
0x04a15db227d1cfdc887ccdbb68ac7fcf80cfa370e7e05195fb14e49ca6e84b1d,0xe6e3ff145a6ffcd1dac08472f89164c0c43316b2,11.646,0xe0ac42deb4179f36da21abff215fabe973aedc58,0xc0896e0e56d45b3c6d3444bff507adf6f15ee068,Reental-CMY-1
0x34b1f2d7e020445c90321e52e37c6aff3e05fec6eb75d5109568d76a19b5be2b,0x2f1026ff5bd94232050364c81d61a2d15e147209,2.0,0xc0896e0e56d45b3c6d3444bff507adf6f15ee068,0xdac3758f649449ca21ee02ea272b8ae920fa7c06,Reental-MIA-1
0x57d331e7722d2e06f39408701db94075015a55de8d810ec961b52040befe4a13,0x2f1026ff5bd94232050364c81d61a2d15e147209,2.0,0xc0896e0e56d45b3c6d3444bff507adf6f15ee068,0xdac3758f649449ca21ee02ea272b8ae920fa7c06,Reental-MIA-1
0x6017e6e5796291df4d74abdf1f6a520d4f56bd2e227ce1f99fe671364fd69be7,0x2f1026ff5bd94232050364c81d61a2d15e147209,2.0,0xc0896e0e56d45b3c6d3444bff507adf6f15ee068,0xdac3758f649449ca21ee02ea272b8ae920fa7c06,Reental-MIA-1
0x2f900bfe7e1923d5cd857ebcad861f3c4c12828fec53eee484bbfb491fe6f803,0x2f1026ff5bd94232050364c81d61a2d15e147209,2.0,0xc0896e0e56d45b3c6d3444bff507adf6f15ee068,0xdac3758f649449ca21ee02ea272b8ae920fa7c06,Reental-MIA-1
0xd36eb2da5a9bfecd103dc480ac0fba049ff053fff8fdaabf10f288bddb5e1667,0x2f1026ff5bd94232050364c81d61a2d15e147209,2.0,0xc0896e0e56d45b3c6d3444bff507adf6f15ee068,0xdac3758f649449ca21ee02ea272b8ae920fa7c06,Reental-MIA-1
0xaf4d7b997393c196772fefbdbeddaa4b65fe997fce2da0ae116fee167785b1fc,0x2f1026ff5bd94232050364c81d61a2d15e147209,2.42885724,0xc0896e0e56d45b3c6d3444bff507adf6f15ee068,0xdac3758f649449ca21ee02ea272b8ae920fa7c06,Reental-MIA-1
0x6b9a27aa11496259df481ae92532ebc380c50cf1391f1a616f143b6ebbf351f0,0x2f1026ff5bd94232050364c81d61a2d15e147209,2.0,0xc0896e0e56d45b3c6d3444bff507adf6f15ee068,0xdac3758f649449ca21ee02ea272b8ae920fa7c06,Reental-MIA-1
0xa7c6966d8735bb8a5acb851339e89638cb3210b4731a08dbf96afc19dafcc09a,0x2f1026ff5bd94232050364c81d61a2d15e147209,2.0,0xc0896e0e56d45b3c6d3444bff507adf6f15ee068,0xdac3758f649449ca21ee02ea272b8ae920fa7c06,Reental-MIA-1
0x0ce0598c59fb69579ec35ad1795a75c1e2f5f1a08000829703f9432063d2f191,0x2f1026ff5bd94232050364c81d61a2d15e147209,2.0,0xc0896e0e56d45b3c6d3444bff507adf6f15ee068,0xdac3758f649449ca21ee02ea272b8ae920fa7c06,Reental-MIA-1
0x2fd9c15a8b04354b198c25406b1ad9dcc960bad5a5cf0a1ee29274d46fdae055,0x2f1026ff5bd94232050364c81d61a2d15e147209,1.0,0xc0896e0e56d45b3c6d3444bff507adf6f15ee068,0xdac3758f649449ca21ee02ea272b8ae920fa7c06,Reental-MIA-1
0xe4e899a4bba1cd9d90538d4c0c02cb4cb6b1a373c52e3944cbb089d5ab6f1b09,0x2f1026ff5bd94232050364c81d61a2d15e147209,2.0,0xc0896e0e56d45b3c6d3444bff507adf6f15ee068,0xdac3758f649449ca21ee02ea272b8ae920fa7c06,Reental-MIA-1
0xed650f0cc5f8688c0992cef2386eafb4d067897f0b8e1051914b8fc3876f33d0,0x2f1026ff5bd94232050364c81d61a2d15e147209,2.0,0xc0896e0e56d45b3c6d3444bff507adf6f15ee068,0xdac3758f649449ca21ee02ea272b8ae920fa7c06,Reental-MIA-1
0x1bb40779a091cb4f3da0fc37226cb133eb5151a32f591a5f3ee0e0ce1f2cdb81,0x2f1026ff5bd94232050364c81d61a2d15e147209,2.0,0xc0896e0e56d45b3c6d3444bff507adf6f15ee068,0xdac3758f649449ca21ee02ea272b8ae920fa7c06,Reental-MIA-1
0xdd56bf459243b21bb30d6246cc5d3a555ff92a51f0496e53f4e6274aaac32586,0x2f1026ff5bd94232050364c81d61a2d15e147209,1.0,0xc0896e0e56d45b3c6d3444bff507adf6f15ee068,0xdac3758f649449ca21ee02ea272b8ae920fa7c06,Reental-MIA-1
0x544fab28df9520a1639eaeb00a4abb329ef750d1744f33f76b59863fb1acd9c9,0x21ae95a56ef471370ce89a7a4624117f31810927,1.0,0xc0896e0e56d45b3c6d3444bff507adf6f15ee068,0xdac3758f649449ca21ee02ea272b8ae920fa7c06,Reental-DNB-1
0x5e9e4455cae6b75d211690bc021f0adda0524973220a9412259f417a9e9f4889,0xed923b814f1ea3d42c54dda55ba8edfaba994489,1.0,0xbb5c220d202fd05c696ed73c18e9db175e7a7a5a,0xc0896e0e56d45b3c6d3444bff507adf6f15ee068,Reental-BKL-2
0x8aadac84ace98d88ba0f4407c189853b224bcc77839325b0b80fdab4c55799c1,0x2f1026ff5bd94232050364c81d61a2d15e147209,1.0,0xc0896e0e56d45b3c6d3444bff507adf6f15ee068,0xdac3758f649449ca21ee02ea272b8ae920fa7c06,Reental-MIA-1
0x0b028a6e19b10268a897c7f498238c8beb4610459478fa243e1ea3d6ca32fed1,0xa0d99b441a9a5e334b234f31a92b97fa8d663626,1.0,0xbb5c220d202fd05c696ed73c18e9db175e7a7a5a,0xc0896e0e56d45b3c6d3444bff507adf6f15ee068,Reental-YCT-2
0xcf9911e37548613ab0316569e1bdf7aec3e5f7c4f86c36c70e2d339cb658f847,0x2f1026ff5bd94232050364c81d61a2d15e147209,1.0,0xc0896e0e56d45b3c6d3444bff507adf6f15ee068,0xdac3758f649449ca21ee02ea272b8ae920fa7c06,Reental-MIA-1
0x64e84b40805c44ad8216c69198aef4e664886a83b0aac1f008cd53bb5c51e490,0xa0d99b441a9a5e334b234f31a92b97fa8d663626,1.0,0xbb5c220d202fd05c696ed73c18e9db175e7a7a5a,0xc0896e0e56d45b3c6d3444bff507adf6f15ee068,Reental-YCT-2
0x2061778eff0f2eefe2bb8f86ec565df50dca5860d5de32d5317cfeccc86ab990,0xed923b814f1ea3d42c54dda55ba8edfaba994489,1.0,0xbb5c220d202fd05c696ed73c18e9db175e7a7a5a,0xc0896e0e56d45b3c6d3444bff507adf6f15ee068,Reental-BKL-2
0x42a513e09aa79faf8fb5bdd4cb60071fc50082934624a605879be42a7f292950,0x2f1026ff5bd94232050364c81d61a2d15e147209,1.0,0xc0896e0e56d45b3c6d3444bff507adf6f15ee068,0xdac3758f649449ca21ee02ea272b8ae920fa7c06,Reental-MIA-1
0xa3239a440748a96a17e86613faefd55931e7515b549a574b43f4913256ca8fd0,0x2f1026ff5bd94232050364c81d61a2d15e147209,2.0,0xc0896e0e56d45b3c6d3444bff507adf6f15ee068,0xdac3758f649449ca21ee02ea272b8ae920fa7c06,Reental-MIA-1
0xe6cfb3b467dd13e7fe37ccff51ffe5f1e7be14228e837c41caaff1ea5ac32dc3,0x2f1026ff5bd94232050364c81d61a2d15e147209,2.0,0xc0896e0e56d45b3c6d3444bff507adf6f15ee068,0xdac3758f649449ca21ee02ea272b8ae920fa7c06,Reental-MIA-1
0xb3c8121c6d0c41d7f4a73c2b91ad916ebe3dac9096c615d513f34b74efd6dcc1,0x2f1026ff5bd94232050364c81d61a2d15e147209,2.0,0xc0896e0e56d45b3c6d3444bff507adf6f15ee068,0xdac3758f649449ca21ee02ea272b8ae920fa7c06,Reental-MIA-1
0xbed595628abb2a1bcd737820b9934507e833f7c0b1966f51b126275a0d56ba21,0xa0d99b441a9a5e334b234f31a92b97fa8d663626,1.0,0xbb5c220d202fd05c696ed73c18e9db175e7a7a5a,0xc0896e0e56d45b3c6d3444bff507adf6f15ee068,Reental-YCT-2
0xccac1a2d7c52304eb9e4d40adf84d1d16e4f03132833a950a4759eb233a34280,0xed923b814f1ea3d42c54dda55ba8edfaba994489,1.0,0xbb5c220d202fd05c696ed73c18e9db175e7a7a5a,0xc0896e0e56d45b3c6d3444bff507adf6f15ee068,Reental-BKL-2
0x0d85a8b418e238a0b7de84c3e42ba2f44185c62363fcb6492b29431b5467ac84,0x2f1026ff5bd94232050364c81d61a2d15e147209,2.0,0xc0896e0e56d45b3c6d3444bff507adf6f15ee068,0xdac3758f649449ca21ee02ea272b8ae920fa7c06,Reental-MIA-1
0x238849269578bef1dce5764b9cf6c404efd22858faf5a2e7d256db05c609131b,0xed923b814f1ea3d42c54dda55ba8edfaba994489,1.0,0xbb5c220d202fd05c696ed73c18e9db175e7a7a5a,0xc0896e0e56d45b3c6d3444bff507adf6f15ee068,Reental-BKL-2
0x95d5556c8ebb9c605f2a89341292987efc3f454248ec9f0b5edc739703fb37a9,0x2f1026ff5bd94232050364c81d61a2d15e147209,2.0,0xc0896e0e56d45b3c6d3444bff507adf6f15ee068,0xdac3758f649449ca21ee02ea272b8ae920fa7c06,Reental-MIA-1
0xe99c3e5e4aaf076c7a6cab60e92275eb91c92fde294ddb446d62dee75e6cfe89,0xfb759e0cc5cff4aea606064acd41c71c7c11bf40,2.79993686,0x3f9ed6a481392a65009697131b12518b8cb8ce1f,0xc0896e0e56d45b3c6d3444bff507adf6f15ee068,Reental-BKL-1
0x4afff4275e059ec42041bd5241e33357b3c6b0fb13672622610417ab64f63297,0xf8657256c5cd5fdb044e55d1ec39e9b8c969dbf1,1.04462938,0x3f9ed6a481392a65009697131b12518b8cb8ce1f,0xc0896e0e56d45b3c6d3444bff507adf6f15ee068,Reental-PAZ-1
0x6a12002edee54b287f67bd0489b0d52b4f7166e6e026532053d326c58d8b3509,0x4adaee2dae690cf8f3915f1c1963f16d239c5e11,1.74996434,0x3f9ed6a481392a65009697131b12518b8cb8ce1f,0xc0896e0e56d45b3c6d3444bff507adf6f15ee068,Reental-MRB-1
0x6627a9d6049211dac3b2c75356193648e06df72e9981e4bb8f8fccbaf217433d,0xa0d99b441a9a5e334b234f31a92b97fa8d663626,5.0,0xeb3b721abc9b9a2f323fbeef666934481266714e,0xc0896e0e56d45b3c6d3444bff507adf6f15ee068,Reental-YCT-2
0x84b1477fb7a2e1aa5266390940be4cca16446462be893c94b5901c8d988ac112,0x2f1026ff5bd94232050364c81d61a2d15e147209,2.0,0xc0896e0e56d45b3c6d3444bff507adf6f15ee068,0xc8d87578f9c7005020d82625693ab46932d6491a,Reental-MIA-1
0xd876ab6cd4452a3fa382ddd50e321a171227ebe5291165c33e5f7378c09e759d,0x2f1026ff5bd94232050364c81d61a2d15e147209,2.0,0xc0896e0e56d45b3c6d3444bff507adf6f15ee068,0xc8d87578f9c7005020d82625693ab46932d6491a,Reental-MIA-1
0x4742f98b41223911ac02fb544d74b9d518e31e0b99b10b9fcaf155ae155945df,0xa0d99b441a9a5e334b234f31a92b97fa8d663626,10.0,0x9c0e7f3e623e2daf58f9a343348671d76613af2e,0xc0896e0e56d45b3c6d3444bff507adf6f15ee068,Reental-YCT-2
0xc07df2a53b022b81e0172960e0ac52bd883be40af08f9639d21db8e8304ce582,0x2f1026ff5bd94232050364c81d61a2d15e147209,4.0,0xc0896e0e56d45b3c6d3444bff507adf6f15ee068,0xd8587cb46264d0643f6728af958db226cc1ff578,Reental-MIA-1
0x9ff90faee870305e0cddc1e0901f40361c99f6523fcb585631f6c0c0ebc1de2b,0xe6e3ff145a6ffcd1dac08472f89164c0c43316b2,4.998,0xf3b9739ed70e548f8e30e81746c80bc6c74edd1a,0xc0896e0e56d45b3c6d3444bff507adf6f15ee068,Reental-CMY-1
0xd4b7443691a5596cd59449441fd58edc59f48411847a7b528fdbc9afa1e7ba73,0x27af98ebba782af75981dda63d43e90e45dbcd30,2.0,0xf3b9739ed70e548f8e30e81746c80bc6c74edd1a,0xc0896e0e56d45b3c6d3444bff507adf6f15ee068,Reental-CMY-2
0x80c98c4fe968aa6b544a0d2cfcab688f12a43987a4001ea436959a40c5c94e05,0xaca38d593f7775334fa1b84a865f19396f62f760,4.80462888,0xc0e8b90c8ab3be3a6afdaf09c47b76f2e530da29,0xee21cb5ad21b519849e2a14c1555ca9e00a4f67f,Reental-MLG-6
0xbeba6285ed1a7f347738fcba5376684ef0c700c42ef89ee5e07e322caa59da50,0xb5a1a4f29b7376c091d6f4c7689be4b7cd5a6d98,3.0,0x74ccf6c72f487948447db636daf9bce199499150,0xc0edf7382937a736c8deaa527e7c50c650506345,Reental-VLC-6
0xff14290a6ede3c8f35c758179f22a863efd833ca48a001103db6fb4c0d5d938d,0x68f73061bdf369c2562f4c0ea4e940f362d1a97f,0.48731783,0xf886c9a5b1fc8eddba7c1432b27fce0cf2cf0c6d,0xc0edf7382937a736c8deaa527e7c50c650506345,Reental-ATL-1
0xb481140c9b1b76be3bcd12ccecf69fa95a40342595289b018b69c732dd8a2129,0xe56ff2dff2c2e95511f0bef4b3d92da05e8197c0,1.79111645,0xc76d16142b13f2497a0d820bef503c4403970879,0xc0edf7382937a736c8deaa527e7c50c650506345,Reental-HOU-2
0x73cadc1ff2fc8fe6159b90dd886e65be3f4c0d920ec779c62dc98472662f3a2e,0x68f73061bdf369c2562f4c0ea4e940f362d1a97f,1.81152879,0xc76d16142b13f2497a0d820bef503c4403970879,0xc0edf7382937a736c8deaa527e7c50c650506345,Reental-ATL-1
0x407114a1db16b6d1bbf3e0208fca955dcf905ed28c5939a7c6f954c4b6237d2f,0xe7d35f9248ea53943765928c0d9dc027a0129f28,1.0,0xd212a7c928b7a61460d67b96769bb8e38b4a4652,0xc0edf7382937a736c8deaa527e7c50c650506345,Reental-MLG-3
0x2359802eb50de3988efe7a1745a7925c08e6d9024f8ac443680240f77438abff,0xaca38d593f7775334fa1b84a865f19396f62f760,1.0,0xd212a7c928b7a61460d67b96769bb8e38b4a4652,0xc0edf7382937a736c8deaa527e7c50c650506345,Reental-MLG-6
0xd9ee62450d88062036ac4b7ca96c2adc60cee15a9cebbbcbe76af804bfd27315,0xf94ca4e007553917d1f80d013d2544ddfbed555c,2.234549,0xec2797928a075ac322e0a1f2fca0f253b961b9b5,0xc0edf7382937a736c8deaa527e7c50c650506345,Reental-MLG-4
0x4c98d3c59cc933739640726114e4188622d6446d4ed64e762bd18dedd4ccd5b8,0x7f6b82381bce03e7cf6af2fb1dcd41993406d4ae,5.0,0xca20609da56c09acb47e7be96a360ef4383d447a,0xc0edf7382937a736c8deaa527e7c50c650506345,Reental-MLG-2
0xf2ce1782b31cd2d3d898fb9c70a4518d6bbba8b4637516d91422d709c0ca5365,0xa1bf01d5fdb5ae190853f49585eea6c910eb8937,5.0,0xca20609da56c09acb47e7be96a360ef4383d447a,0xc0edf7382937a736c8deaa527e7c50c650506345,Reental-SVQ-4
0x4ffaffcb710b483935da58612eb4b0e38b48e9eb480d441592baefa25912c712,0x4adaee2dae690cf8f3915f1c1963f16d239c5e11,2.0,0xeb4ea3b80a787863c729fc6c28b68c64a5a27089,0xc0edf7382937a736c8deaa527e7c50c650506345,Reental-MRB-1
0x6a7cc124a4bb275a3ce16d731c6a30bd73b9a08ee5edcc1c06035cf2f071ecf3,0x33be67454ae817337db15877fd4106c5cd5206c5,3.38927205,0xeb4ea3b80a787863c729fc6c28b68c64a5a27089,0xc0edf7382937a736c8deaa527e7c50c650506345,Reental-MLG-5
0xe43bfb558a178ca06dac3c72184cc723bb7aed7aad92174c23648e5b8de81ed0,0x4adaee2dae690cf8f3915f1c1963f16d239c5e11,2.0,0xeb4ea3b80a787863c729fc6c28b68c64a5a27089,0xc0edf7382937a736c8deaa527e7c50c650506345,Reental-MRB-1
0x428faa59cabf4bed05246fb7a89728a3981b2b5715d925aa3597a025c94a0f67,0xbaea3b53056d42c763d14bef94b39ada218c2dbd,1.0,0xd212a7c928b7a61460d67b96769bb8e38b4a4652,0xc0edf7382937a736c8deaa527e7c50c650506345,Reental-VLC-7
0x3218b7593ffeed3b43bb9b4ab574ad5305f604486f96cef1e9c68b1a93f9ebd7,0x7f6b82381bce03e7cf6af2fb1dcd41993406d4ae,1.07769338,0xc1213762f0b2010721e34a7d3a4e6742f836b462,0xd212a7c928b7a61460d67b96769bb8e38b4a4652,Reental-MLG-2
0xb8a8666969ddec6428b7b3bc377ba09cdc1280c10ba77d734326905db29131fb,0xaca38d593f7775334fa1b84a865f19396f62f760,2.16700135,0xc1213762f0b2010721e34a7d3a4e6742f836b462,0xd212a7c928b7a61460d67b96769bb8e38b4a4652,Reental-MLG-6
0xe5b2d71a1a00e9df1f4967d94dc0e58db554e459193fe55c8ab0ca6fec54f103,0x7469b9381bfa8a34bef9dfaad03d75f60947f957,5.0,0xc1213762f0b2010721e34a7d3a4e6742f836b462,0xd212a7c928b7a61460d67b96769bb8e38b4a4652,Reental-CDP-3
0x51a0b9a5e5af97f13a88e4df7d1d0554c9b2328442ec10839f9b79c27e216e76,0xa0d99b441a9a5e334b234f31a92b97fa8d663626,2.0,0xc1213762f0b2010721e34a7d3a4e6742f836b462,0xf459185178c49adc9e16bb23f3e78e1a8c7ea190,Reental-YCT-2
0x26d1f34864740c967fddb4b64c444fe11d85e2aa9532a7f2c931e17743e72cab,0xa0d99b441a9a5e334b234f31a92b97fa8d663626,2.0,0xc1213762f0b2010721e34a7d3a4e6742f836b462,0xf459185178c49adc9e16bb23f3e78e1a8c7ea190,Reental-YCT-2
0x6008d360cc8b760d7875410a57e2644b271779e1f818662db3f88db7fa62705d,0xa0d99b441a9a5e334b234f31a92b97fa8d663626,2.0,0xc1213762f0b2010721e34a7d3a4e6742f836b462,0xf459185178c49adc9e16bb23f3e78e1a8c7ea190,Reental-YCT-2
0x48ba8eccae2a4a548932325fe8e697a6996cdc35407efc86decbf92c877ca97a,0xfb759e0cc5cff4aea606064acd41c71c7c11bf40,2.0,0xc1213762f0b2010721e34a7d3a4e6742f836b462,0xf459185178c49adc9e16bb23f3e78e1a8c7ea190,Reental-BKL-1
0xfdda146e0f4b410dbf3c756e02eddaa950226570b7f0509c0a5fbe55f5af3f69,0xa0d99b441a9a5e334b234f31a92b97fa8d663626,2.0,0xc1213762f0b2010721e34a7d3a4e6742f836b462,0xf459185178c49adc9e16bb23f3e78e1a8c7ea190,Reental-YCT-2
0xeb12aaa2daabe1dca2844f33c6afd2df71282ce1d1a6894255c73ebb5e4cedb1,0xa0d99b441a9a5e334b234f31a92b97fa8d663626,2.0,0xc1213762f0b2010721e34a7d3a4e6742f836b462,0xf459185178c49adc9e16bb23f3e78e1a8c7ea190,Reental-YCT-2
0x36052d4a324014f7e191ae12ce36a4e526414044ab3d85783d2020e6beb5362e,0x55cb210f496df649fd283aa93a360e24fdb40964,16.01654465,0xee21cb5ad21b519849e2a14c1555ca9e00a4f67f,0xc1213762f0b2010721e34a7d3a4e6742f836b462,Reental-BPT-1
0x10a69cd203444c484fe5e027a6b5f6a2dbdbe7329e8a619ba088762146b82609,0x9c09c8525c5baa3b254cb0a60d3565cfbd5c9f28,7.61905368,0xec2797928a075ac322e0a1f2fca0f253b961b9b5,0xc1213762f0b2010721e34a7d3a4e6742f836b462,Reental-JAX-3
0x4897f5b7a90dc77823648114e08d5191d29db0df44221479f44680df89610f68,0xad3e1f50590ef6f323caa0cf43f39d28d1d34144,2.21,0xec2797928a075ac322e0a1f2fca0f253b961b9b5,0xc1213762f0b2010721e34a7d3a4e6742f836b462,Reental-JAX-2
0xb12a47e7ff7828e9b5f43d41f10bd32f466823949c3765b9576c902eb1d2710c,0x8711b4172ed71d2d4f90e3e2f0cb63726acba8e6,2.0,0xec2797928a075ac322e0a1f2fca0f253b961b9b5,0xc1213762f0b2010721e34a7d3a4e6742f836b462,Reental-JAX-1
0x92e987dc73ce63ce27397349e143ec573fc38bef4ec6b1ac9cff7a0cfb42096b,0xa0d99b441a9a5e334b234f31a92b97fa8d663626,2.0,0xc1213762f0b2010721e34a7d3a4e6742f836b462,0xdf50cbf0ea828d6d3fb7b59f905a56ec64d5036d,Reental-YCT-2
0x6eea5f401854ce4c8242f4c7b81660fe6d29d16f80df6977f81afd380adb12fc,0xa0d99b441a9a5e334b234f31a92b97fa8d663626,2.0,0xc1213762f0b2010721e34a7d3a4e6742f836b462,0xdf50cbf0ea828d6d3fb7b59f905a56ec64d5036d,Reental-YCT-2
0x696203dc4489887814c394441cb71c3c5c648144c8b8bc4384a336f296a6977e,0xa0d99b441a9a5e334b234f31a92b97fa8d663626,2.0,0xc1213762f0b2010721e34a7d3a4e6742f836b462,0xdf50cbf0ea828d6d3fb7b59f905a56ec64d5036d,Reental-YCT-2
0xdf9f50b9305db2e5369005f25ef3c38548344d7d282ae6fcf46cae4ad70c50d0,0xa0d99b441a9a5e334b234f31a92b97fa8d663626,2.0,0xc1213762f0b2010721e34a7d3a4e6742f836b462,0xdf50cbf0ea828d6d3fb7b59f905a56ec64d5036d,Reental-YCT-2
0xcc5c1df5d96732c171bcf43a4f2de8593a8f6aba20df0026f8e9904c1183e1ca,0xa0d99b441a9a5e334b234f31a92b97fa8d663626,2.0,0xc1213762f0b2010721e34a7d3a4e6742f836b462,0xdf50cbf0ea828d6d3fb7b59f905a56ec64d5036d,Reental-YCT-2
0xec19bf6c966babd5494d841a13dcae4555cb934229421e490806a945d73d87c9,0xa0d99b441a9a5e334b234f31a92b97fa8d663626,2.0,0xc1213762f0b2010721e34a7d3a4e6742f836b462,0xdf50cbf0ea828d6d3fb7b59f905a56ec64d5036d,Reental-YCT-2
0x413891649dd3d8986c1934f8da02f329887637752578515e0cdbf957a6e53054,0xa0d99b441a9a5e334b234f31a92b97fa8d663626,2.0,0xc1213762f0b2010721e34a7d3a4e6742f836b462,0xdf50cbf0ea828d6d3fb7b59f905a56ec64d5036d,Reental-YCT-2
0x1096fbe144054778d97e0be7c263b732408e6ea83d5b103a53bc3183f9407cc5,0xa0d99b441a9a5e334b234f31a92b97fa8d663626,2.0,0xc1213762f0b2010721e34a7d3a4e6742f836b462,0xdf50cbf0ea828d6d3fb7b59f905a56ec64d5036d,Reental-YCT-2
0xe1a40b8714ab254573c57377fa060e729d9e50ffb6fb4d68d669bc98a59cd238,0xdecfebdaf1131899fb38a53dc63671246220ab7a,3.34115356,0x17222c114271db191db21bfcc3c76e3b166876ff,0xc1213762f0b2010721e34a7d3a4e6742f836b462,Reental-RDO-5
0xe9a1513db4e764f06190ec4e6c5fe76d700c0ad326b198c191f9b1e5dc9cd9e3,0xfb759e0cc5cff4aea606064acd41c71c7c11bf40,16.5,0xde17c80961aa748f4e61a5b2ee612c7dbb4cd0c7,0xc1213762f0b2010721e34a7d3a4e6742f836b462,Reental-BKL-1
0x89cfeb10fb8ca0e270d04bc2925a0b7238510dec16283ecb8e17e83cfeb00c3a,0x4adaee2dae690cf8f3915f1c1963f16d239c5e11,30.0,0xde17c80961aa748f4e61a5b2ee612c7dbb4cd0c7,0xc1213762f0b2010721e34a7d3a4e6742f836b462,Reental-MRB-1
0x72bc93a538b08b70a85dfbcbab418c870e2b316fa18a6b9e1052ab95e5d59855,0xfb759e0cc5cff4aea606064acd41c71c7c11bf40,5.0,0xc1213762f0b2010721e34a7d3a4e6742f836b462,0xdf50cbf0ea828d6d3fb7b59f905a56ec64d5036d,Reental-BKL-1
0xed37cf7331900e3e59db8699a109c1527e2cefa45792af585dbe3f8cb107660b,0x4adaee2dae690cf8f3915f1c1963f16d239c5e11,5.0,0xc1213762f0b2010721e34a7d3a4e6742f836b462,0xf4baf08aee50b3ff26ee76334e8d25d08bdf719f,Reental-MRB-1
0x27647a1937f90036079ace8fb202ee03c2f9ee11d3aa80ec2d5c39b0edfe98d1,0xe59dde10d38df397c996bdb1325b6f81684a8b80,11.5,0x91b449094033dbdd4a077307bd73c46d4de75a0e,0xc1213762f0b2010721e34a7d3a4e6742f836b462,Reental-DXB-1
0x11e68b5812989bbf10a746e4750cc38895e2a15ff38590e0f990027735cb9835,0xe59dde10d38df397c996bdb1325b6f81684a8b80,5.0,0xc1213762f0b2010721e34a7d3a4e6742f836b462,0xd22181fb1937cc733fe7a7677026bb8cbedf34a8,Reental-DXB-1
0x56a4c41a8398aab5f79459af743de1369ab042957d523c7484ad46dbb5bbea8c,0x49b8f29f17a27ae89121642838e37bc8ce77d2f2,2.0,0xe2c864f2e2681f0803a5b0f45012f608abc9ea22,0xc1213762f0b2010721e34a7d3a4e6742f836b462,Reental-SMA-1
0x96c84266b1f2db591c787d46e9fc398e85b7b9256feeea4eeb6a2c9035e3e170,0xdecfebdaf1131899fb38a53dc63671246220ab7a,2.0,0xe2c864f2e2681f0803a5b0f45012f608abc9ea22,0xc1213762f0b2010721e34a7d3a4e6742f836b462,Reental-RDO-5
0x141c8a2dd86e52bdece12c4bb316457dca6640733eef09379f8c5e67588cc0f8,0x55cb210f496df649fd283aa93a360e24fdb40964,1.02687718,0xf7d3247971ef50f5974bcc98bea2a93cac4bad91,0xc1213762f0b2010721e34a7d3a4e6742f836b462,Reental-BPT-1
0x29092f6bb4a53f7b00ebf22ce71b7118b2ace0dbf25250555a28554716d3a846,0xa0d99b441a9a5e334b234f31a92b97fa8d663626,5.0,0xc1213762f0b2010721e34a7d3a4e6742f836b462,0xdf50cbf0ea828d6d3fb7b59f905a56ec64d5036d,Reental-YCT-2
0x6eb467093c449d4a37e6355b427a4e4e8af3b7c9cf66e261735a0e8caa1aea4d,0xa0d99b441a9a5e334b234f31a92b97fa8d663626,10.0,0xc1213762f0b2010721e34a7d3a4e6742f836b462,0xce89063272ecce1cda2086670ff94cbc690b8f5f,Reental-YCT-2
0xe2a0991a080015d9656d73e24cd681f4a2b95d18120afe3b0614e8fe243a99e2,0xa0d99b441a9a5e334b234f31a92b97fa8d663626,10.0,0xc1213762f0b2010721e34a7d3a4e6742f836b462,0xf9c3fa98e7c685ff7964b7a297a7a22cb88eef19,Reental-YCT-2
0x180e4a90e16b43cdc23798af67a9645ca44ebe366c97780359a93a195db993c0,0xa0d99b441a9a5e334b234f31a92b97fa8d663626,10.0,0xc1213762f0b2010721e34a7d3a4e6742f836b462,0xf9c3fa98e7c685ff7964b7a297a7a22cb88eef19,Reental-YCT-2
0x8d7270ac8610caa23efd592217e4c691598350405dca4800d58fb8a78bef4643,0xa0d99b441a9a5e334b234f31a92b97fa8d663626,10.0,0xc1213762f0b2010721e34a7d3a4e6742f836b462,0xf9c3fa98e7c685ff7964b7a297a7a22cb88eef19,Reental-YCT-2
0x264a8da706f97d3e712cce0fb0d6c066a6214563eb9d3505e538b14cc68ecd2a,0xa0d99b441a9a5e334b234f31a92b97fa8d663626,10.0,0xc1213762f0b2010721e34a7d3a4e6742f836b462,0xf9c3fa98e7c685ff7964b7a297a7a22cb88eef19,Reental-YCT-2
0xb5c3ddf3848856c9cdc40cca67a74354c13675809462b3a6c33bbb94c2c1a220,0xe6e3ff145a6ffcd1dac08472f89164c0c43316b2,2.00603334,0x6242a6856dea19ee41e3ced053e3ae30ff2958af,0xc1213762f0b2010721e34a7d3a4e6742f836b462,Reental-CMY-1
0x2a88ad1d9ed4675a3a95dd48ee14d7e9ec5b701962b69b367bb23c21890ae3f2,0xc48b58aae1fb770a8655e44de960eb7dc84a5de9,3.0,0xf9c3fa98e7c685ff7964b7a297a7a22cb88eef19,0xc1213762f0b2010721e34a7d3a4e6742f836b462,Reental-RET-1
0x3e9d2330c07ed6309dbc56fc0e835196437c3f1e670ae1aedb891f084997dba2,0xc48b58aae1fb770a8655e44de960eb7dc84a5de9,5.0,0xf9c3fa98e7c685ff7964b7a297a7a22cb88eef19,0xc1213762f0b2010721e34a7d3a4e6742f836b462,Reental-RET-1
0x49736ddc46aaf6a53c5029fb95475ba2e1f15603ef3b15fca877d3b486b4a9a1,0xc48b58aae1fb770a8655e44de960eb7dc84a5de9,4.0,0xf9c3fa98e7c685ff7964b7a297a7a22cb88eef19,0xc1213762f0b2010721e34a7d3a4e6742f836b462,Reental-RET-1
0x5b7c658596b56320e9e68ded51965b89160599f8657e9b0f2738b83bff86e94f,0xa0d99b441a9a5e334b234f31a92b97fa8d663626,10.0,0xeb3b721abc9b9a2f323fbeef666934481266714e,0xc1213762f0b2010721e34a7d3a4e6742f836b462,Reental-YCT-2
0xa36792c19bd90c6f89c5fc10dacd6ef43c0da812f74f53cdef6bd9e2cb7ff9f1,0x243e4bacc4b4d61b87816c945544286eb29125c6,16.99521281,0xc3a8e0c76574defbba0d65994c7efa17182122dc,0xc1213762f0b2010721e34a7d3a4e6742f836b462,Reental-CME-1
0xa1ec635df89bde2cf9faddd3f57af0d557898ca38b615c8efc0396403e95df1d,0x243e4bacc4b4d61b87816c945544286eb29125c6,6.64027247,0xcfef84696c0df6b3f2fa6b780b21551241715f72,0xc1213762f0b2010721e34a7d3a4e6742f836b462,Reental-CME-1
0xf1c3cbbd0e3696b809a34da0230c151d3a3a2ba9e9452811db522b96620b750d,0xa0d99b441a9a5e334b234f31a92b97fa8d663626,5.0,0xc1213762f0b2010721e34a7d3a4e6742f836b462,0xdf50cbf0ea828d6d3fb7b59f905a56ec64d5036d,Reental-YCT-2
0xb81aae94c5611d248d5895dc56a55eb10413f17950deb287ac678834771bf8db,0xa0d99b441a9a5e334b234f31a92b97fa8d663626,5.0,0xc1213762f0b2010721e34a7d3a4e6742f836b462,0xc6ee11a454cf4e3523f5bf18c1e634a20e2eec26,Reental-YCT-2
0x889fa8326a0b103f41a516112c95263d47bc115d9173018b14de2e5c8dbd59af,0xa0d99b441a9a5e334b234f31a92b97fa8d663626,5.0,0xc1213762f0b2010721e34a7d3a4e6742f836b462,0xdf50cbf0ea828d6d3fb7b59f905a56ec64d5036d,Reental-YCT-2
0x329ad4eaedef8be0502f91babe5ea193e2080f484586bfadaac5cb75a83c18a6,0xa0d99b441a9a5e334b234f31a92b97fa8d663626,5.0,0xc1213762f0b2010721e34a7d3a4e6742f836b462,0xdf50cbf0ea828d6d3fb7b59f905a56ec64d5036d,Reental-YCT-2
0x4470e6a94adb89cd66e70e491ef39fd6f5d861a65f65f38d5db4fed09945d8a2,0xa0d99b441a9a5e334b234f31a92b97fa8d663626,5.0,0xc1213762f0b2010721e34a7d3a4e6742f836b462,0xdf50cbf0ea828d6d3fb7b59f905a56ec64d5036d,Reental-YCT-2
0x8c3e992d78cb944a4636d07328263103def7b5d0bbf2ceb52bb4abe37deb2fe6,0xa0d99b441a9a5e334b234f31a92b97fa8d663626,5.0,0xc1213762f0b2010721e34a7d3a4e6742f836b462,0xdf50cbf0ea828d6d3fb7b59f905a56ec64d5036d,Reental-YCT-2
0x201e4dd542cbc8c1a5603d619802a9c617d7fab0d7af6353804b4d07acbc76f8,0xa0d99b441a9a5e334b234f31a92b97fa8d663626,5.0,0xc1213762f0b2010721e34a7d3a4e6742f836b462,0xdf50cbf0ea828d6d3fb7b59f905a56ec64d5036d,Reental-YCT-2
0x8f95ef1b9785786b912c764974fe03face6063ef8ace66f2b2293c2c987c0b2e,0xa0d99b441a9a5e334b234f31a92b97fa8d663626,5.0,0xc1213762f0b2010721e34a7d3a4e6742f836b462,0xdf50cbf0ea828d6d3fb7b59f905a56ec64d5036d,Reental-YCT-2
0xefc9f2d89b330d1a1f5dc4d22a7e689deb7b2b1f45d721ab38c73f9543cc0d79,0xa0d99b441a9a5e334b234f31a92b97fa8d663626,2.86,0xc1213762f0b2010721e34a7d3a4e6742f836b462,0xdf50cbf0ea828d6d3fb7b59f905a56ec64d5036d,Reental-YCT-2
0x18c828fbe609b34985c7bae2aa90a4772bc2e5a7425880d7236c48f9d1731f5c,0xe59dde10d38df397c996bdb1325b6f81684a8b80,5.0,0xce89063272ecce1cda2086670ff94cbc690b8f5f,0xc174548fdecc4439917c9221b04f528f21fa06ed,Reental-DXB-1
0x698b3634ed5f8b5d12a5a20938646e90361cdd7a1a0ca472e6d8ad082c643b69,0xe59dde10d38df397c996bdb1325b6f81684a8b80,2.196,0xce89063272ecce1cda2086670ff94cbc690b8f5f,0xc174548fdecc4439917c9221b04f528f21fa06ed,Reental-DXB-1
0x10e26e9abb994145fec7efa9ed7a4ff9618949305786d3038019c06122dd64fa,0x2a8bbc241849431e9cc7c4dbea9c05dfac2de553,5.0,0xce89063272ecce1cda2086670ff94cbc690b8f5f,0xc174548fdecc4439917c9221b04f528f21fa06ed,Reental-GRX-3
0x5f2748196fac8b56915f3df5479695ee404af3c234b77818d4d7e729e86adb99,0xc48b58aae1fb770a8655e44de960eb7dc84a5de9,5.0,0xc20b4d3f8d4594769cb01fb24b8a4eeaf64866ef,0xd212a7c928b7a61460d67b96769bb8e38b4a4652,Reental-RET-1
0x922dc244430f9e422aa42feb48d982e51c209258fb770c15c5a4cc88f58b752e,0x46182d6937ed8cf2707e187b61b654e8ca59c7b5,1.66580679,0x8bdf687599153a62dbb6e0d85c0c81c98f408d2d,0xc20b4d3f8d4594769cb01fb24b8a4eeaf64866ef,Reental-DXB-2
0x716649f4292036f52e0cfa4ee637ba05474f2e34c0d3263fe96a269bee473ab5,0xdfd7413a5d54d96312109a9d56b3bead8a786ff3,17.04419147,0xc3a8e0c76574defbba0d65994c7efa17182122dc,0xe2c864f2e2681f0803a5b0f45012f608abc9ea22,Reental-LVT-2
0x87d5f4308d718364c28983e4bf81a241f0f1c83c20853481ad8fbbe2fc54b377,0xca53dd67cfa553d9e31c377602fb217dff9eadff,2.40042366,0x520ac4511b4748af08acd2541d2a0d73a91412a5,0xc3d5be118775e26ab22a63f33d75a431e52538a0,Reental-SMA-2
0x14d587a11c9a55e891dc95c644f0667a727622d49d05b2adc8adce20955c3b45,0x954229f463f73a857fddc346857771c1ef3f7c00,0.23944531,0x6f6aad8d226ba66e7d7f46e32a6819c7e5cd60f3,0xc458a69e832c7be1cec19d5adeb659a69d913000,Reental-RDO-4
0x14b6f3a8566a24611cf4bce22869b51c9820f190780f557476ac47b2bb877df2,0x3b7455335fc7c3839167ed8fc173405908ffdf15,3.0,0x6107da77b7e200de44af71de2e6dbd5faddfcc8c,0xc5be371a0fedbd2fde487593d40b172a4c4505eb,Reental-TLM-2
0x7aa5db934b81920c28f2ec1169fcb3dd0ca8b5c9f3c3484f38752ecc37d592ce,0x33be67454ae817337db15877fd4106c5cd5206c5,0.21118614,0x840485ea36dc71c48265756b23f5751a8ac05dc5,0xc6d6101337fd2900aa3899c14c5266b47ddc6518,Reental-MLG-5
0x591df39a8783893264a0df023d9e78cde90e1fb1ccef7f5f247d8d843f2f6b83,0x2f1026ff5bd94232050364c81d61a2d15e147209,6.0,0x8cee3efeb21d1cc84d6bc1168812dcba11eaee05,0xc6ee11a454cf4e3523f5bf18c1e634a20e2eec26,Reental-MIA-1
0x55d303276c85916a5fb1b7767ce1abbb4c1e63890a12e03fa4d55b39cd2e7d02,0x3b7455335fc7c3839167ed8fc173405908ffdf15,8.0,0x8cee3efeb21d1cc84d6bc1168812dcba11eaee05,0xc6ee11a454cf4e3523f5bf18c1e634a20e2eec26,Reental-TLM-2
0xcfb679c2553e85b526854b5aaea9d85926722a962323429136f15c560f8d860c,0xcc4c1ce8d335bd40a0acf17b9ab08c030cc299aa,1.0,0xc6ee11a454cf4e3523f5bf18c1e634a20e2eec26,0xd212a7c928b7a61460d67b96769bb8e38b4a4652,Reental-PRO-100
0x40910a19817f913a63a2c0212312b591e4582a6810a071b579cfdeccd59d492b,0xed923b814f1ea3d42c54dda55ba8edfaba994489,6.47254963,0xc195e3a4447f3cb3becd6d9895a04a23372af2c3,0xc6ee11a454cf4e3523f5bf18c1e634a20e2eec26,Reental-BKL-2
0x5e6917dae3c61e701de100426c3a50c55d39239a080665865d0c27b84c938d97,0x29fdc3434576e188e8131b2ad9cf94d3b3e71f56,1.0,0xce89063272ecce1cda2086670ff94cbc690b8f5f,0xc6ee11a454cf4e3523f5bf18c1e634a20e2eec26,Reental-MLG-8
0x00e278a4b9fa82d1aab7a484613a45a3b7095be330d1aad1249a541d0be1345d,0x29fdc3434576e188e8131b2ad9cf94d3b3e71f56,1.0,0xce89063272ecce1cda2086670ff94cbc690b8f5f,0xc6ee11a454cf4e3523f5bf18c1e634a20e2eec26,Reental-MLG-8
0xfaaf32c3b9053accb409fa4dff26a4036433c2cc5539d2fa17d08b639df15a95,0x46182d6937ed8cf2707e187b61b654e8ca59c7b5,3.0,0xf9c3fa98e7c685ff7964b7a297a7a22cb88eef19,0xc6ee11a454cf4e3523f5bf18c1e634a20e2eec26,Reental-DXB-2
0x90c528e8c3d416a9449ee12f69450336265b8f25642158f834a42598447a328c,0xfb759e0cc5cff4aea606064acd41c71c7c11bf40,5.0,0xce89063272ecce1cda2086670ff94cbc690b8f5f,0xc6ee11a454cf4e3523f5bf18c1e634a20e2eec26,Reental-BKL-1
0xb6c1d0f2ad0e37d110607abb2b11478084670737fbba9cded99050c3008738f1,0x7f6b82381bce03e7cf6af2fb1dcd41993406d4ae,4.40483872,0xac544c539d48cf9bd1024a1616e00eaa3a39f2cf,0xc6ee11a454cf4e3523f5bf18c1e634a20e2eec26,Reental-MLG-2
0x1b949d316fc48847c7687229e3c59146e51076103fed76747a8193f0c17af87f,0x7cb85443eab0851d9b4558db23e1026af07c700d,0.5202375,0x3fe2ee56ea77ffccfa0c036b20e7a2269e8da534,0xc6ee11a454cf4e3523f5bf18c1e634a20e2eec26,Reental-RET-2
0xb262c75e9d1bf30e967014e015e6688f373180cecb518bd41f998c6432bfab29,0x70e77c5f094534505d6a42f913d3a387e6db0842,3.39860913,0xd83be40891ae6c08342b7b399d21aca2b8eee719,0xc6ee11a454cf4e3523f5bf18c1e634a20e2eec26,Reental-BKL-3
0x691559892f3487d7cdeb9dc949a8edfee3d901c7da281e7eb540e49b243ee358,0xe6e3ff145a6ffcd1dac08472f89164c0c43316b2,10.0,0x3fe2ee56ea77ffccfa0c036b20e7a2269e8da534,0xc6ee11a454cf4e3523f5bf18c1e634a20e2eec26,Reental-CMY-1
0xe94eaa95d3ae6ea158745d062b4f4c2e3be4a3cb4d524f28fd03f3ba74f63bf7,0xe6e3ff145a6ffcd1dac08472f89164c0c43316b2,10.0,0x3fe2ee56ea77ffccfa0c036b20e7a2269e8da534,0xc6ee11a454cf4e3523f5bf18c1e634a20e2eec26,Reental-CMY-1
0x27ee943df661d395aa31fd5c071781eae59a6016644ae1c49c68c63f9faaa78e,0xcc4c1ce8d335bd40a0acf17b9ab08c030cc299aa,1.00026122,0x6198cbec418171fceb21f625ba742b5b6a073537,0xc6ee11a454cf4e3523f5bf18c1e634a20e2eec26,Reental-PRO-100
0x183219550a4e607c59af60fcfacfff4eaae96cf19ddfcce00bea387f756730e2,0xe6e3ff145a6ffcd1dac08472f89164c0c43316b2,10.0,0x3fe2ee56ea77ffccfa0c036b20e7a2269e8da534,0xc6ee11a454cf4e3523f5bf18c1e634a20e2eec26,Reental-CMY-1
0x48e802875fe7ebfda1cae36a753ae02d299046af1809c01f66f9f43e56feefa7,0xe6e3ff145a6ffcd1dac08472f89164c0c43316b2,10.0,0x3fe2ee56ea77ffccfa0c036b20e7a2269e8da534,0xc6ee11a454cf4e3523f5bf18c1e634a20e2eec26,Reental-CMY-1
0xea5bea2a41716519c7d31037f2ab06f40991856497616442afc6ed7e1288ea44,0xa0d99b441a9a5e334b234f31a92b97fa8d663626,4.0,0xf459185178c49adc9e16bb23f3e78e1a8c7ea190,0xc6ee11a454cf4e3523f5bf18c1e634a20e2eec26,Reental-YCT-2
0x47651fe2996646c6e0c34718cf10dd8a20d623c8aae1d0230d8b08b500905ac4,0xf8657256c5cd5fdb044e55d1ec39e9b8c969dbf1,27.1125,0xda097eee619b30e03adb1a6ef996882a4ae8b5ea,0xc6ee11a454cf4e3523f5bf18c1e634a20e2eec26,Reental-PAZ-1
0x4eb7c9228f8804f9dfeb36718876a356e414ddb02417c7f8d755e7fe4312b996,0xa0d99b441a9a5e334b234f31a92b97fa8d663626,10.0,0x9c0e7f3e623e2daf58f9a343348671d76613af2e,0xc6ee11a454cf4e3523f5bf18c1e634a20e2eec26,Reental-YCT-2
0x01bb5285ecab1e46911940de4afe48f8c60c4e69216f8a6ca29b477001343e57,0xe59dde10d38df397c996bdb1325b6f81684a8b80,10.0,0x9c0e7f3e623e2daf58f9a343348671d76613af2e,0xc6ee11a454cf4e3523f5bf18c1e634a20e2eec26,Reental-DXB-1
0xf3f06e35fb0621272c98b0517634b3b39f25e80d382c80ce0fdd0ca9cf142c10,0xfb759e0cc5cff4aea606064acd41c71c7c11bf40,4.0,0xc195e3a4447f3cb3becd6d9895a04a23372af2c3,0xc6ee11a454cf4e3523f5bf18c1e634a20e2eec26,Reental-BKL-1
0x8f3ba7e2e83aae1c6d2a81c2d2b283f37c040b39106ad1e95087e7009b366456,0x2d1838eb7ebb6ae8b1288872f9704e3400ee8b20,1.0,0xbb5c220d202fd05c696ed73c18e9db175e7a7a5a,0xc6ee11a454cf4e3523f5bf18c1e634a20e2eec26,Reental-NPL-1
0xcf6a04707aab44a057fe519ccbbd3d15ec2e39942cdf7296dec85d22651c814e,0x2d1838eb7ebb6ae8b1288872f9704e3400ee8b20,1.0,0xbb5c220d202fd05c696ed73c18e9db175e7a7a5a,0xc6ee11a454cf4e3523f5bf18c1e634a20e2eec26,Reental-NPL-1
0xd6a0c470da0d5d3c84f8216981d443e5f86472059c441ebd792a63cf0ee9fc56,0x27af98ebba782af75981dda63d43e90e45dbcd30,2.90190523,0x952c859a72cb273e7ca95e3c5342f70af6fcc52d,0xc6ee11a454cf4e3523f5bf18c1e634a20e2eec26,Reental-CMY-2
0x4c93af776bae741434e9b97f88205d384744b14ac33f50ffa920742797a55f68,0x6f7a7dd1bbe3c3c1c3ee169abf9b7e29df641788,1.0,0xdb718f9a06dd448d89adf3a0f474faa1558ce3df,0xc73c1573045a3f1f5cc0afb112147c2d3cca21d8,Reental-MAD-1
0x333aef47f669d9b63b09adfcd1f08aafd6a114eff150a8e43e6d2c6282eddb3f,0x2f1026ff5bd94232050364c81d61a2d15e147209,2.19682173,0x21cb12db1844b7d4c0cf3c3f1881737d7efa0702,0xc73c1573045a3f1f5cc0afb112147c2d3cca21d8,Reental-MIA-1
0xd3fd090f22052624ee9f1b70ccb1c44a3ce302bc982acc1ae892f7d9723f65b4,0xbaea3b53056d42c763d14bef94b39ada218c2dbd,5.6348092,0x9b04ba99ad57a8cfc5d1273f4cfe80d67a9bb9bb,0xc73c1573045a3f1f5cc0afb112147c2d3cca21d8,Reental-VLC-7
0xabb66ebf6578d61018e71bc0934debc3af1a9ef4837247e2b50135fecb4a2a17,0x29da137d6dba774ad4f79323374f685682542767,0.47,0x90a6b5f670b5b5b8a2d165f2c0ad16c577ad7a27,0xc73c1573045a3f1f5cc0afb112147c2d3cca21d8,Reental-MUR-1
0xb382664bba1e330f1597ce320c1c82018beecf54a8163863b8bec040c3712705,0x2f1026ff5bd94232050364c81d61a2d15e147209,1.199,0x91d3049fbb2976e0d8dfc3bbe356c21dabc97eb2,0xc73c1573045a3f1f5cc0afb112147c2d3cca21d8,Reental-MIA-1
0xf9b6e7d47797aac406445ddf0cb0e12913365dab2743c4b3fa2c57fbebaf2490,0x2f1026ff5bd94232050364c81d61a2d15e147209,1.9465508,0xc73c1573045a3f1f5cc0afb112147c2d3cca21d8,0xd3d40870c53c407880605631f14d473eb7c6a6f5,Reental-MIA-1
0x104864e052b36deeacb2f0217936cf332cb179f40ca2abca2022ec66c2352a3a,0xb0825e7a4093d21ed076883f8aca33300631291e,2.56384768,0x468043dc6314e6d0ae6bb4d03de0d3f460372d08,0xc7f3e0e9e0380104b0af25d947fe0a3ec671fb7a,Reental-MIA-3
0xc00c93b93d14c5250a7ed33bffa779d1489a2e28c729597270cd9547c6f58865,0x1b0d685f5e4063033e0a1a360db864c9911eedda,0.9979091,0xfb8482d3a050b09d9dd3d3fb44e858864ef649f8,0xc8d87578f9c7005020d82625693ab46932d6491a,Reental-VLC-9
0x6cf8e4ce2c295a3e5e9664170b077b81e78f15123ac1e0a96b37bfe2ddc4354b,0x6b7c34c8a1ffd4238e702243f0ff005680037fad,1.0,0xfb8482d3a050b09d9dd3d3fb44e858864ef649f8,0xc8d87578f9c7005020d82625693ab46932d6491a,Reental-VLC-8
0xc9a9661c97fae10e2019047440028228767b8bd2e679ea2879dbe8a23a0885b4,0x6b7c34c8a1ffd4238e702243f0ff005680037fad,1.0,0xed9f944b9674a7efbb73b85867b41af6a727d96b,0xc8d87578f9c7005020d82625693ab46932d6491a,Reental-VLC-8
0x5ede2e536182bdaab582b971091852caac259ceff107aa9e3089f1e6cea3fe67,0xa17e89f33e80b506af759f9e493efe29a47ea905,0.18878853,0xd73d0b5775caf7ff914d8643bc31bbfb1db2f3c6,0xc8d87578f9c7005020d82625693ab46932d6491a,Reental-VLC-10
0xb5b509ce889beacae5aef5e64f0e5541b8ea0f4164d43fa24727d8f31df61529,0x6bde5421e90a42c6e78faaf3a79e4310a4d6266f,1.0,0xd73d0b5775caf7ff914d8643bc31bbfb1db2f3c6,0xc8d87578f9c7005020d82625693ab46932d6491a,Reental-VLC-11
0xb89f7b5377632ff82c8b900fa9443e1c40f794fd7dabb45b734d94a020e23cb0,0xa17e89f33e80b506af759f9e493efe29a47ea905,1.26822046,0xd212a7c928b7a61460d67b96769bb8e38b4a4652,0xc8d87578f9c7005020d82625693ab46932d6491a,Reental-VLC-10
0xae8c3248851ebe66ea759d3afa2548e7f751a47c30c82b4ce8518e12d5c4637e,0x6b4fa3c69e62f8f03dc018b57efa74d560462210,1.5,0xd73d0b5775caf7ff914d8643bc31bbfb1db2f3c6,0xc8d87578f9c7005020d82625693ab46932d6491a,Reental-MAYA-1
0x32a7e20fb4a377b83c179397f9cb193f007122c8549d2bae18a222ed3c2461c6,0x6bde5421e90a42c6e78faaf3a79e4310a4d6266f,1.0,0xd73d0b5775caf7ff914d8643bc31bbfb1db2f3c6,0xc8d87578f9c7005020d82625693ab46932d6491a,Reental-VLC-11
0x6daa2147ee1f400d5cd1bab29daa2987a5958be13d7e126830add0de91961b69,0x6bde5421e90a42c6e78faaf3a79e4310a4d6266f,0.22748398,0xd73d0b5775caf7ff914d8643bc31bbfb1db2f3c6,0xc8d87578f9c7005020d82625693ab46932d6491a,Reental-VLC-11
0xe6f1afd328736fa5dc67a2ef582e0f7e9c4c93fc0172a7816a89d5434ca57837,0x1b0d685f5e4063033e0a1a360db864c9911eedda,1.0,0xfb8482d3a050b09d9dd3d3fb44e858864ef649f8,0xc8d87578f9c7005020d82625693ab46932d6491a,Reental-VLC-9
0x621aa85dc85fc197364800b2bb69ea5e8aa5df23c047e85bc540120c16f23c89,0x1b0d685f5e4063033e0a1a360db864c9911eedda,1.0,0xd212a7c928b7a61460d67b96769bb8e38b4a4652,0xc8d87578f9c7005020d82625693ab46932d6491a,Reental-VLC-9
0xd88447e5c08fd2eb123da6ec646177980893dcb45264fcdce0178e3eaa144341,0xe16901dad396fe7b1b77b6d2bd91b2d648e8a762,1.00005573,0x306f9317bf2009f5ff2f45f9255361a7e108f3e6,0xc8d87578f9c7005020d82625693ab46932d6491a,Reental-HOU-3
0xcf537a4f7566cded2f1b47ccfbf412f96d3a20508ae923dbd5695aed90fa6495,0xf94ca4e007553917d1f80d013d2544ddfbed555c,1.0,0xd212a7c928b7a61460d67b96769bb8e38b4a4652,0xc8d87578f9c7005020d82625693ab46932d6491a,Reental-MLG-4
0x3a217e442c9046931d23f7b9afe60785ed0bd8f4f850dc222453c3f2fa94db1d,0xfd0ea97747f7b1a53ec59ef5001616cde3aead3e,1.0,0xd212a7c928b7a61460d67b96769bb8e38b4a4652,0xc8d87578f9c7005020d82625693ab46932d6491a,Reental-CLVM-2
0xbb8ee69b950b85a13d1562c5eef7a2c1f04af73f8092dc0f85ec0c57012483f6,0xdecfebdaf1131899fb38a53dc63671246220ab7a,5.0,0xddb4a32bf2eda184d9798d65d8cda2dd2dc05404,0xc8d87578f9c7005020d82625693ab46932d6491a,Reental-RDO-5
0x418f46d3662ec0d4d4da8ed00d2756875c1caf741ee12d39a6e7cfc7dac00ce6,0xfd0ea97747f7b1a53ec59ef5001616cde3aead3e,1.0,0xca04b1fdc59b229b31e3eff04ac2d476b283f567,0xc8d87578f9c7005020d82625693ab46932d6491a,Reental-CLVM-2
0xfa76ed7b187a9f8b2cd8780b59b937a231ef6d5f4868cdda4de1604a79d183ea,0xb45898179fe8de2818e3ff994559c60aa962e2af,5.0,0xf021a90753fd51994c7d2ae3da9e63fb0e7c0ff3,0xc8d87578f9c7005020d82625693ab46932d6491a,Reental-MLG-7
0xaf35754bcd39a99c3eda08930ca5421398a4db25fb9a368b206d7205b4a1f13d,0xaca38d593f7775334fa1b84a865f19396f62f760,1.0,0xd212a7c928b7a61460d67b96769bb8e38b4a4652,0xc8d87578f9c7005020d82625693ab46932d6491a,Reental-MLG-6
0x38d8a606694e61c1d120ded7b587b0f6dd8818cd197a8bc367c535c165ab9386,0xfd0ea97747f7b1a53ec59ef5001616cde3aead3e,1.0,0xd212a7c928b7a61460d67b96769bb8e38b4a4652,0xc8d87578f9c7005020d82625693ab46932d6491a,Reental-CLVM-2
0xe04c12e75a3109d306c89ca67d67d313701354b6cd2553aaf75f25bb3064376f,0xf94ca4e007553917d1f80d013d2544ddfbed555c,1.0,0xd212a7c928b7a61460d67b96769bb8e38b4a4652,0xc8d87578f9c7005020d82625693ab46932d6491a,Reental-MLG-4
0x07d9669a688ab8096d0d257a70716b3c5dd2ae49aa1c2036c8cd484d5f4bdaf9,0xfd0ea97747f7b1a53ec59ef5001616cde3aead3e,1.0,0xd212a7c928b7a61460d67b96769bb8e38b4a4652,0xc8d87578f9c7005020d82625693ab46932d6491a,Reental-CLVM-2
0x74214297003b29cfc95097d7b0c39b6a56bc3060a0ee1c7572048dbac9b51174,0x7469b9381bfa8a34bef9dfaad03d75f60947f957,1.0,0xd212a7c928b7a61460d67b96769bb8e38b4a4652,0xc8d87578f9c7005020d82625693ab46932d6491a,Reental-CDP-3
0x7995f680fee5b6d4787d97d6cffca8daaba47cf1a138d74841534d2bf32b0647,0x6b7c34c8a1ffd4238e702243f0ff005680037fad,1.0,0xd212a7c928b7a61460d67b96769bb8e38b4a4652,0xc8d87578f9c7005020d82625693ab46932d6491a,Reental-VLC-8
0x2e7b8c809d6102c54707d55d22491cd6713600f9e6ce0d8ba4169d9684f03063,0x954229f463f73a857fddc346857771c1ef3f7c00,2.0,0x9c0e7f3e623e2daf58f9a343348671d76613af2e,0xc8d87578f9c7005020d82625693ab46932d6491a,Reental-RDO-4
0x77ef10ff2471a58cad5c356823b2eb8f863a319e2f70d30f81b29d6441d23df4,0xca53dd67cfa553d9e31c377602fb217dff9eadff,1.1092583,0xdf50cbf0ea828d6d3fb7b59f905a56ec64d5036d,0xc8d87578f9c7005020d82625693ab46932d6491a,Reental-SMA-2
0x96204355c3a8cc2dc94fc9ae05902401523dddb80dd412f303ca449fa93755f2,0xca53dd67cfa553d9e31c377602fb217dff9eadff,1.01760176,0xe50afc8c3add9e95f03c0b9cd08594e667ae6d99,0xc8d87578f9c7005020d82625693ab46932d6491a,Reental-SMA-2
0x8e8730cce80a141bc9898229430489201c93c132f5595f78b43d438cc73e4bec,0xf7a694bc2768fc3b26beb5e98bb76f744397e49c,1.0,0xe50afc8c3add9e95f03c0b9cd08594e667ae6d99,0xc8d87578f9c7005020d82625693ab46932d6491a,Reental-RDO-1
0xdc7b1c4a63d4adadb4f67e8f8e425f5bf496f33dfc3a4e223a5562bd4d6c3c19,0x7469b9381bfa8a34bef9dfaad03d75f60947f957,1.0,0x23363a09813b1241abad140371278de17647866f,0xc8d87578f9c7005020d82625693ab46932d6491a,Reental-CDP-3
0xab1a4f3227cfc48068184ebd43dc305b95cc22c86eb46f66e6aee59d572ac621,0xa0d99b441a9a5e334b234f31a92b97fa8d663626,1.99999599,0xe50afc8c3add9e95f03c0b9cd08594e667ae6d99,0xc8d87578f9c7005020d82625693ab46932d6491a,Reental-YCT-2
0x76307aacd05b50b25d65a69afeef695097d364d5fd5cd329392fe023b62ba382,0xaca38d593f7775334fa1b84a865f19396f62f760,1.0,0xd212a7c928b7a61460d67b96769bb8e38b4a4652,0xc8d87578f9c7005020d82625693ab46932d6491a,Reental-MLG-6
0x09a6065fbf8a9e8707f53639b37c84d5d344a562c3e0bd6d882e22ac2c885a48,0x68f73061bdf369c2562f4c0ea4e940f362d1a97f,1.0,0xfb8482d3a050b09d9dd3d3fb44e858864ef649f8,0xc8d87578f9c7005020d82625693ab46932d6491a,Reental-ATL-1
0xa0c8bfe0f1fc41c3317a2753faef4a89f6ee92bdb7ffbe178c29ad67e27abc4e,0xfd0ea97747f7b1a53ec59ef5001616cde3aead3e,1.0,0xd212a7c928b7a61460d67b96769bb8e38b4a4652,0xc8d87578f9c7005020d82625693ab46932d6491a,Reental-CLVM-2
0x91ac2efa31080863ea338bc77acc8deb5e41c1e42ea6c2c6e996755ca3530098,0x68f73061bdf369c2562f4c0ea4e940f362d1a97f,2.0,0xfb8482d3a050b09d9dd3d3fb44e858864ef649f8,0xc8d87578f9c7005020d82625693ab46932d6491a,Reental-ATL-1
0x773d02662ecccbf310063a8c5c4752b4106b110948c35658b65bb8769fe3fa7f,0x68f73061bdf369c2562f4c0ea4e940f362d1a97f,2.0,0xfb8482d3a050b09d9dd3d3fb44e858864ef649f8,0xc8d87578f9c7005020d82625693ab46932d6491a,Reental-ATL-1
0x450fc4d59e38f36fb717ddbc34605db22b0e061cfc54589f0fbc8f176f2b78c7,0x8711b4172ed71d2d4f90e3e2f0cb63726acba8e6,5.42593723,0xac544c539d48cf9bd1024a1616e00eaa3a39f2cf,0xc8d87578f9c7005020d82625693ab46932d6491a,Reental-JAX-1
0xd3b8d987c66ed5ae6b0fc2d609510227c0c9d20229c1f381b9cd8eaa2a5cf275,0x754f5b74e2639cef67fecec03f4d698470bdc92f,1.0,0xc395dc2b046ba68d03102a0820e14ab81a683f40,0xc8d87578f9c7005020d82625693ab46932d6491a,Reental-ABD-1
0xf4612821d8f9955f9ec845285788ffe32f1072f75c6dcd113b2c86e89aaa77fd,0xdfd7413a5d54d96312109a9d56b3bead8a786ff3,2.16567724,0x292def5532dedc34ca61feab063811794637dbc5,0xc8d87578f9c7005020d82625693ab46932d6491a,Reental-LVT-2
0x85711258a2efaadc545d16dd6e6a63707e4783766dfd5c5913bf2889866200ed,0x7cb85443eab0851d9b4558db23e1026af07c700d,1.2191214,0xdf50cbf0ea828d6d3fb7b59f905a56ec64d5036d,0xc8d87578f9c7005020d82625693ab46932d6491a,Reental-RET-2
0x4f8208b6fb8eadd0a8433192b7d5d9563848196ccb041459e79225fd61689867,0x33be67454ae817337db15877fd4106c5cd5206c5,1.0,0xd212a7c928b7a61460d67b96769bb8e38b4a4652,0xc8d87578f9c7005020d82625693ab46932d6491a,Reental-MLG-5
0xdbf7820e347856715af3b0fe81e9a75c6ad5967a1c5dcbdfd6a766f5c07758dd,0xe16901dad396fe7b1b77b6d2bd91b2d648e8a762,5.0,0x20602705fc763d5046911544f1711131e8b50590,0xc8d87578f9c7005020d82625693ab46932d6491a,Reental-HOU-3
0x562a7836af9a88677d32db39574d31b58a58f10616e1e0b9f86fd07364dfc9e7,0xe16901dad396fe7b1b77b6d2bd91b2d648e8a762,1.06144964,0xbfc71268725323dd06f32fbe81ec576195785df5,0xc8d87578f9c7005020d82625693ab46932d6491a,Reental-HOU-3
0xbacf4e75e9a736c06769059c7f2475dce020f29c6b1d9b822d62572f560e1575,0xed923b814f1ea3d42c54dda55ba8edfaba994489,1.0,0xbb5c220d202fd05c696ed73c18e9db175e7a7a5a,0xc8d87578f9c7005020d82625693ab46932d6491a,Reental-BKL-2
0xa85c801da586b28be1879d6ee4b3cfefe94c0f1635e8b92708f63e526f0e956b,0x4adaee2dae690cf8f3915f1c1963f16d239c5e11,1.0,0xede1abaf81e96625ebe7d8f3249e363f0843a0b7,0xc8d87578f9c7005020d82625693ab46932d6491a,Reental-MRB-1
0xcb4234ff0c53f48c845e86d75b08baef0da72fc432554e87e303449c4442f7c6,0x33be67454ae817337db15877fd4106c5cd5206c5,3.0,0x86a8f2c6251b94e6ec9812225056392d5af723c0,0xc8d87578f9c7005020d82625693ab46932d6491a,Reental-MLG-5
0xb448b22810c2c2d0b5f33202cf8ba45aa46d9d1127a7a20a5c3762fc04f51d2c,0xe92169619de6b5725322229b353287563b603fd3,0.27496972,0x71e7793d8e894efd4da54999a2663c8166817a90,0xc8d87578f9c7005020d82625693ab46932d6491a,Reental-OPO-2
0x8d02cb693261e7bfdc96153082b8f247106450b97b1579b6e82e6b4e4cfde8de,0x754f5b74e2639cef67fecec03f4d698470bdc92f,1.00000078,0x8f01a0b1bcab3458eeaefa7fa466c5c8dbd21cb9,0xc9c88f7c3fbb708cc39a742b78736743283775fd,Reental-ABD-1
0x199b0add3c55cf53e9efd208e2bb40b5895ce360d209423367bcbbd650d8e981,0x754f5b74e2639cef67fecec03f4d698470bdc92f,1.00003274,0xc9c7ad88490dbc5c9e2af98f079492845d01b96d,0xc9c88f7c3fbb708cc39a742b78736743283775fd,Reental-ABD-1
0x4a9627a806bb234ac909a7872ffaa433688b9513cf40d35cf3bd1b923552cd96,0x754f5b74e2639cef67fecec03f4d698470bdc92f,1.00296825,0xd2f4c2eb5d61f8fcf73fe952a472ee89f02f7d3e,0xc9c88f7c3fbb708cc39a742b78736743283775fd,Reental-ABD-1
0xa3d7468563d4b4a2ea632611aa812844d1d701540581a3859a270cd432730a82,0x754f5b74e2639cef67fecec03f4d698470bdc92f,1.00399111,0xd68e2d82ee41b6d806147d09d68eae75f2727dcc,0xc9c88f7c3fbb708cc39a742b78736743283775fd,Reental-ABD-1
0x6b059bd91a957d9bbe7dfd3e1ae36012f8560eb5e009a5d8c5a57615f3dd8dd3,0x754f5b74e2639cef67fecec03f4d698470bdc92f,2.00402655,0x1560c6403da78e37582054a8ce483a05f6c2c056,0xc9c88f7c3fbb708cc39a742b78736743283775fd,Reental-ABD-1
0xd877354bf4199727b6c08727a6389e12cb57bf398e51a487653c29f0e9773d11,0x754f5b74e2639cef67fecec03f4d698470bdc92f,1.0025466,0xa73c2c9df79f6d07499290d1110b00137d7c9bd4,0xc9c88f7c3fbb708cc39a742b78736743283775fd,Reental-ABD-1
0xc0690266d8969df040f17d354e563b3cb2cf8088cb59b1afbae79992355349bb,0x754f5b74e2639cef67fecec03f4d698470bdc92f,1.0039264,0xf5137701b31b6af8985108cd21d506427e0559cd,0xc9c88f7c3fbb708cc39a742b78736743283775fd,Reental-ABD-1
0x4b4c9e003c6af135b9dffa5c89d07c460f8233948d78a23dcd9da6e5e69cf938,0x754f5b74e2639cef67fecec03f4d698470bdc92f,1.00376172,0xeb49de8796aa9984c069a2fe6c08c75b840f2347,0xc9c88f7c3fbb708cc39a742b78736743283775fd,Reental-ABD-1
0x868c2bea58f40bd741bac714ba6bb6fc6bfbfe9950104b0cc3d71403d78ab8c2,0x754f5b74e2639cef67fecec03f4d698470bdc92f,1.00457242,0xed8c5115470918489d9d95d23882dfe9470a8602,0xc9c88f7c3fbb708cc39a742b78736743283775fd,Reental-ABD-1
0xff2df75c1440f3147abdb4423d65acdeb61a2c00e9268e2bb6a686906bcb9bfd,0x754f5b74e2639cef67fecec03f4d698470bdc92f,1.00025344,0xfd8726c6d491d97dd4fa62b5529ff8debd1207c3,0xc9c88f7c3fbb708cc39a742b78736743283775fd,Reental-ABD-1
0x4224324c99e23b28eb76eceec74e64b7a9ad8dfb66874c47e737a26548fce49b,0x754f5b74e2639cef67fecec03f4d698470bdc92f,1.00584964,0x6fa888b64fa7ab44b84a66956c10da51b1f4878b,0xc9c88f7c3fbb708cc39a742b78736743283775fd,Reental-ABD-1
0x4b905bd28b2044f115d0ec6eda955f06d72e393f726d7f036eecfc9caf436de1,0x754f5b74e2639cef67fecec03f4d698470bdc92f,1.00411952,0x70a722972d4d9044c7478fe663f5a829e0b62081,0xc9c88f7c3fbb708cc39a742b78736743283775fd,Reental-ABD-1
0x1dc002e64f663d64cde57c3d519cf48339c54fa56b1f4a9f5153e496ebacb29a,0x754f5b74e2639cef67fecec03f4d698470bdc92f,1.00522723,0x0505c1e7faac1e20c01e9383a334bce05caef1ef,0xc9c88f7c3fbb708cc39a742b78736743283775fd,Reental-ABD-1
0x9e23ed3c211be89cb31a26f9fc06944124798bcabc09e92c3e6606f77bc16384,0x754f5b74e2639cef67fecec03f4d698470bdc92f,1.00373538,0xdb8036d604db1a1ab7c0f010aa93051174986487,0xc9c88f7c3fbb708cc39a742b78736743283775fd,Reental-ABD-1
0x51beb89b032ed5833abacee2784179eccfe39b4125158b048b88c23660de92d0,0x754f5b74e2639cef67fecec03f4d698470bdc92f,1.00638857,0xeec21ea911e2c22ca91d6ae98eaedb794ea16139,0xc9c88f7c3fbb708cc39a742b78736743283775fd,Reental-ABD-1
0x5e9ca29b946ebbf9f00c8d6b6124c0ab756f44dab4e84e014a878d3d8226b24a,0x754f5b74e2639cef67fecec03f4d698470bdc92f,1.00380741,0x1aa93bd2115fef7dc0a38a984d6cf1c85bf45b6e,0xc9c88f7c3fbb708cc39a742b78736743283775fd,Reental-ABD-1
0xa6fc12d9344883f0ed507b238f3a3614da1a8c4156cc684b2261207f39c26e1a,0x754f5b74e2639cef67fecec03f4d698470bdc92f,1.00233325,0xed8c5115470918489d9d95d23882dfe9470a8602,0xc9c88f7c3fbb708cc39a742b78736743283775fd,Reental-ABD-1
0xb774ede685ad159ef64a0362ed87247ff2d108e2e32f91f385c09818269d22f9,0x754f5b74e2639cef67fecec03f4d698470bdc92f,1.0016564,0xa953bee685401931f243b9f0dd5d95b39b480d0e,0xc9c88f7c3fbb708cc39a742b78736743283775fd,Reental-ABD-1
0x6a9d3f9f5b8db2ee129eb50e6e3fa367b049ada17060bdd313711f2c228b277f,0x754f5b74e2639cef67fecec03f4d698470bdc92f,1.00267472,0x4c0eb876f73a265cf696ca67797fe6bc1af3a189,0xc9c88f7c3fbb708cc39a742b78736743283775fd,Reental-ABD-1
0xb72c17a6dddc815be8c14c7e5dc9ce260a2a027990d09f538a9d2d966e6c2bef,0x754f5b74e2639cef67fecec03f4d698470bdc92f,1.00223294,0x92e99855a20da6398ceb1bf4615f55d743c660b0,0xc9c88f7c3fbb708cc39a742b78736743283775fd,Reental-ABD-1
0x5bc77683936853b7a7876e379ae0ec7e6df22fe4c72d253ecc22015cda724deb,0x754f5b74e2639cef67fecec03f4d698470bdc92f,1.00343518,0x8bef91e16b76f25c3ed7cdf38d3df6e673170afc,0xc9c88f7c3fbb708cc39a742b78736743283775fd,Reental-ABD-1
0x961eac7cb8566835dd1166cef69e92f45f69007878f27b475afcae0dd0a1afbb,0x754f5b74e2639cef67fecec03f4d698470bdc92f,1.00203485,0x2519ce9a3190b1c64070a0b9ce2379b351307312,0xc9c88f7c3fbb708cc39a742b78736743283775fd,Reental-ABD-1
0x228397d6f6d9adee46a45e4fa5c4ec9cb35cb535e0ec7c52ce0ea5ddd386aab6,0x754f5b74e2639cef67fecec03f4d698470bdc92f,1.00197885,0x894ca5f509d367700f85dd4c1874f9abf07f08e9,0xc9c88f7c3fbb708cc39a742b78736743283775fd,Reental-ABD-1
0x40b44537914560f0d018a2ef431e5d1123be4edca0284f3f92e05eec29070586,0x754f5b74e2639cef67fecec03f4d698470bdc92f,1.00082766,0x2efa9f81d7527106fd4ecc46f6f045043c4539d4,0xc9c88f7c3fbb708cc39a742b78736743283775fd,Reental-ABD-1
0xa0e4f657b37ae5a577a3519355122b88686e5048ef87f61a8103f72a715df435,0x754f5b74e2639cef67fecec03f4d698470bdc92f,1.00212124,0x92e99855a20da6398ceb1bf4615f55d743c660b0,0xc9c88f7c3fbb708cc39a742b78736743283775fd,Reental-ABD-1
0x17543e8a6bcd2122b02b217c31d27963f761c4c430f74f07d7e81b250e82d51c,0x754f5b74e2639cef67fecec03f4d698470bdc92f,1.00132818,0x66e04503c061f1ea0bb4988d5cd8eb51946bcfb9,0xc9c88f7c3fbb708cc39a742b78736743283775fd,Reental-ABD-1
0xe9ed706aa059876aad7e013cb5bdec460b9b66d3f2ec885742efc22250ee1c21,0x754f5b74e2639cef67fecec03f4d698470bdc92f,1.0010867,0x0468554575748cddb9f44a6836ef92be9b31546d,0xc9c88f7c3fbb708cc39a742b78736743283775fd,Reental-ABD-1
0x4c131164fe97be64dc744a0ab16091eeaf0d0dc280b61ffce37cfc1aa93af21c,0x243e4bacc4b4d61b87816c945544286eb29125c6,0.83733673,0x1c4ba5b0c369571c93e5e9b8f48aa69fcdf961e8,0xc9c88f7c3fbb708cc39a742b78736743283775fd,Reental-CME-1
0x7e744e1340a4b62a2e6d61cd8796dc3fe0513e95ac2fab7a8fe45d90a8e044b3,0xac6b91d535bdedb731045ed823d2a6c3ad5b5177,1.0,0xca04b1fdc59b229b31e3eff04ac2d476b283f567,0xcd650c9be67dcf3aa10debbefc4e3be1d89f83ca,Reental-OVD-1
0x5e307080404effb19591ef8ebe43c4a145accba348544f78da89ee15d850fafc,0x6b4fa3c69e62f8f03dc018b57efa74d560462210,1.0,0xca04b1fdc59b229b31e3eff04ac2d476b283f567,0xcd650c9be67dcf3aa10debbefc4e3be1d89f83ca,Reental-MAYA-1
0x2acba1b5dc2e1b30fa62e338e181b0bca9e6737bfaf53d2641088ad0768e2098,0x6b4fa3c69e62f8f03dc018b57efa74d560462210,2.0,0xca04b1fdc59b229b31e3eff04ac2d476b283f567,0xd0b6a9b34097a7a6c3c42540e5a33244dbc9b0a8,Reental-MAYA-1
0x1ead9b403300c25d855366724c07eb99cee8fea504cf12ca5ae302f5e67a945e,0x33be67454ae817337db15877fd4106c5cd5206c5,1.0,0xca04b1fdc59b229b31e3eff04ac2d476b283f567,0xd0b6a9b34097a7a6c3c42540e5a33244dbc9b0a8,Reental-MLG-5
0xf35931aecbc9404d01f48f3a823e2e0e121e33c896b89162ef5dbba1b9084b68,0x95fb76dcf3bd83b3a9262a96194f29a9a7243f7a,9.0,0xebff646df3a3ff1f346e515c05e2fe4e8e3498c1,0xca04b1fdc59b229b31e3eff04ac2d476b283f567,Reental-VLC-2
0xd134e9c7992c5ae7b954bb5427c95abf680fc9956d5f9df0d47300ebf7e27147,0x2f1026ff5bd94232050364c81d61a2d15e147209,5.05164239,0xc6849990a0769fc833767e9479f8ac72ade162c5,0xca04b1fdc59b229b31e3eff04ac2d476b283f567,Reental-MIA-1
0xe04f033b3453aafa205c3fefa2a5eeb6bfc974c1a28e65656f74244d99b1ed4d,0x8711b4172ed71d2d4f90e3e2f0cb63726acba8e6,0.62092942,0xca04b1fdc59b229b31e3eff04ac2d476b283f567,0xcd650c9be67dcf3aa10debbefc4e3be1d89f83ca,Reental-JAX-1
0x5cdc1eb9cf6763bbbe2d08a562df4f18b1e4549c748929398aa50d4acfb81851,0xad3e1f50590ef6f323caa0cf43f39d28d1d34144,0.86628452,0xcd650c9be67dcf3aa10debbefc4e3be1d89f83ca,0xca04b1fdc59b229b31e3eff04ac2d476b283f567,Reental-JAX-2
0x973338b4af411e0934da21fa63ff06d3911c6b9f6beed7ff09a37991c1ce953d,0x6da0652a8481a774f5164612ab0ab18f105ad243,5.0,0xca04b1fdc59b229b31e3eff04ac2d476b283f567,0xf4baf08aee50b3ff26ee76334e8d25d08bdf719f,Reental-CLVM-1
0x0374e745c390574bb493d7a297a41c1b03715886c5060c551965d3831eb4042b,0xfd0ea97747f7b1a53ec59ef5001616cde3aead3e,2.0,0xca04b1fdc59b229b31e3eff04ac2d476b283f567,0xd212a7c928b7a61460d67b96769bb8e38b4a4652,Reental-CLVM-2
0x2328d3695a084d1654e99b331903355ff71194bc105e3524a41bda26523a975b,0x8711b4172ed71d2d4f90e3e2f0cb63726acba8e6,73.0,0xe66395100d6dd2ecf4c281739add60816523a298,0xca04b1fdc59b229b31e3eff04ac2d476b283f567,Reental-JAX-1
0x1f59ba2e9fb3fad1431725cf89697bfbff3678774dbea5ce369f29e82237d7c5,0x7f6b82381bce03e7cf6af2fb1dcd41993406d4ae,45.0,0xe66395100d6dd2ecf4c281739add60816523a298,0xca04b1fdc59b229b31e3eff04ac2d476b283f567,Reental-MLG-2
0x2329833a4c666b84279ac16117653c85aa8ec7695136a08715c30326d52a9d40,0xad3e1f50590ef6f323caa0cf43f39d28d1d34144,40.0,0xe66395100d6dd2ecf4c281739add60816523a298,0xca04b1fdc59b229b31e3eff04ac2d476b283f567,Reental-JAX-2
0x478f69cad4d06909d7e55844667f60fb79984a86350480e2dd92b2060b26f4cc,0x9c09c8525c5baa3b254cb0a60d3565cfbd5c9f28,40.0,0xe66395100d6dd2ecf4c281739add60816523a298,0xca04b1fdc59b229b31e3eff04ac2d476b283f567,Reental-JAX-3
0xf5d0425232542cb21831bd6bf739d309869392196f3c31f89073aa9e554d0de6,0x4adaee2dae690cf8f3915f1c1963f16d239c5e11,16.7,0xf9c3fa98e7c685ff7964b7a297a7a22cb88eef19,0xca04b1fdc59b229b31e3eff04ac2d476b283f567,Reental-MRB-1
0x4d09d22f4e3067754ddc7b9bea122db89610fad41c01c6178ac3b6b128efbe0b,0x21ae95a56ef471370ce89a7a4624117f31810927,1.0,0xdac3758f649449ca21ee02ea272b8ae920fa7c06,0xcaa5a0bb8dc9bd333568db005215c5e6420364f8,Reental-DNB-1
0xd4448bc4ca30a4ef5c97a1f035ed6f9f68d1ca039172d4f3f143530114734d2c,0xb5a1a4f29b7376c091d6f4c7689be4b7cd5a6d98,0.23866631,0xcc568012f3f376785c48a3b036370b9d5c1be9a6,0xd212a7c928b7a61460d67b96769bb8e38b4a4652,Reental-VLC-6
0x43a3a4c0a54387d826492b05c07ef837f3a6290dec946c736df168805ce9cfcf,0x7f6b82381bce03e7cf6af2fb1dcd41993406d4ae,0.14197528,0xcc568012f3f376785c48a3b036370b9d5c1be9a6,0xd212a7c928b7a61460d67b96769bb8e38b4a4652,Reental-MLG-2
0x380af5742290ead0e5f7846fc9c1c3b652f1754df584821d90f26f8075d79ded,0x3b7455335fc7c3839167ed8fc173405908ffdf15,2.46876704,0xcc568012f3f376785c48a3b036370b9d5c1be9a6,0xf4baf08aee50b3ff26ee76334e8d25d08bdf719f,Reental-TLM-2
0x179fb95635051ed994c480353f3679668d6dd2ba9ac8b82bd73859e7d21a5630,0xd48b1f302c8eb4a0f691fde99deaa9316d67a7db,0.500155,0x67f41ceabfd6f47f3c826860bc9f582f86f9f609,0xcc568012f3f376785c48a3b036370b9d5c1be9a6,Reental-JAX-5
0x6973223b0b0391d2878e5b3ef44ca950177a1f2585c2b3e506c3cf49b23e5ca7,0xdecfebdaf1131899fb38a53dc63671246220ab7a,4.21377296,0x7d6c736f532ff02d853b1ee553d0a869372886d1,0xcc568012f3f376785c48a3b036370b9d5c1be9a6,Reental-RDO-5
0x50f23035bbe2f2907f278535e6a3a3339c154e9e609eac53e8aba69a680e505c,0xb0825e7a4093d21ed076883f8aca33300631291e,10.8635603,0xcc568012f3f376785c48a3b036370b9d5c1be9a6,0xd1aa7e73c79d7faade965ecca298b3a88d9abaea,Reental-MIA-3
0xf4aa7cc5accdbb9e1b0902e316287cca5b38e0b493ebe6750bf2f33f782aaadf,0x2d1838eb7ebb6ae8b1288872f9704e3400ee8b20,1.726,0xbb5c220d202fd05c696ed73c18e9db175e7a7a5a,0xcc568012f3f376785c48a3b036370b9d5c1be9a6,Reental-NPL-1
0x91ac7406d5e07c49f11b1e16f4e92ead1d6876e7fd6b28b4cc57ed3e46fa0e02,0x7469b9381bfa8a34bef9dfaad03d75f60947f957,5.0,0xce89063272ecce1cda2086670ff94cbc690b8f5f,0xccbb900f37795abc4cca641ac27dd06fa321c79a,Reental-CDP-3
0xbd6a939e32bc7f55994fe0f9ad1a88bb47935f9cfaa0e9dcd5dd2007fc2fa165,0x2a8bbc241849431e9cc7c4dbea9c05dfac2de553,4.0003171,0xce89063272ecce1cda2086670ff94cbc690b8f5f,0xccbb900f37795abc4cca641ac27dd06fa321c79a,Reental-GRX-3
0x1b18950ff6991cc37c94e1e50ae268237531d17f29aef131994429be5cd316c3,0x33be67454ae817337db15877fd4106c5cd5206c5,5.0,0xce89063272ecce1cda2086670ff94cbc690b8f5f,0xccbb900f37795abc4cca641ac27dd06fa321c79a,Reental-MLG-5
0xca2d7a81197c6d35ece309a9833a9c94ecb47476e46014977671a3b495fd9da3,0x8711b4172ed71d2d4f90e3e2f0cb63726acba8e6,2.0,0x985702fb3c75a0f45412dbc1937195c28042d92b,0xccffa7d14a9dcaa3b63f9cd7395df73563c3a727,Reental-JAX-1
0x1447b0931aadf60e478fe7242dbda939e3c15d22fdd132b18b4b71eccaddd3ca,0x8711b4172ed71d2d4f90e3e2f0cb63726acba8e6,1.0,0x985702fb3c75a0f45412dbc1937195c28042d92b,0xccffa7d14a9dcaa3b63f9cd7395df73563c3a727,Reental-JAX-1
0xcc94d5bbf5eea40fede781e4bc276e0663b1a1bc8dcb4f8edaa9aa82249bf39c,0x8711b4172ed71d2d4f90e3e2f0cb63726acba8e6,1.0,0x985702fb3c75a0f45412dbc1937195c28042d92b,0xccffa7d14a9dcaa3b63f9cd7395df73563c3a727,Reental-JAX-1
0xa512ccb7d795aaac59e9b144963da06413a0e95eec25996c5eb39439a3887830,0x8711b4172ed71d2d4f90e3e2f0cb63726acba8e6,1.0,0x985702fb3c75a0f45412dbc1937195c28042d92b,0xccffa7d14a9dcaa3b63f9cd7395df73563c3a727,Reental-JAX-1
0xeee08a40b5f3092ab94e298f816e7f812e93b65745f1496c5c82357eb34089b9,0x2f1026ff5bd94232050364c81d61a2d15e147209,1.26,0xccffa7d14a9dcaa3b63f9cd7395df73563c3a727,0xd4ac195ea4e3e236e11fd553e82b3d11e358ed69,Reental-MIA-1
0xc6560041b61b58ef1dc195225873d835f10fbc6b25a87799f69272c35d44b511,0x2f1026ff5bd94232050364c81d61a2d15e147209,2.0,0xccffa7d14a9dcaa3b63f9cd7395df73563c3a727,0xe6d9cf42cf1e3eaae77c1b3029210478b0cad9f2,Reental-MIA-1
0xdc747ef2a5296d949b7664f8131e0cebeaacd9e23ba2da2aee1510ff1170397b,0x2f1026ff5bd94232050364c81d61a2d15e147209,2.0041,0xccffa7d14a9dcaa3b63f9cd7395df73563c3a727,0xd1aa7e73c79d7faade965ecca298b3a88d9abaea,Reental-MIA-1
0x8e5eb30118836fa3db4d85c7fc6e478b85c50cf1e0335f442d7c4cb60c393779,0xaca38d593f7775334fa1b84a865f19396f62f760,1.0,0xd73d0b5775caf7ff914d8643bc31bbfb1db2f3c6,0xccffa7d14a9dcaa3b63f9cd7395df73563c3a727,Reental-MLG-6
0x7aa2073928bf2d32b9038202abf73695f2b58de41922c80c3a3b0d8e443fa113,0xf7a694bc2768fc3b26beb5e98bb76f744397e49c,1.19128528,0xd601b3ed546840032f42ed32b7de3a753a94ee5f,0xcd650c9be67dcf3aa10debbefc4e3be1d89f83ca,Reental-RDO-1
0x740c9e287b2265770c1ca8d46e901e37685042b6c5fff483caf552f241f5c861,0x8711b4172ed71d2d4f90e3e2f0cb63726acba8e6,1.0,0x985702fb3c75a0f45412dbc1937195c28042d92b,0xcd85a5512f7d6ecb2d60256f9975b5f52617db57,Reental-JAX-1
0x0d88a102e6ffae27b5021e41e77f1c5e9a1fdae107612fcea8908543749177d1,0xb5a1a4f29b7376c091d6f4c7689be4b7cd5a6d98,0.00321145,0x37a8e6a01e9e4baad0f700257f6326005ad29c0e,0xcd85a5512f7d6ecb2d60256f9975b5f52617db57,Reental-VLC-6
0x0a141f006ab0652dc25830cd47d86c989b6bcccbfcc3e5131f5f39c4e7c903f6,0xf7a694bc2768fc3b26beb5e98bb76f744397e49c,0.19326556,0xa72ed54fb61853c823820a264870b7bdf46c0ddb,0xcd85a5512f7d6ecb2d60256f9975b5f52617db57,Reental-RDO-1
0xde49017516505a05c1dafe820297cf03711c193a8bcc388958f69971bbee7215,0xad3e1f50590ef6f323caa0cf43f39d28d1d34144,0.4,0xd73d0b5775caf7ff914d8643bc31bbfb1db2f3c6,0xcd85a5512f7d6ecb2d60256f9975b5f52617db57,Reental-JAX-2
0x4a050239764618cccdae0cde8b1157b0c8615229c4be2e1fa5134e5c43cce038,0xad3e1f50590ef6f323caa0cf43f39d28d1d34144,1.0,0x985702fb3c75a0f45412dbc1937195c28042d92b,0xcd85a5512f7d6ecb2d60256f9975b5f52617db57,Reental-JAX-2
0xfd594ead06c889882b65ad3ca2f24cdd5dc815ad75110cb3e8b5a23e63a1bd71,0x2f1026ff5bd94232050364c81d61a2d15e147209,0.00297025,0x37a8e6a01e9e4baad0f700257f6326005ad29c0e,0xcd85a5512f7d6ecb2d60256f9975b5f52617db57,Reental-MIA-1
0x2f8ce2e8363cc70ff8696e3da7b7b338f307f04b2c9cb4b19e704b2c6756cd9b,0x6b4fa3c69e62f8f03dc018b57efa74d560462210,2.09990732,0xcd85a5512f7d6ecb2d60256f9975b5f52617db57,0xce89063272ecce1cda2086670ff94cbc690b8f5f,Reental-MAYA-1
0xe08dce6229be4b0c717bbce04e007d62dfce59619f774c73d0a60aa0e5c3464d,0x33be67454ae817337db15877fd4106c5cd5206c5,1.96526538,0xcd85a5512f7d6ecb2d60256f9975b5f52617db57,0xce89063272ecce1cda2086670ff94cbc690b8f5f,Reental-MLG-5
0x6e7d940c95ba2e51f34b450e8da11c29259fbcde915f47074cf3f5fbf826afbd,0xb45898179fe8de2818e3ff994559c60aa962e2af,0.14640256,0xcd85a5512f7d6ecb2d60256f9975b5f52617db57,0xd212a7c928b7a61460d67b96769bb8e38b4a4652,Reental-MLG-7
0xd714615005ebc238eaf49c475d028dc466c84ab0e218613bf865fa08ee66a063,0x2f1026ff5bd94232050364c81d61a2d15e147209,0.00297025,0xcd85a5512f7d6ecb2d60256f9975b5f52617db57,0xd1aa7e73c79d7faade965ecca298b3a88d9abaea,Reental-MIA-1
0xb0e4d7065e51b10fe44d5b151008ff140e9cf880213ef541d614e518570c29dd,0x29fdc3434576e188e8131b2ad9cf94d3b3e71f56,0.14597612,0xcd85a5512f7d6ecb2d60256f9975b5f52617db57,0xd212a7c928b7a61460d67b96769bb8e38b4a4652,Reental-MLG-8
0x2e772498a894b970d9bbf29285f9e3eb7c405429b45ef9d03b9b938b30a1cca4,0xdecfebdaf1131899fb38a53dc63671246220ab7a,0.14944352,0xcd85a5512f7d6ecb2d60256f9975b5f52617db57,0xf4baf08aee50b3ff26ee76334e8d25d08bdf719f,Reental-RDO-5
0x21ade045095f617d83c668679d445189d90e69d727444984a1e16009c3e3b2a8,0xd48b1f302c8eb4a0f691fde99deaa9316d67a7db,1.2863,0xcd85a5512f7d6ecb2d60256f9975b5f52617db57,0xce4551fc8210c5c55692d6b3349f45daef57cb98,Reental-JAX-5
0x8aadc768a6534aa86e01b4363d43d23a652c1076236d83d84a212ae6bd6634ad,0xb0825e7a4093d21ed076883f8aca33300631291e,1.0,0x4663b090d5ba822ce71ae6087a0ab0b10d96eb0b,0xce4551fc8210c5c55692d6b3349f45daef57cb98,Reental-MIA-3
0x70113f1a4206b163097bf7a04b30516ec952f62bcbc7d125aded2071258cb1f9,0xe7d35f9248ea53943765928c0d9dc027a0129f28,2.90608493,0xb00f45001343e07464d2a40044ef8a527db76039,0xce89063272ecce1cda2086670ff94cbc690b8f5f,Reental-MLG-3
0x6b1d2361e5dd28892d876fc8e221010d641620547ec721ba36bae811bc415d1e,0x7469b9381bfa8a34bef9dfaad03d75f60947f957,8.28394023,0xb00f45001343e07464d2a40044ef8a527db76039,0xce89063272ecce1cda2086670ff94cbc690b8f5f,Reental-CDP-3
0x90a69500175ff1eea1aee2491fae66062e75bf37e803856dec50f460bf3272c2,0x6da0652a8481a774f5164612ab0ab18f105ad243,4.4210613,0xc4591fd6eb7c1f5f5e5d986743d497715217a2a2,0xce89063272ecce1cda2086670ff94cbc690b8f5f,Reental-CLVM-1
0xccb62cc2d6f5db6dc4f1b40e848ba68295492a83a8f3c355ef4ffc5b8ed2b77f,0x7469b9381bfa8a34bef9dfaad03d75f60947f957,7.62641426,0x44eff9b70a800dd9a47c5b855286d5b7930679ae,0xce89063272ecce1cda2086670ff94cbc690b8f5f,Reental-CDP-3
0x271f383653e90f53906020176525e727b95c7fd6c0e13b5d9ea83f9850d315b4,0x6b4fa3c69e62f8f03dc018b57efa74d560462210,4.84732989,0x7d6c736f532ff02d853b1ee553d0a869372886d1,0xce89063272ecce1cda2086670ff94cbc690b8f5f,Reental-MAYA-1
0xf9104598cad8642056928c19da34f5c26e5ff1d4bfafe099a63ab76960819f0c,0x2f1026ff5bd94232050364c81d61a2d15e147209,4.0,0x7d6c736f532ff02d853b1ee553d0a869372886d1,0xce89063272ecce1cda2086670ff94cbc690b8f5f,Reental-MIA-1
0xa99dbd1482c8fdadadebc40cf52efaa601893204d3bb1e09545dec04bd992053,0x7f6b82381bce03e7cf6af2fb1dcd41993406d4ae,13.7442,0x4fb8b45c1ca9a3f9f9591b3cf870668389c44252,0xce89063272ecce1cda2086670ff94cbc690b8f5f,Reental-MLG-2
0xc08c5a2083f5ad61480f9b0f39d7bbc5965a9136acd4fa80a76e3c89d9329cc5,0x6b7c34c8a1ffd4238e702243f0ff005680037fad,10.0,0xcfef84696c0df6b3f2fa6b780b21551241715f72,0xce89063272ecce1cda2086670ff94cbc690b8f5f,Reental-VLC-8
0x7f120097e77e0521b560bb1a5f596e7e7d40800f34db13dc0d03d8cc6437fdd8,0x6b7c34c8a1ffd4238e702243f0ff005680037fad,17.7316,0xcfef84696c0df6b3f2fa6b780b21551241715f72,0xce89063272ecce1cda2086670ff94cbc690b8f5f,Reental-VLC-8
0x11726879a908c253c21ee2596a75a0c05585f0bffb39b05816bc55319dded34d,0x4adaee2dae690cf8f3915f1c1963f16d239c5e11,1.42643971,0xca20609da56c09acb47e7be96a360ef4383d447a,0xce89063272ecce1cda2086670ff94cbc690b8f5f,Reental-MRB-1
0xb7d32264b3b57c2767232c746955383bf6c8c799989aa01606e441ed8e9fd27d,0x7a7e4dd51d1ca1aa701b0eb76ba5f59cec2fbaa1,4.0,0xd73d0b5775caf7ff914d8643bc31bbfb1db2f3c6,0xce89063272ecce1cda2086670ff94cbc690b8f5f,Reental-MAD-3
0x35a56fa62f416b571fcf9885d815aed423e1c37d60a8c5e3bdf480a55fd3e311,0x68f73061bdf369c2562f4c0ea4e940f362d1a97f,1.0,0xfb8482d3a050b09d9dd3d3fb44e858864ef649f8,0xce89063272ecce1cda2086670ff94cbc690b8f5f,Reental-ATL-1
0x34cdfbde48e9be63956a87beb1abb25f548fbb60890fd381144b2eb494d35977,0x2d1838eb7ebb6ae8b1288872f9704e3400ee8b20,11.7,0x91b449094033dbdd4a077307bd73c46d4de75a0e,0xce89063272ecce1cda2086670ff94cbc690b8f5f,Reental-NPL-1
0x8daccd348b94fd3d5a20416681e61991cd1c3a4d3e47d674d0c94e784351dbd7,0x33be67454ae817337db15877fd4106c5cd5206c5,5.0,0x9c0e7f3e623e2daf58f9a343348671d76613af2e,0xce89063272ecce1cda2086670ff94cbc690b8f5f,Reental-MLG-5
0xc99fa74aaff9b2c1e1d522d99b8b489c0ec2d8787ef96c71da8fb10ac7975d3b,0x33be67454ae817337db15877fd4106c5cd5206c5,4.8273743,0x77aba715e2e93820d1cda03b14b92ba20e7bddd9,0xce89063272ecce1cda2086670ff94cbc690b8f5f,Reental-MLG-5
0x2c496d85d9b52fa8ab9fceb84885717389a369685cc0b72c537d4fcc97e041d9,0xf8657256c5cd5fdb044e55d1ec39e9b8c969dbf1,20.0,0xf486a748d2981361e272e5b4adefbebbf7a8805d,0xce89063272ecce1cda2086670ff94cbc690b8f5f,Reental-PAZ-1
0x74bdeebf027b94d9c6d1fb8644239b467852c8a9b622c0cf4618067f32dd889f,0x29fdc3434576e188e8131b2ad9cf94d3b3e71f56,1.0,0xce89063272ecce1cda2086670ff94cbc690b8f5f,0xd212a7c928b7a61460d67b96769bb8e38b4a4652,Reental-MLG-8
0x0cf60446c764dd3f21d21ac5abb6d13c75a1564cc8e9f61c07aefd6caba1111f,0x2a8bbc241849431e9cc7c4dbea9c05dfac2de553,1.0,0xce89063272ecce1cda2086670ff94cbc690b8f5f,0xd212a7c928b7a61460d67b96769bb8e38b4a4652,Reental-GRX-3
0xe6e56011ae215a04dcc503ecf563236e5fa878e6489660ddee599cba9c04261e,0x29fdc3434576e188e8131b2ad9cf94d3b3e71f56,1.0,0xce89063272ecce1cda2086670ff94cbc690b8f5f,0xd212a7c928b7a61460d67b96769bb8e38b4a4652,Reental-MLG-8
0xda5f8baa2171c95f6c055295cd2adbe4afbb8960f1e349f41e56206466a7c4cc,0xe56ff2dff2c2e95511f0bef4b3d92da05e8197c0,1.0,0xce89063272ecce1cda2086670ff94cbc690b8f5f,0xd3d40870c53c407880605631f14d473eb7c6a6f5,Reental-HOU-2
0x3cf62183d4e4ee0bb8ed4e7d14ceccb4e08d354d939e55879fa3c466e96fc3d3,0xa0d99b441a9a5e334b234f31a92b97fa8d663626,10.0,0xce89063272ecce1cda2086670ff94cbc690b8f5f,0xf459185178c49adc9e16bb23f3e78e1a8c7ea190,Reental-YCT-2
0x71a99bf80cca2c3e2243a6008a10c283caa930db281c1700cdd716ee07e7863e,0xe56ff2dff2c2e95511f0bef4b3d92da05e8197c0,5.0,0xce89063272ecce1cda2086670ff94cbc690b8f5f,0xd3d40870c53c407880605631f14d473eb7c6a6f5,Reental-HOU-2
0xdcfa7fafd65257bb1d194edbcb23a6cefb47764e729323d78f03470918358cc5,0xcc4c1ce8d335bd40a0acf17b9ab08c030cc299aa,5.0,0xce89063272ecce1cda2086670ff94cbc690b8f5f,0xd3d40870c53c407880605631f14d473eb7c6a6f5,Reental-PRO-100
0x044497c1c14adc2608cf07b699261d88eafced4e2a61eaa753a1ccf121d4b9c2,0xcc4c1ce8d335bd40a0acf17b9ab08c030cc299aa,5.0,0xce89063272ecce1cda2086670ff94cbc690b8f5f,0xd3d40870c53c407880605631f14d473eb7c6a6f5,Reental-PRO-100
0x3e188d588e2ae52d32cb027ca9442b5d2b78e307887913f8cd539c63ce7a75db,0xf8657256c5cd5fdb044e55d1ec39e9b8c969dbf1,10.0,0xeb3b721abc9b9a2f323fbeef666934481266714e,0xce89063272ecce1cda2086670ff94cbc690b8f5f,Reental-PAZ-1
0xb2e83acf53bcc081e6a02a05a0ceb5c757a0447c3525393e39e485efdc0f5cde,0xcc4c1ce8d335bd40a0acf17b9ab08c030cc299aa,5.0022395,0xce89063272ecce1cda2086670ff94cbc690b8f5f,0xd3d40870c53c407880605631f14d473eb7c6a6f5,Reental-PRO-100
0xbea84c956377fc0f9f13c8c0f24cd8ae9dea9070ea60c4829ffd397f3d3143cf,0xcc4c1ce8d335bd40a0acf17b9ab08c030cc299aa,5.0,0xce89063272ecce1cda2086670ff94cbc690b8f5f,0xd3d40870c53c407880605631f14d473eb7c6a6f5,Reental-PRO-100
0xe96d4bb47820d9d7f186a2e1210baaa47d652989a66493af2a897e7158f4bb27,0xe59dde10d38df397c996bdb1325b6f81684a8b80,5.0,0xce89063272ecce1cda2086670ff94cbc690b8f5f,0xe2c864f2e2681f0803a5b0f45012f608abc9ea22,Reental-DXB-1
0x22c6e6590e4a0adc5af3ed33fdb7dbba8214dc8a3d7757952b08b14013463a91,0xcc4c1ce8d335bd40a0acf17b9ab08c030cc299aa,5.0,0xce89063272ecce1cda2086670ff94cbc690b8f5f,0xd3d40870c53c407880605631f14d473eb7c6a6f5,Reental-PRO-100
0x3e9a2d90892a6263a0da53a9982232c9b77e7c62b0793a07bdb027580d714bd7,0xe59dde10d38df397c996bdb1325b6f81684a8b80,5.0,0xce89063272ecce1cda2086670ff94cbc690b8f5f,0xf459185178c49adc9e16bb23f3e78e1a8c7ea190,Reental-DXB-1
0x6c112ea86278d5423c0e65e790292096bce81d78a14ce7acdc8343a31c8cd898,0xed923b814f1ea3d42c54dda55ba8edfaba994489,1.0,0xc12a1f7e3cb180c0a64a9635ba76dcb965fc0702,0xce89063272ecce1cda2086670ff94cbc690b8f5f,Reental-BKL-2
0x8a88be2038dab2d4724e76c6660ee540b03164a6b88f45c0b5ec785d37866e5b,0xb0825e7a4093d21ed076883f8aca33300631291e,10.05511774,0xd7c29b7bdff2e120af60efbbdd420b576abd3a72,0xce89063272ecce1cda2086670ff94cbc690b8f5f,Reental-MIA-3
0x96f229d73cee45dd2d0f3339896f9052e69a7175deee0d51a5689637bd8206e0,0xa0d99b441a9a5e334b234f31a92b97fa8d663626,1.0,0xbb5c220d202fd05c696ed73c18e9db175e7a7a5a,0xce89063272ecce1cda2086670ff94cbc690b8f5f,Reental-YCT-2
0x2650d4da79fdbc8aee1f14482c8e569dc9affa917429d1e2e60f67ad4de0bbca,0x2a8bbc241849431e9cc7c4dbea9c05dfac2de553,5.0,0x20602705fc763d5046911544f1711131e8b50590,0xce89063272ecce1cda2086670ff94cbc690b8f5f,Reental-GRX-3
0xc5ff6ccaf403f18f173d695ba550f4aad66ba0f8691eb340431e98374c35b69f,0x754f5b74e2639cef67fecec03f4d698470bdc92f,2.0,0xf9c3fa98e7c685ff7964b7a297a7a22cb88eef19,0xd0b165e7f49dc15b36ed8cbb60292df383cc78a1,Reental-ABD-1
0xc2ecef05d87c59b700dcb6e5bb6cfb9a5345b4b2a37bf42d175698d57ca08783,0x2f1026ff5bd94232050364c81d61a2d15e147209,10.06258763,0x9882c1eab4f93473171cbc3571a36ab7e88a3aef,0xd0b165e7f49dc15b36ed8cbb60292df383cc78a1,Reental-MIA-1
0x01b6bbe99f0e8aaa2ee8f76b711302fab387e917b6664e34ea75a67620681e4d,0x243e4bacc4b4d61b87816c945544286eb29125c6,5.0,0xd0b165e7f49dc15b36ed8cbb60292df383cc78a1,0xf9c3fa98e7c685ff7964b7a297a7a22cb88eef19,Reental-CME-1
0x9adefd38167760ff7d14c5957a22c0ea41b7f0b4347ff4459b32f45376c5b2d8,0x2f1026ff5bd94232050364c81d61a2d15e147209,0.45356144,0xd0b165e7f49dc15b36ed8cbb60292df383cc78a1,0xd212a7c928b7a61460d67b96769bb8e38b4a4652,Reental-MIA-1
0xaf7856413fa4ba9e6353c30acefce98d3b30dd45afd5e8fbb04d3544db55765b,0x754f5b74e2639cef67fecec03f4d698470bdc92f,1.0,0xd0b165e7f49dc15b36ed8cbb60292df383cc78a1,0xf9c3fa98e7c685ff7964b7a297a7a22cb88eef19,Reental-ABD-1
0x9ada57e14087b7daf8bb1b20b39373f46d0270d33280c76692f89dfce69f4a29,0xfc5e219788a953ad8e71c3b7cb9484695e7f028e,0.484,0xd0b6a9b34097a7a6c3c42540e5a33244dbc9b0a8,0xd3b47625f4339c998894848b93d306124a638eda,Reental-SVQ-6
0xc5a4d67d3080d0e717479155ebee940929930512c5596a224685ab1ff095261d,0xf1ec7e14489683babdb9299e5f9908d19a8759dc,1.00378783,0x67f41ceabfd6f47f3c826860bc9f582f86f9f609,0xd13095bf02db2513addc2c76a31f60fce49416d7,Reental-MIA-2
0x2b5fafa87a6079520153aaf26b9c5ccb5549d20db4b1fd4d0dd412a6a73ee72b,0x2f1026ff5bd94232050364c81d61a2d15e147209,1.48540937,0xd8bf40febaadb4c1d5e336d064512bd9182786ea,0xd1aa7e73c79d7faade965ecca298b3a88d9abaea,Reental-MIA-1
0xefd99c922b4ed40c7ba6b45a5e26e0571c75d6f322c5903fde705e2ada630ce5,0x2f1026ff5bd94232050364c81d61a2d15e147209,5.0,0xb57114b18086ee2f28cabb096e42b67324dd5c70,0xd1aa7e73c79d7faade965ecca298b3a88d9abaea,Reental-MIA-1
0x5d66b23199db5bb54298ae2d0010018d97a7322e77fc0b2e62da25a29a169d58,0x4adaee2dae690cf8f3915f1c1963f16d239c5e11,12.01086575,0xdd5de994cdd5fae199fc5e0dc4cf8576338dc6aa,0xd1aa7e73c79d7faade965ecca298b3a88d9abaea,Reental-MRB-1
0xaebb213778ac9a7a7efc785203728e9fb1482478b14848f499970bd39b9ce179,0x2f1026ff5bd94232050364c81d61a2d15e147209,15.0,0x9c0e7f3e623e2daf58f9a343348671d76613af2e,0xd1aa7e73c79d7faade965ecca298b3a88d9abaea,Reental-MIA-1
0xbf540bcc71722a78953a4d23c8ef38d90c66b4d5e038a963d1c2e6cbda96263b,0x2f1026ff5bd94232050364c81d61a2d15e147209,10.0,0x9c0e7f3e623e2daf58f9a343348671d76613af2e,0xd1aa7e73c79d7faade965ecca298b3a88d9abaea,Reental-MIA-1
0xcdb6deebfbe567f9d579dfe82df25541a4f0fd601f3ee976d09357ac72d63013,0x8711b4172ed71d2d4f90e3e2f0cb63726acba8e6,2.48,0x3460f3e3ecdadb7ca18cc363c1ed05d227fda666,0xd212a7c928b7a61460d67b96769bb8e38b4a4652,Reental-JAX-1
0x740a4f62c968ca513a1ab898e58f9e92056435f662407b001e4558456043678b,0xe27f1e1d5ef28f560cbd9500342b24dd989635d2,1.0,0x3460f3e3ecdadb7ca18cc363c1ed05d227fda666,0xd212a7c928b7a61460d67b96769bb8e38b4a4652,Reental-VLC-1
0xc00a48b0499017c9229967dd234d8b635d928b905d0bd000b9415c98d074d4c6,0xfc5e219788a953ad8e71c3b7cb9484695e7f028e,1.21877684,0xd8bf40febaadb4c1d5e336d064512bd9182786ea,0xd212a7c928b7a61460d67b96769bb8e38b4a4652,Reental-SVQ-6
0xd7e9ae3980170e0558d49d347bc02ba7bd5afa3d9ebd12f2d561a9451ee4a589,0xb5a1a4f29b7376c091d6f4c7689be4b7cd5a6d98,3.0,0x03b0d1a2cfce3cd5188b6454d8b5d2d5abec45bd,0xd212a7c928b7a61460d67b96769bb8e38b4a4652,Reental-VLC-6
0x503c46b16fc70d5b5edc2f791ed1dcb9ca61dfbf2ca6346c6fba9bdb4fb5769b,0x1b0d685f5e4063033e0a1a360db864c9911eedda,1.75188364,0xa6e1b44481f027e4609ff0983db49d0fbd769983,0xd212a7c928b7a61460d67b96769bb8e38b4a4652,Reental-VLC-9
0x9a3c23d8bb4ee1ce66b2e10d8385d09cdbfac29b8aa3bc923de11dcc63ca7357,0xb45898179fe8de2818e3ff994559c60aa962e2af,0.1716371,0xa6e1b44481f027e4609ff0983db49d0fbd769983,0xd212a7c928b7a61460d67b96769bb8e38b4a4652,Reental-MLG-7
0xe2fbcb52cb65522a00df65fffe7478e4e80ab94726b1f2393379c24673354e0a,0xac6b91d535bdedb731045ed823d2a6c3ad5b5177,1.0,0xe0d5eacf6c9d5c3e287b4ec42e7f20a8b0b9c3c1,0xd212a7c928b7a61460d67b96769bb8e38b4a4652,Reental-OVD-1
0x29515fd11b36ba7c8a4e441bdac377e51e658ac692c23ad854f1c895410614e0,0xcac847f077fc0a13db7e2476c0dd25bffd116809,1.3005691,0xa6e1b44481f027e4609ff0983db49d0fbd769983,0xd212a7c928b7a61460d67b96769bb8e38b4a4652,Reental-VIL-1
0x5c5898180b27317cf46f7b6effc461164dbe6ba4c72ef4cc3e0b7279b9bfc0c7,0x95fb76dcf3bd83b3a9262a96194f29a9a7243f7a,3.81953461,0xd7c29b7bdff2e120af60efbbdd420b576abd3a72,0xd212a7c928b7a61460d67b96769bb8e38b4a4652,Reental-VLC-2
0x0d13991abc894dd5ada78d282a983ad5c88d55828f52121325a199521c49d907,0x7f6b82381bce03e7cf6af2fb1dcd41993406d4ae,3.0,0xe0d5eacf6c9d5c3e287b4ec42e7f20a8b0b9c3c1,0xd212a7c928b7a61460d67b96769bb8e38b4a4652,Reental-MLG-2
0x7c5545fa08950bf9392e0cca55658945c8da8baaee422891d15b2cc9878353e0,0x6bde5421e90a42c6e78faaf3a79e4310a4d6266f,1.01,0xeaa27673f91cf5a9a6707c0f6c4fab35fbb7fadb,0xd212a7c928b7a61460d67b96769bb8e38b4a4652,Reental-VLC-11
0x72acb2e2c8927c71e772e11862c9f0ccceed4e5fc128a646332e52d7229b5924,0xbaea3b53056d42c763d14bef94b39ada218c2dbd,5.0,0x1d4f1a58d7d62513e3fb4d777db81d7de4a0e807,0xd212a7c928b7a61460d67b96769bb8e38b4a4652,Reental-VLC-7
0x285bbfc9e810fc797af706d50a7e7ad7d5e43fc82dec74b6afea7b316be7e4c9,0x95fb76dcf3bd83b3a9262a96194f29a9a7243f7a,5.0,0xd9135bda4ccd4291e3f3dcedfbb0994844b0c627,0xd212a7c928b7a61460d67b96769bb8e38b4a4652,Reental-VLC-2
0x4b432a07c32c8b53a8d27f8645f8dff5f93ae9f11d00e8418ebae829fea7a6a0,0xa17e89f33e80b506af759f9e493efe29a47ea905,0.92862087,0x3fd18bcdf53caf473320848283199fe7a1a4751e,0xd212a7c928b7a61460d67b96769bb8e38b4a4652,Reental-VLC-10
0x7bc00c8f73c75ca264a1d39bd7966bdf350e918073a84c80bc0b6e0547914253,0xac6b91d535bdedb731045ed823d2a6c3ad5b5177,4.25831039,0xb00f45001343e07464d2a40044ef8a527db76039,0xd212a7c928b7a61460d67b96769bb8e38b4a4652,Reental-OVD-1
0x67320aa822e60721dbac8c45ff1b46aaea271ff553e87c0e60caead72af22b5c,0x1b0d685f5e4063033e0a1a360db864c9911eedda,4.81558455,0xb00f45001343e07464d2a40044ef8a527db76039,0xd212a7c928b7a61460d67b96769bb8e38b4a4652,Reental-VLC-9
0x70eba72938de0e161daea258917898c7fe975fd0ff406f63c2ffda5394bb0ff5,0xfd0ea97747f7b1a53ec59ef5001616cde3aead3e,5.0,0xe33a753eae22c2c0fc20e4c701dd40cfd36a82b6,0xd212a7c928b7a61460d67b96769bb8e38b4a4652,Reental-CLVM-2
0x5d970e9e8ec73c1e00557fbd912b6cc77a1ae540ba17c20fb5c96ac83f5426ca,0x9626bb1cd5536c2a3acc5c0cd98a589d9ea31638,1.12790925,0x21cb12db1844b7d4c0cf3c3f1881737d7efa0702,0xd212a7c928b7a61460d67b96769bb8e38b4a4652,Reental-CDP-2
0xfac2e9ad77d24254cddc34d4f60a1b7d7ab56aaa422af7a918ecd22a66c913b3,0x92f8150266c3a2a51be53188eebdfb0798ca7910,2.95556929,0x619485cbd0f78431d709aa20b1ac49768939badf,0xd212a7c928b7a61460d67b96769bb8e38b4a4652,Reental-SGT-2
0xc0c28eea9fc438fbffd08ccea4a2df60dbbd1ea32de5b822a6834d8bc3f395a0,0xe27f1e1d5ef28f560cbd9500342b24dd989635d2,2.4135803,0x619485cbd0f78431d709aa20b1ac49768939badf,0xd212a7c928b7a61460d67b96769bb8e38b4a4652,Reental-VLC-1
0xffdcc0e6e1835bc6ed0430fec96db1463bca5eb3f58d7aafb0e8ca7b44d1149a,0xfc5e219788a953ad8e71c3b7cb9484695e7f028e,1.29576,0x619485cbd0f78431d709aa20b1ac49768939badf,0xd212a7c928b7a61460d67b96769bb8e38b4a4652,Reental-SVQ-6
0xa01c098b5f4b5e9c912cb5e80622275495ecb80efaf6156abe417f9e384a487c,0xb45898179fe8de2818e3ff994559c60aa962e2af,1.11525549,0x64441cc873d5f2014ac6c1a2f039b405abca3d09,0xd212a7c928b7a61460d67b96769bb8e38b4a4652,Reental-MLG-7
0xc784dc3f27f05cdcedac779b5c1fec008505e68a40370735e7ff8dce9b936e54,0x29fdc3434576e188e8131b2ad9cf94d3b3e71f56,5.0,0xe574bc9a94a1067a2178be8dcfe0826602000e48,0xd212a7c928b7a61460d67b96769bb8e38b4a4652,Reental-MLG-8
0x1157c8675369ac2b26cbe3d53b46cfe849a2940e1fbc01c403922aa5b6d45243,0xb5a1a4f29b7376c091d6f4c7689be4b7cd5a6d98,5.0,0x632d6483c59f102c23d97dab6da11f35df0bbb8e,0xd212a7c928b7a61460d67b96769bb8e38b4a4652,Reental-VLC-6
0xe3d1475144f35774c72a1ac444d231213846bf03a26ecdd18d82ab7e18bd21f1,0xb5a1a4f29b7376c091d6f4c7689be4b7cd5a6d98,5.0,0x632d6483c59f102c23d97dab6da11f35df0bbb8e,0xd212a7c928b7a61460d67b96769bb8e38b4a4652,Reental-VLC-6
0x99dc37fe5f669143927c24205323d8f9583a6693eda70df312f6acf9aba69481,0xa17e89f33e80b506af759f9e493efe29a47ea905,0.11358046,0x7882d24e65a18b87ce84079fb7e9fbf82ab2e100,0xd212a7c928b7a61460d67b96769bb8e38b4a4652,Reental-VLC-10
0x2fbb316cb59424b1779580a0828687d4150f42366b1703657bba0d97d0ad7471,0x29fdc3434576e188e8131b2ad9cf94d3b3e71f56,2.51,0x0c9ddacefb5848bae01a6c37de08b67bb5134065,0xd212a7c928b7a61460d67b96769bb8e38b4a4652,Reental-MLG-8
0x89924415181cb014b3ad80e2aaf969502df699dd74860b915f4d48b4e3ef9bfd,0xbaea3b53056d42c763d14bef94b39ada218c2dbd,1.97402993,0x5cbd3aaabb7dc0bb893a96a6fc696c099ccb775b,0xd212a7c928b7a61460d67b96769bb8e38b4a4652,Reental-VLC-7
0x54815c09d243c0d7da7ede9032d9b4c1a4a04ba9d315ed142757bcadcf2cb89c,0xb5a1a4f29b7376c091d6f4c7689be4b7cd5a6d98,2.31540599,0x5cbd3aaabb7dc0bb893a96a6fc696c099ccb775b,0xd212a7c928b7a61460d67b96769bb8e38b4a4652,Reental-VLC-6
0x904d128ac8599fcf417241af968e5ad53af8e08b05fd34587974c5f9afe1fc53,0x29fdc3434576e188e8131b2ad9cf94d3b3e71f56,0.2609507,0x82052d854a72fdf229c093ae374ebad7b085e620,0xd212a7c928b7a61460d67b96769bb8e38b4a4652,Reental-MLG-8
0xd4c9b2b813a7495572a43e677ec701d4c780874aa1cae4de61fdac4bc28c7f00,0xb45898179fe8de2818e3ff994559c60aa962e2af,1.7,0x5aa2e83633ff5fb40f85479f5a3218d11daea050,0xd212a7c928b7a61460d67b96769bb8e38b4a4652,Reental-MLG-7
0xf0b91e0d4c3086581737b2fbf91bd5a45c5ce21f79034dfde74022083c824d8b,0x6b4fa3c69e62f8f03dc018b57efa74d560462210,0.20622248,0xa72ed54fb61853c823820a264870b7bdf46c0ddb,0xd212a7c928b7a61460d67b96769bb8e38b4a4652,Reental-MAYA-1
0x57776af7ceddf9e0090da91d7f8a4738c60374e6ec9502522e66b5319ca8ebd8,0x7f6b82381bce03e7cf6af2fb1dcd41993406d4ae,2.81016627,0x5cbd3aaabb7dc0bb893a96a6fc696c099ccb775b,0xd212a7c928b7a61460d67b96769bb8e38b4a4652,Reental-MLG-2
0xce72aa17bf659e6d1fe60047dbe838b1b9de4c4d8f7d8fc78c7dc9639f55f527,0x7469b9381bfa8a34bef9dfaad03d75f60947f957,0.18228047,0xa72ed54fb61853c823820a264870b7bdf46c0ddb,0xd212a7c928b7a61460d67b96769bb8e38b4a4652,Reental-CDP-3
0x2d0f077e76625801010002d69cdf1d98dfcd1d467ca2d18d91bf6466b6eebddf,0xcac847f077fc0a13db7e2476c0dd25bffd116809,3.0,0xd9135bda4ccd4291e3f3dcedfbb0994844b0c627,0xd212a7c928b7a61460d67b96769bb8e38b4a4652,Reental-VIL-1
0xe09d2e962683ff27b67599721e49e703a2f927042b83fa7dcd6812ffb00df609,0x7798f8c28ce575188f4e65aeb6719c0ec5c69195,1.0,0x70c8aab186e952c4f047c362035054e45a371045,0xd212a7c928b7a61460d67b96769bb8e38b4a4652,Reental-VLC-4
0xc798ca042e4b21aac1c026336e03eb408cd21aaf1506203e0b840964d41d4a4f,0xb45898179fe8de2818e3ff994559c60aa962e2af,5.06618089,0x70c8aab186e952c4f047c362035054e45a371045,0xd212a7c928b7a61460d67b96769bb8e38b4a4652,Reental-MLG-7
0xe2c99dc94cdda9b9ef06c000693234816d68f90a543cdbdada5d152240eb9441,0x512ee64de3b983d4e05faa949d63020442215a41,9.43987539,0xd9135bda4ccd4291e3f3dcedfbb0994844b0c627,0xd212a7c928b7a61460d67b96769bb8e38b4a4652,Reental-VLC-3
0xf7f71aa0a180311461f71efd4d1e98ba4f14224d77c5e7e0aaa1cf168d11d727,0x7f6b82381bce03e7cf6af2fb1dcd41993406d4ae,2.00861519,0x97cacff734becff32d449b4f4178c1a69df482a4,0xd212a7c928b7a61460d67b96769bb8e38b4a4652,Reental-MLG-2
0x958d3c169f3509ee106f5a7b6917aab908bc2256d97bbbb73a963a9cc54eac0c,0xb45898179fe8de2818e3ff994559c60aa962e2af,1.1492751,0x788390e251b13db1309c2feeaca903e685bd83fe,0xd212a7c928b7a61460d67b96769bb8e38b4a4652,Reental-MLG-7
0xacbad011f3046c019dea9d00b86769a61cb8fedd34c89c261d716f886cf99392,0xfd81b5f560700652b1bf73e26662ec4df1469ae3,3.66996679,0xb57114b18086ee2f28cabb096e42b67324dd5c70,0xd212a7c928b7a61460d67b96769bb8e38b4a4652,Reental-SVQ-5
0x65da70b77c15213719368cc6b0e003d215fd0933b424d8cae22e99b9cc994f60,0x7f6b82381bce03e7cf6af2fb1dcd41993406d4ae,0.17373059,0xa72ed54fb61853c823820a264870b7bdf46c0ddb,0xd212a7c928b7a61460d67b96769bb8e38b4a4652,Reental-MLG-2
0x6fa5746ed0c46abe94efa163dfd616752f7e6973ef2a7d161981feb204557609,0xb45898179fe8de2818e3ff994559c60aa962e2af,0.37006638,0xa72ed54fb61853c823820a264870b7bdf46c0ddb,0xd212a7c928b7a61460d67b96769bb8e38b4a4652,Reental-MLG-7
0x3a3de2a543e8de24c8ca31ac946dbb251d72095107832de95d54292e8c891859,0xbaea3b53056d42c763d14bef94b39ada218c2dbd,1.0,0x9a41897d612ed5e1e79a6facb3f525d7b020e465,0xd212a7c928b7a61460d67b96769bb8e38b4a4652,Reental-VLC-7
0x90c7746ade20d15f481b23b6e785ed0534d637a15c334dc653c1bb0f06563742,0xca53dd67cfa553d9e31c377602fb217dff9eadff,1.01760176,0xbf7ae5e5df05e34f7fa69d39f1a9321bbe5496d9,0xd212a7c928b7a61460d67b96769bb8e38b4a4652,Reental-SMA-2
0x1e03b73ac1d687f6682b433b31a7b74959962cd2f922ada53bab19ddb3b43047,0x67f43c75ddc47762c1f5d0e4c97f0e3d38be8fc9,1.47463028,0xf9c3fa98e7c685ff7964b7a297a7a22cb88eef19,0xd212a7c928b7a61460d67b96769bb8e38b4a4652,Reental-MLG-9
0x2c58b583a46bd4de32c0cd9a6863475fece71761e42ac9f6f69c8bbe0c1ac4fb,0x4adaee2dae690cf8f3915f1c1963f16d239c5e11,0.9,0x7d7f876e1534faccec1b96a3e17f6951e1c07f76,0xd212a7c928b7a61460d67b96769bb8e38b4a4652,Reental-MRB-1
0xf1296b0faada7913f88142075c105ef9c8a537ac16b04a85d6c65eeab5db8863,0x4adaee2dae690cf8f3915f1c1963f16d239c5e11,0.94342034,0x7c5064798e078fb315e066c1c8fd1fbeb55f3c68,0xd212a7c928b7a61460d67b96769bb8e38b4a4652,Reental-MRB-1
0xd73db17b6e2be2f9979fccc350b34a4b547b305fcbca66dfff5ce34ed447b749,0xa1bf01d5fdb5ae190853f49585eea6c910eb8937,4.08606679,0x1b828e61617b58a292ea3f589fca5b4ff98d3156,0xd212a7c928b7a61460d67b96769bb8e38b4a4652,Reental-SVQ-4
0x2993f821e003b533dd30301951b9a230ebdd2241392e33e0fb280667cf0b1f60,0xfd0ea97747f7b1a53ec59ef5001616cde3aead3e,9.18707627,0x1bff0228f85596345d73c93a40f5014f41efe4ea,0xd212a7c928b7a61460d67b96769bb8e38b4a4652,Reental-CLVM-2
0xcb41767c442da9ee068b9b6cae926f7e27b4ba8e960a959ae4f7869e0eb8c188,0xbaea3b53056d42c763d14bef94b39ada218c2dbd,2.80464174,0x1bff0228f85596345d73c93a40f5014f41efe4ea,0xd212a7c928b7a61460d67b96769bb8e38b4a4652,Reental-VLC-7
0xd0cfbc8826714e44ce5af409b2b58249d6ef0af742cfe84ab1328c2c765ff09e,0xe7d35f9248ea53943765928c0d9dc027a0129f28,1.0,0x6078e39382b2c09c9bac7d327570b1d50d7185b7,0xd212a7c928b7a61460d67b96769bb8e38b4a4652,Reental-MLG-3
0xdad74d8de313b584eb40049ec8ebd70daec9a8ee6066972b709c4f62a5e4c583,0x6bde5421e90a42c6e78faaf3a79e4310a4d6266f,1.0,0xd212a7c928b7a61460d67b96769bb8e38b4a4652,0xf992dc441bdd53179f9a9955f92db68da6733bc3,Reental-VLC-11
0xb777dc1010a508a84f6650d352f52395ad29907f5af0dc41dc77e3c0e52fba63,0xe7d35f9248ea53943765928c0d9dc027a0129f28,5.0,0x9b04ba99ad57a8cfc5d1273f4cfe80d67a9bb9bb,0xd212a7c928b7a61460d67b96769bb8e38b4a4652,Reental-MLG-3
0xde50db4bc2c662cb4cc552fa93fde00c71abfcbbf0b003abcab699983884fb52,0xe7d35f9248ea53943765928c0d9dc027a0129f28,2.0,0xd212a7c928b7a61460d67b96769bb8e38b4a4652,0xf439d2142bfb77b68fca4ea484133a34ca1e1e2f,Reental-MLG-3
0x114f7d58cbb61b259affffa74ecd09bba1d877312952b239b2f52b20b0bf9868,0xed923b814f1ea3d42c54dda55ba8edfaba994489,1.0,0xff8975d6d90848cd9affa48e7b043813873b571a,0xd212a7c928b7a61460d67b96769bb8e38b4a4652,Reental-BKL-2
0xfd3abf027eb21e4483263d4d95b2880e56eadbf02cb1438abd674efbb138d768,0x6bde5421e90a42c6e78faaf3a79e4310a4d6266f,1.0,0xd212a7c928b7a61460d67b96769bb8e38b4a4652,0xfc22a6018fc3f0d09d274e2783270aef213944b2,Reental-VLC-11
0xa9455055c9600a56c65e1c2e226bb9f27417d7cb18674c47c3e100d40edaa3d0,0x33be67454ae817337db15877fd4106c5cd5206c5,3.58118496,0x9b04ba99ad57a8cfc5d1273f4cfe80d67a9bb9bb,0xd212a7c928b7a61460d67b96769bb8e38b4a4652,Reental-MLG-5
0x5e704bbc1d286bad9994ca8169415db1f667d75199b43e3d867f39a086393517,0xaca38d593f7775334fa1b84a865f19396f62f760,6.82510296,0x9b04ba99ad57a8cfc5d1273f4cfe80d67a9bb9bb,0xd212a7c928b7a61460d67b96769bb8e38b4a4652,Reental-MLG-6
0x8bd950091aa51652d7eb675d4856bdd8f799894756615c38c5055ed647e30c6f,0xaca38d593f7775334fa1b84a865f19396f62f760,1.0,0xd212a7c928b7a61460d67b96769bb8e38b4a4652,0xee21cb5ad21b519849e2a14c1555ca9e00a4f67f,Reental-MLG-6
0xa677df8c932f2c96ce33b23440a97025d1d64e6b9a3053efab54057cb5f33ffc,0xfc5e219788a953ad8e71c3b7cb9484695e7f028e,6.29140327,0x6b7aa6eed204c22c199db0044d9369c2712a7e26,0xd212a7c928b7a61460d67b96769bb8e38b4a4652,Reental-SVQ-6
0x3ef312cec190894e362865ac8dc87246693b11a11af36b772dd721448a23f507,0xaca38d593f7775334fa1b84a865f19396f62f760,1.0,0xd212a7c928b7a61460d67b96769bb8e38b4a4652,0xee21cb5ad21b519849e2a14c1555ca9e00a4f67f,Reental-MLG-6
0xcc38da864fcc3a457097bb1f0b9300a1f83cb2ca1a3b946c0c825a148aa293a1,0x4adaee2dae690cf8f3915f1c1963f16d239c5e11,5.0,0x1f16c2d016cb02c94ba226e8c6975dd777d417ef,0xd212a7c928b7a61460d67b96769bb8e38b4a4652,Reental-MRB-1
0x0a3878b34e8871b6f8c22dd1232c145a9fbb07440279b005631091df76a37c22,0x4adaee2dae690cf8f3915f1c1963f16d239c5e11,5.0,0x1f16c2d016cb02c94ba226e8c6975dd777d417ef,0xd212a7c928b7a61460d67b96769bb8e38b4a4652,Reental-MRB-1
0xa7b47efa08c37b5d692d9fc6a7265688e61c74f532bd348afb39f973009fa7c1,0xca53dd67cfa553d9e31c377602fb217dff9eadff,1.01760176,0xd212a7c928b7a61460d67b96769bb8e38b4a4652,0xe50afc8c3add9e95f03c0b9cd08594e667ae6d99,Reental-SMA-2
0xf5da7ca214724353c86754e9c8a2340adb5afecd8fa542a1bb212802979c8335,0x2f1026ff5bd94232050364c81d61a2d15e147209,2.18086903,0x44eff9b70a800dd9a47c5b855286d5b7930679ae,0xd212a7c928b7a61460d67b96769bb8e38b4a4652,Reental-MIA-1
0x69340668f8a07108fb89cad3ee7d9aa1184897525b28e575cb9e3b5ac6520d27,0x29fdc3434576e188e8131b2ad9cf94d3b3e71f56,1.0,0x13298289c119438e0dd2bce32e23f71192d063fb,0xd212a7c928b7a61460d67b96769bb8e38b4a4652,Reental-MLG-8
0xde64a0db5f0597acde8039ec1378142301d635c3402a46d947ac4092c2112d7b,0xb0825e7a4093d21ed076883f8aca33300631291e,2.0,0xb63969f61ebb1122d881040998a5630b8c8ddd70,0xd212a7c928b7a61460d67b96769bb8e38b4a4652,Reental-MIA-3
0xa07113d5a211eb13a44f00d2593c3719db342b5edc4cc5b56b93ba3d021cd54b,0xb0825e7a4093d21ed076883f8aca33300631291e,2.27817588,0x55a9efdfb41ef7b42a0b6e25dd220474946de368,0xd212a7c928b7a61460d67b96769bb8e38b4a4652,Reental-MIA-3
0x678cb94ec49d4438df975acfdb337b01c3a9f6cba05843c6510fcdb0655ce546,0xe56ff2dff2c2e95511f0bef4b3d92da05e8197c0,0.43711236,0x23363a09813b1241abad140371278de17647866f,0xd212a7c928b7a61460d67b96769bb8e38b4a4652,Reental-HOU-2
0x4dececde940fe5affb3c66587e7f417a4ab8ae065adc2920b46cda11e4a04b3f,0xfb759e0cc5cff4aea606064acd41c71c7c11bf40,0.40842256,0x23363a09813b1241abad140371278de17647866f,0xd212a7c928b7a61460d67b96769bb8e38b4a4652,Reental-BKL-1
0x42f824221b6929bc8459021132a9ccc10cb9c5875492326eeebd3f6440059a09,0xaaad2db2f624dc5a350d579d834b5fe12b2bcd8d,0.22884895,0x23363a09813b1241abad140371278de17647866f,0xd212a7c928b7a61460d67b96769bb8e38b4a4652,Reental-YCT-1
0xa70d616eb76c7416a902777d3b5f19a6c53f5b775b323c48bcea167c2c8fb63e,0x29fdc3434576e188e8131b2ad9cf94d3b3e71f56,0.47115573,0x89b5416968540a8b504bcaeba2d7b3dc0753f1cc,0xd212a7c928b7a61460d67b96769bb8e38b4a4652,Reental-MLG-8
0x845861c41038377b9a5e0b08d5827b591c16080b6aac7e662f66589ca8a4e31b,0xfb759e0cc5cff4aea606064acd41c71c7c11bf40,0.49993308,0x3f86ab389fbb659541f47a65d6c15234834394b9,0xd212a7c928b7a61460d67b96769bb8e38b4a4652,Reental-BKL-1
0x12c3e41266ad8aba55fbfd8293ca69fb138a3d30831c6d1861d4641f01b79b3c,0xf1ec7e14489683babdb9299e5f9908d19a8759dc,1.25988731,0x8e10ab38b74eb67e64cc89d52673ab788eca5823,0xd212a7c928b7a61460d67b96769bb8e38b4a4652,Reental-MIA-2
0x34ecaf4c0d139ad39c9f4fcbfae467e8448e8c5ffacdb69aa90de2da5455407b,0xb0825e7a4093d21ed076883f8aca33300631291e,2.00091624,0x8e10ab38b74eb67e64cc89d52673ab788eca5823,0xd212a7c928b7a61460d67b96769bb8e38b4a4652,Reental-MIA-3
0x89d8fe1af86d89861c5a80d394f4b51db4ed54844cf4fa55e3706abece30c2b8,0xf7a694bc2768fc3b26beb5e98bb76f744397e49c,0.1746749,0x23363a09813b1241abad140371278de17647866f,0xd212a7c928b7a61460d67b96769bb8e38b4a4652,Reental-RDO-1
0xa71bd5e9df96d98ac9ba5526b0219e059622f4f08ac212e876a3be34ec1b02b0,0xaca38d593f7775334fa1b84a865f19396f62f760,5.0,0xa2e2d8abb6c99e272f1c5aad75e66b4b6ae1bbee,0xd212a7c928b7a61460d67b96769bb8e38b4a4652,Reental-MLG-6
0x5d52e1e9f7c3f7117fb82c82f85e101ecf851a125f7bf34867c6fceb6164c98d,0xb0825e7a4093d21ed076883f8aca33300631291e,2.09419152,0x26c11cf61d3cbefb3d36571abc8967d5a667e3ab,0xd212a7c928b7a61460d67b96769bb8e38b4a4652,Reental-MIA-3
0x4fb5fc1652c028884b537f310138fa2bae103516f967d84f8faab597f0c1debf,0xe7d35f9248ea53943765928c0d9dc027a0129f28,5.04,0xee21cb5ad21b519849e2a14c1555ca9e00a4f67f,0xd212a7c928b7a61460d67b96769bb8e38b4a4652,Reental-MLG-3
0x35c51e1bcbbe2a6e596770d5451cc753cec9cc3f3730cf0913b283a671c06a27,0xaca38d593f7775334fa1b84a865f19396f62f760,6.998642,0xee21cb5ad21b519849e2a14c1555ca9e00a4f67f,0xd212a7c928b7a61460d67b96769bb8e38b4a4652,Reental-MLG-6
0x2e7805255345616ff8900795290829167c32e3e297e4df16be5574c794471a8f,0xf8657256c5cd5fdb044e55d1ec39e9b8c969dbf1,2.0,0xca20609da56c09acb47e7be96a360ef4383d447a,0xd212a7c928b7a61460d67b96769bb8e38b4a4652,Reental-PAZ-1
0xa056e7ee3850d4008bc9d4f8e5a64c808894abdd34e208f0ad1fe53b57890c4f,0xe16901dad396fe7b1b77b6d2bd91b2d648e8a762,0.95122856,0xfb8482d3a050b09d9dd3d3fb44e858864ef649f8,0xd212a7c928b7a61460d67b96769bb8e38b4a4652,Reental-HOU-3
0xe9cf458a29e5f6bf958f2ccb0fe02312c448a75ef00111c24c4c79e68e3d00c3,0x8a96bf9aa5812ce957aed1f554065b64a545c88a,1.17477552,0xee21cb5ad21b519849e2a14c1555ca9e00a4f67f,0xd212a7c928b7a61460d67b96769bb8e38b4a4652,Reental-VLC-12
0x5fb3eaf4da268ae25c974e221e0582f78e3eae418fb521552b67c47d87d265e5,0x2f1026ff5bd94232050364c81d61a2d15e147209,3.01329638,0xec2797928a075ac322e0a1f2fca0f253b961b9b5,0xd212a7c928b7a61460d67b96769bb8e38b4a4652,Reental-MIA-1
0x5384269a0d608bb262ea2dbb2cf00ed79f50329d576dba41b8142ccaad8d6dfe,0xb0825e7a4093d21ed076883f8aca33300631291e,1.0,0xe5085179ac53089d8c37bc8c1208466a573d87bc,0xd212a7c928b7a61460d67b96769bb8e38b4a4652,Reental-MIA-3
0xb564cd7c785a1ec18ad35e5372384c9c23bd1ab96a296b5c2c150250eb21e096,0x2a8bbc241849431e9cc7c4dbea9c05dfac2de553,2.57288861,0xe50afc8c3add9e95f03c0b9cd08594e667ae6d99,0xd212a7c928b7a61460d67b96769bb8e38b4a4652,Reental-GRX-3
0xdb0b18c6f94d683944e4d4d0c3385acfcf87b6b4fbbbd4103f4d6f0d2e562294,0x5120d475fc24952f1a1575aacd8d6e5daf57bcf0,1.80582902,0xa7ea59c52735934ae33ba6b87bc9063fdeea7c7f,0xd212a7c928b7a61460d67b96769bb8e38b4a4652,Reental-MLG-1
0xe981992331ab9050c2eaafa43636e20e50a7b550d04ecb0934929c23163efd53,0x8711b4172ed71d2d4f90e3e2f0cb63726acba8e6,0.40278355,0x0fc02d28d691eaf59b6d2dd25823766d83dc1aac,0xd212a7c928b7a61460d67b96769bb8e38b4a4652,Reental-JAX-1
0xdca83a7c44a53fd2880c6eabddb3de486f1fab49642131efe1ae9704537a0a2b,0x29fdc3434576e188e8131b2ad9cf94d3b3e71f56,0.85525183,0xdd5de994cdd5fae199fc5e0dc4cf8576338dc6aa,0xd212a7c928b7a61460d67b96769bb8e38b4a4652,Reental-MLG-8
0x792e86facb5f0144a6a46f908b7b78dec39d3938c9c226fd6af20d1f1f48af08,0xf7a694bc2768fc3b26beb5e98bb76f744397e49c,0.16199279,0x0fc02d28d691eaf59b6d2dd25823766d83dc1aac,0xd212a7c928b7a61460d67b96769bb8e38b4a4652,Reental-RDO-1
0x5fd88884b0893d4f035c927c32f8194b5477075ebb78b14aecf34abaa5e7febe,0x6da0652a8481a774f5164612ab0ab18f105ad243,5.0,0x95046856765c6a430a25325c16b3b52d5bbea079,0xd212a7c928b7a61460d67b96769bb8e38b4a4652,Reental-CLVM-1
0xa00e535c747711dd4ff34ac6ca015787a471433f949c83989b0474aa3fd0c788,0xad3e1f50590ef6f323caa0cf43f39d28d1d34144,0.86628452,0xa75c9b4a9d6352a3de7023c9912417d32dbd5220,0xd212a7c928b7a61460d67b96769bb8e38b4a4652,Reental-JAX-2
0xeb5871c6e1d1f3cba8a890824501f0da0cdc62bda007c47d2cd0cfa849e230f5,0xf7a694bc2768fc3b26beb5e98bb76f744397e49c,1.62549911,0xa75c9b4a9d6352a3de7023c9912417d32dbd5220,0xd212a7c928b7a61460d67b96769bb8e38b4a4652,Reental-RDO-1
0x03d7d67911dbd9e3fdde42d3c7847588ea6d0c67546690c5bd7d42c2fb91fff1,0x7f6b82381bce03e7cf6af2fb1dcd41993406d4ae,5.0,0x86a8f2c6251b94e6ec9812225056392d5af723c0,0xd212a7c928b7a61460d67b96769bb8e38b4a4652,Reental-MLG-2
0x4ed1666b00b328efcdefafa6c68ea7f1f4801e29df0201812a845605660eed16,0xfd0ea97747f7b1a53ec59ef5001616cde3aead3e,5.0,0x86a8f2c6251b94e6ec9812225056392d5af723c0,0xd212a7c928b7a61460d67b96769bb8e38b4a4652,Reental-CLVM-2
0xd8b0e14b481c67e2e7f5da25b0d3da27630db0df51a6c9fa7270193fd04feac6,0xbaea3b53056d42c763d14bef94b39ada218c2dbd,20.0,0x9882c1eab4f93473171cbc3571a36ab7e88a3aef,0xd212a7c928b7a61460d67b96769bb8e38b4a4652,Reental-VLC-7
0xb07357e4207dafd858eaca8e350d863ea8361c2ca3bb86398086c30be2ba960e,0xfd0ea97747f7b1a53ec59ef5001616cde3aead3e,5.0,0x86a8f2c6251b94e6ec9812225056392d5af723c0,0xd212a7c928b7a61460d67b96769bb8e38b4a4652,Reental-CLVM-2
0x0dc4608e96fc259f9920ac20ea90296f38f9ef42dc7fd549231e87378bb25e69,0xfd0ea97747f7b1a53ec59ef5001616cde3aead3e,10.0,0x86a8f2c6251b94e6ec9812225056392d5af723c0,0xd212a7c928b7a61460d67b96769bb8e38b4a4652,Reental-CLVM-2
0x6dd9c4c0d8b6120a68803a67b8e1a2a606e9d1943ccd0b5350116a595b32094a,0x7f6b82381bce03e7cf6af2fb1dcd41993406d4ae,1.0,0xd212a7c928b7a61460d67b96769bb8e38b4a4652,0xf4baf08aee50b3ff26ee76334e8d25d08bdf719f,Reental-MLG-2
0x7056608e362e93c080755feca50a0689901c58011965f20597fcdac1480aefb3,0xca53dd67cfa553d9e31c377602fb217dff9eadff,2.9801788,0xf3b141e7c2bf1e023a012848050b4b94de0cb898,0xd212a7c928b7a61460d67b96769bb8e38b4a4652,Reental-SMA-2
0x02458f22714cac1b6791765d21304bf704a356d25784a8e56834068bd515f421,0xca53dd67cfa553d9e31c377602fb217dff9eadff,1.0,0xd212a7c928b7a61460d67b96769bb8e38b4a4652,0xf9c3fa98e7c685ff7964b7a297a7a22cb88eef19,Reental-SMA-2
0xead3b74065e97d062ee059af6877774460753d70f46e131880c6aff0b253b7a4,0xca53dd67cfa553d9e31c377602fb217dff9eadff,1.0,0xd212a7c928b7a61460d67b96769bb8e38b4a4652,0xf9c3fa98e7c685ff7964b7a297a7a22cb88eef19,Reental-SMA-2
0x07c902686f95bb32d37e7563d8d8f36ae2ad754d4d1de7e1e108fc24a4fdf614,0x7469b9381bfa8a34bef9dfaad03d75f60947f957,1.0,0xd69b0809a227727994ea9bba96bd44a9eb32eecd,0xd212a7c928b7a61460d67b96769bb8e38b4a4652,Reental-CDP-3
0x0711574cd4431ea79eb9705c69daec34a99826823bb80103e46523657a8e5f32,0x8a96bf9aa5812ce957aed1f554065b64a545c88a,1.0,0xedb72292b92fe04b027fdf7cdc9dd41e1eafe46b,0xd212a7c928b7a61460d67b96769bb8e38b4a4652,Reental-VLC-12
0xef2c06f3f2ba66b098032c6050204673e2ea8696e1c87106acd7128630a96881,0x8a96bf9aa5812ce957aed1f554065b64a545c88a,1.0,0xd212a7c928b7a61460d67b96769bb8e38b4a4652,0xf9c3fa98e7c685ff7964b7a297a7a22cb88eef19,Reental-VLC-12
0x67a9c9ab06ddd7868a2e3f93062107929e4933b4ecaa9aff194449b35bb8ce37,0x7469b9381bfa8a34bef9dfaad03d75f60947f957,15.0,0x6ab219c91d0b5127eb05d33566f993c885fd359a,0xd212a7c928b7a61460d67b96769bb8e38b4a4652,Reental-CDP-3
0x1e11bc3fd18d2a16f33bb18d0be9794e3926168cf15ae359e84d0d9a2c03f557,0xb5a1a4f29b7376c091d6f4c7689be4b7cd5a6d98,0.62567552,0xf9c3fa98e7c685ff7964b7a297a7a22cb88eef19,0xd212a7c928b7a61460d67b96769bb8e38b4a4652,Reental-VLC-6
0x9b27f40759b68699fb563c0455aa5d83dadf0a3ee1112c9b63b69d1c92dad1d5,0x4adaee2dae690cf8f3915f1c1963f16d239c5e11,3.25223068,0xf9c3fa98e7c685ff7964b7a297a7a22cb88eef19,0xd212a7c928b7a61460d67b96769bb8e38b4a4652,Reental-MRB-1
0x03407b8607dbfcf646090303c57e280d604d24e4450dd8e96b56e625c511552d,0x29fdc3434576e188e8131b2ad9cf94d3b3e71f56,2.04827081,0xf9c3fa98e7c685ff7964b7a297a7a22cb88eef19,0xd212a7c928b7a61460d67b96769bb8e38b4a4652,Reental-MLG-8
0xeac6870cecaae805ac3427a607ff02e1b092aa01e5e9268e6859ba67b19c6a98,0x29fdc3434576e188e8131b2ad9cf94d3b3e71f56,1.16703797,0xca20609da56c09acb47e7be96a360ef4383d447a,0xd212a7c928b7a61460d67b96769bb8e38b4a4652,Reental-MLG-8
0xc9c014c9daa770d39bcdb1b9d077da4373f41a74790c3b3a738ed7b694e926e2,0x4adaee2dae690cf8f3915f1c1963f16d239c5e11,5.0,0x427d2d6f379c135710905349a088d9d68d09ed6c,0xd212a7c928b7a61460d67b96769bb8e38b4a4652,Reental-MRB-1
0x86d916cabfad67d85a8050d6665c32c8bc7ab4d869273a79f45c43daba492234,0x1998bc7570ae301154e0c3017acbb200b87ad1af,0.96741267,0x3024b33c6b6c0e90a908da6a718b9b74ece6b4da,0xd212a7c928b7a61460d67b96769bb8e38b4a4652,Reental-IDX-1
0x4c7b22e4a66fc5d6b4284513c8badddc6f5e20f7f4aa6c804d58ef14d2268c90,0xb45898179fe8de2818e3ff994559c60aa962e2af,0.23571339,0x3024b33c6b6c0e90a908da6a718b9b74ece6b4da,0xd212a7c928b7a61460d67b96769bb8e38b4a4652,Reental-MLG-7
0xcdd1eba27a51ef5573b7d43372ccad064e5dced5cab608a95aa72607901bb8b5,0xc48b58aae1fb770a8655e44de960eb7dc84a5de9,4.0,0xf9c3fa98e7c685ff7964b7a297a7a22cb88eef19,0xd212a7c928b7a61460d67b96769bb8e38b4a4652,Reental-RET-1
0x743eb8718744ce44591fb02a1880069bb8411fb50fc09fc8e7c058cc730e2339,0xc48b58aae1fb770a8655e44de960eb7dc84a5de9,2.0,0xf9c3fa98e7c685ff7964b7a297a7a22cb88eef19,0xd212a7c928b7a61460d67b96769bb8e38b4a4652,Reental-RET-1
0x90dada837f800aedabb897ef5db827f4ccb6b2a9f6d5e7b9a245514ed9dc2d16,0xc48b58aae1fb770a8655e44de960eb7dc84a5de9,1.00752336,0xb39a8faf8c8793da2591dab37b18258150d8ae2b,0xd212a7c928b7a61460d67b96769bb8e38b4a4652,Reental-RET-1
0xe55d1504dbc8943bf19cd76064540753ce11b305180312b7c53fe5c5c333ae6d,0x1998bc7570ae301154e0c3017acbb200b87ad1af,0.12140585,0xbe5d189f4cf9fa7d061b7935e088dd11600e18c0,0xd212a7c928b7a61460d67b96769bb8e38b4a4652,Reental-IDX-1
0xecd77417af50c08e3e30d44e257d04c2cb9cdfffbfcaa347b8421256a608ee1b,0xcc4c1ce8d335bd40a0acf17b9ab08c030cc299aa,1.0,0x70e9b0e2cc510c9455ace24e7fb01829504bb43a,0xd212a7c928b7a61460d67b96769bb8e38b4a4652,Reental-PRO-100
0x74db0a8be278cd2e4bd35e1e18916a643c998c7637b8bcf6c1d560d4d333525b,0xaca38d593f7775334fa1b84a865f19396f62f760,1.0,0x6b19c5195dfb08219f6a94fa48be9d2a4274a696,0xd212a7c928b7a61460d67b96769bb8e38b4a4652,Reental-MLG-6
0xf0dd5e3dbd3d66f3a70dd4bede6c8fb7a139a5a1ca76ee12e5de501e482f7b03,0x6da0652a8481a774f5164612ab0ab18f105ad243,2.0,0x6b19c5195dfb08219f6a94fa48be9d2a4274a696,0xd212a7c928b7a61460d67b96769bb8e38b4a4652,Reental-CLVM-1
0x91d8965bd8d6cf7fd67b232dd47258b42b8767ceec01eb938f1ccbbabbebb52b,0x4adaee2dae690cf8f3915f1c1963f16d239c5e11,1.99993711,0x6b19c5195dfb08219f6a94fa48be9d2a4274a696,0xd212a7c928b7a61460d67b96769bb8e38b4a4652,Reental-MRB-1
0x3c666eaba8c5c7934859303d93be1ead9cfb1dc2d9341e8df3586ec33efdc728,0x33be67454ae817337db15877fd4106c5cd5206c5,1.96836628,0xf9c3fa98e7c685ff7964b7a297a7a22cb88eef19,0xd212a7c928b7a61460d67b96769bb8e38b4a4652,Reental-MLG-5
0x9c0d81fa8852483dd83e58db1838be2a48eb196675dabbf27f8109450673dd95,0x754f5b74e2639cef67fecec03f4d698470bdc92f,1.0,0xd212a7c928b7a61460d67b96769bb8e38b4a4652,0xdac3758f649449ca21ee02ea272b8ae920fa7c06,Reental-ABD-1
0x2624133bd9bc63cd42924fb9cf78bb9ae12de7192bbb2eabf5206738aba12dd1,0x754f5b74e2639cef67fecec03f4d698470bdc92f,1.0,0xd212a7c928b7a61460d67b96769bb8e38b4a4652,0xdac3758f649449ca21ee02ea272b8ae920fa7c06,Reental-ABD-1
0xc22fc67a93e21d87765b5351403f2bac0bb88fe41817001ab84e157ee4cbffc6,0x754f5b74e2639cef67fecec03f4d698470bdc92f,1.0,0xd212a7c928b7a61460d67b96769bb8e38b4a4652,0xdac3758f649449ca21ee02ea272b8ae920fa7c06,Reental-ABD-1
0xfe21bb77602ca8be173c2970e3f9077d068a72f07cd455022f2d8030b3353b3f,0x754f5b74e2639cef67fecec03f4d698470bdc92f,1.32045311,0xd212a7c928b7a61460d67b96769bb8e38b4a4652,0xdac3758f649449ca21ee02ea272b8ae920fa7c06,Reental-ABD-1
0xf7f779fcc0f7aa1a317dec7b4fbc2eb3d441a9ecc47e1dd3cec9b8dfd5e0b81c,0x7aa21fabd73e8d3aa5d5c5994af6b62cfcea3fe4,0.59,0x3f9ed6a481392a65009697131b12518b8cb8ce1f,0xd212a7c928b7a61460d67b96769bb8e38b4a4652,Reental-SHL-1
0x4574f57bbf7d870dfbbb8b50b63814f1f3bfcc5e6be777bcc1f4a1e2f7c3c9fb,0x7cb85443eab0851d9b4558db23e1026af07c700d,5.0,0xd629abe488911a738c1d59854964798865e3bcdb,0xd212a7c928b7a61460d67b96769bb8e38b4a4652,Reental-RET-2
0xcd958efb112746f8ed4c2f76ace29a6383f185a062ba914f8e7f9833b478c1f5,0x33be67454ae817337db15877fd4106c5cd5206c5,2.0,0x86a8f2c6251b94e6ec9812225056392d5af723c0,0xd212a7c928b7a61460d67b96769bb8e38b4a4652,Reental-MLG-5
0x2116bbe260930266a06e10ce5605d4dad37c806b2a946e852cb6c176a33f22ba,0x7f6b82381bce03e7cf6af2fb1dcd41993406d4ae,5.0,0x1ebe47779e28a344ead0dcc69b8036fbabf678e8,0xd212a7c928b7a61460d67b96769bb8e38b4a4652,Reental-MLG-2
0x3a9df1830619015c9f8f7ad429a7e2d755b6b150462f363736d4392d3b3ce8af,0x49b8f29f17a27ae89121642838e37bc8ce77d2f2,1.0,0x985702fb3c75a0f45412dbc1937195c28042d92b,0xd3b47625f4339c998894848b93d306124a638eda,Reental-SMA-1
0x9d1225e2ef49163afac1c5578f94adf00348bd736f508875be95979ff0f4d376,0xca53dd67cfa553d9e31c377602fb217dff9eadff,1.0,0x985702fb3c75a0f45412dbc1937195c28042d92b,0xd3b47625f4339c998894848b93d306124a638eda,Reental-SMA-2
0xea8b8b17c016587752d6d7dc6f7dff191bb55eada80aa1f57525e1062734ce33,0x9c09c8525c5baa3b254cb0a60d3565cfbd5c9f28,0.49998017,0x81e84dc4214ae61ba4a75403117bb6ff229c6e9e,0xd3b47625f4339c998894848b93d306124a638eda,Reental-JAX-3
0xd471e5c213fc67d43cc4b0b2b0eb4d8e614a4d9a85ff8b66e2bcaf4232c48fd2,0x2f1026ff5bd94232050364c81d61a2d15e147209,10.0,0x9c0e7f3e623e2daf58f9a343348671d76613af2e,0xd3d40870c53c407880605631f14d473eb7c6a6f5,Reental-MIA-1
0x3e6fe542cb21c369bd8d97a9652d040faca97c5513bbbf18333e244146891100,0x2f1026ff5bd94232050364c81d61a2d15e147209,5.0,0x9c0e7f3e623e2daf58f9a343348671d76613af2e,0xd3d40870c53c407880605631f14d473eb7c6a6f5,Reental-MIA-1
0xe8da1e0756d3d21ef2be849ae3e16fdde950517cb55b2f6120cf276d36fd69f8,0xcc4c1ce8d335bd40a0acf17b9ab08c030cc299aa,5.7845,0x19e756caac8660439d7264e344fdaa9a58f298f5,0xd3d40870c53c407880605631f14d473eb7c6a6f5,Reental-PRO-100
0x3722d0d9143a11e99ffcae5395dd779d6a21e1a695a6a7d040553a665f5f1c48,0x2f1026ff5bd94232050364c81d61a2d15e147209,10.0,0x9c0e7f3e623e2daf58f9a343348671d76613af2e,0xd3d40870c53c407880605631f14d473eb7c6a6f5,Reental-MIA-1
0xd21b290d4c28849e521762a3fbdcd3e7436cf1b2da5329fd733960d9173f5d36,0x093984f85f980479172fb96982f79c418ac730f7,10.0,0x9c0e7f3e623e2daf58f9a343348671d76613af2e,0xd3d40870c53c407880605631f14d473eb7c6a6f5,Reental-RDO-6
0xb56e0dbe9fbf1364f20b5fbb3ca6e2fab80f60799acff4e59d670ac0beb76a64,0x6b4fa3c69e62f8f03dc018b57efa74d560462210,1.0,0x3460f3e3ecdadb7ca18cc363c1ed05d227fda666,0xd4ac195ea4e3e236e11fd553e82b3d11e358ed69,Reental-MAYA-1
0x79291fb73db1986d6e6671e118a7921442fc2225b041d848bfdbb2cf49480831,0x754f5b74e2639cef67fecec03f4d698470bdc92f,5.0,0xd601b3ed546840032f42ed32b7de3a753a94ee5f,0xd629abe488911a738c1d59854964798865e3bcdb,Reental-ABD-1
0x4517cad8b7a663c559e54096f21d1a361e0f1245759bf724965df8fd3b486b35,0xcc4c1ce8d335bd40a0acf17b9ab08c030cc299aa,7.01161372,0x8bdf687599153a62dbb6e0d85c0c81c98f408d2d,0xd629abe488911a738c1d59854964798865e3bcdb,Reental-PRO-100
0x3f3986fa72b6a8a74d2fd492b73216927ef3c316981bac8640693927242222ff,0x754f5b74e2639cef67fecec03f4d698470bdc92f,2.99926294,0x3fe2ee56ea77ffccfa0c036b20e7a2269e8da534,0xd629abe488911a738c1d59854964798865e3bcdb,Reental-ABD-1
0x224fdc6de95d94d0f9cff23db0d940ce509577428a76af7e8dab072b44bc0833,0x754f5b74e2639cef67fecec03f4d698470bdc92f,10.0,0x3fe2ee56ea77ffccfa0c036b20e7a2269e8da534,0xd629abe488911a738c1d59854964798865e3bcdb,Reental-ABD-1
0x4e99cab2d8f9123187759da6e41ca382b77ba28f0c5c61f3078ad850a3cf1c7c,0xcc4c1ce8d335bd40a0acf17b9ab08c030cc299aa,10.0,0x3fe2ee56ea77ffccfa0c036b20e7a2269e8da534,0xd629abe488911a738c1d59854964798865e3bcdb,Reental-PRO-100
0xe35e34a9deab629bae7868b64cc9f5976bd7688dbc0f8b92005dcbdb2481b777,0xcc4c1ce8d335bd40a0acf17b9ab08c030cc299aa,10.0,0x3fe2ee56ea77ffccfa0c036b20e7a2269e8da534,0xd629abe488911a738c1d59854964798865e3bcdb,Reental-PRO-100
0x702201bd7b490864d8788b26af6ab69b01217b1f4d0964f3fca897e78e80b15d,0x754f5b74e2639cef67fecec03f4d698470bdc92f,10.0,0x3fe2ee56ea77ffccfa0c036b20e7a2269e8da534,0xd629abe488911a738c1d59854964798865e3bcdb,Reental-ABD-1
0x2b8a82c7da24c1b0468858f14c5c0a7c137a0b4b39a8ec365005906f2f7652b1,0xcc4c1ce8d335bd40a0acf17b9ab08c030cc299aa,10.0,0x3fe2ee56ea77ffccfa0c036b20e7a2269e8da534,0xd629abe488911a738c1d59854964798865e3bcdb,Reental-PRO-100
0xbd826afa24769e2e585685f5e8b90287ca2ee4b29b2b3350ae7846290c5d8e97,0x754f5b74e2639cef67fecec03f4d698470bdc92f,10.0,0x3fe2ee56ea77ffccfa0c036b20e7a2269e8da534,0xd629abe488911a738c1d59854964798865e3bcdb,Reental-ABD-1
0xb76630b88a18076839928a22e195280b40c3634abd9fda3f7af32bac519ed329,0xcc4c1ce8d335bd40a0acf17b9ab08c030cc299aa,10.0,0x3fe2ee56ea77ffccfa0c036b20e7a2269e8da534,0xd629abe488911a738c1d59854964798865e3bcdb,Reental-PRO-100
0xb0859cfaa91f9b97360a270df778d29df8e059c251d4b4f7afdba4b17c8e1bdb,0x754f5b74e2639cef67fecec03f4d698470bdc92f,10.0,0x3fe2ee56ea77ffccfa0c036b20e7a2269e8da534,0xd629abe488911a738c1d59854964798865e3bcdb,Reental-ABD-1
0xa0d19bfdd8567b64c40dd69e8a913a35ce9367cb70c1d33f9297278d2d6645ce,0x754f5b74e2639cef67fecec03f4d698470bdc92f,10.0,0x3fe2ee56ea77ffccfa0c036b20e7a2269e8da534,0xd629abe488911a738c1d59854964798865e3bcdb,Reental-ABD-1
0x741e5dc89f33a6c197def53268dd8a283e364bf698d8ba3ab787ba0e5b8fa691,0xcc4c1ce8d335bd40a0acf17b9ab08c030cc299aa,10.0,0x3fe2ee56ea77ffccfa0c036b20e7a2269e8da534,0xd629abe488911a738c1d59854964798865e3bcdb,Reental-PRO-100
0x86d954c1a693c0f09c1ca6b0f09e9b1c86641d8ea89cc6508260f1343ac23933,0xcc4c1ce8d335bd40a0acf17b9ab08c030cc299aa,10.0,0x3fe2ee56ea77ffccfa0c036b20e7a2269e8da534,0xd629abe488911a738c1d59854964798865e3bcdb,Reental-PRO-100
0x5866f26895bda20efd8bf632e04f19da0e99b502cbc2344287f6b6a41cd4bbd3,0x754f5b74e2639cef67fecec03f4d698470bdc92f,10.0,0x3fe2ee56ea77ffccfa0c036b20e7a2269e8da534,0xd629abe488911a738c1d59854964798865e3bcdb,Reental-ABD-1
0x66f135edc03e7b86530741b6ba2108e627f9305c6a4bb59e0794d44b521f03e8,0xcc4c1ce8d335bd40a0acf17b9ab08c030cc299aa,10.0,0x3fe2ee56ea77ffccfa0c036b20e7a2269e8da534,0xd629abe488911a738c1d59854964798865e3bcdb,Reental-PRO-100
0xb62657689c24abe4137adc9d16c9c6adeed70631f89e8f2afeee1355d76728e6,0xcc4c1ce8d335bd40a0acf17b9ab08c030cc299aa,10.0,0x3fe2ee56ea77ffccfa0c036b20e7a2269e8da534,0xd629abe488911a738c1d59854964798865e3bcdb,Reental-PRO-100
0x1c8dd2a4ede3e0ed57e4131a45985434f7d9f41af9741f41d0ad7465b6eb67f5,0xcc4c1ce8d335bd40a0acf17b9ab08c030cc299aa,10.0,0x3fe2ee56ea77ffccfa0c036b20e7a2269e8da534,0xd629abe488911a738c1d59854964798865e3bcdb,Reental-PRO-100
0xf09c0dcc1a9d75a1aa7df282dd02496a8fa64ee9d6b74e5b428b22d3f09c478e,0xcc4c1ce8d335bd40a0acf17b9ab08c030cc299aa,10.0,0x3fe2ee56ea77ffccfa0c036b20e7a2269e8da534,0xd629abe488911a738c1d59854964798865e3bcdb,Reental-PRO-100
0x8cce599a116daf7a1e58a785828d67ea6467929424a8f7396c4e2d7dffaf3054,0x754f5b74e2639cef67fecec03f4d698470bdc92f,10.0,0x3fe2ee56ea77ffccfa0c036b20e7a2269e8da534,0xd629abe488911a738c1d59854964798865e3bcdb,Reental-ABD-1
0x33166aaa9493bb499b4be76b89b7ec8d8a3d65149a5eb8e23f724c53a1793736,0xcc4c1ce8d335bd40a0acf17b9ab08c030cc299aa,5.0,0x95077fb59a3c7cea5465d175272408679365e885,0xd629abe488911a738c1d59854964798865e3bcdb,Reental-PRO-100
0x44f87a3e89d26976e71e340a733c21bdcda2a630605d3fcfec4b8fee9e1bb78e,0xcc4c1ce8d335bd40a0acf17b9ab08c030cc299aa,5.0,0x95077fb59a3c7cea5465d175272408679365e885,0xd629abe488911a738c1d59854964798865e3bcdb,Reental-PRO-100
0xa0cdc72870231457901a453fca5addf25e00a09bcc5d5d812ea2a139e2ca6124,0x754f5b74e2639cef67fecec03f4d698470bdc92f,10.0,0x3fe2ee56ea77ffccfa0c036b20e7a2269e8da534,0xd629abe488911a738c1d59854964798865e3bcdb,Reental-ABD-1
0x17434a2fd4f6b1ab6f466cc4b7e831224e881746d612e0cfcee11c0d14fd71a3,0xcc4c1ce8d335bd40a0acf17b9ab08c030cc299aa,5.0,0x3c7bd677c6d724997ca098225d54aa89c7a1969f,0xd629abe488911a738c1d59854964798865e3bcdb,Reental-PRO-100
0xd7f7700ecfa4b3986d1eddda264cde0fac15ac3cd8a680dfc4d86e232cd0beb7,0xcc4c1ce8d335bd40a0acf17b9ab08c030cc299aa,5.0,0x95077fb59a3c7cea5465d175272408679365e885,0xd629abe488911a738c1d59854964798865e3bcdb,Reental-PRO-100
0x666785037c9a68b6928c84a0c7e63851cf8e2ffd9c76887542efc7ca74e72997,0xcc4c1ce8d335bd40a0acf17b9ab08c030cc299aa,1.0,0x95077fb59a3c7cea5465d175272408679365e885,0xd629abe488911a738c1d59854964798865e3bcdb,Reental-PRO-100
0x44da0ef0266d7fbdd22bcfc28f540beb714a6051a396833fc066a27aa0f905ff,0x6da0652a8481a774f5164612ab0ab18f105ad243,1.0,0xd73d0b5775caf7ff914d8643bc31bbfb1db2f3c6,0xd69b0809a227727994ea9bba96bd44a9eb32eecd,Reental-CLVM-1
0x35e1e599a17c053dc0433cea84681bc254f8ae0fec979591a0348dda2061866b,0x7469b9381bfa8a34bef9dfaad03d75f60947f957,1.0,0xd73d0b5775caf7ff914d8643bc31bbfb1db2f3c6,0xd69b0809a227727994ea9bba96bd44a9eb32eecd,Reental-CDP-3
0x5100ccc7796ff3ccd1740483f479362d5b28a10d04a3aba1ebbd2f1c651776ad,0x7aa21fabd73e8d3aa5d5c5994af6b62cfcea3fe4,0.2,0xd73d0b5775caf7ff914d8643bc31bbfb1db2f3c6,0xd69b0809a227727994ea9bba96bd44a9eb32eecd,Reental-SHL-1
0xb0753e0597ab30b637a5110a5e00df448de427b4cefee37f3882c4447381ae1a,0x7aa21fabd73e8d3aa5d5c5994af6b62cfcea3fe4,0.3,0xd73d0b5775caf7ff914d8643bc31bbfb1db2f3c6,0xd69b0809a227727994ea9bba96bd44a9eb32eecd,Reental-SHL-1
0xee041c02065fdfc96b89bd9eebad90f2861daaed343f2fd3fd78816c6a2763aa,0x7aa21fabd73e8d3aa5d5c5994af6b62cfcea3fe4,0.4,0xd73d0b5775caf7ff914d8643bc31bbfb1db2f3c6,0xd69b0809a227727994ea9bba96bd44a9eb32eecd,Reental-SHL-1
0xbf341d67161d65dba31d624b1b29671ae0d59d313fe1266d5c526335b2f9591d,0xaaad2db2f624dc5a350d579d834b5fe12b2bcd8d,1.0,0xc90cdec8e18ba905573fc1444d7e0d321a165908,0xd6aeee2332a42c5d64035ca5802431c4beb6b604,Reental-YCT-1
0x2aac9736dbc6d14f3d4e2b99cce02348ec443c24d1ea9f502d2072ad3be67c54,0xad3e1f50590ef6f323caa0cf43f39d28d1d34144,2.0,0x985702fb3c75a0f45412dbc1937195c28042d92b,0xd73d0b5775caf7ff914d8643bc31bbfb1db2f3c6,Reental-JAX-2
0x6b90300368d3d4b2dfc25b2a588900878af9848fd80c71de8b5198e7173488ec,0xca53dd67cfa553d9e31c377602fb217dff9eadff,0.25,0x4bec9ecfe157879011f4846f2d2fc1565b34fbb4,0xd73d0b5775caf7ff914d8643bc31bbfb1db2f3c6,Reental-SMA-2
0x0fc721aef570b224b0492aba8ef710a39265c221861e2f66bc94c273b3e7da03,0x33be67454ae817337db15877fd4106c5cd5206c5,0.18575914,0xa72ed54fb61853c823820a264870b7bdf46c0ddb,0xd73d0b5775caf7ff914d8643bc31bbfb1db2f3c6,Reental-MLG-5
0x344c60c10f38ecacba1b9fa56b1b2a292442ae582d9825cdf60eddbd3b0a0826,0x2f1026ff5bd94232050364c81d61a2d15e147209,0.5,0xd73d0b5775caf7ff914d8643bc31bbfb1db2f3c6,0xe649e21734629be93884ecc00ccbbb49fa66cf2c,Reental-MIA-1
0xea87e17764bd6c1735a1faedd3a624245c726ef40c3a009da4912f832f11ff06,0x8711b4172ed71d2d4f90e3e2f0cb63726acba8e6,1.17466118,0xff9a7e604ed719801821e28a3c0e1f097b0887e0,0xd73d0b5775caf7ff914d8643bc31bbfb1db2f3c6,Reental-JAX-1
0xe18febadde09fc8d830d4bc721ae098591c757139cf3925e6930913d10a2b984,0xaca38d593f7775334fa1b84a865f19396f62f760,0.20168747,0xa72ed54fb61853c823820a264870b7bdf46c0ddb,0xd73d0b5775caf7ff914d8643bc31bbfb1db2f3c6,Reental-MLG-6
0x4cd91dc324d096b1d4cf573f8f37cc6d9c69b74bfc2fff88190df53482bd838d,0xe7d35f9248ea53943765928c0d9dc027a0129f28,1.0,0xd73d0b5775caf7ff914d8643bc31bbfb1db2f3c6,0xeb4ea3b80a787863c729fc6c28b68c64a5a27089,Reental-MLG-3
0xadcb8eacd715739445c781fdb0e5aec02dc138f53477a93c90abbb7df21201fe,0xfb759e0cc5cff4aea606064acd41c71c7c11bf40,0.4,0xd73d0b5775caf7ff914d8643bc31bbfb1db2f3c6,0xdf50cbf0ea828d6d3fb7b59f905a56ec64d5036d,Reental-BKL-1
0xf691d93006977dcecc7d5dbf2a4aaee82a3a4ad4a8a04d9f1c6de75b08312168,0x9c09c8525c5baa3b254cb0a60d3565cfbd5c9f28,2.44396604,0x44eff9b70a800dd9a47c5b855286d5b7930679ae,0xd73d0b5775caf7ff914d8643bc31bbfb1db2f3c6,Reental-JAX-3
0x846ab6ad95cd949ab409f619540a46a36a475eb77710196a764d0c6cb44711ea,0x6bde5421e90a42c6e78faaf3a79e4310a4d6266f,0.4,0xd73d0b5775caf7ff914d8643bc31bbfb1db2f3c6,0xfc22a6018fc3f0d09d274e2783270aef213944b2,Reental-VLC-11
0xcf3f2201e10a9b0607dab60e9682d45bbe25f034c4e24616e2128568bea28f9a,0x6bde5421e90a42c6e78faaf3a79e4310a4d6266f,0.5,0xd73d0b5775caf7ff914d8643bc31bbfb1db2f3c6,0xfc22a6018fc3f0d09d274e2783270aef213944b2,Reental-VLC-11
0x93fd2ee6d75f7e9f4ab010c9a2e15568d5363e5a485fb1352b101d192da2662b,0x6bde5421e90a42c6e78faaf3a79e4310a4d6266f,0.4,0xd73d0b5775caf7ff914d8643bc31bbfb1db2f3c6,0xfc22a6018fc3f0d09d274e2783270aef213944b2,Reental-VLC-11
0xfa99ba16c318dcf9b28134c7b2dd4139b506ad2e0cb5b83f1f6a82f67a1c710f,0x6bde5421e90a42c6e78faaf3a79e4310a4d6266f,0.3,0xd73d0b5775caf7ff914d8643bc31bbfb1db2f3c6,0xfc22a6018fc3f0d09d274e2783270aef213944b2,Reental-VLC-11
0xeedb965238df6544ecddea6edd534607e351586bb02b1d5e6e08d8447d658c52,0x4adaee2dae690cf8f3915f1c1963f16d239c5e11,1.24534158,0xd73d0b5775caf7ff914d8643bc31bbfb1db2f3c6,0xf4baf08aee50b3ff26ee76334e8d25d08bdf719f,Reental-MRB-1
0xd7a527431edef7de5bd29d699885cfae2fde6cdfd8615afb7d32e9d319067996,0x5ab768c8ca1cc20cb8ec7b90554a3b12524b6c47,1.57895051,0xd73d0b5775caf7ff914d8643bc31bbfb1db2f3c6,0xf9c3fa98e7c685ff7964b7a297a7a22cb88eef19,Reental-CDS-1
0x160e74e715718e68d0149a9d92eb628a2124197c14568e1369b5fef2fee3b946,0x21ae95a56ef471370ce89a7a4624117f31810927,10.0026711,0xae272cdaaa484931af055c5c030bfac23482d92d,0xd8587cb46264d0643f6728af958db226cc1ff578,Reental-DNB-1
0xbcc18daab9dc59d212f093c9f5db93dcd51e828cff172a21e8aa28b69ce12055,0x6b4fa3c69e62f8f03dc018b57efa74d560462210,1.0,0x3460f3e3ecdadb7ca18cc363c1ed05d227fda666,0xd911e2c57335b14f8e349019889c6a731bd35bd3,Reental-MAYA-1
0xcecf0078a27b67228111123f9929d4c8185b77c49658ae95b48521213694bd71,0x6b4fa3c69e62f8f03dc018b57efa74d560462210,1.0,0x3460f3e3ecdadb7ca18cc363c1ed05d227fda666,0xd911e2c57335b14f8e349019889c6a731bd35bd3,Reental-MAYA-1
0x2b5cb6cdb6c402b582b669bb28c87c132b418a606035de2a416d58e8e9b3fcda,0x7f6b82381bce03e7cf6af2fb1dcd41993406d4ae,4.0,0xe1ab1a7ea56667e26832e8d6b6f987bcb8f8f3d3,0xd9135bda4ccd4291e3f3dcedfbb0994844b0c627,Reental-MLG-2
0x4161d6282463f3383e0d02cf16310afa9307fbb49eefc368a3d8a8831f2aedb8,0xb5a1a4f29b7376c091d6f4c7689be4b7cd5a6d98,2.19637359,0x21cb12db1844b7d4c0cf3c3f1881737d7efa0702,0xd9135bda4ccd4291e3f3dcedfbb0994844b0c627,Reental-VLC-6
0xb63a7ced326493e4859ae876865142831569819d95974954d35d0780483ad6e9,0x7798f8c28ce575188f4e65aeb6719c0ec5c69195,5.0,0xd9135bda4ccd4291e3f3dcedfbb0994844b0c627,0xf4baf08aee50b3ff26ee76334e8d25d08bdf719f,Reental-VLC-4
0x10147fa6c1dcdc6c532d55622cae0eec7fc731024e048226a6271a6857780d1e,0xb5a1a4f29b7376c091d6f4c7689be4b7cd5a6d98,10.0,0xa72ed54fb61853c823820a264870b7bdf46c0ddb,0xd9135bda4ccd4291e3f3dcedfbb0994844b0c627,Reental-VLC-6
0x26cd150131a03661c26fdfb0bf75542b03322591987eaad19ef702ea0417fb10,0x6b4fa3c69e62f8f03dc018b57efa74d560462210,15.00253755,0x70c8aab186e952c4f047c362035054e45a371045,0xd9135bda4ccd4291e3f3dcedfbb0994844b0c627,Reental-MAYA-1
0x41967acdbfa0b44b1b7850e359b69f4408b0190ef0c663858c002714735e670a,0xbaea3b53056d42c763d14bef94b39ada218c2dbd,12.0,0x70c8aab186e952c4f047c362035054e45a371045,0xd9135bda4ccd4291e3f3dcedfbb0994844b0c627,Reental-VLC-7
0x075df9e32c31bec95769fdae87bacc203d46dc7b84fff383d10483bc09961470,0x6da0652a8481a774f5164612ab0ab18f105ad243,2.54825197,0x21cb12db1844b7d4c0cf3c3f1881737d7efa0702,0xd9135bda4ccd4291e3f3dcedfbb0994844b0c627,Reental-CLVM-1
0x2a527a01e0f170c680397bd81fa60670a019e0d97cfbcdaaee237630df893d59,0xe16901dad396fe7b1b77b6d2bd91b2d648e8a762,10.0,0xac0f0b60064499de1e4f4f09d2835e2f3854f249,0xd9a54b209b18f037e7cdbab63ce73909f2127a9a,Reental-HOU-3
0x81b5ed3ce2faf7418e0c57722701fa75dd25d842706df4e67fd08e7fe7d5c454,0x68f73061bdf369c2562f4c0ea4e940f362d1a97f,1.0,0xfb8482d3a050b09d9dd3d3fb44e858864ef649f8,0xdac3758f649449ca21ee02ea272b8ae920fa7c06,Reental-ATL-1
0xcfbbf84de484dad4102ae22f2dfbcb341bb01acc7af7caeec724e258bdc090fa,0xe56ff2dff2c2e95511f0bef4b3d92da05e8197c0,14.24732055,0x8da58a52c848da18dea006be52b8b7ab8d9bb5ef,0xdac3758f649449ca21ee02ea272b8ae920fa7c06,Reental-HOU-2
0x944af651ba514ec3e295792fb5492d2373b7f81ce93bdc07231225f96775acb7,0x754f5b74e2639cef67fecec03f4d698470bdc92f,2.00893411,0xf9c3fa98e7c685ff7964b7a297a7a22cb88eef19,0xdac3758f649449ca21ee02ea272b8ae920fa7c06,Reental-ABD-1
0x1c81af37787ea2711a5f45173c93c7e60aaaac36f3fa904e2004e159360e0a49,0x2f1026ff5bd94232050364c81d61a2d15e147209,6.0,0xe2c864f2e2681f0803a5b0f45012f608abc9ea22,0xdac3758f649449ca21ee02ea272b8ae920fa7c06,Reental-MIA-1
0x30f7a80da14ae2c1e174e9f965015d5e73c303a1bdee1dcdc5dcd1c1796d2c60,0x2f1026ff5bd94232050364c81d61a2d15e147209,16.431,0x6ab219c91d0b5127eb05d33566f993c885fd359a,0xdac3758f649449ca21ee02ea272b8ae920fa7c06,Reental-MIA-1
0x245c6949b790abb70cdb9fe201211d8b979d1cb65dcc85acb71ef578746987d4,0xe56ff2dff2c2e95511f0bef4b3d92da05e8197c0,5.1465,0xd83be40891ae6c08342b7b399d21aca2b8eee719,0xdac3758f649449ca21ee02ea272b8ae920fa7c06,Reental-HOU-2
0xe7892669daed20f0b8320e64872a576e250245065d44af0d88aaa2332dff3975,0xb0825e7a4093d21ed076883f8aca33300631291e,10.7585,0x1de61cd5bd49e6eb73c0d3b1beab328d59b09c12,0xdac3758f649449ca21ee02ea272b8ae920fa7c06,Reental-MIA-3
0xdbf93616e68605d48e860f8435c1ae2629c1bd7e3fddce3fc92b4e60a6741903,0xfb759e0cc5cff4aea606064acd41c71c7c11bf40,1.60916715,0xdc73e1d5f2ac8233d128ff7cee0a43a6863145cd,0xf9c3fa98e7c685ff7964b7a297a7a22cb88eef19,Reental-BKL-1
0x2e3309e4a68fa758bfce1da681757e0ac1d4b8adf22bf4f08eb44edaeed5be41,0xed923b814f1ea3d42c54dda55ba8edfaba994489,1.25160035,0xdc73e1d5f2ac8233d128ff7cee0a43a6863145cd,0xf9c3fa98e7c685ff7964b7a297a7a22cb88eef19,Reental-BKL-2
0xc065400ae806453d8ca0d9c749ddfe2f31951bdd0155c9219d6610ccf65dffab,0xb0825e7a4093d21ed076883f8aca33300631291e,4.53446812,0x6107da77b7e200de44af71de2e6dbd5faddfcc8c,0xdd1aaa107d955eec702582c3782e007aedffc067,Reental-MIA-3
0x7a84ccc48a8ef81d885b94cdd2ac92a47087dfdfc88fda487037e23e74d2de66,0x68f73061bdf369c2562f4c0ea4e940f362d1a97f,1.0,0xfb8482d3a050b09d9dd3d3fb44e858864ef649f8,0xde40f5c273fab1819af5b2df69d8de08fb9bc0b1,Reental-ATL-1
0x1d587fee13d7755aa2639a210c91a9e408f4f32f62aee7ecbc8ce35c29e15694,0xa0d99b441a9a5e334b234f31a92b97fa8d663626,2.0,0xf459185178c49adc9e16bb23f3e78e1a8c7ea190,0xdf391d9af8bc99abf1be8997ae447f614726a2fd,Reental-YCT-2
0xd21724d15b6149d38aaee88e5d89741576520df96eb36f0953149e17f5568175,0xe6e3ff145a6ffcd1dac08472f89164c0c43316b2,2.0,0xf459185178c49adc9e16bb23f3e78e1a8c7ea190,0xdf391d9af8bc99abf1be8997ae447f614726a2fd,Reental-CMY-1
0x9f21addaa43f2a6ab382e63aad172bacda8cc9e897ed0ca76e4b850a6b69ccf4,0xcc4c1ce8d335bd40a0acf17b9ab08c030cc299aa,5.0,0x95077fb59a3c7cea5465d175272408679365e885,0xdf391d9af8bc99abf1be8997ae447f614726a2fd,Reental-PRO-100
0xe5e27c7db953fe9dbda0e4a41966468a5ab1aea31261e7157e511f402fe63196,0x2d1838eb7ebb6ae8b1288872f9704e3400ee8b20,1.0,0xbb5c220d202fd05c696ed73c18e9db175e7a7a5a,0xdf391d9af8bc99abf1be8997ae447f614726a2fd,Reental-NPL-1
0x8fd88d475cda200b42ecc0ca4e9e0935cb8e44ea1aadc5b308aaa010f67deda5,0xa0d99b441a9a5e334b234f31a92b97fa8d663626,1.149,0xbb5c220d202fd05c696ed73c18e9db175e7a7a5a,0xdf391d9af8bc99abf1be8997ae447f614726a2fd,Reental-YCT-2
0x472a7c679444f786a1c1b5d293dc624e32837c3ac1ec764c0cd2c958d9deb632,0xe6e3ff145a6ffcd1dac08472f89164c0c43316b2,10.0,0xf3b9739ed70e548f8e30e81746c80bc6c74edd1a,0xdf391d9af8bc99abf1be8997ae447f614726a2fd,Reental-CMY-1
0x3d59a0be21040318ca61224e094b7d43bffa2789d4d052cbaec73ed521a4993f,0x6ade0a100a561664b417130b5c78bc6ed57890a0,5.98592971,0xf3b9739ed70e548f8e30e81746c80bc6c74edd1a,0xdf391d9af8bc99abf1be8997ae447f614726a2fd,Reental-SAT-1
0xa974580fee7b6761348108e78e60cf24c9b1a13fe07e7bf0fbfa55a827d076e1,0xc9202973248e4052ae2a10759a87f0941c00299f,0.99865,0x625d1200e5869d986ac959572e60869e2a64c43a,0xdf391d9af8bc99abf1be8997ae447f614726a2fd,Reental-NCA-1
0x623205f98fc634cb9eb87bbd3c1999947eaf5dd8ce93ed873cb4acfd71c583c5,0x49b8f29f17a27ae89121642838e37bc8ce77d2f2,1.0,0x985702fb3c75a0f45412dbc1937195c28042d92b,0xdf50cbf0ea828d6d3fb7b59f905a56ec64d5036d,Reental-SMA-1
0x1023225eaba6c83e3479da77ac45f4fdc15de49f03dccf0ae55cf29950f38613,0x6b4fa3c69e62f8f03dc018b57efa74d560462210,1.0,0x3460f3e3ecdadb7ca18cc363c1ed05d227fda666,0xdf50cbf0ea828d6d3fb7b59f905a56ec64d5036d,Reental-MAYA-1
0x50b6c5867c4b9c0145529b799b7c626a1723883aebf4f76dca338f9fa9404747,0xca53dd67cfa553d9e31c377602fb217dff9eadff,1.10921466,0x974223f5b652122c80768b6cba61fd2daf1a852d,0xdf50cbf0ea828d6d3fb7b59f905a56ec64d5036d,Reental-SMA-2
0xd05efc4534ff39c510d54d76407a460e928e4ffb8d4297bb95cafbab9c32b1d7,0x6b7c34c8a1ffd4238e702243f0ff005680037fad,0.28615645,0xdf50cbf0ea828d6d3fb7b59f905a56ec64d5036d,0xf992dc441bdd53179f9a9955f92db68da6733bc3,Reental-VLC-8
0x806333db9d5268f9e4ad247a9d91798cb460ba999f500a2cb79a9c281d282d04,0x6da0652a8481a774f5164612ab0ab18f105ad243,1.0,0xdf50cbf0ea828d6d3fb7b59f905a56ec64d5036d,0xf992dc441bdd53179f9a9955f92db68da6733bc3,Reental-CLVM-1
0x41bd4923c22900d6eb413721db6697245cfa7941f642bba62662004dc9f5628c,0x29fdc3434576e188e8131b2ad9cf94d3b3e71f56,0.20331798,0x97cacff734becff32d449b4f4178c1a69df482a4,0xdf50cbf0ea828d6d3fb7b59f905a56ec64d5036d,Reental-MLG-8
0x6ad74c930db957429941e9a852d5db2e7c53e8a14847480a8af7ace8961fe0a6,0xca53dd67cfa553d9e31c377602fb217dff9eadff,1.0,0xdf50cbf0ea828d6d3fb7b59f905a56ec64d5036d,0xe93afef70340f86573eae0e169c1d0efd0e94bde,Reental-SMA-2
0xe468c8c608692c29c826fb862c5a1bbcd6fcf3fab6b509a82bfc68aa78d55b2d,0xfb759e0cc5cff4aea606064acd41c71c7c11bf40,3.0,0xf9c3fa98e7c685ff7964b7a297a7a22cb88eef19,0xdf50cbf0ea828d6d3fb7b59f905a56ec64d5036d,Reental-BKL-1
0xfb0eac57d48ee527ff332cffb548dd71df076722533f7071d137c0fe1a4958d9,0xed923b814f1ea3d42c54dda55ba8edfaba994489,1.80038568,0xf486a748d2981361e272e5b4adefbebbf7a8805d,0xdf50cbf0ea828d6d3fb7b59f905a56ec64d5036d,Reental-BKL-2
0x46726fed1fee3bb6dddd37d0da90c9194f9e34a77afc6fd00719384bffbdd90b,0xf8657256c5cd5fdb044e55d1ec39e9b8c969dbf1,3.35619886,0xca20609da56c09acb47e7be96a360ef4383d447a,0xdf50cbf0ea828d6d3fb7b59f905a56ec64d5036d,Reental-PAZ-1
0x59657e055c47d250cd35fd47a4ea00a5a008c14cf2950330603050f4c366afdc,0xfb759e0cc5cff4aea606064acd41c71c7c11bf40,3.17903973,0x17222c114271db191db21bfcc3c76e3b166876ff,0xdf50cbf0ea828d6d3fb7b59f905a56ec64d5036d,Reental-BKL-1
0x7821f6d07b3ebdcf5530347b13f8b2f2fa87737b1f832e02214c51752c55e8bf,0xa0d99b441a9a5e334b234f31a92b97fa8d663626,2.0,0xf9c3fa98e7c685ff7964b7a297a7a22cb88eef19,0xdf50cbf0ea828d6d3fb7b59f905a56ec64d5036d,Reental-YCT-2
0x64bad783901ca593184a96ad07e47ab3d0bd48a25c2b7252369949c616059d97,0xfb759e0cc5cff4aea606064acd41c71c7c11bf40,2.509875,0x4c17d010f88148b20e01f38a79ac0dc6c1f1938a,0xdf50cbf0ea828d6d3fb7b59f905a56ec64d5036d,Reental-BKL-1
0x9d75ac02cea790266b2fa86518afe7ae3ec98fa87837bec646d71404461eeca5,0xa0d99b441a9a5e334b234f31a92b97fa8d663626,2.0,0xf9c3fa98e7c685ff7964b7a297a7a22cb88eef19,0xdf50cbf0ea828d6d3fb7b59f905a56ec64d5036d,Reental-YCT-2
0x4661e9b81a3e97507a2e97524f9c5495f6aa1cbf633a51e9d7f779b64a19adf5,0xed923b814f1ea3d42c54dda55ba8edfaba994489,2.29,0x20cee0edfa412dc899e61be73e36c0acae9f3d2a,0xdf50cbf0ea828d6d3fb7b59f905a56ec64d5036d,Reental-BKL-2
0xeab197745a0745c2633bcffe71d24ef18eff6f479ffabae971ed4c9da330e508,0xed923b814f1ea3d42c54dda55ba8edfaba994489,1.0,0xc12a1f7e3cb180c0a64a9635ba76dcb965fc0702,0xdf50cbf0ea828d6d3fb7b59f905a56ec64d5036d,Reental-BKL-2
0x3a7f8f61ee150d7f2b8e590419b94d7a468931e6b98b2129fed9a262bad991ca,0xfb759e0cc5cff4aea606064acd41c71c7c11bf40,0.99999752,0x6b19c5195dfb08219f6a94fa48be9d2a4274a696,0xdf50cbf0ea828d6d3fb7b59f905a56ec64d5036d,Reental-BKL-1
0x0fa29ef4d93106d378d72a68648da1143bdc3f28761f5099379f48f7a220dace,0xfb759e0cc5cff4aea606064acd41c71c7c11bf40,5.0,0xc195e3a4447f3cb3becd6d9895a04a23372af2c3,0xdf50cbf0ea828d6d3fb7b59f905a56ec64d5036d,Reental-BKL-1
0x551c6023bd59131a423208b4ab846ff57cc198a13b39a0f6afebed8d55a83315,0xed923b814f1ea3d42c54dda55ba8edfaba994489,1.0,0xbb5c220d202fd05c696ed73c18e9db175e7a7a5a,0xdf50cbf0ea828d6d3fb7b59f905a56ec64d5036d,Reental-BKL-2
0x6bf36a528e4f4fb0bbccfc3fe6e80bc95eea1047c208177e1fd979ca57102f3a,0xa0d99b441a9a5e334b234f31a92b97fa8d663626,1.0,0xbb5c220d202fd05c696ed73c18e9db175e7a7a5a,0xdf50cbf0ea828d6d3fb7b59f905a56ec64d5036d,Reental-YCT-2
0xa092ec9aac5eeecbc2e5a188120afa6bd1e552c493055879708562590ab94e1e,0xa0d99b441a9a5e334b234f31a92b97fa8d663626,3.0,0xf459185178c49adc9e16bb23f3e78e1a8c7ea190,0xdf50cbf0ea828d6d3fb7b59f905a56ec64d5036d,Reental-YCT-2
0xa64098a7795b268434a096c8685623ba5224419418e7306d9ede8e6c2881c0df,0xfb759e0cc5cff4aea606064acd41c71c7c11bf40,2.0,0xf459185178c49adc9e16bb23f3e78e1a8c7ea190,0xdf50cbf0ea828d6d3fb7b59f905a56ec64d5036d,Reental-BKL-1
0x84f73429ce4ea1f7f5228b7d11503f1efc7a000e6f6dc1d5a15da0b2aa075942,0xfb759e0cc5cff4aea606064acd41c71c7c11bf40,6.0,0x9c0e7f3e623e2daf58f9a343348671d76613af2e,0xdf50cbf0ea828d6d3fb7b59f905a56ec64d5036d,Reental-BKL-1
0x0f97a312618aa1bb0dc7b47a2eb0e307ed24743dbaafe9b02e12080d54d2a479,0xa0d99b441a9a5e334b234f31a92b97fa8d663626,2.0,0xf459185178c49adc9e16bb23f3e78e1a8c7ea190,0xdf50cbf0ea828d6d3fb7b59f905a56ec64d5036d,Reental-YCT-2
0xab4f88bc5137021b76f972d3552082e03d5823d9092db1366fe5aac4de8f6800,0xa0d99b441a9a5e334b234f31a92b97fa8d663626,2.0,0xf459185178c49adc9e16bb23f3e78e1a8c7ea190,0xdf50cbf0ea828d6d3fb7b59f905a56ec64d5036d,Reental-YCT-2
0x66ea307b4d8472bb7cb45b9bba9338fc6745160638116d87424bbed7ac1167d6,0xfb759e0cc5cff4aea606064acd41c71c7c11bf40,5.0,0xcbd251cfbb1e9e2368200db3db95eafbba95a847,0xdf50cbf0ea828d6d3fb7b59f905a56ec64d5036d,Reental-BKL-1
0x61770e08eaa899aa5a343c36afa58862d4ee9e6e0f3bc43620a9f8c658b5f42a,0xfb759e0cc5cff4aea606064acd41c71c7c11bf40,5.0,0xcbd251cfbb1e9e2368200db3db95eafbba95a847,0xdf50cbf0ea828d6d3fb7b59f905a56ec64d5036d,Reental-BKL-1
0x65a37c4de4146e65fa1741ca9f7644308f7b35691068e768f496c8fdc5a95d39,0xa0d99b441a9a5e334b234f31a92b97fa8d663626,2.0,0xf459185178c49adc9e16bb23f3e78e1a8c7ea190,0xdf50cbf0ea828d6d3fb7b59f905a56ec64d5036d,Reental-YCT-2
0xc20d2ec9d6b825472cae9a58c759a88144f3722aad9fdf00174eb85042862c01,0x2d1838eb7ebb6ae8b1288872f9704e3400ee8b20,5.8325,0x3a20c9e644d6b7cc68eb3d2328cd619eed79c31f,0xe2c864f2e2681f0803a5b0f45012f608abc9ea22,Reental-NPL-1
0xce248bd9aca5284363c93c05c1def2359983c12357077cb684c8225e8a4631b3,0xcc4c1ce8d335bd40a0acf17b9ab08c030cc299aa,1.01961932,0xa1f9e80c2e168aa8b53666c36d96dea5633413c3,0xe2c864f2e2681f0803a5b0f45012f608abc9ea22,Reental-PRO-100
0x2c43f91e4897cb021743aa0be7abdae47ba8dcda72951370c0ab1e0bbe850e41,0x8833890a36adb704bfc8bf3726a661395d27c0d7,1.03355945,0xec22625f5838038bab25b9c814bdbe776ac49f58,0xe2c864f2e2681f0803a5b0f45012f608abc9ea22,Reental-GRX-2
0xa98916641ecee26384cd6134f59198f5e3ac52a98fea74ad4f0371933cc2bc6b,0x2d1838eb7ebb6ae8b1288872f9704e3400ee8b20,5.0,0xdb5e99c23946e9ee80b429e879466779187b4dc1,0xe2c864f2e2681f0803a5b0f45012f608abc9ea22,Reental-NPL-1
0xd2b3ae27c601a074d6153b915164c6312311e9c6b99a5ac72a922d805b3e61d5,0xdfd7413a5d54d96312109a9d56b3bead8a786ff3,6.71934547,0xcfef84696c0df6b3f2fa6b780b21551241715f72,0xe2c864f2e2681f0803a5b0f45012f608abc9ea22,Reental-LVT-2
0x2a2bbae5b2b34e460bed4940179765c048329127b055d5be75f2fc6129bb38e3,0xe16901dad396fe7b1b77b6d2bd91b2d648e8a762,1.00001,0xe50afc8c3add9e95f03c0b9cd08594e667ae6d99,0xf9db5fa3f82755f4cb63b4497d537755fbf0b0ab,Reental-HOU-3
0xbb98a2817ba0aff0af8959f3c7b6e11bf4b73c4b5a9499097ef9915babdc30cb,0x68f73061bdf369c2562f4c0ea4e940f362d1a97f,0.99999999,0x618ea09c2f939509367dd9d5da064de291539d9f,0xe50afc8c3add9e95f03c0b9cd08594e667ae6d99,Reental-ATL-1
0xdca79115c31cc9bcfee4667ceadd420fff998c252f357cc79288a1e88730c089,0x70e77c5f094534505d6a42f913d3a387e6db0842,0.99998091,0x618ea09c2f939509367dd9d5da064de291539d9f,0xe50afc8c3add9e95f03c0b9cd08594e667ae6d99,Reental-BKL-3
0x262008c3b7ba2921f7b8ee5841123f187cc0e6e47959622b08d0d15574f52896,0xe16901dad396fe7b1b77b6d2bd91b2d648e8a762,0.99967656,0x618ea09c2f939509367dd9d5da064de291539d9f,0xe50afc8c3add9e95f03c0b9cd08594e667ae6d99,Reental-HOU-3
0x33fabf904cbc7d1ff9572786b3e399cf6925ec8cfdeb65a013bd044ceefc44c7,0xe16901dad396fe7b1b77b6d2bd91b2d648e8a762,3.0,0xee21cb5ad21b519849e2a14c1555ca9e00a4f67f,0xe50afc8c3add9e95f03c0b9cd08594e667ae6d99,Reental-HOU-3
0xe9af4180db811e13e105ab5c0b5a78a15c4b304f8afc17adb394d34a70d72481,0x49b8f29f17a27ae89121642838e37bc8ce77d2f2,1.0,0x985702fb3c75a0f45412dbc1937195c28042d92b,0xe6f1035fb204e40ab115d0f685879b5564d830ce,Reental-SMA-1
0x745fd4bdf556baab052ac5576e0a2f8116b1a937b1f4d250b8a9c4e75b4ac96f,0x6b4fa3c69e62f8f03dc018b57efa74d560462210,1.0,0x3460f3e3ecdadb7ca18cc363c1ed05d227fda666,0xe6f1035fb204e40ab115d0f685879b5564d830ce,Reental-MAYA-1
0xe04402f7b50c83e73a5678bb466dfcfed932ae4eea3ac0e0afe090e49d7bda2b,0x6b4fa3c69e62f8f03dc018b57efa74d560462210,1.0,0x3460f3e3ecdadb7ca18cc363c1ed05d227fda666,0xe6f1035fb204e40ab115d0f685879b5564d830ce,Reental-MAYA-1
0x7911e3594a889c4ef6f14fcfe4352163da7b85bbc53052ac073da14936befae0,0x6b4fa3c69e62f8f03dc018b57efa74d560462210,1.0,0x3460f3e3ecdadb7ca18cc363c1ed05d227fda666,0xe6f1035fb204e40ab115d0f685879b5564d830ce,Reental-MAYA-1
0x794d869e1e680d8c97d5d34aa70fa9018763a17d19d9b2d9b0798047565e1d5d,0x46182d6937ed8cf2707e187b61b654e8ca59c7b5,5.0,0xff36834b16be6a0628b3e8b68c8ff62e541f2af3,0xe713843dd73ed7c7d957e074e70cd77c05c45118,Reental-DXB-2
0xb642b5ca0b4556b9a3c8868a9cbde9e90f7f8d27247a4c80d790b97138505357,0x46182d6937ed8cf2707e187b61b654e8ca59c7b5,6.344,0xff36834b16be6a0628b3e8b68c8ff62e541f2af3,0xe713843dd73ed7c7d957e074e70cd77c05c45118,Reental-DXB-2
0xc27b19f6058a5fe57fb65ff2384a523688f7bd447832b710e02571aa38c418e4,0xb0825e7a4093d21ed076883f8aca33300631291e,2.67176986,0x5fe19a005fe38619e78aee8af90e018a2f43c00b,0xe93afef70340f86573eae0e169c1d0efd0e94bde,Reental-MIA-3
0xe4e78e2e1769ca42b6553cb07b3a1d0225f486da72a6780c369bfbc2cc15c2fd,0x6b7c34c8a1ffd4238e702243f0ff005680037fad,4.04480138,0x3275a41a620de29201b26e60b7306e060e806457,0xea09a5404a1b1f651d9b80dbf006f8b2ac4b2902,Reental-VLC-8
0x3c1eb7267f5ff9ec1373b168decffd2d8f96375cb6435951dd59489ef51345cd,0x6da0652a8481a774f5164612ab0ab18f105ad243,5.45932091,0x9b04ba99ad57a8cfc5d1273f4cfe80d67a9bb9bb,0xec2797928a075ac322e0a1f2fca0f253b961b9b5,Reental-CLVM-1
0x174cfb400f66a1970347f2b01974135b0df2dc48dc5eaff86d88329b9ad32a6c,0x49b8f29f17a27ae89121642838e37bc8ce77d2f2,6.44,0x64441cc873d5f2014ac6c1a2f039b405abca3d09,0xed8b7c97a359845162cf0d6e6c63c74bff09574b,Reental-SMA-1
0x3fc6022672e7b76caa0f6cf75255a7776635afe74487d06d22c613cf12adc430,0x2f1026ff5bd94232050364c81d61a2d15e147209,5.45,0x70c8aab186e952c4f047c362035054e45a371045,0xed8b7c97a359845162cf0d6e6c63c74bff09574b,Reental-MIA-1
0x34281f809ae3aeed7de9a9ee72f8074381c6db8ed6a7876e3c468d974b5b5166,0x29da137d6dba774ad4f79323374f685682542767,4.95457705,0x0a191befab25af3d508a29e1e8e74388381580e4,0xed8b7c97a359845162cf0d6e6c63c74bff09574b,Reental-MUR-1
0xfa416e71a843691ed48787366076a4ab5a00f2070638f4e6d368bad080c5675f,0x8e08d151466bd8499a89ee9254586ef141f324c9,10.0,0x3f9ed6a481392a65009697131b12518b8cb8ce1f,0xed8b7c97a359845162cf0d6e6c63c74bff09574b,Reental-FMY-1
0x4f39045458ed91bb93bf64514e06b48f01facb77d75547014c2130f34e930815,0x8e08d151466bd8499a89ee9254586ef141f324c9,8.50016353,0x3f9ed6a481392a65009697131b12518b8cb8ce1f,0xed8b7c97a359845162cf0d6e6c63c74bff09574b,Reental-FMY-1
0x9705436d678650b0a4cb335008f21331d3e4803e150d45ca1363bf0c0d32c4b2,0x8e08d151466bd8499a89ee9254586ef141f324c9,5.38320241,0xac0f0b60064499de1e4f4f09d2835e2f3854f249,0xed8b7c97a359845162cf0d6e6c63c74bff09574b,Reental-FMY-1
0x2431f654884109cfb4ee62a1a37c48cf18851b8dcf9e503d4d3e68fd087661ad,0x8e08d151466bd8499a89ee9254586ef141f324c9,5.0,0x3f9ed6a481392a65009697131b12518b8cb8ce1f,0xed8b7c97a359845162cf0d6e6c63c74bff09574b,Reental-FMY-1
0x2e5e2910956f1343b744280d19349a1e9449ffebc9e71fa6ff8c2f915550cf4d,0xe27f1e1d5ef28f560cbd9500342b24dd989635d2,1.0,0x3460f3e3ecdadb7ca18cc363c1ed05d227fda666,0xed9f944b9674a7efbb73b85867b41af6a727d96b,Reental-VLC-1
0xf19f7b54ae246044d4cf429fda9a68f59e0c4c92173a4047f4bd500a77637e74,0xe27f1e1d5ef28f560cbd9500342b24dd989635d2,1.0,0x3460f3e3ecdadb7ca18cc363c1ed05d227fda666,0xed9f944b9674a7efbb73b85867b41af6a727d96b,Reental-VLC-1
0xaee2b80388947fd013726ca3c4fa6ec7ba851012a2401c01ab6313f794ae50dd,0x92f8150266c3a2a51be53188eebdfb0798ca7910,1.0,0x3460f3e3ecdadb7ca18cc363c1ed05d227fda666,0xed9f944b9674a7efbb73b85867b41af6a727d96b,Reental-SGT-2
0x65a405fdf1dcd9e996edd2a1c104add5cf84bc75cbad6ac6fac9c304db952e19,0x92f8150266c3a2a51be53188eebdfb0798ca7910,1.0,0x3460f3e3ecdadb7ca18cc363c1ed05d227fda666,0xed9f944b9674a7efbb73b85867b41af6a727d96b,Reental-SGT-2
0xe8a1a25390268a3749a67c4186d1dd3303bc3d9fa2ae74f328db7410388928af,0x92f8150266c3a2a51be53188eebdfb0798ca7910,1.0,0x3460f3e3ecdadb7ca18cc363c1ed05d227fda666,0xed9f944b9674a7efbb73b85867b41af6a727d96b,Reental-SGT-2
0x16b101345fcedf639bc57c0edb89f5ae2c8b58de8903ef5684a369a5289376df,0xb0825e7a4093d21ed076883f8aca33300631291e,8.0,0xbc4c77f3da24544780d3398e5d7ee3e68b45355f,0xedb48acc6817ff8611155c7b86f75e45af5fdcf4,Reental-MIA-3
0x0003d519183765dd544579e04d7077c2fad95970b453d6b255cd4a70fc20b50c,0xca53dd67cfa553d9e31c377602fb217dff9eadff,5.0,0xfbd1b0fed15f5c7958314b178e71d1a890abee13,0xedb48acc6817ff8611155c7b86f75e45af5fdcf4,Reental-SMA-2
0x496acef5ba8a193444cf53ebd719cfb2b6a7918484de018d16970bffd306287e,0x9c09c8525c5baa3b254cb0a60d3565cfbd5c9f28,0.49992,0xe010737ac1cfce590436346cae509c15be492cbd,0xedb48acc6817ff8611155c7b86f75e45af5fdcf4,Reental-JAX-3
0x9d26d657f3d375c97312cd5bfc79cd4a3c9f8b05032e5b7733061a3a4fea4784,0xad3e1f50590ef6f323caa0cf43f39d28d1d34144,3.0,0xfc083ae8973c130a9f86198529cf61e7e053d626,0xedb48acc6817ff8611155c7b86f75e45af5fdcf4,Reental-JAX-2
0x2cfff2a37cb6f007bd49f1ce5f13182b9f03d8b62fc142f994e6c189c1cf3e10,0xad3e1f50590ef6f323caa0cf43f39d28d1d34144,4.627931,0xfc083ae8973c130a9f86198529cf61e7e053d626,0xedb48acc6817ff8611155c7b86f75e45af5fdcf4,Reental-JAX-2
0x7853676990342dbfc2b038a3da4bc42c519291b9372e7c2528fd59f784473f10,0x8711b4172ed71d2d4f90e3e2f0cb63726acba8e6,4.0,0xfc083ae8973c130a9f86198529cf61e7e053d626,0xedb48acc6817ff8611155c7b86f75e45af5fdcf4,Reental-JAX-1
0x360416c3c884efc8d27c873ab0ca8ba11ae6aa68f11de36b08d942457bb8fb31,0x8711b4172ed71d2d4f90e3e2f0cb63726acba8e6,6.38368321,0x9b04ba99ad57a8cfc5d1273f4cfe80d67a9bb9bb,0xee21cb5ad21b519849e2a14c1555ca9e00a4f67f,Reental-JAX-1
0xd0f571e8bd2c4e8f5425d79bef10750a3b69a3d68ed4da95dea2f33838b03e3c,0x33be67454ae817337db15877fd4106c5cd5206c5,3.16423226,0xf021a90753fd51994c7d2ae3da9e63fb0e7c0ff3,0xee21cb5ad21b519849e2a14c1555ca9e00a4f67f,Reental-MLG-5
0x06a6663f1475d4a3e86b1e767113e2bce7b6c16181e466ebfbbb6b8d85a3491e,0x33be67454ae817337db15877fd4106c5cd5206c5,3.0,0xf021a90753fd51994c7d2ae3da9e63fb0e7c0ff3,0xee21cb5ad21b519849e2a14c1555ca9e00a4f67f,Reental-MLG-5
0xaeac529fce1476c4b137f70c3d66b31870023e22d74bd04c7a4568ce636b917a,0x7469b9381bfa8a34bef9dfaad03d75f60947f957,7.75947531,0xf021a90753fd51994c7d2ae3da9e63fb0e7c0ff3,0xee21cb5ad21b519849e2a14c1555ca9e00a4f67f,Reental-CDP-3
0xc401ea8878ee26220d0c9796d7b1589e179f89f286c71226a32c411ce923acc2,0xaca38d593f7775334fa1b84a865f19396f62f760,0.19401312,0x1d4f1a58d7d62513e3fb4d777db81d7de4a0e807,0xee21cb5ad21b519849e2a14c1555ca9e00a4f67f,Reental-MLG-6
0xd8d5d3c848a5dcabf3aa60627b6059bb4db7d6fb124d16e055fbd516ccb89053,0xe7d35f9248ea53943765928c0d9dc027a0129f28,5.04,0x4616df79503fd39c5ce6701f1049b828e6210b3b,0xee21cb5ad21b519849e2a14c1555ca9e00a4f67f,Reental-MLG-3
0x9df82cce3f9636dd27d11c624d26dc5f2116ac251fc2a53beb0b2c39c5d0b803,0x6da0652a8481a774f5164612ab0ab18f105ad243,7.25712543,0x468043dc6314e6d0ae6bb4d03de0d3f460372d08,0xef8ce94238938ac02f165db75674cc2c9e45a699,Reental-CLVM-1
0xfc0d4471780d5b4d6ed0b6396942995b2a2bffb6b54ed42b3ca645ef125f24ab,0x7469b9381bfa8a34bef9dfaad03d75f60947f957,4.1497795,0x468043dc6314e6d0ae6bb4d03de0d3f460372d08,0xf021a90753fd51994c7d2ae3da9e63fb0e7c0ff3,Reental-CDP-3
0x9bb084aa6445fa644e987c37127d06fdee39bf418aab68b129753d06f5cd35b0,0xca53dd67cfa553d9e31c377602fb217dff9eadff,1.0,0xe0d5eacf6c9d5c3e287b4ec42e7f20a8b0b9c3c1,0xf3e25494bc9e24a1eeb2c3ef9434bc6bbdbba66b,Reental-SMA-2
0x89376689af10c8abe63e94d099dffdc4e1fcb9db26f27a141de7eec5472e2db3,0x49b8f29f17a27ae89121642838e37bc8ce77d2f2,1.13121991,0xc538526d642faa85f672abf8bf00e8d6909d7f22,0xf3e25494bc9e24a1eeb2c3ef9434bc6bbdbba66b,Reental-SMA-1
0xb1fb83332c06c6846f5ea43bf61a551573d8c6a589d5ccb71b6b1b7d5fe63106,0x49b8f29f17a27ae89121642838e37bc8ce77d2f2,1.24753978,0x21cb12db1844b7d4c0cf3c3f1881737d7efa0702,0xf3e25494bc9e24a1eeb2c3ef9434bc6bbdbba66b,Reental-SMA-1
0xc75e1131f9dd28987f65cd05dc49152243c4f5cc674ca5b04231543deb52185c,0xca53dd67cfa553d9e31c377602fb217dff9eadff,5.08,0x74ccf6c72f487948447db636daf9bce199499150,0xf459185178c49adc9e16bb23f3e78e1a8c7ea190,Reental-SMA-2
0x600ece4821eab8519376d7d86d11ea7a440a33eb65047506d6f02ac1021dc61d,0x8eeb57505999d3092c7b00ad5a5e53b943ad235d,5.0,0xf9c3fa98e7c685ff7964b7a297a7a22cb88eef19,0xf459185178c49adc9e16bb23f3e78e1a8c7ea190,Reental-SLA-2
0x610b3df6d6e7ec69e0f22be20dda87f1f989ec9117296cfe20ce1c360d24cffe,0xb0825e7a4093d21ed076883f8aca33300631291e,1.42276649,0x64441cc873d5f2014ac6c1a2f039b405abca3d09,0xf4a8b9316073a5875dffca7cd535c3915f5dc77f,Reental-MIA-3
0xf068a7a9a65f393b274fca8152fad0dcf27d8ae9ecc8042ffc9a8bff0248d1a7,0x1b0d685f5e4063033e0a1a360db864c9911eedda,0.75668128,0x864692fecb5e8dd3a923dcb4b87c01d1aeec3a36,0xf4a8b9316073a5875dffca7cd535c3915f5dc77f,Reental-VLC-9
0x1114a441f8e5dce30924898726eb42af94d448d402ac015884925c98e4093b53,0x9626bb1cd5536c2a3acc5c0cd98a589d9ea31638,3.0,0x6107da77b7e200de44af71de2e6dbd5faddfcc8c,0xf4baf08aee50b3ff26ee76334e8d25d08bdf719f,Reental-CDP-2
0xeacfa4d7e5d13bc20f07b113d71d4a0525fc930d467080293187b4b02c6ed249,0x7798f8c28ce575188f4e65aeb6719c0ec5c69195,1.90609218,0xd4bcede6c4055c12ec03cd383046297d0ed05625,0xf4baf08aee50b3ff26ee76334e8d25d08bdf719f,Reental-VLC-4
0x770761509f033f2ef1bab360acaac2a27eac575a8bcba746a5d3c725e9bf3d78,0xaca38d593f7775334fa1b84a865f19396f62f760,0.15768342,0x89b5416968540a8b504bcaeba2d7b3dc0753f1cc,0xf4baf08aee50b3ff26ee76334e8d25d08bdf719f,Reental-MLG-6
0x5228a4263938c1e89be3d35c52f270ce198c2d463e428cd477ffffdb23a443d9,0x7f6b82381bce03e7cf6af2fb1dcd41993406d4ae,1.0,0xe0d5eacf6c9d5c3e287b4ec42e7f20a8b0b9c3c1,0xf4baf08aee50b3ff26ee76334e8d25d08bdf719f,Reental-MLG-2
0xd1bcec023bac2c4da3ef54ba40fbb538e7ae8ad322e92b000d69a91895520835,0xac6b91d535bdedb731045ed823d2a6c3ad5b5177,1.0,0xe0d5eacf6c9d5c3e287b4ec42e7f20a8b0b9c3c1,0xf4baf08aee50b3ff26ee76334e8d25d08bdf719f,Reental-OVD-1
0xef66523747a8997f0ca6399b571866ce82df5693c469e19c822b0b5712686940,0xfd0ea97747f7b1a53ec59ef5001616cde3aead3e,1.49,0x0cb29d82f3631b457cf4fd8bb4c616256097c9a4,0xf4baf08aee50b3ff26ee76334e8d25d08bdf719f,Reental-CLVM-2
0xb09df17b954af8f9dbe5cc08988dcccefc719dcf71fe8db1faecbab70a9392a6,0x95fb76dcf3bd83b3a9262a96194f29a9a7243f7a,5.0,0xab426604ebddf26a62d2b9a079d9922d0c067279,0xf4baf08aee50b3ff26ee76334e8d25d08bdf719f,Reental-VLC-2
0xbfc6d61451d31d6d8f04fc7bc77c8cbbd696db83d199e62b05fb09a7e839f480,0xe27f1e1d5ef28f560cbd9500342b24dd989635d2,7.0,0xab426604ebddf26a62d2b9a079d9922d0c067279,0xf4baf08aee50b3ff26ee76334e8d25d08bdf719f,Reental-VLC-1
0xa79eb750ece278382b1ad1ee7bb7fe445f1d3d4bdbe8b170baea7ff666f91c36,0x4adaee2dae690cf8f3915f1c1963f16d239c5e11,5.0,0xf9c3fa98e7c685ff7964b7a297a7a22cb88eef19,0xf4baf08aee50b3ff26ee76334e8d25d08bdf719f,Reental-MRB-1
0x81211af903e94cbb8c0b2f496ca50677b4af7a1d1daac956e3df260ebd0011ea,0x6da0652a8481a774f5164612ab0ab18f105ad243,2.0,0xca20609da56c09acb47e7be96a360ef4383d447a,0xf4baf08aee50b3ff26ee76334e8d25d08bdf719f,Reental-CLVM-1
0xec3c1e496dd2069559d01444416767d20dbbd241c236f53ac5687e5a3d275a8e,0xf94ca4e007553917d1f80d013d2544ddfbed555c,5.0,0x03b0d1a2cfce3cd5188b6454d8b5d2d5abec45bd,0xf8d0ea30a6e5b26a2733630db64688656a3ebe93,Reental-MLG-4
0x82d0540249cdfc88a9b0dc34abe9f8de2dc4766879834939b0cd687ea57fc0c2,0x8711b4172ed71d2d4f90e3e2f0cb63726acba8e6,3.0,0x985702fb3c75a0f45412dbc1937195c28042d92b,0xf946b798367fdf5afd05d94ed4f1185cbead1788,Reental-JAX-1
0xaea7da04e1f8a9798b61e214d82ffb7fb1bdee8a74bba6704d2137b6c8354695,0x49b8f29f17a27ae89121642838e37bc8ce77d2f2,5.0,0x985702fb3c75a0f45412dbc1937195c28042d92b,0xf946b798367fdf5afd05d94ed4f1185cbead1788,Reental-SMA-1
0x629b2830074becb6bfbc98f9263aaee34ff832ed11f44c1028c8176c622d2489,0xad3e1f50590ef6f323caa0cf43f39d28d1d34144,4.0,0x985702fb3c75a0f45412dbc1937195c28042d92b,0xf946b798367fdf5afd05d94ed4f1185cbead1788,Reental-JAX-2
0xc2714dde8ba806505b2feea7f8dbd97b132cef45cd357074201a9557a7885e58,0xf7a694bc2768fc3b26beb5e98bb76f744397e49c,5.0,0xf9c3fa98e7c685ff7964b7a297a7a22cb88eef19,0xf95fb897c6fd8d683f9b6c50033cb7b02498be6a,Reental-RDO-1
0xfc173b046cbeb8700a6cd5c58c7e350c2f9d7be2e98c32324af4b78b7549cab0,0x29da137d6dba774ad4f79323374f685682542767,1.00010107,0xedd907242775b4fee0af3e5bd67c00d38eb9f24c,0xf95fb897c6fd8d683f9b6c50033cb7b02498be6a,Reental-MUR-1
0x59b17b713d8ab57ef2f1ee097ec69d048ec8b4d2aa72347b52f225b11ac5885c,0x8e08d151466bd8499a89ee9254586ef141f324c9,1.0,0x23363a09813b1241abad140371278de17647866f,0xf95fb897c6fd8d683f9b6c50033cb7b02498be6a,Reental-FMY-1
0x7b1eea57163b38e3c8343d054162dc23ad897e3b13bd09dd67ecc7fb4a31c5c1,0x46182d6937ed8cf2707e187b61b654e8ca59c7b5,3.29956742,0xf9c3fa98e7c685ff7964b7a297a7a22cb88eef19,0xf95fb897c6fd8d683f9b6c50033cb7b02498be6a,Reental-DXB-2
0xf52d68116d5983557c001a38a447893c02ef91ab202b7e20545bdbeed756a3e2,0x46182d6937ed8cf2707e187b61b654e8ca59c7b5,5.0,0xff36834b16be6a0628b3e8b68c8ff62e541f2af3,0xf95fb897c6fd8d683f9b6c50033cb7b02498be6a,Reental-DXB-2
0x33f392d75621a7f27fa611228fcecef96c9aa54347ff8466d4cce72eeee9e8d9,0x29fdc3434576e188e8131b2ad9cf94d3b3e71f56,0.99999783,0x788390e251b13db1309c2feeaca903e685bd83fe,0xf992dc441bdd53179f9a9955f92db68da6733bc3,Reental-MLG-8
0x3c3543b145487206ea3aa0f10ec44dfc3d55d4e9a5df28d01648331b0166782c,0xf4237a554dcddc007688ffd72046e2b00dc5a905,2.0,0xf3b9739ed70e548f8e30e81746c80bc6c74edd1a,0xf992dc441bdd53179f9a9955f92db68da6733bc3,Reental-MAD-6
0x1f4d59ee0b10855a75601d577e79d482a94c3150830b7dc519b790184adb8f14,0x2f1026ff5bd94232050364c81d61a2d15e147209,51.8541,0x869cb418f007d4874e1f4be382eaadc0614f004f,0xf9c3fa98e7c685ff7964b7a297a7a22cb88eef19,Reental-MIA-1
0xfc1a19c7177af43087122c01b7da4510a6c2733beae4effe4099ecffe010b739,0x2f1026ff5bd94232050364c81d61a2d15e147209,1.0,0x9a41897d612ed5e1e79a6facb3f525d7b020e465,0xf9c3fa98e7c685ff7964b7a297a7a22cb88eef19,Reental-MIA-1
0xae7a37fedbf7034677c589b47174929b93326b894b338d1a3039b4a652f7ff83,0x2f1026ff5bd94232050364c81d61a2d15e147209,14.12295391,0x468043dc6314e6d0ae6bb4d03de0d3f460372d08,0xf9c3fa98e7c685ff7964b7a297a7a22cb88eef19,Reental-MIA-1
0x47b8d0e169f6f92b9636f3b51809d2c26a322881c8f8e3a73807502362cf1844,0x2f1026ff5bd94232050364c81d61a2d15e147209,23.10326798,0x26c11cf61d3cbefb3d36571abc8967d5a667e3ab,0xf9c3fa98e7c685ff7964b7a297a7a22cb88eef19,Reental-MIA-1
0x4264556ad8487afdd941656cfe51818231529ad7073e0cd45b1cf19eeea0699a,0x67f43c75ddc47762c1f5d0e4c97f0e3d38be8fc9,5.01,0xdd5de994cdd5fae199fc5e0dc4cf8576338dc6aa,0xf9c3fa98e7c685ff7964b7a297a7a22cb88eef19,Reental-MLG-9
0xce1c8900f6e0e988ab669e3be843cf48d5bd5b4a73b578f13c22644985f15238,0x2f1026ff5bd94232050364c81d61a2d15e147209,6.21673208,0xf886c9a5b1fc8eddba7c1432b27fce0cf2cf0c6d,0xf9c3fa98e7c685ff7964b7a297a7a22cb88eef19,Reental-MIA-1
0xab037bd1a61cf34e29fa023123b6541e7fa6c052b865e4090a7c31e53f652095,0xe16901dad396fe7b1b77b6d2bd91b2d648e8a762,51.95,0x20968ba2f3bf1295b9eea997dd883e406e3ea210,0xf9c3fa98e7c685ff7964b7a297a7a22cb88eef19,Reental-HOU-3
0xed624f4bed115ad3f80b98a22d290048bbaced62851851f47b0e95cdf5c565ec,0xf7a694bc2768fc3b26beb5e98bb76f744397e49c,1.24173788,0x75c59da5cbb7dbfec067b8e9ac8f94e6cc1c6fef,0xf9c3fa98e7c685ff7964b7a297a7a22cb88eef19,Reental-RDO-1
0x8e6253562cd25a876d40e22df0650882132ba1c71fa8844b19753da663c295bf,0xf7a694bc2768fc3b26beb5e98bb76f744397e49c,0.85328584,0x17222c114271db191db21bfcc3c76e3b166876ff,0xf9c3fa98e7c685ff7964b7a297a7a22cb88eef19,Reental-RDO-1
0xf6b26c5a4730c71941b577e29fc8bc5e845697e2165a2b3dfac0f784fec35a09,0xed923b814f1ea3d42c54dda55ba8edfaba994489,85.5,0xde17c80961aa748f4e61a5b2ee612c7dbb4cd0c7,0xf9c3fa98e7c685ff7964b7a297a7a22cb88eef19,Reental-BKL-2
0x5fe9a953c05819779629115d04e8342d8a7829fcdd69d44e97a08d5d678a556e,0x5ab768c8ca1cc20cb8ec7b90554a3b12524b6c47,24.9,0xde17c80961aa748f4e61a5b2ee612c7dbb4cd0c7,0xf9c3fa98e7c685ff7964b7a297a7a22cb88eef19,Reental-CDS-1
0x4ef4c41f368c5d005fd137ffa8b10587aa2a4e887899436d7a14448072d9e184,0xf8657256c5cd5fdb044e55d1ec39e9b8c969dbf1,130.3,0xde17c80961aa748f4e61a5b2ee612c7dbb4cd0c7,0xf9c3fa98e7c685ff7964b7a297a7a22cb88eef19,Reental-PAZ-1
0x7cb94058eb98acc34af642fb048c17b36d1c9fca53b3089487399f5415cd8a1a,0xa0d99b441a9a5e334b234f31a92b97fa8d663626,73.9,0xde17c80961aa748f4e61a5b2ee612c7dbb4cd0c7,0xf9c3fa98e7c685ff7964b7a297a7a22cb88eef19,Reental-YCT-2
0x1003250d977416b56f937948d6990602925ab763db055a4e69d82967b5be7685,0x7469b9381bfa8a34bef9dfaad03d75f60947f957,25.0,0xde17c80961aa748f4e61a5b2ee612c7dbb4cd0c7,0xf9c3fa98e7c685ff7964b7a297a7a22cb88eef19,Reental-CDP-3
0x43315b6d4a0f2ae92ebdb389b4f2ec87d4ad906a21f9c1c3a9a3e69a27d944ef,0x4adaee2dae690cf8f3915f1c1963f16d239c5e11,26.7,0xde17c80961aa748f4e61a5b2ee612c7dbb4cd0c7,0xf9c3fa98e7c685ff7964b7a297a7a22cb88eef19,Reental-MRB-1
0xa6e2442e7a0ddd2dac4f634d3cc602a88b89391cbb0e8c368b43b4c4c96a3892,0x4adaee2dae690cf8f3915f1c1963f16d239c5e11,30.0,0xde17c80961aa748f4e61a5b2ee612c7dbb4cd0c7,0xf9c3fa98e7c685ff7964b7a297a7a22cb88eef19,Reental-MRB-1
0x06868f334042095ef18fac4e60f38e906b288538a389168bc48964288a4d6f2f,0xf8657256c5cd5fdb044e55d1ec39e9b8c969dbf1,8.9255,0x9b365d35e8153c1ea5a215ccac2f3851c7dd14a0,0xf9c3fa98e7c685ff7964b7a297a7a22cb88eef19,Reental-PAZ-1
0x96840a4e07a592cd5d01cc1fc3ce7704be3888330ed0386db50326d2d3103044,0xed923b814f1ea3d42c54dda55ba8edfaba994489,1.0634621,0x89528b6bc17b8f3a024462549f7aa33cdf10eac2,0xf9c3fa98e7c685ff7964b7a297a7a22cb88eef19,Reental-BKL-2
0x17240e92a80968b087ec0e9fa4c66a5c9b1fbb762b50ad7bb298030e67c70442,0x8a96bf9aa5812ce957aed1f554065b64a545c88a,43.21909726,0xd72be8822f94b45a207b326f71f9ae7cc30018fa,0xf9c3fa98e7c685ff7964b7a297a7a22cb88eef19,Reental-VLC-12
0x1842d5a2d27d914fea09a95080f1a91b6f53424e5147ce44a2b9aae02754c268,0xb8dbb3ae481e99be72de56a154d47b237b9b9568,1.4507151,0x6536bc05976ffafd174e1f5e620cbf2734d637cb,0xf9c3fa98e7c685ff7964b7a297a7a22cb88eef19,Reental-GND-4
0xec89d07c6467eb7c7543116156a25ef1c592f7e2b247745c6018bf9a42a96d48,0xbaea3b53056d42c763d14bef94b39ada218c2dbd,5.22667721,0x090372c25193715e342ea74cd4c0921fb6c23c7d,0xf9c3fa98e7c685ff7964b7a297a7a22cb88eef19,Reental-VLC-7
0x6dd7644f2ed8f0bc680db23e1b411dfea6f9aae9b289629b944909a7987a8fb5,0xb5a1a4f29b7376c091d6f4c7689be4b7cd5a6d98,0.62567552,0x090372c25193715e342ea74cd4c0921fb6c23c7d,0xf9c3fa98e7c685ff7964b7a297a7a22cb88eef19,Reental-VLC-6
0xbedb0d70f49e35d40c6883351f121aa66d3fdbd3544b5621ea595ca3a32e0ee9,0x6da0652a8481a774f5164612ab0ab18f105ad243,5.0,0x090372c25193715e342ea74cd4c0921fb6c23c7d,0xf9c3fa98e7c685ff7964b7a297a7a22cb88eef19,Reental-CLVM-1
0x770d837a5c8b7906db5adbcd643d12f65349132c618d253dbda304fcdbc9f4a8,0x6da0652a8481a774f5164612ab0ab18f105ad243,5.0,0x090372c25193715e342ea74cd4c0921fb6c23c7d,0xf9c3fa98e7c685ff7964b7a297a7a22cb88eef19,Reental-CLVM-1
0xdde4621176b35b3617a6aacb6baa0d7eb509a0a527685e9f8ad453b4203449bb,0xbaea3b53056d42c763d14bef94b39ada218c2dbd,5.0,0x090372c25193715e342ea74cd4c0921fb6c23c7d,0xf9c3fa98e7c685ff7964b7a297a7a22cb88eef19,Reental-VLC-7
0x41e9cfe3d3655c59655c5d8c33b60686ed6508773425d1bf9206989862e7aae3,0x9c09c8525c5baa3b254cb0a60d3565cfbd5c9f28,7.295,0x090372c25193715e342ea74cd4c0921fb6c23c7d,0xf9c3fa98e7c685ff7964b7a297a7a22cb88eef19,Reental-JAX-3
0x1b9825223f042a51e81dcbb7f85a74695dc49088db0b4d5600d2f95fe016cd23,0x9c09c8525c5baa3b254cb0a60d3565cfbd5c9f28,7.0,0x090372c25193715e342ea74cd4c0921fb6c23c7d,0xf9c3fa98e7c685ff7964b7a297a7a22cb88eef19,Reental-JAX-3
0xb7337ff196c83d8ccc1214264ea050d9be1616f8590f33b82b515fb69f96e37c,0x5ab768c8ca1cc20cb8ec7b90554a3b12524b6c47,15.54138084,0x77aba715e2e93820d1cda03b14b92ba20e7bddd9,0xf9c3fa98e7c685ff7964b7a297a7a22cb88eef19,Reental-CDS-1
0x26bd8c69ae390c6a63af47968b70af98412603d5f887d6dd49fbdeae5e19d092,0x7a7e4dd51d1ca1aa701b0eb76ba5f59cec2fbaa1,1.94044774,0x77aba715e2e93820d1cda03b14b92ba20e7bddd9,0xf9c3fa98e7c685ff7964b7a297a7a22cb88eef19,Reental-MAD-3
0x18971d81114def86cc4deeba8a8e291caa92956368be40784a6af7dcf4b8e73c,0x4adaee2dae690cf8f3915f1c1963f16d239c5e11,3.25223068,0x77aba715e2e93820d1cda03b14b92ba20e7bddd9,0xf9c3fa98e7c685ff7964b7a297a7a22cb88eef19,Reental-MRB-1
0xd9dcab9e43fc8b217b76267d9a32a5df8467b4998e077a01ee39085e4323fe51,0x29fdc3434576e188e8131b2ad9cf94d3b3e71f56,2.04827081,0x77aba715e2e93820d1cda03b14b92ba20e7bddd9,0xf9c3fa98e7c685ff7964b7a297a7a22cb88eef19,Reental-MLG-8
0x8060e0418bc224acea5b1ffc7cc115d761decbaa643fdbfe85535789298ba71a,0x3b7455335fc7c3839167ed8fc173405908ffdf15,32.5,0x77aba715e2e93820d1cda03b14b92ba20e7bddd9,0xf9c3fa98e7c685ff7964b7a297a7a22cb88eef19,Reental-TLM-2
0xa7f0f2fe948fee84ec65a4df2b1e78d43b1544420d3e8f0be72625f2740a3b7b,0xf8657256c5cd5fdb044e55d1ec39e9b8c969dbf1,15.0,0xc195e3a4447f3cb3becd6d9895a04a23372af2c3,0xf9c3fa98e7c685ff7964b7a297a7a22cb88eef19,Reental-PAZ-1
0x4255669652cb6f4b243d1cc80fbb6393b0b7d4188de55035bf5fc4921f5e797a,0xf8657256c5cd5fdb044e55d1ec39e9b8c969dbf1,20.0,0xf486a748d2981361e272e5b4adefbebbf7a8805d,0xf9c3fa98e7c685ff7964b7a297a7a22cb88eef19,Reental-PAZ-1
0x2f327977b0ec1f1a3d4506006d0ee36770e9d0f2e2aed79c7c3e753313a35e9e,0xf8657256c5cd5fdb044e55d1ec39e9b8c969dbf1,20.0,0xf486a748d2981361e272e5b4adefbebbf7a8805d,0xf9c3fa98e7c685ff7964b7a297a7a22cb88eef19,Reental-PAZ-1
0x52b20dab633028dc9be350a25383e237f990b657e2be82e31ad15d5f1db18c0c,0xf8657256c5cd5fdb044e55d1ec39e9b8c969dbf1,20.0,0xf486a748d2981361e272e5b4adefbebbf7a8805d,0xf9c3fa98e7c685ff7964b7a297a7a22cb88eef19,Reental-PAZ-1
0x30e47767d20e3966ef094c8759aee3e8b3441e41d76c6b9354a46e45051d46a6,0x5ab768c8ca1cc20cb8ec7b90554a3b12524b6c47,0.72867176,0xb2ffd57ac78605d6357879cd6435c05880ff9590,0xf9c3fa98e7c685ff7964b7a297a7a22cb88eef19,Reental-CDS-1
0x839a4480d2cd65e79e2b00e9509503be31ea4b856adbbee2e92e08d688ff2022,0xf8657256c5cd5fdb044e55d1ec39e9b8c969dbf1,0.47316868,0xb2ffd57ac78605d6357879cd6435c05880ff9590,0xf9c3fa98e7c685ff7964b7a297a7a22cb88eef19,Reental-PAZ-1
0x82f8e16fe1b8d7ffd8c1e0bc21be58c27823b05dd0fc88339dbaa23c25579a20,0xfb759e0cc5cff4aea606064acd41c71c7c11bf40,1.08191232,0xb2ffd57ac78605d6357879cd6435c05880ff9590,0xf9c3fa98e7c685ff7964b7a297a7a22cb88eef19,Reental-BKL-1
0xe84f5f1432457cc5c096a87d6b7fe77ae532927a9703f718a49aeece279ade34,0xf7a694bc2768fc3b26beb5e98bb76f744397e49c,5.58540206,0xb2ffd57ac78605d6357879cd6435c05880ff9590,0xf9c3fa98e7c685ff7964b7a297a7a22cb88eef19,Reental-RDO-1
0xffce670f9e23181ff4e8d72bd0c2591b85b3469c2e930e2230c884918d59cc44,0x2f1026ff5bd94232050364c81d61a2d15e147209,19.075,0x77aba715e2e93820d1cda03b14b92ba20e7bddd9,0xf9c3fa98e7c685ff7964b7a297a7a22cb88eef19,Reental-MIA-1
0x2d47e9b9f24044279dec7cf5708083b0de4c583bce9b074d7d6b8a74e86d5b03,0xe6e3ff145a6ffcd1dac08472f89164c0c43316b2,1.0,0x12c7dfd9d2a00757b8c556355cc9130a192da42c,0xf9c3fa98e7c685ff7964b7a297a7a22cb88eef19,Reental-CMY-1
0x7c877e9193f95ed1fc5683d70fb31e85b99cf2332916f4f0c61af0b54dd0fde8,0xf7a694bc2768fc3b26beb5e98bb76f744397e49c,3.24,0xca20609da56c09acb47e7be96a360ef4383d447a,0xf9c3fa98e7c685ff7964b7a297a7a22cb88eef19,Reental-RDO-1
0xa5a3351ccf544811036cfd49a32263c08855ad86bf1081677f4d3d5c739290d3,0xed923b814f1ea3d42c54dda55ba8edfaba994489,1.02896595,0x427d2d6f379c135710905349a088d9d68d09ed6c,0xf9c3fa98e7c685ff7964b7a297a7a22cb88eef19,Reental-BKL-2
0xab9497006d69569f2f74fd9fa0ede0398c53c5e9e9e4bf16d980e609488805a0,0x18bb9840fd7185c0589ca5fb81a32e3e2d0f2676,1.0,0x96c71c4ce7440fa2cec6037d344bdaaeaceba21d,0xf9c3fa98e7c685ff7964b7a297a7a22cb88eef19,Reental-OPO-1
0x87f609a3932947a38316ed3ab97bcdb8aa41450de195dfd5b227e45d761f79fa,0x2f1026ff5bd94232050364c81d61a2d15e147209,1.01801539,0x70c912e29805f1b053d58c7de0c7e30bb31a9635,0xf9c3fa98e7c685ff7964b7a297a7a22cb88eef19,Reental-MIA-1
0x32cef0dcc905e2317faeff893ad0e1b5d682f27e4514cd264f35956cf80e625c,0xe16901dad396fe7b1b77b6d2bd91b2d648e8a762,1.00004389,0xd11c3552941ae39ae5971a60f1699b6eeaff7691,0xf9c3fa98e7c685ff7964b7a297a7a22cb88eef19,Reental-HOU-3
0xa8facaca7d7064226cb0f47bce94d2a97a90ad7b908d99fe9a8987340fc184bc,0xf8657256c5cd5fdb044e55d1ec39e9b8c969dbf1,1.01709058,0x3024b33c6b6c0e90a908da6a718b9b74ece6b4da,0xf9c3fa98e7c685ff7964b7a297a7a22cb88eef19,Reental-PAZ-1
0x2b6051ccf95e674da77347d03e3bc3dc8985eda3a1771ae248921d2b145967c3,0x70e77c5f094534505d6a42f913d3a387e6db0842,5.49793733,0x4ef759b325e7f9713ce05f01ebd8e4b42eaa22f1,0xf9c3fa98e7c685ff7964b7a297a7a22cb88eef19,Reental-BKL-3
0x67e451fc4cc78caaafc66ed54c903644a793ef7bd8cda684a265ee016a81f44d,0x2a8bbc241849431e9cc7c4dbea9c05dfac2de553,5.0,0xd72be8822f94b45a207b326f71f9ae7cc30018fa,0xf9c3fa98e7c685ff7964b7a297a7a22cb88eef19,Reental-GRX-3
0x0306247bd6c7778f5c8e8de8cffcd8544d1e0f14439f7375a94803e9ff09be88,0x2a8bbc241849431e9cc7c4dbea9c05dfac2de553,10.0,0xd72be8822f94b45a207b326f71f9ae7cc30018fa,0xf9c3fa98e7c685ff7964b7a297a7a22cb88eef19,Reental-GRX-3
0x66c416f4ee364eaf49ed401ea69e5e83f1765ba4910ef582b8e5ee1df10e1524,0xfb759e0cc5cff4aea606064acd41c71c7c11bf40,0.25864505,0x840485ea36dc71c48265756b23f5751a8ac05dc5,0xf9c3fa98e7c685ff7964b7a297a7a22cb88eef19,Reental-BKL-1
0xd1328fb671dfd35253909c439608d3f6898116e07c92510bc62600136da29854,0xcc4c1ce8d335bd40a0acf17b9ab08c030cc299aa,7.653,0xbe5d189f4cf9fa7d061b7935e088dd11600e18c0,0xf9c3fa98e7c685ff7964b7a297a7a22cb88eef19,Reental-PRO-100
0xf8af89c6a2c459655740965012a8211b2ecb135c26ac28e9437d36774f85396c,0x21ae95a56ef471370ce89a7a4624117f31810927,5.0,0xbe5d189f4cf9fa7d061b7935e088dd11600e18c0,0xf9c3fa98e7c685ff7964b7a297a7a22cb88eef19,Reental-DNB-1
0x4e47e8c9731597b15968a5a361daf8ea88e2fc1d0bede75bc0595f3ac737d166,0x9c09c8525c5baa3b254cb0a60d3565cfbd5c9f28,6.0,0xbe5d189f4cf9fa7d061b7935e088dd11600e18c0,0xf9c3fa98e7c685ff7964b7a297a7a22cb88eef19,Reental-JAX-3
0x23b7a7e6c02711ba33bf887e9a298689bf2bc40d80e71a7e3183de27501facac,0xb45898179fe8de2818e3ff994559c60aa962e2af,1.0,0x6b19c5195dfb08219f6a94fa48be9d2a4274a696,0xf9c3fa98e7c685ff7964b7a297a7a22cb88eef19,Reental-MLG-7
0x0bef15cf6d8e9a0aa8971234b98428c0ab3f687b29e345cdcf95c39dce6f37be,0x5ab768c8ca1cc20cb8ec7b90554a3b12524b6c47,1.00001259,0x6b19c5195dfb08219f6a94fa48be9d2a4274a696,0xf9c3fa98e7c685ff7964b7a297a7a22cb88eef19,Reental-CDS-1
0x33287daeff881b50b07d7ca6d7f445762223f22d6bf1ec42f6bed750524ac50a,0x33be67454ae817337db15877fd4106c5cd5206c5,1.96836628,0x13dff70485f1d7ffd2f877942b60e2b1dab1c04d,0xf9c3fa98e7c685ff7964b7a297a7a22cb88eef19,Reental-MLG-5
0xcdac2b0a7735290860d0f3bcb600260e17267ac163b8f3256cf9da6f1f9de851,0xfb759e0cc5cff4aea606064acd41c71c7c11bf40,13.90916101,0x9882c1eab4f93473171cbc3571a36ab7e88a3aef,0xf9c3fa98e7c685ff7964b7a297a7a22cb88eef19,Reental-BKL-1
0x237f983a7e03a1306ffb7c99a7c679f3d099a7b8971e4e13e644fc0ad9ea2482,0x4caefefa803ded399db5d2b6d38211adcf965bd4,0.23068589,0x840485ea36dc71c48265756b23f5751a8ac05dc5,0xf9c3fa98e7c685ff7964b7a297a7a22cb88eef19,Reental-GRX-4
0x435b493deeab26c4387544ea9cf26c897d69e9ce37bd30b3fa6ffad90f2a7e0c,0xfb759e0cc5cff4aea606064acd41c71c7c11bf40,0.53730366,0xac544c539d48cf9bd1024a1616e00eaa3a39f2cf,0xf9c3fa98e7c685ff7964b7a297a7a22cb88eef19,Reental-BKL-1
0x5e1ce93aa51107e68aa4fe6c6e3616edcb5f1ede08d07d0c1ff0dfaaa1c2229a,0x55cb210f496df649fd283aa93a360e24fdb40964,1.1897977,0x6e3ce5edd04349e99be9d6c2eeb315a5bca3d90e,0xf9c3fa98e7c685ff7964b7a297a7a22cb88eef19,Reental-BPT-1
0x3abeed48721d98193d9ecf0fde182b017d7adbfd32103dcba29b797724b9357d,0x6b4fa3c69e62f8f03dc018b57efa74d560462210,1.0,0x3460f3e3ecdadb7ca18cc363c1ed05d227fda666,0xfb8482d3a050b09d9dd3d3fb44e858864ef649f8,Reental-MAYA-1
0x1e5abec8a268281813783499fdc1b6b7ad83c270a0f29004094bac6fc3904a1f,0x6b4fa3c69e62f8f03dc018b57efa74d560462210,1.0,0x3460f3e3ecdadb7ca18cc363c1ed05d227fda666,0xfb8482d3a050b09d9dd3d3fb44e858864ef649f8,Reental-MAYA-1
0xa5d170bd9026d9b6b77d67b1132d3657f2bf7c44da8b84f7a00d967fe4c28f28,0x6b4fa3c69e62f8f03dc018b57efa74d560462210,1.0,0x3460f3e3ecdadb7ca18cc363c1ed05d227fda666,0xfb8482d3a050b09d9dd3d3fb44e858864ef649f8,Reental-MAYA-1
0x78500a57a590806d9b7d7d8b81b4c8209ac214b346685e3a9060e41abd9f5ec7,0x6b4fa3c69e62f8f03dc018b57efa74d560462210,1.0,0x3460f3e3ecdadb7ca18cc363c1ed05d227fda666,0xfb8482d3a050b09d9dd3d3fb44e858864ef649f8,Reental-MAYA-1
0x504d283c800df8bbfff0b3fe8b831a8ebef19b1cc8fe2ded6caf16be1bc68d7f,0x6b4fa3c69e62f8f03dc018b57efa74d560462210,1.0,0x3460f3e3ecdadb7ca18cc363c1ed05d227fda666,0xfb8482d3a050b09d9dd3d3fb44e858864ef649f8,Reental-MAYA-1
0x66ce21c69eedd5672d8445bc89ab65cf36c2e61ba71bb7838da8ed58332bad21,0x6b4fa3c69e62f8f03dc018b57efa74d560462210,1.0,0x3460f3e3ecdadb7ca18cc363c1ed05d227fda666,0xfb8482d3a050b09d9dd3d3fb44e858864ef649f8,Reental-MAYA-1
0x52098d3c2d53e06cb91785a29fa1ce8842f62660e50868cc3fd93b4858fa2e38,0x92f8150266c3a2a51be53188eebdfb0798ca7910,1.0,0x3460f3e3ecdadb7ca18cc363c1ed05d227fda666,0xfb8482d3a050b09d9dd3d3fb44e858864ef649f8,Reental-SGT-2
0x157938c00c1b33268605680e97570c6c7a01bdbe15b6090627150740cfedcb50,0xfc5e219788a953ad8e71c3b7cb9484695e7f028e,7.99784578,0xb8b957f384195cef2280701b87282c9d60543f9a,0xfb8482d3a050b09d9dd3d3fb44e858864ef649f8,Reental-SVQ-6
0x8d676de9e6e04238e90f7e9dd3c18a40a580da69ef8428e1ccf0b1cd34984c7d,0x7f6b82381bce03e7cf6af2fb1dcd41993406d4ae,2.0,0xe33a753eae22c2c0fc20e4c701dd40cfd36a82b6,0xfb8482d3a050b09d9dd3d3fb44e858864ef649f8,Reental-MLG-2
0xbeeb941bb18bf792a1e029894fe6606072496c66270d17eac64f6ff49f97af92,0xe7d35f9248ea53943765928c0d9dc027a0129f28,1.00365065,0xb4745a26826936027fd781adee6812f7db1bcb6a,0xfb8482d3a050b09d9dd3d3fb44e858864ef649f8,Reental-MLG-3
0x7eae1cd7a89c858df267719a317a0a582a8f5e0799388d677cbb74b83125580e,0x6b4fa3c69e62f8f03dc018b57efa74d560462210,9.81075197,0x468043dc6314e6d0ae6bb4d03de0d3f460372d08,0xfb8482d3a050b09d9dd3d3fb44e858864ef649f8,Reental-MAYA-1
0xee539d0fef2d0e22e8bed9c0c8ec6eeae1b95cbd744f8b4315ecaf28f59c27dd,0x6b4fa3c69e62f8f03dc018b57efa74d560462210,12.5,0x75705a4358a61436f73cd1fa386aab208f9009b9,0xff5e8a5f1fcd06c4bb4e995c7c02a577e86d7290,Reental-MAYA-1
0xea4b5b4310e628ff46000dbee790803aefe737b3c03f177b0ac9a002bb657de7,0xe16901dad396fe7b1b77b6d2bd91b2d648e8a762,2.0,0x001b419f09b1da9886f9290c25ad66887a374181,0xc8d87578f9c7005020d82625693ab46932d6491a,Reental-HOU-3
0x8394667cb71ae77001ac824799aeb1cb54fda0ed5a3f39b23302f35b8559a203,0xe16901dad396fe7b1b77b6d2bd91b2d648e8a762,1.0,0x001b419f09b1da9886f9290c25ad66887a374181,0xfa575f1059e5464bde4957a411ffc2f62c19b433,Reental-HOU-3
0x3bbeabec95060e5b4eb66e21fe263ffec7f2a54017f230767c84b7b9555fd37f,0xe16901dad396fe7b1b77b6d2bd91b2d648e8a762,5.0,0x001b419f09b1da9886f9290c25ad66887a374181,0xf190332a3e0dcb6bab845a2a54e812632329b578,Reental-HOU-3
0xcdfc478f7afa5d4f48ea6453129b10bc9d0ff22f86f32abe06a189d78520f941,0xe16901dad396fe7b1b77b6d2bd91b2d648e8a762,5.0,0x001b419f09b1da9886f9290c25ad66887a374181,0x9341737a23ccf92a7b14916cb48ab48dc3af7e90,Reental-HOU-3
0x3bf6c7e768a795c2d42c6caf7c8cd4afa48dd8629afbadfe79fa5c3e52fc7536,0xe16901dad396fe7b1b77b6d2bd91b2d648e8a762,5.0,0x001b419f09b1da9886f9290c25ad66887a374181,0xf190332a3e0dcb6bab845a2a54e812632329b578,Reental-HOU-3
0xedb491ed22d737d6ecd0f8993979c1db375940935b2b60ca5e38eb3292dad9dc,0x33be67454ae817337db15877fd4106c5cd5206c5,1.0,0x0c0c6f7940cfb5a5332cfde4623060911df56b64,0x001b419f09b1da9886f9290c25ad66887a374181,Reental-MLG-5
0xb08d244631cf6e212abc00fc1383ad8e9d888b9c7913b1e37951279bebabe20a,0x29fdc3434576e188e8131b2ad9cf94d3b3e71f56,1.00004465,0x0c0c6f7940cfb5a5332cfde4623060911df56b64,0x001b419f09b1da9886f9290c25ad66887a374181,Reental-MLG-8
0xd826a3800aa5e7a5801f16ba9f1fac4164cef8afcbfa04dd5939bd22eb5fc1de,0xf090b60f731583288e8c7c9d9a80680e35bd63e0,1.0,0x0c0c6f7940cfb5a5332cfde4623060911df56b64,0x0b6472693fb81f4b3ec661a0899b38e2c7b9eb2e,Reental-HOU-1
0x9dd7c73c97be085da8aae8195b506afc6bc4d060982a1aa6d7f5120b82a0ed7e,0x29fdc3434576e188e8131b2ad9cf94d3b3e71f56,0.00416787,0x0f2c1c43da56f484e2fccb4223070ecdf4cad9c5,0x1015b4011043843560ea01d7d1cd7ff0c7f52493,Reental-MLG-8
0x07cdf162503587552576d2027a1b22f88df2a1b8d92162f2ad7990cf16cb189c,0xcc4c1ce8d335bd40a0acf17b9ab08c030cc299aa,5.0,0x0f2c1c43da56f484e2fccb4223070ecdf4cad9c5,0x4fb14355104381a34c734b115517f8eb89477d02,Reental-PRO-100
0x54595c5fc2e465970fb6d1f988215715880eeaf73e39fc059331f5cd324d5d85,0xcc4c1ce8d335bd40a0acf17b9ab08c030cc299aa,5.0,0x0f2c1c43da56f484e2fccb4223070ecdf4cad9c5,0xdf391d9af8bc99abf1be8997ae447f614726a2fd,Reental-PRO-100
0xedf8b49de3c406f4da69b278b730025bf92a1b2a04ece07b4a8239904c44aaa0,0xcc4c1ce8d335bd40a0acf17b9ab08c030cc299aa,10.0,0x0f2c1c43da56f484e2fccb4223070ecdf4cad9c5,0xdf391d9af8bc99abf1be8997ae447f614726a2fd,Reental-PRO-100
0xb6ca2918160ca18d5f719b419dc912b3aa66c63a35753148b73901abcc849055,0xcc4c1ce8d335bd40a0acf17b9ab08c030cc299aa,10.0,0x0f2c1c43da56f484e2fccb4223070ecdf4cad9c5,0xb64fbeef6b52207a4648308c56b84432b16e9b0f,Reental-PRO-100
0x2f233cf6f807b3e320c8b94258d865c53c1f38c424d13e7649cfe61b2a5bb9d6,0xcc4c1ce8d335bd40a0acf17b9ab08c030cc299aa,10.0,0x0f2c1c43da56f484e2fccb4223070ecdf4cad9c5,0xb64fbeef6b52207a4648308c56b84432b16e9b0f,Reental-PRO-100
0x5e19745eef777291920127e11effa87eb900e1559e2ea0eea1579d61568d0dec,0xcc4c1ce8d335bd40a0acf17b9ab08c030cc299aa,5.0,0x0f2c1c43da56f484e2fccb4223070ecdf4cad9c5,0x4fb14355104381a34c734b115517f8eb89477d02,Reental-PRO-100
0x836007fddd148741689c15b3291221e684f02ad07d4298f8d418896152db6f31,0xcc4c1ce8d335bd40a0acf17b9ab08c030cc299aa,5.0,0x0f2c1c43da56f484e2fccb4223070ecdf4cad9c5,0xdf391d9af8bc99abf1be8997ae447f614726a2fd,Reental-PRO-100
0xdd73d4ab2860d8ea9323207371c103446c64e95813715607b8a9fec27661fa2d,0xcc4c1ce8d335bd40a0acf17b9ab08c030cc299aa,5.0,0x0f2c1c43da56f484e2fccb4223070ecdf4cad9c5,0xdf391d9af8bc99abf1be8997ae447f614726a2fd,Reental-PRO-100
0x22575f5874ea245af45ba0713e11a04e0fa5b9254e06585445e5eb82e03f9f78,0xcc4c1ce8d335bd40a0acf17b9ab08c030cc299aa,5.0,0x0f2c1c43da56f484e2fccb4223070ecdf4cad9c5,0xdf391d9af8bc99abf1be8997ae447f614726a2fd,Reental-PRO-100
0xe0464d815a33b67778ae756909649c8c1e402e28af5a391b0daf5b3462d00f16,0xcc4c1ce8d335bd40a0acf17b9ab08c030cc299aa,5.0,0x0f2c1c43da56f484e2fccb4223070ecdf4cad9c5,0xdf391d9af8bc99abf1be8997ae447f614726a2fd,Reental-PRO-100
0x3712d693ffdcbdebe7ac9ed4c842c45ee59ee9bd5c45807939b5510bfe02f876,0xcc4c1ce8d335bd40a0acf17b9ab08c030cc299aa,5.0,0x0f2c1c43da56f484e2fccb4223070ecdf4cad9c5,0x7411f9165a79bae6720ad83048f75436163961a2,Reental-PRO-100
0xdbafc906745879df547e9008b2cb338d51be68557224404c841559bb7fda5dcd,0xcc4c1ce8d335bd40a0acf17b9ab08c030cc299aa,5.0,0x0f2c1c43da56f484e2fccb4223070ecdf4cad9c5,0x638b6c4989e1829372a7dd62d798548b569e9778,Reental-PRO-100
0x942b36ba81950699a55bf2ad9134809b7875d7fbfccc0283712d4ae253becc96,0xcc4c1ce8d335bd40a0acf17b9ab08c030cc299aa,10.0,0x0f2c1c43da56f484e2fccb4223070ecdf4cad9c5,0xdf391d9af8bc99abf1be8997ae447f614726a2fd,Reental-PRO-100
0xc23d1a8eb512edce290f28937df190efb7d7baa3ded0795cd44a2803952e8118,0xcc4c1ce8d335bd40a0acf17b9ab08c030cc299aa,10.0,0x0f2c1c43da56f484e2fccb4223070ecdf4cad9c5,0xba31fa71441f47e712eedf2ce973a5e552317af3,Reental-PRO-100
0x2d6ab6848d90bae0a4c2b085a24c831e9310ea770dc8dc79fd666c87246fc91f,0xcc4c1ce8d335bd40a0acf17b9ab08c030cc299aa,10.07186097,0x0f2c1c43da56f484e2fccb4223070ecdf4cad9c5,0xdf391d9af8bc99abf1be8997ae447f614726a2fd,Reental-PRO-100
0x858d2879866241e91e79df73d7de5995d59024388c753066e85de9858882f52c,0x7d9491c28706e2f696b8562730483df840496880,0.31747795,0x98f3ec24377655ba178cc7b0a255c03416e17dc9,0x0f2c1c43da56f484e2fccb4223070ecdf4cad9c5,REENTAL-CAR-1
0xb943442e1a2abafab9117681519c5596d44c5cc2aada0f4e639842ece0c8d2ef,0xc48b58aae1fb770a8655e44de960eb7dc84a5de9,4.0,0x0f2c1c43da56f484e2fccb4223070ecdf4cad9c5,0x94264445fb3d0cd4f90e2e641ca1bd2a01e5c65a,Reental-RET-1
0xc2023fc1ab355b0f434a77290284bd330e1a2f9076824160299499df25572a3a,0xc48b58aae1fb770a8655e44de960eb7dc84a5de9,6.0,0x0f2c1c43da56f484e2fccb4223070ecdf4cad9c5,0x94264445fb3d0cd4f90e2e641ca1bd2a01e5c65a,Reental-RET-1
0x0201d82cd20c87024894c09d3e891bef14b55c10bdce7a7a7d8db2cbd621ccd9,0xc48b58aae1fb770a8655e44de960eb7dc84a5de9,8.0,0x0f2c1c43da56f484e2fccb4223070ecdf4cad9c5,0x94264445fb3d0cd4f90e2e641ca1bd2a01e5c65a,Reental-RET-1
0x4d5d9255124168b18a5f2bac54297d6b848af43891949d68ab1f84c002ee4088,0xc48b58aae1fb770a8655e44de960eb7dc84a5de9,8.0,0x0f2c1c43da56f484e2fccb4223070ecdf4cad9c5,0x94264445fb3d0cd4f90e2e641ca1bd2a01e5c65a,Reental-RET-1
0x79846eeab27a48b2cca9618614d695c878a1cfe5bc0b071e6b2ba60ace841a0b,0xc48b58aae1fb770a8655e44de960eb7dc84a5de9,10.45,0x0f2c1c43da56f484e2fccb4223070ecdf4cad9c5,0x94264445fb3d0cd4f90e2e641ca1bd2a01e5c65a,Reental-RET-1
0x7ceae8d8f22a158d18c85b630dc10850c8bc4aa6d9285167823c40889d8ae1fc,0x754f5b74e2639cef67fecec03f4d698470bdc92f,4.0,0x0f2c1c43da56f484e2fccb4223070ecdf4cad9c5,0xa18f8cd718f6a0984eedd8ba9b23230719860ae8,Reental-ABD-1
0xcb7d38a3935006f52837234d87a4fbf594d6994087b95ee2b6290e002341c807,0x754f5b74e2639cef67fecec03f4d698470bdc92f,4.0,0x0f2c1c43da56f484e2fccb4223070ecdf4cad9c5,0xa18f8cd718f6a0984eedd8ba9b23230719860ae8,Reental-ABD-1
0x065c6d27b4e636099552cef1376a1950119555c6e6d0179b5bdb34bac3ac9bbe,0x754f5b74e2639cef67fecec03f4d698470bdc92f,3.33224,0x0f2c1c43da56f484e2fccb4223070ecdf4cad9c5,0x70da80cfb8a0fab01f832bf34b7a3dcd1dff7c88,Reental-ABD-1
0xf07182b28b4cae988e28b0c8d8da235143cffc22df5f714e9879a50f69aac9f0,0x21ae95a56ef471370ce89a7a4624117f31810927,4.91,0x0f2c1c43da56f484e2fccb4223070ecdf4cad9c5,0xa18f8cd718f6a0984eedd8ba9b23230719860ae8,Reental-DNB-1
0x3d4c9306bdf0e90f420248f86fa4db5e08f01a9881341ff7bfa3c05b6ca3f159,0x21ae95a56ef471370ce89a7a4624117f31810927,5.0,0x0f2c1c43da56f484e2fccb4223070ecdf4cad9c5,0x70da80cfb8a0fab01f832bf34b7a3dcd1dff7c88,Reental-DNB-1
0xfb0e5036fbb1c82ab41915311740e4e91d5ef5c3d60a77700fcd49c070adc752,0x875b80a36ae0660f7de4178a49f7672c8447d365,2.75,0x0f2c1c43da56f484e2fccb4223070ecdf4cad9c5,0xa18f8cd718f6a0984eedd8ba9b23230719860ae8,Reental-RET-3
0xc879c71284a3895372ead9558ebcffe960769162ee9492de96c9c596f8a42d54,0x4adaee2dae690cf8f3915f1c1963f16d239c5e11,10.0,0x76b665ed9eb85e333a529382b1cb9b565097327f,0x1015b4011043843560ea01d7d1cd7ff0c7f52493,Reental-MRB-1
0x350425b00a5845e75f35a70929f77b1dc0f8ec974e41e9f160bf709385a441c8,0x754f5b74e2639cef67fecec03f4d698470bdc92f,5.0,0x94264445fb3d0cd4f90e2e641ca1bd2a01e5c65a,0x113b59d4e04e7a46441cd9c957c118b82f73daf8,Reental-ABD-1
0xb4020da4376fffe1f7a87e49a21c942e44885dda50a53499a2daaa17085a1b6f,0x754f5b74e2639cef67fecec03f4d698470bdc92f,5.0,0x94264445fb3d0cd4f90e2e641ca1bd2a01e5c65a,0x1e8fbb73028f2d13f6c87beadf9b7b5557fc123d,Reental-ABD-1
0x2b7525dcde46c48316bf513a9bffc20c25deaab571bef8a8d836c4061d9ba0e7,0x875b80a36ae0660f7de4178a49f7672c8447d365,1.697484,0xf9a3b033808104710bda11168ad9ad01dc16662c,0x1e8fbb73028f2d13f6c87beadf9b7b5557fc123d,Reental-RET-3
0xf853d7ec5af1a82879bb98d67ec68d2a18b0eda76ac82ecdb659d27b31895b73,0xcc4c1ce8d335bd40a0acf17b9ab08c030cc299aa,7.99314328,0x0cb29d82f3631b457cf4fd8bb4c616256097c9a4,0x1e8fbb73028f2d13f6c87beadf9b7b5557fc123d,Reental-PRO-100
0x556584432b676dfa2bec32888862dd845281791a1a8b395602bd6ecb2a1a7b66,0x7d9491c28706e2f696b8562730483df840496880,0.30256712,0x0c0c6f7940cfb5a5332cfde4623060911df56b64,0x1e8fbb73028f2d13f6c87beadf9b7b5557fc123d,REENTAL-CAR-1
0xe114dbb4333651fc1214d852c0955680f8ac9f46321f10ca89649bacea5459d2,0xc48b58aae1fb770a8655e44de960eb7dc84a5de9,36.45,0x94264445fb3d0cd4f90e2e641ca1bd2a01e5c65a,0x26cb4fdbeadfe4d9541bccd21315dc43b6f219aa,Reental-RET-1
0xc020b8a8ac2c02e1e0d74a8de40fa88c9842f8d67aaa970660f180e4d25054f2,0x21ae95a56ef471370ce89a7a4624117f31810927,5.0,0x29f75cf7db0e8a711ee1345fc4606d376812b0b7,0x9341737a23ccf92a7b14916cb48ab48dc3af7e90,Reental-DNB-1
0xbf992cbc0bc1115387654fd244e8770d586311be01627b5939f47d52fc57ebb1,0x21ae95a56ef471370ce89a7a4624117f31810927,5.0,0x29f75cf7db0e8a711ee1345fc4606d376812b0b7,0x60d9f975103e0f81e8c23b68bc3426e69ed6ba9c,Reental-DNB-1
0x3bae62ee38d3b32f6fd3e0dc5af944295710b9fdca837dedec35e23ae719370d,0xcca2e8c917d922f7ecc54d880b774f9cc0a4e572,16.0957628,0xc3a8e0c76574defbba0d65994c7efa17182122dc,0x29f75cf7db0e8a711ee1345fc4606d376812b0b7,REENTAL-CAR-2
0x27a1c7ac1e7e59bf6ceaf6badce4a0764a48b97545e96c8699510504b832ab7d,0xcca2e8c917d922f7ecc54d880b774f9cc0a4e572,7.84322405,0xcfef84696c0df6b3f2fa6b780b21551241715f72,0x29f75cf7db0e8a711ee1345fc4606d376812b0b7,REENTAL-CAR-2
0xa1ff86ba3ebba7a1f0bf923221a64da2a4fc28373cec70574df6366ae6e81f64,0x29fdc3434576e188e8131b2ad9cf94d3b3e71f56,2.15,0x94264445fb3d0cd4f90e2e641ca1bd2a01e5c65a,0x2c36baa16ecdf2fc039d6fbfc4668517dbf631ae,Reental-MLG-8
0x9419eaf4e4c41220f0a1105f833c9294e769bfc9cde407becffda676089b9181,0x754f5b74e2639cef67fecec03f4d698470bdc92f,1.0,0x302edd75481c8f1607bf24d500ac6ae506625fe8,0xb0089668277dd3605c1f3b5e94db21403e56444c,Reental-ABD-1
0x3a22e148c2cdad4704bfb4d5efe38c436a4b5edf4e943d2e9e5cf1e3c41bf61a,0x2a8bbc241849431e9cc7c4dbea9c05dfac2de553,1.00000335,0xf5a7c467188ab04aef5d8db983fc82edbc5b47ac,0x302edd75481c8f1607bf24d500ac6ae506625fe8,Reental-GRX-3
0x23806e6d31bc61bd73d3b7a96fa5f43a9ea3b78de473b13d76f08171f7f5448b,0x18bb9840fd7185c0589ca5fb81a32e3e2d0f2676,1.0,0x302edd75481c8f1607bf24d500ac6ae506625fe8,0x4938d5510933f741d6d9dec7dc03b6402812f7b9,Reental-OPO-1
0x613d02342c97980db07f68663e88d1a2e2938bfb0c4caec7eceb6e86a7ca7d41,0x18bb9840fd7185c0589ca5fb81a32e3e2d0f2676,1.0,0x302edd75481c8f1607bf24d500ac6ae506625fe8,0x6320bb78734071e84e810092f12a87f3a6aaf8f1,Reental-OPO-1
0x1db5ed3179f0b8fa6ab9b9646e1544693e8d63b00771c6024e533836681fd6d6,0x754f5b74e2639cef67fecec03f4d698470bdc92f,1.0,0x302edd75481c8f1607bf24d500ac6ae506625fe8,0x6320bb78734071e84e810092f12a87f3a6aaf8f1,Reental-ABD-1
0x5954401894d8e94faf845bf12afa90a854e3e4c996c07717d27a859d039f0bf1,0x875b80a36ae0660f7de4178a49f7672c8447d365,3.0,0x302edd75481c8f1607bf24d500ac6ae506625fe8,0x3a8d12e9d3340797089dab9d7953ab6c60bc1a60,Reental-RET-3
0xad8f5f5bc64a0dc2f4d9992be14be0b43752c6a05970b9924bb80d8a00e492a3,0x754f5b74e2639cef67fecec03f4d698470bdc92f,3.0,0x302edd75481c8f1607bf24d500ac6ae506625fe8,0x647baa5e479b4f437f83ec1510d68ade82e52d66,Reental-ABD-1
0x5f7a2efd910e1d2b4ecb942149944f6d2343c3045d80c22f42ea9b484224d782,0xb45898179fe8de2818e3ff994559c60aa962e2af,2.0,0x8042d82d16405de78e477526e66d4602360cad3a,0x4938d5510933f741d6d9dec7dc03b6402812f7b9,Reental-MLG-7
0xebb7789e2ac0b824f19222e691ba2ee8ba1fc9612a0f7841bf522a85329dbd3b,0x754f5b74e2639cef67fecec03f4d698470bdc92f,10.0,0x4fb14355104381a34c734b115517f8eb89477d02,0x67a0b3d80846c27432efad3a2e193b44617b14cd,Reental-ABD-1
0xf38712762b194289654235401e0768be845a71de06422146de81450fc8e49759,0x754f5b74e2639cef67fecec03f4d698470bdc92f,10.0,0x4fb14355104381a34c734b115517f8eb89477d02,0xa18f8cd718f6a0984eedd8ba9b23230719860ae8,Reental-ABD-1
0x7787f84fa4c0ad9796437cdceb907dc1965ee67f782870452dacb3a9e780e83d,0xcca2e8c917d922f7ecc54d880b774f9cc0a4e572,4.04803329,0xaf940915d9dce561c5ed55faa21ad5e87812b796,0x4fb14355104381a34c734b115517f8eb89477d02,REENTAL-CAR-2
0x894ba60b735ac99bcd1a4e626881bf7f4a79b1713648a313e18d8ac787ec1fcd,0xcc4c1ce8d335bd40a0acf17b9ab08c030cc299aa,5.004135,0x108ddd58e222939e9cd44a0a0868cc9f4a9caa31,0x4fb14355104381a34c734b115517f8eb89477d02,Reental-PRO-100
0xdac341c2820509e1d16c3c8df1e925a175279b5836ecc2b87f50822c39ff1e84,0x754f5b74e2639cef67fecec03f4d698470bdc92f,5.0,0x94264445fb3d0cd4f90e2e641ca1bd2a01e5c65a,0x60d9f975103e0f81e8c23b68bc3426e69ed6ba9c,Reental-ABD-1
0x95df9ad3ddef75db4804de71d23aaa36b1232ece5e6cc5e9126ef3b0cbd8b3c6,0xcc4c1ce8d335bd40a0acf17b9ab08c030cc299aa,4.8,0xd3d40870c53c407880605631f14d473eb7c6a6f5,0x67a0b3d80846c27432efad3a2e193b44617b14cd,Reental-PRO-100
0x9592b6df68ba57f8b6c4573d2b4ef5058c1cfea7aa937c3e3a32106f917eb2ae,0xdfd7413a5d54d96312109a9d56b3bead8a786ff3,1.0,0xfb8482d3a050b09d9dd3d3fb44e858864ef649f8,0x67a0b3d80846c27432efad3a2e193b44617b14cd,Reental-LVT-2
0xe1c5e01330788c780edd65fbdc99a8d10d6bc3d7ded480a589326ac80582fdf9,0xcc4c1ce8d335bd40a0acf17b9ab08c030cc299aa,4.87,0xd3d40870c53c407880605631f14d473eb7c6a6f5,0x70da80cfb8a0fab01f832bf34b7a3dcd1dff7c88,Reental-PRO-100
0xb30b68b6134a6a213fcc4fe1530a251e74cc8d7eda3c4a1fc5f98de9dab01ae5,0xfd0ea97747f7b1a53ec59ef5001616cde3aead3e,2.0,0x8042d82d16405de78e477526e66d4602360cad3a,0x7411f9165a79bae6720ad83048f75436163961a2,Reental-CLVM-2
0x4f30b3b7b487356ac74bba7797dccd80494084013644176944535b8dab6c38ef,0x754f5b74e2639cef67fecec03f4d698470bdc92f,3.00002033,0x98f3ec24377655ba178cc7b0a255c03416e17dc9,0x7411f9165a79bae6720ad83048f75436163961a2,Reental-ABD-1
0xb6eafbedd8850e4e35140009b52793d62b1a6e044437fac171d8a47bd163d860,0x754f5b74e2639cef67fecec03f4d698470bdc92f,5.0,0x94264445fb3d0cd4f90e2e641ca1bd2a01e5c65a,0x79240a5ad40abaf92d925c6489608815318992b3,Reental-ABD-1
0x0edf796089830c27328c5bf1e226dd51c906a122b2ebceb3ce831a95c0ebe106,0xf090b60f731583288e8c7c9d9a80680e35bd63e0,2.5,0x90d5f0db43c5f0be2849097c0cd2afaec66356e8,0x79240a5ad40abaf92d925c6489608815318992b3,Reental-HOU-1
0x2322763abeb428ef9ce53bcb771193a237bf14f727f6e89dcb9a5a64567ef27d,0xe56ff2dff2c2e95511f0bef4b3d92da05e8197c0,2.5,0x90d5f0db43c5f0be2849097c0cd2afaec66356e8,0x79240a5ad40abaf92d925c6489608815318992b3,Reental-HOU-2
0xdbe62feb804b51bb95b995a5d4760dc51c4c4198b659896f81af61dbc21e6eae,0xe16901dad396fe7b1b77b6d2bd91b2d648e8a762,5.415,0x81275dd89c93a6b34c4c691d81341f703a5d94c1,0x79240a5ad40abaf92d925c6489608815318992b3,Reental-HOU-3
0x55da22a3b02a9258e198ea8821b7db89ff54754bfa3765fee9e6ef3c14ca61b2,0xe16901dad396fe7b1b77b6d2bd91b2d648e8a762,1.0,0xfa575f1059e5464bde4957a411ffc2f62c19b433,0x79240a5ad40abaf92d925c6489608815318992b3,Reental-HOU-3
0xa64a88a7d6ec1224f23624bf7e7e1377998cbf348f9a5a281cae652a1bfc0f47,0xe16901dad396fe7b1b77b6d2bd91b2d648e8a762,1.0,0x0c0c6f7940cfb5a5332cfde4623060911df56b64,0x79240a5ad40abaf92d925c6489608815318992b3,Reental-HOU-3
0x093a76ab2407eb0e6ac2020a0a9e43fbbb6dda02f0491adbb74a333f7fbf819f,0x1998bc7570ae301154e0c3017acbb200b87ad1af,1.95200896,0x94264445fb3d0cd4f90e2e641ca1bd2a01e5c65a,0x8042d82d16405de78e477526e66d4602360cad3a,Reental-IDX-1
0x1b90b7e611291f64545fa520fda3094ba6b79c05b4a6b004bb23a713f414c874,0x243e4bacc4b4d61b87816c945544286eb29125c6,1.00000511,0xb552a37e3f07082490b017aa6b43e10cd04176b5,0x8042d82d16405de78e477526e66d4602360cad3a,Reental-CME-1
0x65c52953ba574a4f9c173413242585203a9b2714323dc0f4108e293ac5fecd5e,0x7cb85443eab0851d9b4558db23e1026af07c700d,6.21324588,0x94264445fb3d0cd4f90e2e641ca1bd2a01e5c65a,0x8042d82d16405de78e477526e66d4602360cad3a,Reental-RET-2
0xff5ae6d8f76b434db9d9122db458fa847f0f90c375abe87beda1a61cb77c2024,0xfd0ea97747f7b1a53ec59ef5001616cde3aead3e,2.0,0x8042d82d16405de78e477526e66d4602360cad3a,0xaf9bf053f6164168a3bcc0ca31ab5c482794dc56,Reental-CLVM-2
0x493fc11238a13f0bc54815c2d82cff35ab22eedaec0fe0270283b94af82ef2e0,0x7cb85443eab0851d9b4558db23e1026af07c700d,5.0,0x98f3ec24377655ba178cc7b0a255c03416e17dc9,0x8042d82d16405de78e477526e66d4602360cad3a,Reental-RET-2
0x91a7fa966b0edadb47cd8310f6e4237b5721aabd4ab076c831904c7b851fa1cf,0x29fdc3434576e188e8131b2ad9cf94d3b3e71f56,5.0,0x94264445fb3d0cd4f90e2e641ca1bd2a01e5c65a,0x8042d82d16405de78e477526e66d4602360cad3a,Reental-MLG-8
0x8ca27ffbe7c5c10baffca89ea4f614d1f6c61abfb41fded73d6a985a9fa0571e,0x093984f85f980479172fb96982f79c418ac730f7,2.0,0x8042d82d16405de78e477526e66d4602360cad3a,0x9341737a23ccf92a7b14916cb48ab48dc3af7e90,Reental-RDO-6
0xeb8bb22738c05d5ea930ca373518ae2138cad3ff5dcc18c61e3439cdbcd83602,0x7cb85443eab0851d9b4558db23e1026af07c700d,2.01425377,0x108ddd58e222939e9cd44a0a0868cc9f4a9caa31,0x8042d82d16405de78e477526e66d4602360cad3a,Reental-RET-2
0x3591410d6524ad517ad77271882b24f86d8723a0745e1d1bf6b44112d1e2dbeb,0x8711b4172ed71d2d4f90e3e2f0cb63726acba8e6,1.5,0x88f301c72b430a130a04608dc26833f07d4f7046,0x8042d82d16405de78e477526e66d4602360cad3a,Reental-JAX-1
0xed364431ac70bbc06c0268f97f4fa1371ff7f4319cb0c206cc3838e3acc49831,0xdfd7413a5d54d96312109a9d56b3bead8a786ff3,1.01845441,0xfb8482d3a050b09d9dd3d3fb44e858864ef649f8,0x886a651fde78b07e4ff7a2ff086b11c66db41057,Reental-LVT-2
0xb8fffb77cac03520a317a2b07c3ae8d278333b2945cfa637a837a7a50f7faeba,0x4e19bd8ea7a0b32304637bc0a1e69bbd78c8a0dc,10.0,0x76b665ed9eb85e333a529382b1cb9b565097327f,0x886a651fde78b07e4ff7a2ff086b11c66db41057,Reental-VLC-14
0x6d324f2e40a88b81078ae3820da5a529f18896acccd1995a34029a1a94911a79,0x754f5b74e2639cef67fecec03f4d698470bdc92f,5.0,0x94264445fb3d0cd4f90e2e641ca1bd2a01e5c65a,0x9341737a23ccf92a7b14916cb48ab48dc3af7e90,Reental-ABD-1
0x9dd5f94caf79e9dce193b8a5ac69543f24bbb825583a0f54e87183d3319ec2e7,0xf090b60f731583288e8c7c9d9a80680e35bd63e0,1.0,0x0c0c6f7940cfb5a5332cfde4623060911df56b64,0x9341737a23ccf92a7b14916cb48ab48dc3af7e90,Reental-HOU-1
0x01f2f41847c93788f46e3ebc40cf2790643ec9a9a6f1d80ef63cc6bdf1ded6c4,0x68f73061bdf369c2562f4c0ea4e940f362d1a97f,1.0,0xa4a22753ecb2f3da4927f94f46e111dcc78c6a66,0x9341737a23ccf92a7b14916cb48ab48dc3af7e90,Reental-ATL-1
0xffa4bd677c8c527f765d9821086f8427eae1772d2e7f39b05c48cba2f7540e04,0x754f5b74e2639cef67fecec03f4d698470bdc92f,5.0,0x94264445fb3d0cd4f90e2e641ca1bd2a01e5c65a,0xa18f8cd718f6a0984eedd8ba9b23230719860ae8,Reental-ABD-1
0x0493b01cc41d7caea27fc59361d0434a98497a3d7c46ee3c83b6f78aae45ba77,0x754f5b74e2639cef67fecec03f4d698470bdc92f,5.0,0x94264445fb3d0cd4f90e2e641ca1bd2a01e5c65a,0xa18f8cd718f6a0984eedd8ba9b23230719860ae8,Reental-ABD-1
0x1f01c1e0d9cfd37034947ce8367a59b1f9c72771888137728c06c0852fbc937e,0x754f5b74e2639cef67fecec03f4d698470bdc92f,5.0,0x94264445fb3d0cd4f90e2e641ca1bd2a01e5c65a,0xa18f8cd718f6a0984eedd8ba9b23230719860ae8,Reental-ABD-1
0x87e07d5121d2e58753ff75755dc025a8e1f4d5eae24587d2165e1e1636d3e752,0x2d1838eb7ebb6ae8b1288872f9704e3400ee8b20,13.72349911,0xc2d3bc17994322470729975269ee512fd9fed139,0x94264445fb3d0cd4f90e2e641ca1bd2a01e5c65a,Reental-NPL-1
0xeb8fb677f5047327ef7c3a65f5939f4082e62999db904af3044a10aef4756143,0xaaad2db2f624dc5a350d579d834b5fe12b2bcd8d,5.4085,0x81275dd89c93a6b34c4c691d81341f703a5d94c1,0x94264445fb3d0cd4f90e2e641ca1bd2a01e5c65a,Reental-YCT-1
0xf33fd1d8c92fccdeebc644e4391c9cee89b9c388742185f6f2dbbb2d18949411,0x754f5b74e2639cef67fecec03f4d698470bdc92f,5.0,0x94264445fb3d0cd4f90e2e641ca1bd2a01e5c65a,0xa96aaf31b257e36ec1027a2a57513cf5b63b6a9e,Reental-ABD-1
0x4e3046c014238aad119f9450e3f18a08d1904888bd6a8ad3d1545bd1c058a4c3,0x18bb9840fd7185c0589ca5fb81a32e3e2d0f2676,3.00001463,0x98f3ec24377655ba178cc7b0a255c03416e17dc9,0x94264445fb3d0cd4f90e2e641ca1bd2a01e5c65a,Reental-OPO-1
0xb5915997388ae3ab6a70ebc234615d2c55d804ddd00c35c508294cc2e0c6bb28,0x243e4bacc4b4d61b87816c945544286eb29125c6,1.00003511,0x98f3ec24377655ba178cc7b0a255c03416e17dc9,0x94264445fb3d0cd4f90e2e641ca1bd2a01e5c65a,Reental-CME-1
0xac4fabf62355349f4dc4d63db1dbdda4ddff87e2874ecc11043bc571b598e6ab,0x754f5b74e2639cef67fecec03f4d698470bdc92f,5.0,0x94264445fb3d0cd4f90e2e641ca1bd2a01e5c65a,0xa18f8cd718f6a0984eedd8ba9b23230719860ae8,Reental-ABD-1
0x0971fe6f5b1dbee6e05f6b12ff35749594a7e332dec958617d977c2523c853f0,0x754f5b74e2639cef67fecec03f4d698470bdc92f,11.01,0x94264445fb3d0cd4f90e2e641ca1bd2a01e5c65a,0xa18f8cd718f6a0984eedd8ba9b23230719860ae8,Reental-ABD-1
0x78424797d4c46c818f46ab4f1aadcfe70cecb091fac25717117e4f04a6c9ec5d,0x18bb9840fd7185c0589ca5fb81a32e3e2d0f2676,3.75988269,0x108ddd58e222939e9cd44a0a0868cc9f4a9caa31,0x94264445fb3d0cd4f90e2e641ca1bd2a01e5c65a,Reental-OPO-1
0xdf0d8b5cdd10038e3a294e4e1a26f3a8b55a6fda690472038a3f47200eb07f9b,0x8ddea623f8ffa94aae50dc4c44da22d6e570a749,50.0,0x2b2bacf88a2c3264c2e1ecd2fea35f774c177cb2,0x94264445fb3d0cd4f90e2e641ca1bd2a01e5c65a,Reental-SAM-2
0x04280092ff4793db1c4b72c88f84fc0dd902030ecf809f94bad71ceb968192f5,0x68f73061bdf369c2562f4c0ea4e940f362d1a97f,3.0,0x90d5f0db43c5f0be2849097c0cd2afaec66356e8,0xa18f8cd718f6a0984eedd8ba9b23230719860ae8,Reental-ATL-1
0xd4de98513188fd91225979d28a7fad176a96de6e0c8d179b030f6beda548ecd0,0x68f73061bdf369c2562f4c0ea4e940f362d1a97f,1.0,0xa4a22753ecb2f3da4927f94f46e111dcc78c6a66,0xa18f8cd718f6a0984eedd8ba9b23230719860ae8,Reental-ATL-1
0xdbc39d2dec7f60ef4ab374bec49bc32e8ba2ccf923855e536ce3c1ade6716cbe,0x68f73061bdf369c2562f4c0ea4e940f362d1a97f,1.00000131,0x108ddd58e222939e9cd44a0a0868cc9f4a9caa31,0xa18f8cd718f6a0984eedd8ba9b23230719860ae8,Reental-ATL-1
0x99e4c74a5364aafd3e025f04c0057b12184bfc8376879cd61ae7dcd8d14dc7fc,0xf4237a554dcddc007688ffd72046e2b00dc5a905,5.0,0xf3b9739ed70e548f8e30e81746c80bc6c74edd1a,0xa8dff2da2254d094624e0f0cbb4eb2008ce19c2e,Reental-MAD-6
0x31f41d502b69509e8799d3eb387916a0cbf81ad064db7fd9613c91d95062fab7,0xb0825e7a4093d21ed076883f8aca33300631291e,5.5,0xc2d3bc17994322470729975269ee512fd9fed139,0xba31fa71441f47e712eedf2ce973a5e552317af3,Reental-MIA-3
0x45eb297278a8cf2ae03bee50d97d1007a3fa8291b521ee0e1664757fae50c1bf,0xcfc9462da1a6b9664251d78c5d30296220bd1f45,4.9957,0x76b665ed9eb85e333a529382b1cb9b565097327f,0xc0896e0e56d45b3c6d3444bff507adf6f15ee068,Reental-SLA-4
0x4924a9a68e39c1553490e0ad31ac01c9fb7c6792c1e4785b1d73392a5bc1fe7b,0xdecfebdaf1131899fb38a53dc63671246220ab7a,5.79724306,0xc2d3bc17994322470729975269ee512fd9fed139,0xc0896e0e56d45b3c6d3444bff507adf6f15ee068,Reental-RDO-5
0x3f932bd3f259744b6a05c18ee1fa1db757a69044f5b50de9b423abb1436e750e,0xcc4c1ce8d335bd40a0acf17b9ab08c030cc299aa,20.0,0x76b665ed9eb85e333a529382b1cb9b565097327f,0xdf391d9af8bc99abf1be8997ae447f614726a2fd,Reental-PRO-100
0x9f46a22c59b2e3a452ebc347b98df068717b0e599ba8aad26b23073e02dbc742,0xcc4c1ce8d335bd40a0acf17b9ab08c030cc299aa,2.95,0xd3d40870c53c407880605631f14d473eb7c6a6f5,0xdf391d9af8bc99abf1be8997ae447f614726a2fd,Reental-PRO-100
0x10c29c46fad1fbed56283d75c9bdb64429d4ca4cf7d8eb188f43e227abbec6e4,0x8ddea623f8ffa94aae50dc4c44da22d6e570a749,18.0,0x76b665ed9eb85e333a529382b1cb9b565097327f,0xdf391d9af8bc99abf1be8997ae447f614726a2fd,Reental-SAM-2
0x1b1286439d6a5f55835e1d5ead9ba8aa6cff9a1c81194e5dd34d8da693e725e3,0x875b80a36ae0660f7de4178a49f7672c8447d365,1.55785232,0xa3804d27c0d8386b9d4218f5e59ccfa778b59e6a,0xdf50cbf0ea828d6d3fb7b59f905a56ec64d5036d,Reental-RET-3
0xf40ea787a5971d56a38ae4a6b9df4e5bd6749ba8684b20ba923846c5afdcc74a,0xe56ff2dff2c2e95511f0bef4b3d92da05e8197c0,1.00040016,0x0c0c6f7940cfb5a5332cfde4623060911df56b64,0xdf50cbf0ea828d6d3fb7b59f905a56ec64d5036d,Reental-HOU-2
0xe9fae9c5ac2f988f59b7a24824a7305057e6529cd513ead85f775f44b4d929ca,0xed923b814f1ea3d42c54dda55ba8edfaba994489,1.00001985,0xf0e5cbc561ce147f9f71f11cf8c19e356a80b24d,0xdf50cbf0ea828d6d3fb7b59f905a56ec64d5036d,Reental-BKL-2
0x14ae28691269b097b8ae4623068a2c782c86008755dcb8af56785661498a73e8,0xe56ff2dff2c2e95511f0bef4b3d92da05e8197c0,1.000298,0xf0e5cbc561ce147f9f71f11cf8c19e356a80b24d,0xdf50cbf0ea828d6d3fb7b59f905a56ec64d5036d,Reental-HOU-2
0x5031ad21930b03b393a8d858d9024773a7fca8339d6f3d93c78d481fd9a65841,0xe56ff2dff2c2e95511f0bef4b3d92da05e8197c0,1.50198551,0x8a7ccf8e2c6ccf18dc43ca4191a59506e27d0047,0xdf50cbf0ea828d6d3fb7b59f905a56ec64d5036d,Reental-HOU-2
0x1799b891f892ca2f0e01c69fd946bc4c130038b68129bb5ad391b7d4974961a1,0xe16901dad396fe7b1b77b6d2bd91b2d648e8a762,1.00005425,0x0c0c6f7940cfb5a5332cfde4623060911df56b64,0xf190332a3e0dcb6bab845a2a54e812632329b578,Reental-HOU-3
0x97ed443034796149ac78f51bdb4303f0b8fd5b9c13c4a9e9bad6d2ff28fb3be6,0xe16901dad396fe7b1b77b6d2bd91b2d648e8a762,1.95,0x90d5f0db43c5f0be2849097c0cd2afaec66356e8,0xfa575f1059e5464bde4957a411ffc2f62c19b433,Reental-HOU-3
0xd7b73e4073db25069fa01cada31e5052e103bbf965c9c05794e9376e011f578d,0xe16901dad396fe7b1b77b6d2bd91b2d648e8a762,3.0,0x98f3ec24377655ba178cc7b0a255c03416e17dc9,0xfa575f1059e5464bde4957a411ffc2f62c19b433,Reental-HOU-3
