hash,maker,taker,matchedBlockNumber,matchedPrice,matchedTxHash,matchedUnixtime,matchedDate,lastUpdateUnixtime,amount,country,propertyId,propertyName,tokenAddress,whitelistId,listingTime,listingDate,expirationTime,expirationDate
0xad8f5f5bc64a0dc2f4d9992be14be0b43752c6a05970b9924bb80d8a00e492a3,inv_dc6be838,inv_cf96e801,92638433,312000000,,1787662677,25-08-2026 12:57:57,1787662677,3000000000000000000,ARE,87f4dc55-7908-40fe-af98-5b0df656d676,Abu Dhabi 1,0x754f5b74e2639cef67fecec03f4d698470bdc92f,fe6370e7-9190-4e29-b1ec-80d9bc6668f7,1787417748,22-08-2026 16:55:48,1788022546,29-08-2026 16:55:46
0xdf0d8b5cdd10038e3a294e4e1a26f3a8b55a6fda690472038a3f47200eb07f9b,inv_b618758a,inv_725d5839,92634462,5150000000,,1787656720,25-08-2026 11:18:40,1787656720,50000000000000000000,DOM,01a428fa-f49d-421e-ac9f-618eba78c7a9,Samaná 2,0x8ddea623f8ffa94aae50dc4c44da22d6e570a749,fe6370e7-9190-4e29-b1ec-80d9bc6668f7,1787656275,25-08-2026 11:11:15,1788261024,01-09-2026 11:10:24
0x3591410d6524ad517ad77271882b24f86d8723a0745e1d1bf6b44112d1e2dbeb,inv_5425f722,inv_2e5c6dcd,92589172,150000000,,1787588785,24-08-2026 16:26:25,1787588785,1500000000000000000,USA,ae02b84c-eebb-4b3a-bc4a-e1e9f82013dd,Jacksonville 1,0x8711b4172ed71d2d4f90e3e2f0cb63726acba8e6,fe6370e7-9190-4e29-b1ec-80d9bc6668f7,1787416318,22-08-2026 16:31:58,1788021113,29-08-2026 16:31:53
0xeb8bb22738c05d5ea930ca373518ae2138cad3ff5dcc18c61e3439cdbcd83602,inv_5425f722,inv_7f75441a,92581668,231639184,,1787577529,24-08-2026 13:18:49,1787577529,2014253771911829175,USA,168248bf-3f35-4ba9-8021-f9a95c23583a,Rentas 2,0x7cb85443eab0851d9b4558db23e1026af07c700d,fe6370e7-9190-4e29-b1ec-80d9bc6668f7,1787517061,23-08-2026 20:31:01,1788121832,30-08-2026 20:30:32
0x78424797d4c46c818f46ab4f1aadcfe70cecb091fac25717117e4f04a6c9ec5d,inv_b618758a,inv_7f75441a,92542677,432386509,,1787519043,23-08-2026 21:04:03,1787519043,3759882691121038333,USA,56e730b9-ce30-4235-8fa2-0c089d4d5eae,Opportunity 1,0x18bb9840fd7185c0589ca5fb81a32e3e2d0f2676,fe6370e7-9190-4e29-b1ec-80d9bc6668f7,1787516984,23-08-2026 20:29:44,1788121743,30-08-2026 20:29:03
0xfb0e5036fbb1c82ab41915311740e4e91d5ef5c3d60a77700fcd49c070adc752,inv_808e1008,inv_0ce4228c,92538393,277750000,,1787512617,23-08-2026 19:16:57,1787512617,2750000000000000000,USA,5ee312c8-8c80-40ec-84c9-eff7c31dfb73,Rentas 3,0x875b80a36ae0660f7de4178a49f7672c8447d365,fe6370e7-9190-4e29-b1ec-80d9bc6668f7,1787507699,23-08-2026 17:54:59,1788112464,30-08-2026 17:54:24
0x9592b6df68ba57f8b6c4573d2b4ef5058c1cfea7aa937c3e3a32106f917eb2ae,inv_bde5a68f,inv_f828c839,92518678,127000000,,1787483044,23-08-2026 11:04:04,1787483044,1000000000000000000,ESP,7010046b-1017-4bb0-9e8c-28c8f3cbbdbf,Levante 2,0xdfd7413a5d54d96312109a9d56b3bead8a786ff3,fe6370e7-9190-4e29-b1ec-80d9bc6668f7,1787472744,23-08-2026 08:12:24,1788077520,30-08-2026 08:12:00
0xdbc39d2dec7f60ef4ab374bec49bc32e8ba2ccf923855e536ce3c1ade6716cbe,inv_808e1008,inv_7f75441a,92492002,100000131,,1787443030,22-08-2026 23:57:10,1787443030,1000001313270313200,USA,31a111a4-88e6-4942-a299-02d96d0c6a3c,Atlanta 1,0x68f73061bdf369c2562f4c0ea4e940f362d1a97f,fe6370e7-9190-4e29-b1ec-80d9bc6668f7,1787434061,22-08-2026 21:27:41,1788038823,29-08-2026 21:27:03
0x894ba60b735ac99bcd1a4e626881bf7f4a79b1713648a313e18d8ac787ec1fcd,inv_011abe63,inv_7f75441a,92485965,500413500,,1787433975,22-08-2026 21:26:15,1787433975,5004135000000000000,USA,4dd13b10-c2ac-434e-86d7-c4f8c87c10ee,Proyecto 100,0xcc4c1ce8d335bd40a0acf17b9ab08c030cc299aa,fe6370e7-9190-4e29-b1ec-80d9bc6668f7,1787433619,22-08-2026 21:20:19,1788038180,29-08-2026 21:16:20
0xb08d244631cf6e212abc00fc1383ad8e9d888b9c7913b1e37951279bebabe20a,inv_498e8beb,inv_5b84796a,92478108,115505157,,1787422189,22-08-2026 18:09:49,1787422189,1000044647095203805,ESP,909625d4-a224-4922-84f7-e71445b0d36f,Málaga 8,0x29fdc3434576e188e8131b2ad9cf94d3b3e71f56,19efb18b-8a16-4297-a38d-0a94d24633ec,1787383310,22-08-2026 07:21:50,1787642508,25-08-2026 07:21:48
0xedb491ed22d737d6ecd0f8993979c1db375940935b2b60ca5e38eb3292dad9dc,inv_498e8beb,inv_5b84796a,92478089,115500000,,1787422161,22-08-2026 18:09:21,1787422161,1000000000000000000,ESP,21dbb872-bc59-4566-b1de-326db4f8fbec,Málaga 5,0x33be67454ae817337db15877fd4106c5cd5206c5,19efb18b-8a16-4297-a38d-0a94d24633ec,1787163836,19-08-2026 18:23:56,1787423033,22-08-2026 18:23:53
0x3bf6c7e768a795c2d42c6caf7c8cd4afa48dd8629afbadfe79fa5c3e52fc7536,inv_20f6c6b4,inv_498e8beb,92466906,492250000,,1787405386,22-08-2026 13:29:46,1787405386,5000000000000000000,USA,25fd8701-69a9-4e39-ab20-28b8414b7228,Houston 3,0xe16901dad396fe7b1b77b6d2bd91b2d648e8a762,fe6370e7-9190-4e29-b1ec-80d9bc6668f7,1787334396,21-08-2026 17:46:36,1787939193,28-08-2026 17:46:33
0x5954401894d8e94faf845bf12afa90a854e3e4c996c07717d27a859d039f0bf1,inv_419e1aa4,inv_cf96e801,92456146,309000000,,1787389246,22-08-2026 09:00:46,1787389246,3000000000000000000,USA,5ee312c8-8c80-40ec-84c9-eff7c31dfb73,Rentas 3,0x875b80a36ae0660f7de4178a49f7672c8447d365,fe6370e7-9190-4e29-b1ec-80d9bc6668f7,1787011631,18-08-2026 00:07:11,1787616388,25-08-2026 00:06:28
0xe1c5e01330788c780edd65fbdc99a8d10d6bc3d7ded480a589326ac80582fdf9,inv_62de7e28,inv_10ee2b7c,92449016,506480000,,1787378551,22-08-2026 06:02:31,1787378551,4870000000000000000,USA,4dd13b10-c2ac-434e-86d7-c4f8c87c10ee,Proyecto 100,0xcc4c1ce8d335bd40a0acf17b9ab08c030cc299aa,fe6370e7-9190-4e29-b1ec-80d9bc6668f7,1787228849,20-08-2026 12:27:29,1787833633,27-08-2026 12:27:13
0x3d4c9306bdf0e90f420248f86fa4db5e08f01a9881341ff7bfa3c05b6ca3f159,inv_62de7e28,inv_0ce4228c,92427887,510000000,,1787346858,21-08-2026 21:14:18,1787346858,5000000000000000000,USA,447dad95-1362-49ac-b603-effd274a5eed,Dania Beach 1,0x21ae95a56ef471370ce89a7a4624117f31810927,fe6370e7-9190-4e29-b1ec-80d9bc6668f7,1787333344,21-08-2026 17:29:04,1787938132,28-08-2026 17:28:52
0x01f2f41847c93788f46e3ebc40cf2790643ec9a9a6f1d80ef63cc6bdf1ded6c4,inv_3aa373a4,inv_c899deb9,92418861,102000000,,1787333319,21-08-2026 17:28:39,1787333319,1000000000000000000,USA,31a111a4-88e6-4942-a299-02d96d0c6a3c,Atlanta 1,0x68f73061bdf369c2562f4c0ea4e940f362d1a97f,fe6370e7-9190-4e29-b1ec-80d9bc6668f7,1787250343,20-08-2026 18:25:43,1787855128,27-08-2026 18:25:28
0x8ca27ffbe7c5c10baffca89ea4f614d1f6c61abfb41fded73d6a985a9fa0571e,inv_3aa373a4,inv_5425f722,92418785,204000000,,1787333205,21-08-2026 17:26:45,1787333205,2000000000000000000,DOM,d5e6e47a-122b-403b-b34a-13554dd2855d,Punta Cana 6,0x093984f85f980479172fb96982f79c418ac730f7,fe6370e7-9190-4e29-b1ec-80d9bc6668f7,1787064877,18-08-2026 14:54:37,1787669676,25-08-2026 14:54:36
0xf07182b28b4cae988e28b0c8d8da235143cffc22df5f714e9879a50f69aac9f0,inv_808e1008,inv_0ce4228c,92418512,491000000,,1787332795,21-08-2026 17:19:55,1787332795,4910000000000000000,USA,447dad95-1362-49ac-b603-effd274a5eed,Dania Beach 1,0x21ae95a56ef471370ce89a7a4624117f31810927,fe6370e7-9190-4e29-b1ec-80d9bc6668f7,1787297224,21-08-2026 07:27:04,1787902021,28-08-2026 07:27:01
0xcdfc478f7afa5d4f48ea6453129b10bc9d0ff22f86f32abe06a189d78520f941,inv_3aa373a4,inv_498e8beb,92417826,492000000,,1787331766,21-08-2026 17:02:46,1787331766,5000000000000000000,USA,25fd8701-69a9-4e39-ab20-28b8414b7228,Houston 3,0xe16901dad396fe7b1b77b6d2bd91b2d648e8a762,fe6370e7-9190-4e29-b1ec-80d9bc6668f7,1787323280,21-08-2026 14:41:20,1787928077,28-08-2026 14:41:17
0x3bbeabec95060e5b4eb66e21fe263ffec7f2a54017f230767c84b7b9555fd37f,inv_20f6c6b4,inv_498e8beb,92411261,491500000,,1787321919,21-08-2026 14:18:39,1787321919,5000000000000000000,USA,25fd8701-69a9-4e39-ab20-28b8414b7228,Houston 3,0xe16901dad396fe7b1b77b6d2bd91b2d648e8a762,fe6370e7-9190-4e29-b1ec-80d9bc6668f7,1787312714,21-08-2026 11:45:14,1787917509,28-08-2026 11:45:09
0x065c6d27b4e636099552cef1376a1950119555c6e6d0179b5bdb34bac3ac9bbe,inv_62de7e28,inv_0ce4228c,92393903,333224000,,1787295882,21-08-2026 07:04:42,1787295882,3332240000000000000,ARE,87f4dc55-7908-40fe-af98-5b0df656d676,Abu Dhabi 1,0x754f5b74e2639cef67fecec03f4d698470bdc92f,fe6370e7-9190-4e29-b1ec-80d9bc6668f7,1787191033,20-08-2026 01:57:13,1787795827,27-08-2026 01:57:07
0x0971fe6f5b1dbee6e05f6b12ff35749594a7e332dec958617d977c2523c853f0,inv_808e1008,inv_b618758a,92381579,1098247500,,1787277396,21-08-2026 01:56:36,1787277396,11010000000000000000,ARE,87f4dc55-7908-40fe-af98-5b0df656d676,Abu Dhabi 1,0x754f5b74e2639cef67fecec03f4d698470bdc92f,fe6370e7-9190-4e29-b1ec-80d9bc6668f7,1787226711,20-08-2026 11:51:51,1787485895,23-08-2026 11:51:35
0x99e4c74a5364aafd3e025f04c0057b12184bfc8376879cd61ae7dcd8d14dc7fc,inv_6d3c2326,inv_b73f6b6d,92374303,585000000,,1787266482,20-08-2026 22:54:42,1787266482,5000000000000000000,ESP,603b0ea6-d532-4ca8-8292-22c2a4dc5317,Madrid 6,0xf4237a554dcddc007688ffd72046e2b00dc5a905,fe6370e7-9190-4e29-b1ec-80d9bc6668f7,1787236210,20-08-2026 14:30:10,1787495404,23-08-2026 14:30:04
0x5031ad21930b03b393a8d858d9024773a7fca8339d6f3d93c78d481fd9a65841,inv_d381a12e,inv_9aa7c128,92370235,150123452,,1787260380,20-08-2026 21:13:00,1787260380,1501985508011000000,USA,32021c80-5bc7-437f-a3ab-46491aa68f1c,Houston 2,0xe56ff2dff2c2e95511f0bef4b3d92da05e8197c0,fe6370e7-9190-4e29-b1ec-80d9bc6668f7,1787258531,20-08-2026 20:42:11,1787863313,27-08-2026 20:41:53
0x4924a9a68e39c1553490e0ad31ac01c9fb7c6792c1e4785b1d73392a5bc1fe7b,inv_b9b5acda,inv_9d1dd8f6,92359105,583202652,,1787243685,20-08-2026 16:34:45,1787243685,5797243060256450001,DOM,c9c09fa2-b957-497e-a021-928159e045c6,Punta Cana 5,0xdecfebdaf1131899fb38a53dc63671246220ab7a,fe6370e7-9190-4e29-b1ec-80d9bc6668f7,1787050318,18-08-2026 10:51:58,1787309504,21-08-2026 10:51:44
0x91a7fa966b0edadb47cd8310f6e4237b5721aabd4ab076c831904c7b851fa1cf,inv_5425f722,inv_b618758a,92356448,570000000,,1787239699,20-08-2026 15:28:19,1787239699,5000000000000000000,ESP,909625d4-a224-4922-84f7-e71445b0d36f,Málaga 8,0x29fdc3434576e188e8131b2ad9cf94d3b3e71f56,19efb18b-8a16-4297-a38d-0a94d24633ec,1787044875,18-08-2026 09:21:15,1787304072,21-08-2026 09:21:12
0xe114dbb4333651fc1214d852c0955680f8ac9f46321f10ca89649bacea5459d2,inv_39d0ac30,inv_b618758a,92355363,4228200000,,1787238072,20-08-2026 15:01:12,1787238072,36450000000000000000,USA,e1042bfc-0830-4e36-9a5a-bd37b59ddeca,Rentas 1,0xc48b58aae1fb770a8655e44de960eb7dc84a5de9,fe6370e7-9190-4e29-b1ec-80d9bc6668f7,1787173435,19-08-2026 21:03:55,1787432600,22-08-2026 21:03:20
0x1799b891f892ca2f0e01c69fd946bc4c130038b68129bb5ad391b7d4974961a1,inv_20f6c6b4,inv_5b84796a,92350191,98005317,,1787230314,20-08-2026 12:51:54,1787230314,1000054250035595200,USA,25fd8701-69a9-4e39-ab20-28b8414b7228,Houston 3,0xe16901dad396fe7b1b77b6d2bd91b2d648e8a762,fe6370e7-9190-4e29-b1ec-80d9bc6668f7,1787163911,19-08-2026 18:25:11,1787423108,22-08-2026 18:25:08
0xcb7d38a3935006f52837234d87a4fbf594d6994087b95ee2b6290e002341c807,inv_808e1008,inv_0ce4228c,92323584,400000000,,1787190403,20-08-2026 01:46:43,1787190403,4000000000000000000,ARE,87f4dc55-7908-40fe-af98-5b0df656d676,Abu Dhabi 1,0x754f5b74e2639cef67fecec03f4d698470bdc92f,fe6370e7-9190-4e29-b1ec-80d9bc6668f7,1787169673,19-08-2026 20:01:13,1787774471,26-08-2026 20:01:11
0x27a1c7ac1e7e59bf6ceaf6badce4a0764a48b97545e96c8699510504b832ab7d,inv_9854cde5,inv_9dc32d72,92309883,776479181,,1787169852,19-08-2026 20:04:12,1787169852,7843224048771500000,MEX,10c30adb-542d-4f40-ab89-6c1f1474e5b7,Caribe 2,0xcca2e8c917d922f7ecc54d880b774f9cc0a4e572,fe6370e7-9190-4e29-b1ec-80d9bc6668f7,1787149671,19-08-2026 14:27:51,1787754421,26-08-2026 14:27:01
0x3bae62ee38d3b32f6fd3e0dc5af944295710b9fdca837dedec35e23ae719370d,inv_9854cde5,inv_4dbb0533,92309778,1593480517,,1787169694,19-08-2026 20:01:34,1787169694,16095762798295905900,MEX,10c30adb-542d-4f40-ab89-6c1f1474e5b7,Caribe 2,0xcca2e8c917d922f7ecc54d880b774f9cc0a4e572,fe6370e7-9190-4e29-b1ec-80d9bc6668f7,1787150022,19-08-2026 14:33:42,1787754783,26-08-2026 14:33:03
0x7ceae8d8f22a158d18c85b630dc10850c8bc4aa6d9285167823c40889d8ae1fc,inv_808e1008,inv_0ce4228c,92309131,400000000,,1787168724,19-08-2026 19:45:24,1787168724,4000000000000000000,ARE,87f4dc55-7908-40fe-af98-5b0df656d676,Abu Dhabi 1,0x754f5b74e2639cef67fecec03f4d698470bdc92f,fe6370e7-9190-4e29-b1ec-80d9bc6668f7,1787162344,19-08-2026 17:59:04,1787767137,26-08-2026 17:58:57
0x79846eeab27a48b2cca9618614d695c878a1cfe5bc0b071e6b2ba60ace841a0b,inv_b618758a,inv_0ce4228c,92304629,1076350000,,1787161971,19-08-2026 17:52:51,1787161971,10450000000000000000,USA,e1042bfc-0830-4e36-9a5a-bd37b59ddeca,Rentas 1,0xc48b58aae1fb770a8655e44de960eb7dc84a5de9,fe6370e7-9190-4e29-b1ec-80d9bc6668f7,1787161869,19-08-2026 17:51:09,1787766666,26-08-2026 17:51:06
0x4d5d9255124168b18a5f2bac54297d6b848af43891949d68ab1f84c002ee4088,inv_b618758a,inv_0ce4228c,92304282,824000000,,1787161450,19-08-2026 17:44:10,1787161450,8000000000000000000,USA,e1042bfc-0830-4e36-9a5a-bd37b59ddeca,Rentas 1,0xc48b58aae1fb770a8655e44de960eb7dc84a5de9,fe6370e7-9190-4e29-b1ec-80d9bc6668f7,1787161322,19-08-2026 17:42:02,1787766083,26-08-2026 17:41:23
0x0201d82cd20c87024894c09d3e891bef14b55c10bdce7a7a7d8db2cbd621ccd9,inv_b618758a,inv_0ce4228c,92303761,824000000,,1787160669,19-08-2026 17:31:09,1787160669,8000000000000000000,USA,e1042bfc-0830-4e36-9a5a-bd37b59ddeca,Rentas 1,0xc48b58aae1fb770a8655e44de960eb7dc84a5de9,fe6370e7-9190-4e29-b1ec-80d9bc6668f7,1787160577,19-08-2026 17:29:37,1787765357,26-08-2026 17:29:17
0xc2023fc1ab355b0f434a77290284bd330e1a2f9076824160299499df25572a3a,inv_b618758a,inv_0ce4228c,92303548,618000000,,1787160349,19-08-2026 17:25:49,1787160349,6000000000000000000,USA,e1042bfc-0830-4e36-9a5a-bd37b59ddeca,Rentas 1,0xc48b58aae1fb770a8655e44de960eb7dc84a5de9,fe6370e7-9190-4e29-b1ec-80d9bc6668f7,1787160217,19-08-2026 17:23:37,1787764995,26-08-2026 17:23:15
0xd7b73e4073db25069fa01cada31e5052e103bbf965c9c05794e9376e011f578d,inv_dbd3a597,inv_9d232289,92297213,285000000,,1787150847,19-08-2026 14:47:27,1787150847,3000000000000000000,USA,25fd8701-69a9-4e39-ab20-28b8414b7228,Houston 3,0xe16901dad396fe7b1b77b6d2bd91b2d648e8a762,fe6370e7-9190-4e29-b1ec-80d9bc6668f7,1787145301,19-08-2026 13:15:01,1787750097,26-08-2026 13:14:57
0xb943442e1a2abafab9117681519c5596d44c5cc2aada0f4e639842ece0c8d2ef,inv_b618758a,inv_0ce4228c,92295581,408000000,,1787148399,19-08-2026 14:06:39,1787148399,4000000000000000000,USA,e1042bfc-0830-4e36-9a5a-bd37b59ddeca,Rentas 1,0xc48b58aae1fb770a8655e44de960eb7dc84a5de9,fe6370e7-9190-4e29-b1ec-80d9bc6668f7,1787148279,19-08-2026 14:04:39,1787753056,26-08-2026 14:04:16
0x858d2879866241e91e79df73d7de5995d59024388c753066e85de9858882f52c,inv_0ce4228c,inv_9d232289,92295570,31112839,,1787148382,19-08-2026 14:06:22,1787148382,317477952255108000,MEX,8befd7a6-692f-404d-9fb8-d48fab2a74ca,Caribe 1,0x7d9491c28706e2f696b8562730483df840496880,fe6370e7-9190-4e29-b1ec-80d9bc6668f7,1787145374,19-08-2026 13:16:14,1787750171,26-08-2026 13:16:11
0x2d6ab6848d90bae0a4c2b085a24c831e9310ea770dc8dc79fd666c87246fc91f,inv_a9e8ecb2,inv_0ce4228c,92292333,1017257958,,1787143527,19-08-2026 12:45:27,1787143527,10071860972876567900,USA,4dd13b10-c2ac-434e-86d7-c4f8c87c10ee,Proyecto 100,0xcc4c1ce8d335bd40a0acf17b9ab08c030cc299aa,fe6370e7-9190-4e29-b1ec-80d9bc6668f7,1787133180,19-08-2026 09:53:00,1787737964,26-08-2026 09:52:44
0xc23d1a8eb512edce290f28937df190efb7d7baa3ded0795cd44a2803952e8118,inv_00353004,inv_0ce4228c,92284288,1010000000,,1787131459,19-08-2026 09:24:19,1787131459,10000000000000000000,USA,4dd13b10-c2ac-434e-86d7-c4f8c87c10ee,Proyecto 100,0xcc4c1ce8d335bd40a0acf17b9ab08c030cc299aa,fe6370e7-9190-4e29-b1ec-80d9bc6668f7,1787126412,19-08-2026 08:00:12,1787731191,26-08-2026 07:59:51
0x31f41d502b69509e8799d3eb387916a0cbf81ad064db7fd9613c91d95062fab7,inv_00353004,inv_9d1dd8f6,92283186,555500000,,1787129806,19-08-2026 08:56:46,1787129806,5500000000000000000,USA,d4526acf-f44b-47ea-84be-13360b89fdf0,Miami 3,0xb0825e7a4093d21ed076883f8aca33300631291e,fe6370e7-9190-4e29-b1ec-80d9bc6668f7,1787013732,18-08-2026 00:42:12,1787272897,21-08-2026 00:41:37
0x942b36ba81950699a55bf2ad9134809b7875d7fbfccc0283712d4ae253becc96,inv_a9e8ecb2,inv_0ce4228c,92280528,1010000000,,1787125819,19-08-2026 07:50:19,1787125819,10000000000000000000,USA,4dd13b10-c2ac-434e-86d7-c4f8c87c10ee,Proyecto 100,0xcc4c1ce8d335bd40a0acf17b9ab08c030cc299aa,fe6370e7-9190-4e29-b1ec-80d9bc6668f7,1787115895,19-08-2026 05:04:55,1787720670,26-08-2026 05:04:30
0xdbafc906745879df547e9008b2cb338d51be68557224404c841559bb7fda5dcd,inv_f605bb2e,inv_0ce4228c,92261789,510000000,,1787097711,19-08-2026 00:01:51,1787097711,5000000000000000000,USA,4dd13b10-c2ac-434e-86d7-c4f8c87c10ee,Proyecto 100,0xcc4c1ce8d335bd40a0acf17b9ab08c030cc299aa,fe6370e7-9190-4e29-b1ec-80d9bc6668f7,1787055285,18-08-2026 12:14:45,1787660023,25-08-2026 12:13:43
0xac4fabf62355349f4dc4d63db1dbdda4ddff87e2874ecc11043bc571b598e6ab,inv_808e1008,inv_b618758a,92250909,505000000,,1787081391,18-08-2026 19:29:51,1787081391,5000000000000000000,ARE,87f4dc55-7908-40fe-af98-5b0df656d676,Abu Dhabi 1,0x754f5b74e2639cef67fecec03f4d698470bdc92f,fe6370e7-9190-4e29-b1ec-80d9bc6668f7,1786993687,17-08-2026 19:08:07,1787252868,20-08-2026 19:07:48
0x97ed443034796149ac78f51bdb4303f0b8fd5b9c13c4a9e9bad6d2ff28fb3be6,inv_dbd3a597,inv_49f8251b,92242010,195000000,,1787068042,18-08-2026 15:47:22,1787068042,1950000000000000000,USA,25fd8701-69a9-4e39-ab20-28b8414b7228,Houston 3,0xe16901dad396fe7b1b77b6d2bd91b2d648e8a762,fe6370e7-9190-4e29-b1ec-80d9bc6668f7,1787042613,18-08-2026 08:43:33,1787647410,25-08-2026 08:43:30
0x493fc11238a13f0bc54815c2d82cff35ab22eedaec0fe0270283b94af82ef2e0,inv_5425f722,inv_9d232289,92234125,575000000,,1787056215,18-08-2026 12:30:15,1787056215,5000000000000000000,USA,168248bf-3f35-4ba9-8021-f9a95c23583a,Rentas 2,0x7cb85443eab0851d9b4558db23e1026af07c700d,fe6370e7-9190-4e29-b1ec-80d9bc6668f7,1787041136,18-08-2026 08:18:56,1787645889,25-08-2026 08:18:09
0x3712d693ffdcbdebe7ac9ed4c842c45ee59ee9bd5c45807939b5510bfe02f876,inv_127135c6,inv_0ce4228c,92232640,510000000,,1787053987,18-08-2026 11:53:07,1787053987,5000000000000000000,USA,4dd13b10-c2ac-434e-86d7-c4f8c87c10ee,Proyecto 100,0xcc4c1ce8d335bd40a0acf17b9ab08c030cc299aa,fe6370e7-9190-4e29-b1ec-80d9bc6668f7,1787049352,18-08-2026 10:35:52,1787654132,25-08-2026 10:35:32
0x4f30b3b7b487356ac74bba7797dccd80494084013644176944535b8dab6c38ef,inv_127135c6,inv_9d232289,92232590,300002033,,1787053912,18-08-2026 11:51:52,1787053912,3000020330775615600,ARE,87f4dc55-7908-40fe-af98-5b0df656d676,Abu Dhabi 1,0x754f5b74e2639cef67fecec03f4d698470bdc92f,fe6370e7-9190-4e29-b1ec-80d9bc6668f7,1787041244,18-08-2026 08:20:44,1787646024,25-08-2026 08:20:24
0xb30b68b6134a6a213fcc4fe1530a251e74cc8d7eda3c4a1fc5f98de9dab01ae5,inv_127135c6,inv_5425f722,92232558,234000000,,1787053864,18-08-2026 11:51:04,1787053864,2000000000000000000,ESP,e1086f2d-fbcd-4969-8e86-27c8c9105e1e,Coliving Málaga 2,0xfd0ea97747f7b1a53ec59ef5001616cde3aead3e,19efb18b-8a16-4297-a38d-0a94d24633ec,1786574008,12-08-2026 22:33:28,1787178787,19-08-2026 22:33:07
0xe0464d815a33b67778ae756909649c8c1e402e28af5a391b0daf5b3462d00f16,inv_a9e8ecb2,inv_0ce4228c,92229216,510000000,,1787048851,18-08-2026 10:27:31,1787048851,5000000000000000000,USA,4dd13b10-c2ac-434e-86d7-c4f8c87c10ee,Proyecto 100,0xcc4c1ce8d335bd40a0acf17b9ab08c030cc299aa,fe6370e7-9190-4e29-b1ec-80d9bc6668f7,1787044387,18-08-2026 09:13:07,1787649169,25-08-2026 09:12:49
0x22575f5874ea245af45ba0713e11a04e0fa5b9254e06585445e5eb82e03f9f78,inv_a9e8ecb2,inv_0ce4228c,92226031,510000000,,1787044074,18-08-2026 09:07:54,1787044074,5000000000000000000,USA,4dd13b10-c2ac-434e-86d7-c4f8c87c10ee,Proyecto 100,0xcc4c1ce8d335bd40a0acf17b9ab08c030cc299aa,fe6370e7-9190-4e29-b1ec-80d9bc6668f7,1787040306,18-08-2026 08:05:06,1787645085,25-08-2026 08:04:45
0xb5915997388ae3ab6a70ebc234615d2c55d804ddd00c35c508294cc2e0c6bb28,inv_b618758a,inv_9d232289,92225172,115004038,,1787042785,18-08-2026 08:46:25,1787042785,1000035111365524532,ESP,54efbb45-6dcc-48c9-b5c8-39be3e44d583,Costa Mediterránea 1,0x243e4bacc4b4d61b87816c945544286eb29125c6,fe6370e7-9190-4e29-b1ec-80d9bc6668f7,1787041455,18-08-2026 08:24:15,1787646230,25-08-2026 08:23:50
0x4e3046c014238aad119f9450e3f18a08d1904888bd6a8ad3d1545bd1c058a4c3,inv_b618758a,inv_9d232289,92225139,345001682,,1787042736,18-08-2026 08:45:36,1787042736,3000014625597442208,USA,56e730b9-ce30-4235-8fa2-0c089d4d5eae,Opportunity 1,0x18bb9840fd7185c0589ca5fb81a32e3e2d0f2676,fe6370e7-9190-4e29-b1ec-80d9bc6668f7,1787041320,18-08-2026 08:22:00,1787646093,25-08-2026 08:21:33
0xa64a88a7d6ec1224f23624bf7e7e1377998cbf348f9a5a281cae652a1bfc0f47,inv_3a6206b6,inv_5b84796a,92224335,95500000,,1787041530,18-08-2026 08:25:30,1787041530,1000000000000000000,USA,25fd8701-69a9-4e39-ab20-28b8414b7228,Houston 3,0xe16901dad396fe7b1b77b6d2bd91b2d648e8a762,fe6370e7-9190-4e29-b1ec-80d9bc6668f7,1786900095,16-08-2026 17:08:15,1787159281,19-08-2026 17:08:01
0x55da22a3b02a9258e198ea8821b7db89ff54754bfa3765fee9e6ef3c14ca61b2,inv_3a6206b6,inv_dbd3a597,92224288,95000000,,1787041459,18-08-2026 08:24:19,1787041459,1000000000000000000,USA,25fd8701-69a9-4e39-ab20-28b8414b7228,Houston 3,0xe16901dad396fe7b1b77b6d2bd91b2d648e8a762,fe6370e7-9190-4e29-b1ec-80d9bc6668f7,1786972222,17-08-2026 13:10:22,1787576819,24-08-2026 13:06:59
0xdbe62feb804b51bb95b995a5d4760dc51c4c4198b659896f81af61dbc21e6eae,inv_3a6206b6,inv_1325bc4d,92224209,525255000,,1787041341,18-08-2026 08:22:21,1787041341,5415000000000000000,USA,25fd8701-69a9-4e39-ab20-28b8414b7228,Houston 3,0xe16901dad396fe7b1b77b6d2bd91b2d648e8a762,fe6370e7-9190-4e29-b1ec-80d9bc6668f7,1786821386,15-08-2026 19:16:26,1787426180,22-08-2026 19:16:20
0xdd73d4ab2860d8ea9323207371c103446c64e95813715607b8a9fec27661fa2d,inv_a9e8ecb2,inv_0ce4228c,92223330,505000000,,1787040022,18-08-2026 08:00:22,1787040022,5000000000000000000,USA,4dd13b10-c2ac-434e-86d7-c4f8c87c10ee,Proyecto 100,0xcc4c1ce8d335bd40a0acf17b9ab08c030cc299aa,fe6370e7-9190-4e29-b1ec-80d9bc6668f7,1786996902,17-08-2026 20:01:42,1787601687,24-08-2026 20:01:27
0x7787f84fa4c0ad9796437cdceb907dc1965ee67f782870452dacb3a9e780e83d,inv_011abe63,inv_fcef6e33,92199468,396707262,,1787004229,17-08-2026 22:03:49,1787004229,4048033289385639600,MEX,10c30adb-542d-4f40-ab89-6c1f1474e5b7,Caribe 2,0xcca2e8c917d922f7ecc54d880b774f9cc0a4e572,fe6370e7-9190-4e29-b1ec-80d9bc6668f7,1787003869,17-08-2026 21:57:49,1787435663,22-08-2026 21:54:23
0x1db5ed3179f0b8fa6ab9b9646e1544693e8d63b00771c6024e533836681fd6d6,inv_a130a20d,inv_cf96e801,92198195,104500000,,1787002320,17-08-2026 21:32:00,1787002320,1000000000000000000,ARE,87f4dc55-7908-40fe-af98-5b0df656d676,Abu Dhabi 1,0x754f5b74e2639cef67fecec03f4d698470bdc92f,fe6370e7-9190-4e29-b1ec-80d9bc6668f7,1786965486,17-08-2026 11:18:06,1787570286,24-08-2026 11:18:06
0x836007fddd148741689c15b3291221e684f02ad07d4298f8d418896152db6f31,inv_a9e8ecb2,inv_0ce4228c,92194259,505000000,,1786996416,17-08-2026 19:53:36,1786996416,5000000000000000000,USA,4dd13b10-c2ac-434e-86d7-c4f8c87c10ee,Proyecto 100,0xcc4c1ce8d335bd40a0acf17b9ab08c030cc299aa,fe6370e7-9190-4e29-b1ec-80d9bc6668f7,1786993172,17-08-2026 18:59:32,1787597969,24-08-2026 18:59:29
0x613d02342c97980db07f68663e88d1a2e2938bfb0c4caec7eceb6e86a7ca7d41,inv_a130a20d,inv_cf96e801,92192013,119980000,,1786993047,17-08-2026 18:57:27,1786993047,1000000000000000000,USA,56e730b9-ce30-4235-8fa2-0c089d4d5eae,Opportunity 1,0x18bb9840fd7185c0589ca5fb81a32e3e2d0f2676,fe6370e7-9190-4e29-b1ec-80d9bc6668f7,1786990801,17-08-2026 18:20:01,1787595598,24-08-2026 18:19:58
0x5e19745eef777291920127e11effa87eb900e1559e2ea0eea1579d61568d0dec,inv_011abe63,inv_0ce4228c,92191114,505000000,,1786991698,17-08-2026 18:34:58,1786991698,5000000000000000000,USA,4dd13b10-c2ac-434e-86d7-c4f8c87c10ee,Proyecto 100,0xcc4c1ce8d335bd40a0acf17b9ab08c030cc299aa,fe6370e7-9190-4e29-b1ec-80d9bc6668f7,1786976128,17-08-2026 14:15:28,1787580925,24-08-2026 14:15:25
0x23806e6d31bc61bd73d3b7a96fa5f43a9ea3b78de473b13d76f08171f7f5448b,inv_21eee567,inv_cf96e801,92186310,119980000,,1786984492,17-08-2026 16:34:52,1786984492,1000000000000000000,USA,56e730b9-ce30-4235-8fa2-0c089d4d5eae,Opportunity 1,0x18bb9840fd7185c0589ca5fb81a32e3e2d0f2676,fe6370e7-9190-4e29-b1ec-80d9bc6668f7,1786449073,11-08-2026 11:51:13,1787053871,18-08-2026 11:51:11
0x5f7a2efd910e1d2b4ecb942149944f6d2343c3045d80c22f42ea9b484224d782,inv_21eee567,inv_5425f722,92186137,232000000,,1786984233,17-08-2026 16:30:33,1786984233,2000000000000000000,ESP,8af7293f-d42d-46cc-bd70-69e294455ce8,Málaga 7,0xb45898179fe8de2818e3ff994559c60aa962e2af,19efb18b-8a16-4297-a38d-0a94d24633ec,1786916491,16-08-2026 21:41:31,1787521289,23-08-2026 21:41:29
0xd4de98513188fd91225979d28a7fad176a96de6e0c8d179b030f6beda548ecd0,inv_808e1008,inv_c899deb9,92180553,100000000,,1786975857,17-08-2026 14:10:57,1786975857,1000000000000000000,USA,31a111a4-88e6-4942-a299-02d96d0c6a3c,Atlanta 1,0x68f73061bdf369c2562f4c0ea4e940f362d1a97f,fe6370e7-9190-4e29-b1ec-80d9bc6668f7,1786975570,17-08-2026 14:06:10,1787580367,24-08-2026 14:06:07
0x95df9ad3ddef75db4804de71d23aaa36b1232ece5e6cc5e9126ef3b0cbd8b3c6,inv_bde5a68f,inv_10ee2b7c,92132849,499200000,,1786904301,16-08-2026 18:18:21,1786904301,4800000000000000000,USA,4dd13b10-c2ac-434e-86d7-c4f8c87c10ee,Proyecto 100,0xcc4c1ce8d335bd40a0acf17b9ab08c030cc299aa,fe6370e7-9190-4e29-b1ec-80d9bc6668f7,1786748879,14-08-2026 23:07:59,1787353653,21-08-2026 23:07:33
0xf33fd1d8c92fccdeebc644e4391c9cee89b9c388742185f6f2dbbb2d18949411,inv_f2bb61f5,inv_b618758a,92132219,507500000,,1786903356,16-08-2026 18:02:36,1786903356,5000000000000000000,ARE,87f4dc55-7908-40fe-af98-5b0df656d676,Abu Dhabi 1,0x754f5b74e2639cef67fecec03f4d698470bdc92f,fe6370e7-9190-4e29-b1ec-80d9bc6668f7,1786734466,14-08-2026 19:07:46,1786993664,17-08-2026 19:07:44
0x8394667cb71ae77001ac824799aeb1cb54fda0ed5a3f39b23302f35b8559a203,inv_dbd3a597,inv_498e8beb,92123637,99000000,,1786890483,16-08-2026 14:28:03,1786890483,1000000000000000000,USA,25fd8701-69a9-4e39-ab20-28b8414b7228,Houston 3,0xe16901dad396fe7b1b77b6d2bd91b2d648e8a762,fe6370e7-9190-4e29-b1ec-80d9bc6668f7,1786362687,10-08-2026 11:51:27,1786967487,17-08-2026 11:51:27
0xea4b5b4310e628ff46000dbee790803aefe737b3c03f177b0ac9a002bb657de7,inv_5690c297,inv_498e8beb,92114037,198000000,,1786876083,16-08-2026 10:28:03,1786876083,2000000000000000000,USA,25fd8701-69a9-4e39-ab20-28b8414b7228,Houston 3,0xe16901dad396fe7b1b77b6d2bd91b2d648e8a762,fe6370e7-9190-4e29-b1ec-80d9bc6668f7,1786362703,10-08-2026 11:51:43,1786967503,17-08-2026 11:51:43
0x3a22e148c2cdad4704bfb4d5efe38c436a4b5edf4e943d2e9e5cf1e3c41bf61a,inv_cf96e801,inv_135a8327,92063419,108000361,,1786800156,15-08-2026 13:22:36,1786800156,1000003345072446610,ESP,6ae8ab8c-bd98-4cb8-934b-426d08565080,Granada 3,0x2a8bbc241849431e9cc7c4dbea9c05dfac2de553,fe6370e7-9190-4e29-b1ec-80d9bc6668f7,1786652400,13-08-2026 20:20:00,1787257208,20-08-2026 20:20:08
0xbf992cbc0bc1115387654fd244e8770d586311be01627b5939f47d52fc57ebb1,inv_2f950220,inv_9854cde5,92019378,520000000,,1786734094,14-08-2026 19:01:34,1786734094,5000000000000000000,USA,447dad95-1362-49ac-b603-effd274a5eed,Dania Beach 1,0x21ae95a56ef471370ce89a7a4624117f31810927,fe6370e7-9190-4e29-b1ec-80d9bc6668f7,1786317998,09-08-2026 23:26:38,1786749988,14-08-2026 23:26:28
0xdac341c2820509e1d16c3c8df1e925a175279b5836ecc2b87f50822c39ff1e84,inv_2f950220,inv_b618758a,92019168,505000000,,1786733779,14-08-2026 18:56:19,1786733779,5000000000000000000,ARE,87f4dc55-7908-40fe-af98-5b0df656d676,Abu Dhabi 1,0x754f5b74e2639cef67fecec03f4d698470bdc92f,fe6370e7-9190-4e29-b1ec-80d9bc6668f7,1786725780,14-08-2026 16:43:00,1786984979,17-08-2026 16:42:59
0xeb8fb677f5047327ef7c3a65f5939f4082e62999db904af3044a10aef4756143,inv_b618758a,inv_1325bc4d,92002555,540850000,,1786708860,14-08-2026 12:01:00,1786708860,5408500000000000000,MEX,057a7518-8f5a-4d8b-98b1-cf46c80e6c60,Yucatán 1,0xaaad2db2f624dc5a350d579d834b5fe12b2bcd8d,fe6370e7-9190-4e29-b1ec-80d9bc6668f7,1786706764,14-08-2026 11:26:04,1787311527,21-08-2026 11:25:27
0x2f233cf6f807b3e320c8b94258d865c53c1f38c424d13e7649cfe61b2a5bb9d6,inv_88e68846,inv_0ce4228c,91991360,1040000000,,1786692067,14-08-2026 07:21:07,1786692067,10000000000000000000,USA,4dd13b10-c2ac-434e-86d7-c4f8c87c10ee,Proyecto 100,0xcc4c1ce8d335bd40a0acf17b9ab08c030cc299aa,fe6370e7-9190-4e29-b1ec-80d9bc6668f7,1786654257,13-08-2026 20:50:57,1787259019,20-08-2026 20:50:19
0xb6ca2918160ca18d5f719b419dc912b3aa66c63a35753148b73901abcc849055,inv_88e68846,inv_0ce4228c,91965688,1030000000,,1786653559,13-08-2026 20:39:19,1786653559,10000000000000000000,USA,4dd13b10-c2ac-434e-86d7-c4f8c87c10ee,Proyecto 100,0xcc4c1ce8d335bd40a0acf17b9ab08c030cc299aa,fe6370e7-9190-4e29-b1ec-80d9bc6668f7,1786630296,13-08-2026 14:11:36,1787235081,20-08-2026 14:11:21
0xedf8b49de3c406f4da69b278b730025bf92a1b2a04ece07b4a8239904c44aaa0,inv_a9e8ecb2,inv_0ce4228c,91949959,1020000000,,1786629966,13-08-2026 14:06:06,1786629966,10000000000000000000,USA,4dd13b10-c2ac-434e-86d7-c4f8c87c10ee,Proyecto 100,0xcc4c1ce8d335bd40a0acf17b9ab08c030cc299aa,fe6370e7-9190-4e29-b1ec-80d9bc6668f7,1786608229,13-08-2026 08:03:49,1787213002,20-08-2026 08:03:22
0x54595c5fc2e465970fb6d1f988215715880eeaf73e39fc059331f5cd324d5d85,inv_a9e8ecb2,inv_0ce4228c,91935252,505000000,,1786607905,13-08-2026 07:58:25,1786607905,5000000000000000000,USA,4dd13b10-c2ac-434e-86d7-c4f8c87c10ee,Proyecto 100,0xcc4c1ce8d335bd40a0acf17b9ab08c030cc299aa,fe6370e7-9190-4e29-b1ec-80d9bc6668f7,1786599361,13-08-2026 05:36:01,1787204157,20-08-2026 05:35:57
0x07cdf162503587552576d2027a1b22f88df2a1b8d92162f2ad7990cf16cb189c,inv_011abe63,inv_0ce4228c,91911239,500000000,,1786571886,12-08-2026 21:58:06,1786571886,5000000000000000000,USA,4dd13b10-c2ac-434e-86d7-c4f8c87c10ee,Proyecto 100,0xcc4c1ce8d335bd40a0acf17b9ab08c030cc299aa,fe6370e7-9190-4e29-b1ec-80d9bc6668f7,1786560118,12-08-2026 18:41:58,1787164915,19-08-2026 18:41:55
0xff5ae6d8f76b434db9d9122db458fa847f0f90c375abe87beda1a61cb77c2024,inv_e1c506a2,inv_5425f722,91895896,234000000,,1786548871,12-08-2026 15:34:31,1786548871,2000000000000000000,ESP,e1086f2d-fbcd-4969-8e86-27c8c9105e1e,Coliving Málaga 2,0xfd0ea97747f7b1a53ec59ef5001616cde3aead3e,19efb18b-8a16-4297-a38d-0a94d24633ec,1785973389,05-08-2026 23:43:09,1786578192,12-08-2026 23:43:12
0x2322763abeb428ef9ce53bcb771193a237bf14f727f6e89dcb9a5a64567ef27d,inv_3a6206b6,inv_49f8251b,91884300,252500000,,1786531477,12-08-2026 10:44:37,1786531477,2500000000000000000,USA,32021c80-5bc7-437f-a3ab-46491aa68f1c,Houston 2,0xe56ff2dff2c2e95511f0bef4b3d92da05e8197c0,fe6370e7-9190-4e29-b1ec-80d9bc6668f7,1786371725,10-08-2026 14:22:05,1786976496,17-08-2026 14:21:36
0x0edf796089830c27328c5bf1e226dd51c906a122b2ebceb3ce831a95c0ebe106,inv_3a6206b6,inv_49f8251b,91884190,252500000,,1786531312,12-08-2026 10:41:52,1786531312,2500000000000000000,USA,df29d003-1e5d-4b61-b4e4-ecd4fe23c3a6,Houston 1,0xf090b60f731583288e8c7c9d9a80680e35bd63e0,fe6370e7-9190-4e29-b1ec-80d9bc6668f7,1786371656,10-08-2026 14:20:56,1786976428,17-08-2026 14:20:28
0x9dd5f94caf79e9dce193b8a5ac69543f24bbb825583a0f54e87183d3319ec2e7,inv_3aa373a4,inv_5b84796a,91883594,99000000,,1786530418,12-08-2026 10:26:58,1786530418,1000000000000000000,USA,df29d003-1e5d-4b61-b4e4-ecd4fe23c3a6,Houston 1,0xf090b60f731583288e8c7c9d9a80680e35bd63e0,fe6370e7-9190-4e29-b1ec-80d9bc6668f7,1786361277,10-08-2026 11:27:57,1786966050,17-08-2026 11:27:30
0x87e07d5121d2e58753ff75755dc025a8e1f4d5eae24587d2165e1e1636d3e752,inv_b618758a,inv_9d1dd8f6,91853650,1373447791,,1786485502,11-08-2026 21:58:22,1786485502,13723499113704769000,USA,12936e9e-2d74-4123-8c2b-c74340edb3ea,Naples 1,0x2d1838eb7ebb6ae8b1288872f9704e3400ee8b20,fe6370e7-9190-4e29-b1ec-80d9bc6668f7,1786484132,11-08-2026 21:35:32,1786916044,16-08-2026 21:34:04
0x10c29c46fad1fbed56283d75c9bdb64429d4ca4cf7d8eb188f43e227abbec6e4,inv_a9e8ecb2,inv_a8f467a6,91840400,1890000000,,1786465627,11-08-2026 16:27:07,1786465627,18000000000000000000,DOM,01a428fa-f49d-421e-ac9f-618eba78c7a9,Samaná 2,0x8ddea623f8ffa94aae50dc4c44da22d6e570a749,fe6370e7-9190-4e29-b1ec-80d9bc6668f7,1786220889,08-08-2026 20:28:09,1786825684,15-08-2026 20:28:04
0x1f01c1e0d9cfd37034947ce8367a59b1f9c72771888137728c06c0852fbc937e,inv_808e1008,inv_b618758a,91839123,505000000,,1786463712,11-08-2026 15:55:12,1786463712,5000000000000000000,ARE,87f4dc55-7908-40fe-af98-5b0df656d676,Abu Dhabi 1,0x754f5b74e2639cef67fecec03f4d698470bdc92f,fe6370e7-9190-4e29-b1ec-80d9bc6668f7,1786460565,11-08-2026 15:02:45,1786719743,14-08-2026 15:02:23
0x0493b01cc41d7caea27fc59361d0434a98497a3d7c46ee3c83b6f78aae45ba77,inv_808e1008,inv_b618758a,91836642,502500000,,1786459990,11-08-2026 14:53:10,1786459990,5000000000000000000,ARE,87f4dc55-7908-40fe-af98-5b0df656d676,Abu Dhabi 1,0x754f5b74e2639cef67fecec03f4d698470bdc92f,fe6370e7-9190-4e29-b1ec-80d9bc6668f7,1786433586,11-08-2026 07:33:06,1786692769,14-08-2026 07:32:49
0x04280092ff4793db1c4b72c88f84fc0dd902030ecf809f94bad71ceb968192f5,inv_808e1008,inv_49f8251b,91806013,303000000,,1786414047,11-08-2026 02:07:27,1786414047,3000000000000000000,USA,31a111a4-88e6-4942-a299-02d96d0c6a3c,Atlanta 1,0x68f73061bdf369c2562f4c0ea4e940f362d1a97f,fe6370e7-9190-4e29-b1ec-80d9bc6668f7,1786371577,10-08-2026 14:19:37,1786976312,17-08-2026 14:18:32
0xffa4bd677c8c527f765d9821086f8427eae1772d2e7f39b05c48cba2f7540e04,inv_808e1008,inv_b618758a,91805566,500000000,,1786413376,11-08-2026 01:56:16,1786413376,5000000000000000000,ARE,87f4dc55-7908-40fe-af98-5b0df656d676,Abu Dhabi 1,0x754f5b74e2639cef67fecec03f4d698470bdc92f,fe6370e7-9190-4e29-b1ec-80d9bc6668f7,1786366864,10-08-2026 13:01:04,1786626012,13-08-2026 13:00:12
0xc879c71284a3895372ead9558ebcffe960769162ee9492de96c9c596f8a42d54,inv_dd02f503,inv_a8f467a6,91801113,1200000000,,1786406697,11-08-2026 00:04:57,1786406697,10000000000000000000,ESP,69148eb4-d90c-4292-96ee-ff7701d94900,Marbella 1,0x4adaee2dae690cf8f3915f1c1963f16d239c5e11,fe6370e7-9190-4e29-b1ec-80d9bc6668f7,1786220276,08-08-2026 20:17:56,1786825058,15-08-2026 20:17:38
0x14ae28691269b097b8ae4623068a2c782c86008755dcb8af56785661498a73e8,inv_d381a12e,inv_43a1ee9d,91793043,99029502,,1786394592,10-08-2026 20:43:12,1786394592,1000298000000000000,USA,32021c80-5bc7-437f-a3ab-46491aa68f1c,Houston 2,0xe56ff2dff2c2e95511f0bef4b3d92da05e8197c0,fe6370e7-9190-4e29-b1ec-80d9bc6668f7,1786363647,10-08-2026 12:07:27,1786968371,17-08-2026 12:06:11
0x9dd7c73c97be085da8aae8195b506afc6bc4d060982a1aa6d7f5120b82a0ed7e,inv_dd02f503,inv_0ce4228c,91783951,416787,,1786380954,10-08-2026 16:55:54,1786380954,4167870924805461,ESP,909625d4-a224-4922-84f7-e71445b0d36f,Málaga 8,0x29fdc3434576e188e8131b2ad9cf94d3b3e71f56,19efb18b-8a16-4297-a38d-0a94d24633ec,1785918083,05-08-2026 08:21:23,1786522880,12-08-2026 08:21:20
0xe9fae9c5ac2f988f59b7a24824a7305057e6529cd513ead85f775f44b4d929ca,inv_d381a12e,inv_43a1ee9d,91783621,110002183,,1786380459,10-08-2026 16:47:39,1786380459,1000019848000000000,MEX,c2899f6d-97e1-4d34-b2b8-b38a7e186250,Bacalar 2,0xed923b814f1ea3d42c54dda55ba8edfaba994489,fe6370e7-9190-4e29-b1ec-80d9bc6668f7,1786363888,10-08-2026 12:11:28,1786623010,13-08-2026 12:10:10
0x556584432b676dfa2bec32888862dd845281791a1a8b395602bd6ecb2a1a7b66,inv_05b666a3,inv_5b84796a,91783378,29651578,,1786380094,10-08-2026 16:41:34,1786380094,302567117863186000,MEX,8befd7a6-692f-404d-9fb8-d48fab2a74ca,Caribe 1,0x7d9491c28706e2f696b8562730483df840496880,fe6370e7-9190-4e29-b1ec-80d9bc6668f7,1786362340,10-08-2026 11:45:40,1786967107,17-08-2026 11:45:07
0x9f46a22c59b2e3a452ebc347b98df068717b0e599ba8aad26b23073e02dbc742,inv_a9e8ecb2,inv_10ee2b7c,91773553,300900000,,1786365357,10-08-2026 12:35:57,1786365357,2950000000000000000,USA,4dd13b10-c2ac-434e-86d7-c4f8c87c10ee,Proyecto 100,0xcc4c1ce8d335bd40a0acf17b9ab08c030cc299aa,fe6370e7-9190-4e29-b1ec-80d9bc6668f7,1786278503,09-08-2026 12:28:23,1786537679,12-08-2026 12:27:59
0x3f932bd3f259744b6a05c18ee1fa1db757a69044f5b50de9b423abb1436e750e,inv_a9e8ecb2,inv_a8f467a6,91773455,2040000000,,1786365210,10-08-2026 12:33:30,1786365210,20000000000000000000,USA,4dd13b10-c2ac-434e-86d7-c4f8c87c10ee,Proyecto 100,0xcc4c1ce8d335bd40a0acf17b9ab08c030cc299aa,fe6370e7-9190-4e29-b1ec-80d9bc6668f7,1786220201,08-08-2026 20:16:41,1786824976,15-08-2026 20:16:16
0xd826a3800aa5e7a5801f16ba9f1fac4164cef8afcbfa04dd5939bd22eb5fc1de,inv_a721e9b2,inv_5b84796a,91769785,98000000,,1786359705,10-08-2026 11:01:45,1786359705,1000000000000000000,USA,df29d003-1e5d-4b61-b4e4-ecd4fe23c3a6,Houston 1,0xf090b60f731583288e8c7c9d9a80680e35bd63e0,fe6370e7-9190-4e29-b1ec-80d9bc6668f7,1786223681,08-08-2026 21:14:41,1786828478,15-08-2026 21:14:38
0x350425b00a5845e75f35a70929f77b1dc0f8ec974e41e9f160bf709385a441c8,inv_ce9eb496,inv_b618758a,91768957,500000000,,1786358463,10-08-2026 10:41:03,1786358463,5000000000000000000,ARE,87f4dc55-7908-40fe-af98-5b0df656d676,Abu Dhabi 1,0x754f5b74e2639cef67fecec03f4d698470bdc92f,fe6370e7-9190-4e29-b1ec-80d9bc6668f7,1786290785,09-08-2026 15:53:05,1786549963,12-08-2026 15:52:43
0xb8fffb77cac03520a317a2b07c3ae8d278333b2945cfa637a837a7a50f7faeba,inv_197b14fd,inv_a8f467a6,91734769,1160000000,,1786307181,09-08-2026 20:26:21,1786307181,10000000000000000000,ESP,dd05cffc-2e8a-481d-b4b9-e07375fd0b05,Valencia 14,0x4e19bd8ea7a0b32304637bc0a1e69bbd78c8a0dc,fe6370e7-9190-4e29-b1ec-80d9bc6668f7,1786220699,08-08-2026 20:24:59,1786825495,15-08-2026 20:24:55
0xed364431ac70bbc06c0268f97f4fa1371ff7f4319cb0c206cc3838e3acc49831,inv_197b14fd,inv_f828c839,91734560,119159166,,1786306867,09-08-2026 20:21:07,1786306867,1018454406359738895,ESP,7010046b-1017-4bb0-9e8c-28c8f3cbbdbf,Levante 2,0xdfd7413a5d54d96312109a9d56b3bead8a786ff3,fe6370e7-9190-4e29-b1ec-80d9bc6668f7,1786263154,09-08-2026 08:12:34,1786867955,16-08-2026 08:12:35
0xc020b8a8ac2c02e1e0d74a8de40fa88c9842f8d67aaa970660f180e4d25054f2,inv_3aa373a4,inv_9854cde5,91723821,515000000,,1786290759,09-08-2026 15:52:39,1786290759,5000000000000000000,USA,447dad95-1362-49ac-b603-effd274a5eed,Dania Beach 1,0x21ae95a56ef471370ce89a7a4624117f31810927,fe6370e7-9190-4e29-b1ec-80d9bc6668f7,1786028520,06-08-2026 15:02:00,1786633319,13-08-2026 15:01:59
0x6d324f2e40a88b81078ae3820da5a529f18896acccd1995a34029a1a94911a79,inv_3aa373a4,inv_b618758a,91723670,500000000,,1786290532,09-08-2026 15:48:52,1786290532,5000000000000000000,ARE,87f4dc55-7908-40fe-af98-5b0df656d676,Abu Dhabi 1,0x754f5b74e2639cef67fecec03f4d698470bdc92f,fe6370e7-9190-4e29-b1ec-80d9bc6668f7,1786107823,07-08-2026 13:03:43,1786366994,10-08-2026 13:03:14
0xf853d7ec5af1a82879bb98d67ec68d2a18b0eda76ac82ecdb659d27b31895b73,inv_05b666a3,inv_0806542c,91711826,799314328,,1786272766,09-08-2026 10:52:46,1786272766,7993143280230283500,USA,4dd13b10-c2ac-434e-86d7-c4f8c87c10ee,Proyecto 100,0xcc4c1ce8d335bd40a0acf17b9ab08c030cc299aa,fe6370e7-9190-4e29-b1ec-80d9bc6668f7,1786269211,09-08-2026 09:53:31,1786873979,16-08-2026 09:52:59
0x45eb297278a8cf2ae03bee50d97d1007a3fa8291b521ee0e1664757fae50c1bf,inv_b9b5acda,inv_a8f467a6,91706680,524548500,,1786265047,09-08-2026 08:44:07,1786265047,4995700000000000000,ARG,5e8e597e-5b67-4762-83ea-4d22bbc8daae,Salta 4,0xcfc9462da1a6b9664251d78c5d30296220bd1f45,fe6370e7-9190-4e29-b1ec-80d9bc6668f7,1786220386,08-08-2026 20:19:46,1786825155,15-08-2026 20:19:15
0xf40ea787a5971d56a38ae4a6b9df4e5bd6749ba8684b20ba923846c5afdcc74a,inv_d381a12e,inv_5b84796a,91677814,95038015,,1786221748,08-08-2026 20:42:28,1786221748,1000400160000000000,USA,32021c80-5bc7-437f-a3ab-46491aa68f1c,Houston 2,0xe56ff2dff2c2e95511f0bef4b3d92da05e8197c0,fe6370e7-9190-4e29-b1ec-80d9bc6668f7,1786211778,08-08-2026 17:56:18,1786816482,15-08-2026 17:54:42
0xa1ff86ba3ebba7a1f0bf923221a64da2a4fc28373cec70574df6366ae6e81f64,inv_f912255d,inv_b618758a,91664635,247250000,,1786201980,08-08-2026 15:13:00,1786201980,2150000000000000000,ESP,909625d4-a224-4922-84f7-e71445b0d36f,Málaga 8,0x29fdc3434576e188e8131b2ad9cf94d3b3e71f56,19efb18b-8a16-4297-a38d-0a94d24633ec,1786201521,08-08-2026 15:05:21,1786460718,11-08-2026 15:05:18
0x2b7525dcde46c48316bf513a9bffc20c25deaab571bef8a8d836c4061d9ba0e7,inv_05b666a3,inv_8d8ad7f6,91655318,164655948,,1786188004,08-08-2026 11:20:04,1786188004,1697484000000000000,USA,5ee312c8-8c80-40ec-84c9-eff7c31dfb73,Rentas 3,0x875b80a36ae0660f7de4178a49f7672c8447d365,fe6370e7-9190-4e29-b1ec-80d9bc6668f7,1786185289,08-08-2026 10:34:49,1786444498,11-08-2026 10:34:58
0xb4020da4376fffe1f7a87e49a21c942e44885dda50a53499a2daaa17085a1b6f,inv_05b666a3,inv_b618758a,91601506,500000000,,1786107286,07-08-2026 12:54:46,1786107286,5000000000000000000,ARE,87f4dc55-7908-40fe-af98-5b0df656d676,Abu Dhabi 1,0x754f5b74e2639cef67fecec03f4d698470bdc92f,fe6370e7-9190-4e29-b1ec-80d9bc6668f7,1786101939,07-08-2026 11:25:39,1786361137,10-08-2026 11:25:37
0xb6eafbedd8850e4e35140009b52793d62b1a6e044437fac171d8a47bd163d860,inv_3a6206b6,inv_b618758a,91595970,500000000,,1786098982,07-08-2026 10:36:22,1786098982,5000000000000000000,ARE,87f4dc55-7908-40fe-af98-5b0df656d676,Abu Dhabi 1,0x754f5b74e2639cef67fecec03f4d698470bdc92f,fe6370e7-9190-4e29-b1ec-80d9bc6668f7,1786089384,07-08-2026 07:56:24,1786348582,10-08-2026 07:56:22
0xf38712762b194289654235401e0768be845a71de06422146de81450fc8e49759,inv_808e1008,inv_011abe63,91579001,1000000000,,1786073529,07-08-2026 03:32:09,1786073529,10000000000000000000,ARE,87f4dc55-7908-40fe-af98-5b0df656d676,Abu Dhabi 1,0x754f5b74e2639cef67fecec03f4d698470bdc92f,fe6370e7-9190-4e29-b1ec-80d9bc6668f7,1786046911,06-08-2026 20:08:31,1786651684,13-08-2026 20:08:04
0xebb7789e2ac0b824f19222e691ba2ee8ba1fc9612a0f7841bf522a85329dbd3b,inv_bde5a68f,inv_011abe63,91559645,1001000000,,1786044494,06-08-2026 19:28:14,1786044494,10000000000000000000,ARE,87f4dc55-7908-40fe-af98-5b0df656d676,Abu Dhabi 1,0x754f5b74e2639cef67fecec03f4d698470bdc92f,fe6370e7-9190-4e29-b1ec-80d9bc6668f7,1785920314,05-08-2026 08:58:34,1786524775,12-08-2026 08:52:55
0x9419eaf4e4c41220f0a1105f833c9294e769bfc9cde407becffda676089b9181,inv_c8a1acd2,inv_cf96e801,91545970,105000000,,1786023981,06-08-2026 13:46:21,1786023981,1000000000000000000,ARE,87f4dc55-7908-40fe-af98-5b0df656d676,Abu Dhabi 1,0x754f5b74e2639cef67fecec03f4d698470bdc92f,fe6370e7-9190-4e29-b1ec-80d9bc6668f7,1785927768,05-08-2026 11:02:48,1786532565,12-08-2026 11:02:45
0x65c52953ba574a4f9c173413242585203a9b2714323dc0f4108e293ac5fecd5e,inv_5425f722,inv_b618758a,91511934,717629899,,1785972927,05-08-2026 23:35:27,1785972927,6213245882907648517,USA,168248bf-3f35-4ba9-8021-f9a95c23583a,Rentas 2,0x7cb85443eab0851d9b4558db23e1026af07c700d,fe6370e7-9190-4e29-b1ec-80d9bc6668f7,1785919418,05-08-2026 08:43:38,1786178616,08-08-2026 08:43:36
0x1b1286439d6a5f55835e1d5ead9ba8aa6cff9a1c81194e5dd34d8da693e725e3,inv_d381a12e,inv_75578a1d,91498908,155769654,,1785953388,05-08-2026 18:09:48,1785953388,1557852324898201800,USA,5ee312c8-8c80-40ec-84c9-eff7c31dfb73,Rentas 3,0x875b80a36ae0660f7de4178a49f7672c8447d365,fe6370e7-9190-4e29-b1ec-80d9bc6668f7,1785941633,05-08-2026 14:53:53,1786546429,12-08-2026 14:53:49
0x1b90b7e611291f64545fa520fda3094ba6b79c05b4a6b004bb23a713f414c874,inv_5425f722,inv_ed1fb37d,91497141,114000583,,1785950738,05-08-2026 17:25:38,1785950738,1000005113067318044,ESP,54efbb45-6dcc-48c9-b5c8-39be3e44d583,Costa Mediterránea 1,0x243e4bacc4b4d61b87816c945544286eb29125c6,fe6370e7-9190-4e29-b1ec-80d9bc6668f7,1785935192,05-08-2026 13:06:32,1786539989,12-08-2026 13:06:29
0x093a76ab2407eb0e6ac2020a0a9e43fbbb6dda02f0491adbb74a333f7fbf819f,inv_5425f722,inv_b618758a,91496899,225457035,,1785950375,05-08-2026 17:19:35,1785950375,1952008957454258951,USA,53e3826d-e97b-45a9-b0ae-a91ff639f45c,Index 1,0x1998bc7570ae301154e0c3017acbb200b87ad1af,fe6370e7-9190-4e29-b1ec-80d9bc6668f7,1785916791,05-08-2026 07:59:51,1786175989,08-08-2026 07:59:49
0x7bf13c6b705cf96feb87e571e28cfe8a92fc0871d78382990d2448f3ac8bd59a,inv_b9b5acda,inv_0ce4228c,91412836,1114316617,,1785824280,04-08-2026 06:18:00,1785824280,0,,,,,,,,,
0xaba5d45f4cc4f28eb1eb715699e2e1d643d08fe75298dafda2fb25742df81529,inv_011abe63,inv_0ce4228c,91393953,2000600000,,1785795956,03-08-2026 22:25:56,1785795956,0,,,,,,,,,
0x0c610e417da0a6241822eea2b484d53ed6857f02719f9cfa6b8dfc3141cc7367,inv_b618758a,inv_0ce4228c,91380472,1050000000,,1785775734,03-08-2026 16:48:54,1785775734,0,,,,,,,,,
0xbb150874882dc62454275fb375d7caae2aa7cc7c33672627b11856b4fc1f3303,inv_b618758a,inv_0ce4228c,91380293,1050000000,,1785775466,03-08-2026 16:44:26,1785775466,0,,,,,,,,,
0x1685dc48d2ddc0644284188b02ce051bffcd54999094b5e779f13d031c6dd537,inv_b618758a,inv_0ce4228c,91380124,1050000000,,1785775212,03-08-2026 16:40:12,1785775212,0,,,,,,,,,
0x9ae8401f45fb3c166f686871b8da847718b4bef89b453a7f4ff76a4360afb5ad,inv_b618758a,inv_0ce4228c,91379962,1050000000,,1785774969,03-08-2026 16:36:09,1785774969,0,,,,,,,,,
0xa7050bd8d28a5f101d13b76c1ff1207fbd9429160f1ff5e86b3dae3dd5b2ac51,inv_b618758a,inv_0ce4228c,91379791,1050000000,,1785774713,03-08-2026 16:31:53,1785774713,0,,,,,,,,,
0x37f53a09035879d6e9e609a5a4d23009103a9eea145c1afc5536aa43229425c6,inv_b618758a,inv_0ce4228c,91379541,1183350000,,1785774338,03-08-2026 16:25:38,1785774338,0,,,,,,,,,
0x786844bda634e413428d7e4e6f0d9d5922e2097d62cac6bdcc3a81e0ee9a3782,inv_b618758a,inv_0ce4228c,91378937,1072488798,,1785773432,03-08-2026 16:10:32,1785773432,0,,,,,,,,,
0x62b5a4d548de7884b7d705a860d1b7fa8eb40e3a68100dad694320db6bd9777c,inv_b618758a,inv_0ce4228c,91376764,621324588,,1785770166,03-08-2026 15:16:06,1785770166,0,,,,,,,,,
0xfdd44286f7b673b0c4512fd6bea87d59229a3700239e131fd08e8ab0acd0b13c,inv_b618758a,inv_0ce4228c,91376380,344912551,,1785769590,03-08-2026 15:06:30,1785769590,0,,,,,,,,,
0x593a5f5ec3132d08b3fa6461b1d4b3cb91e39e8f4d87603aaf741e4319c6167d,inv_b618758a,inv_0ce4228c,91376324,195200896,,1785769506,03-08-2026 15:05:06,1785769506,0,,,,,,,,,
0xdc6acf0376608f9b162bcf795dda26d6a8b3871dea2f51e207fd41f455896127,inv_9854cde5,inv_5036e223,91367887,1991555959,,1785756851,03-08-2026 11:34:11,1785756851,0,,,,,,,,,
0x40a3c5fa6dccb96d203da75df2bea9e49160046f4c83e2e25c567e049480c50b,inv_b962944c,inv_8f230963,91351522,114990000,,1785732303,03-08-2026 04:45:03,1785732303,0,,,,,,,,,
0x6eb1270caf03ecc5cc1b2056e36b9bcca92376b66948f1a2dd08b94b6e0ef1f7,inv_5425f722,inv_b618758a,91336523,40001711,,1785709805,02-08-2026 22:30:05,1785709805,0,,,,,,,,,
0x4851e88f24216262436078c0b1520f3a0661b0e03657d5bca7ddfb2096b243c9,inv_cf96e801,inv_b618758a,91329744,500000000,,1785699636,02-08-2026 19:40:36,1785699636,0,,,,,,,,,
0x34ded55b19784f7a74c5ce6073e6cbfb53bcfac2d4795798045b0f479d345131,inv_d381a12e,inv_cf96e801,91309559,109000000,,1785669359,02-08-2026 11:15:59,1785669359,0,,,,,,,,,
0xf80a08940e182b9250e809b3eeaecf54261a1d5a68477d08c6d16c2a3e3e537c,inv_d381a12e,inv_cf96e801,91308864,109000000,,1785668316,02-08-2026 10:58:36,1785668316,0,,,,,,,,,
0x5f32c21015a1c2aaa5a876650eb62082a073e89e31b2673101b90a46cba656c7,inv_b934cdb6,inv_cf96e801,91272811,119000000,,1785614237,01-08-2026 19:57:17,1785614237,0,,,,,,,,,
0xae0ebd84bce70eb3912dea0f958209f9305f4b772d21be5bc6e74e9f5dc41b85,inv_51fb59ef,inv_e6b0236b,91225913,104849866,,1785543890,01-08-2026 00:24:50,1785543890,0,,,,,,,,,
0x015ef5207e894677bd379aeaafde5258754af683b2fbee3078effee7a597139c,inv_011abe63,inv_0ce4228c,91133809,280254052,,1785405734,30-07-2026 10:02:14,1785405734,0,,,,,,,,,
0x298caed1341c0a0131b45da5e741cd4c4deeffb43defb5bc0045b32579be3fbe,inv_011abe63,inv_0ce4228c,91133622,1009798000,,1785405453,30-07-2026 09:57:33,1785405453,0,,,,,,,,,
0xd6a0c470da0d5d3c84f8216981d443e5f86472059c441ebd792a63cf0ee9fc56,inv_6d4b221a,inv_c48b8c69,91129998,301798144,,1785400017,30-07-2026 08:26:57,1785400017,0,,,,,,,,,
0x2ecdec28af62541a0386e8d3bcd0909dcbd4071fdd520ae438971c30c47a38c1,inv_867f9026,inv_0b0e7403,91079839,256918542,,1785324779,29-07-2026 11:32:59,1785324779,0,,,,,,,,,
0xc6e4a9c6d77d17de019340cb5540bcca4dbb514b3e283a768eebdd3f22b9006e,inv_05b666a3,inv_b618758a,91072247,510000000,,1785313391,29-07-2026 08:23:11,1785313391,0,,,,,,,,,
0x4216f0ee864bc4298ecbeb02fe221b7536d69731335f432babae825dec81fb83,inv_05b666a3,inv_0dacf71d,91051666,825537100,,1785282518,28-07-2026 23:48:38,1785282518,0,,,,,,,,,
0x0c6dd7f662b87416f86f921894f8f85cb6091099f4b10cae394d8745c20da6aa,inv_ed1fb37d,inv_0dacf71d,91035709,243960000,,1785258583,28-07-2026 17:09:43,1785258583,0,,,,,,,,,
0xf9decba0baf001f5972ccbc9b26053ab648c2ef77e4ea55e510937e8877291be,inv_011abe63,inv_b618758a,91028918,3500000000,,1785248396,28-07-2026 14:19:56,1785248396,0,,,,,,,,,
0x0896b14d1e8d5091f8fb34616ddc5efe3659edb4ac0b0d863a2e3053a81209d9,inv_011abe63,inv_135a8327,91018357,109999999,,1785232555,28-07-2026 09:55:55,1785232555,0,,,,,,,,,
0x1c3469596f571ec3da1b74d9ad0ea70c4f451d9be17848f486da84ae73a0983f,inv_05b666a3,inv_b618758a,90991777,309000000,,1785192663,27-07-2026 22:51:03,1785192663,0,,,,,,,,,
0xe311a3305ebb7cd34e1ca647bb5305e1a406c31b98253b9fa9f2d1b97050250b,inv_05b666a3,inv_b618758a,90973874,309000000,,1785165808,27-07-2026 15:23:28,1785165808,0,,,,,,,,,
0xb541363d0142d8f80472d85c18e8ae61f3a8002eaceefaecaa89bb9b24dadb71,inv_24290cf0,inv_b618758a,90900609,570000000,,1785055911,26-07-2026 08:51:51,1785055911,0,,,,,,,,,
0x3485c9a7d526ee2c5f32d99bf1029bcbe90ec6ee81a94e6266066b107ab3fa02,inv_24290cf0,inv_b618758a,90899473,570000000,,1785054207,26-07-2026 08:23:27,1785054207,0,,,,,,,,,
0x25c1e5a10c7cee338fd4d4884199918357d72dffa4b2f51e33de34d2ae4d36d3,inv_ed1fb37d,inv_135a8327,90813663,115000588,,1784925492,24-07-2026 20:38:12,1784925492,0,,,,,,,,,
0xb552eda47afc0b42fe58ff6245c4740eac0264b9b4d862f407c3a00b45ff58f2,inv_ed1fb37d,inv_b618758a,90813431,206000000,,1784925144,24-07-2026 20:32:24,1784925144,0,,,,,,,,,
0xbdad0e999457a9bd8a8184275ce9ea1eccc5feaa7f023b5f89c7113a69684984,inv_0ce4228c,inv_10ee2b7c,90807122,723980000,,1784915680,24-07-2026 17:54:40,1784915680,0,,,,,,,,,
0x563ee513d2794ca3e8622d4aa73bfebf2b222e8c74ea017752c7cf8f5210a57d,inv_0ce4228c,inv_10ee2b7c,90807079,530000000,,1784915616,24-07-2026 17:53:36,1784915616,0,,,,,,,,,
0x5eaf30ae1d72e0e8bd904e5e64543e5a714b3f284335dc4ee307b18b7ff8f5cd,inv_b618758a,inv_dcf1ba3b,90789437,700902208,,1784889153,24-07-2026 10:32:33,1784889153,0,,,,,,,,,
0x9dec50c894ce8aa2748ca3056a75f3a703dc060ecb4dac99b62b8a346c28341e,inv_acb0426d,inv_10ee2b7c,90759677,1070000000,,1784844513,23-07-2026 22:08:33,1784844513,0,,,,,,,,,
0x49a20f17de55dda0941210c61f1d74f90fca6956dce8a4e8353627e383fe1ebe,inv_05b666a3,inv_b618758a,90754596,306000000,,1784836891,23-07-2026 20:01:31,1784836891,0,,,,,,,,,
0x1439a36db8c1b03f84be0778c0900794cc0a739075a972e960f5b91800a6b1ca,inv_b618758a,inv_dd1e02a2,90732612,4865250000,,1784803915,23-07-2026 10:51:55,1784803915,0,,,,,,,,,
0x2559a42458bcd352e938dbcdf2e4a3c6925a84fbf321292a1efae903157b0d71,inv_b618758a,inv_dd1e02a2,90732011,6543225000,,1784803014,23-07-2026 10:36:54,1784803014,0,,,,,,,,,
0x5b95b3a57e2e9d1f9befff6cd28c145ba661e90b129531b5efdf53ed3f83436f,inv_51fb59ef,inv_a9e8ecb2,90713460,525000000,,1784775187,23-07-2026 02:53:07,1784775187,0,,,,,,,,,
0xea7cc2d18ecfef5c94bbeb08ae0095ae737e414c3b5837734e2f5a256155055b,inv_05b666a3,inv_c899deb9,90699489,99999999,,1784754231,22-07-2026 21:03:51,1784754231,0,,,,,,,,,
0x3cf7e071cbf977e42280f65311ad7d3b7ee0520a52fe7c133a1f49ddefd39e42,inv_9aa7c128,inv_b73f6b6d,90687873,570000000,,1784736807,22-07-2026 16:13:27,1784736807,0,,,,,,,,,
0xace2fbfa77b6863530b0344a7e282daf27c3a1b21b14eecaba5cf3b6ff582fe3,inv_4c6e043a,inv_9aa7c128,90636917,361819000,,1784660373,21-07-2026 18:59:33,1784660373,0,,,,,,,,,
0x5976ea47d6aee32f2044b56c7c42a7d8187b3e8fda7411a5d49428ed21fb1c5b,inv_4c6e043a,inv_9aa7c128,90627066,199900000,,1784645596,21-07-2026 14:53:16,1784645596,0,,,,,,,,,
0x1752afc34078d079488f700b82d1d3fa5b9ec045f4f35d2828492bbc11d69614,inv_b934cdb6,inv_cf96e801,90624207,119000000,,1784641308,21-07-2026 13:41:48,1784641308,0,,,,,,,,,
0xd856c0ed90c99a8d713675d0ebe8f4b7760619bb833ba23c903d835b520a4624,inv_05b666a3,inv_135a8327,90620543,206001998,,1784635812,21-07-2026 12:10:12,1784635812,0,,,,,,,,,
0x46608c4a507dd69f0917c15fce65f9cf1fb4f0b1fdfbd808c29a37404a450db5,inv_05b666a3,inv_135a8327,90618333,100000000,,1784632497,21-07-2026 11:14:57,1784632497,0,,,,,,,,,
0xe75c1421d5d40d21362935a5e271fb993c47e55314c96a953c9d6c5c9e9e906f,inv_05b666a3,inv_135a8327,90618226,102000163,,1784632336,21-07-2026 11:12:16,1784632336,0,,,,,,,,,
0xda80de76f1dd2ab09dcc3fc48843ba4e9ee9f56bf34125297b1a364320c991a2,inv_05b666a3,inv_135a8327,90618152,100008524,,1784632225,21-07-2026 11:10:25,1784632225,0,,,,,,,,,
0x2255ac20f89c62955bf737e63e42d682a6d26d627cfb313c54cc58bfe63d5001,inv_05b666a3,inv_135a8327,90617751,101999999,,1784631624,21-07-2026 11:00:24,1784631624,0,,,,,,,,,
0xbc757c03ef5f5ccdad5485e0789121f57562c5218d482c5e402561003f4546bc,inv_b618758a,inv_135a8327,90615587,114995766,,1784628378,21-07-2026 10:06:18,1784628378,0,,,,,,,,,
0xde75ab8f9d6cdd9266453bf2d0c15f688e918fd46f234b16a255b0026a042319,inv_b618758a,inv_135a8327,90615548,100999364,,1784628319,21-07-2026 10:05:19,1784628319,0,,,,,,,,,
0x5e111d6f4a7a62ddc1f674819d19fcca6324e6e0777860c606506ee01b159860,inv_b618758a,inv_135a8327,90615491,100999999,,1784628234,21-07-2026 10:03:54,1784628234,0,,,,,,,,,
0xae64e53ace675f4260eec597ff97c40e80c8ab246f62790c9c55e64a9369dcad,inv_011abe63,inv_905dbaf3,90573795,104423335,,1784565690,20-07-2026 16:41:30,1784565690,0,,,,,,,,,
0xf4aa7cc5accdbb9e1b0902e316287cca5b38e0b493ebe6750bf2f33f782aaadf,inv_6ffe0638,inv_890c67bf,90564531,177778000,,1784551794,20-07-2026 12:49:54,1784551794,0,,,,,,,,,
0xc39dc34a634643786de64a17fca4bdb523f275347c39a82144777388289f5a61,inv_011abe63,inv_905dbaf3,90562826,100000000,,1784549236,20-07-2026 12:07:16,1784549236,0,,,,,,,,,
0x4c6785449c36f23cf304121a43320b8fa7f2c16bce87ba04aec9e7b76e56dc08,inv_51fb59ef,inv_10ee2b7c,90413338,604550000,,1784325004,17-07-2026 21:50:04,1784325004,0,,,,,,,,,
0xca1808c42490f451338010b56ee2addb61569603617e801ca25cf4218e942ca7,inv_51fb59ef,inv_a9e8ecb2,90413259,525000000,,1784324886,17-07-2026 21:48:06,1784324886,0,,,,,,,,,
0x2c09eef4ed511a105c0dfbdf7e815a3d51bb8e1942798cb17788a4f0a81a23df,inv_b934cdb6,inv_37f0d616,90397004,110000000,,1784300503,17-07-2026 15:01:43,1784300503,0,,,,,,,,,
0x1a13a0eb5140b9abd17ecee277529ff2177c76349a0f4c5530179796f6c2a4c9,inv_6ffe0638,inv_9aa7c128,90392702,249375000,,1784294050,17-07-2026 13:14:10,1784294050,0,,,,,,,,,
0xe771ee3a466f2599b0286a001ed3b8e64d20434c9d25f885507edfc066c643e4,inv_6ffe0638,inv_498e8beb,90391896,480000000,,1784292841,17-07-2026 12:54:01,1784292841,0,,,,,,,,,
0x4d09d22f4e3067754ddc7b9bea122db89610fad41c01c6178ac3b6b128efbe0b,inv_905dbaf3,inv_789e06fe,90348361,102000000,,1784227537,16-07-2026 18:45:37,1784227537,0,,,,,,,,,
0x5f4263f0c72dd9ffcaf072cc58761717c763726f4a5d82f73ee4ed568425f84b,inv_5122e65b,inv_890c67bf,90342623,103000000,,1784218930,16-07-2026 16:22:10,1784218930,0,,,,,,,,,
0x8bf8ca63993b1d437202abfdcb01e4b9d65faaae07c41c7ddf721a5e573b24c0,inv_197b14fd,inv_b73f6b6d,90326289,1138000000,,1784194429,16-07-2026 09:33:49,1784194429,0,,,,,,,,,
0x3bfbff2ab42da8faeadcb293976621e8b44d812acca8afb1a4367c446e8c72f6,inv_197b14fd,inv_843a5b6c,90326209,114934201,,1784194309,16-07-2026 09:31:49,1784194309,0,,,,,,,,,
0xb81dd8167beab028aa8f390e4c08154041c822475ed06814fcde52d816f233c5,inv_4c6e043a,inv_498e8beb,90292147,96000000,,1784143216,15-07-2026 19:20:16,1784143216,0,,,,,,,,,
0x100f158cb8ec7702f174b70cf8ea5de4c01c79acd38ca1867733fd5105755048,inv_197b14fd,inv_b618758a,90238235,813174099,,1784062348,14-07-2026 20:52:28,1784062348,0,,,,,,,,,
0x461a8c2f852dd76a05de8b14ec32dbaa000d721fbd54dd28f5d8cd4e24d4b9f6,inv_197b14fd,inv_fc7f5fae,90237980,1815840000,,1784061965,14-07-2026 20:46:05,1784061965,0,,,,,,,,,
0xefe7f70e583771ef8ca88c0324e184945f9a09f85478480a615cb3532d4e41cd,inv_197b14fd,inv_b618758a,90237608,2415950000,,1784061407,14-07-2026 20:36:47,1784061407,0,,,,,,,,,
0xfe726e7c48acee23a8657a99d7a392dc52246cce2df0f4373fdcd09736bae74b,inv_24290cf0,inv_b73f6b6d,90226758,570000000,,1784045132,14-07-2026 16:05:32,1784045132,0,,,,,,,,,
0x2fff9e4a836d6f4ec9fa61c16f83cda68b71490a1877f160a46d91b1494cf3de,inv_39d0ac30,inv_b618758a,90226755,204060000,,1784045128,14-07-2026 16:05:28,1784045128,0,,,,,,,,,
0xe28a9b4cddf120e3f0d3a82628cfe9445353823eadb6eaf2ff6cfdf15fe4ee5e,inv_a9e8ecb2,inv_b618758a,90224511,508953047,,1784041762,14-07-2026 15:09:22,1784041762,0,,,,,,,,,
0xa2089b85d03c50940844541c3b08591343073b588a285e5ef32e235fadc80a7a,inv_b618758a,inv_f68f3625,90176795,111575453,,1783970188,13-07-2026 19:16:28,1783970188,0,,,,,,,,,
0xa63ae67794f1348251c4e74ed0442ea6444e01dd052c54ccf21ff585e41f1fb3,inv_4e5710fe,inv_b618758a,90175356,560000000,,1783968029,13-07-2026 18:40:29,1783968029,0,,,,,,,,,
0x2aa187a1f3719a13f371f1a539fa6685b084a209a0686ba68ed4dec7d882c96c,inv_b618758a,inv_10ee2b7c,90167622,330480000,,1783956428,13-07-2026 15:27:08,1783956428,0,,,,,,,,,
0x98ff720edd73fac559f7f5e0900dddfb177d3559d3efe7eccfa8723f3f7632b1,inv_b618758a,inv_10ee2b7c,90167579,193320000,,1783956364,13-07-2026 15:26:04,1783956364,0,,,,,,,,,
0x75d64299f78624804dcd89f524dcfeb7837c2821d7036f3d81cd6e0179400003,inv_011abe63,inv_10ee2b7c,90166044,756000000,,1783954061,13-07-2026 14:47:41,1783954061,0,,,,,,,,,
0xcf6a04707aab44a057fe519ccbbd3d15ec2e39942cdf7296dec85d22651c814e,inv_6d4b221a,inv_890c67bf,90163129,103000000,,1783949689,13-07-2026 13:34:49,1783949689,0,,,,,,,,,
0xb259a768421dbc233ca2bf2c2a9da528a65299be93533756fbf217a674756b94,inv_cf96e801,inv_b93eeae9,90130943,208000000,,1783901410,13-07-2026 00:10:10,1783901410,0,,,,,,,,,
0xcac6bc5174861b44665e7b5ce4772cb311c4db2d70135a33f5d312e58de418d5,inv_b618758a,inv_2e780413,90102792,485935070,,1783859183,12-07-2026 12:26:23,1783859183,0,,,,,,,,,
0xe25b10522b00bb279423e3d871ddf88d8d9ddbc1879d760fabea8cc7a905a246,inv_4c6e043a,inv_c899deb9,90068809,100000000,,1783808209,11-07-2026 22:16:49,1783808209,0,,,,,,,,,
0x23682fb58ea47c2281d7ab1d80e505e58def77ea8d26879109724415182535d0,inv_4c6e043a,inv_c899deb9,90068778,100000000,,1783808162,11-07-2026 22:16:02,1783808162,0,,,,,,,,,
0x0e319b0fc08dc0c3db90be4c9ea384137eaaa1e1b2bd3c50cb7ae772f00f5739,inv_4c6e043a,inv_498e8beb,90068325,495000000,,1783807483,11-07-2026 22:04:43,1783807483,0,,,,,,,,,
0xb09774bb97686fa9b24ee125839b8e7a1069cd4b6c160272353e11d550d81384,inv_cf96e801,inv_b618758a,90065007,294721,,1783802506,11-07-2026 20:41:46,1783802506,0,,,,,,,,,
0x00b6b12de18853fe9f352083a3a54edd79bd811ebdafb3c9b3d4f4ef59d943e3,inv_cf96e801,inv_10ee2b7c,90052853,770000000,,1783784275,11-07-2026 15:37:55,1783784275,0,,,,,,,,,
0xefc9f2d89b330d1a1f5dc4d22a7e689deb7b2b1f45d721ab38c73f9543cc0d79,inv_d381a12e,inv_b93eeae9,90047037,308880000,,1783775551,11-07-2026 13:12:31,1783775551,0,,,,,,,,,
0x479da7b8cc8560ff4a3b6c686619528a7b38f3a7da0b63246166bbc8be95af6c,inv_27d9f845,inv_b618758a,90043794,572500000,,1783770686,11-07-2026 11:51:26,1783770686,0,,,,,,,,,
0x8e9903c4f3baa1cad312cf073be7cc1c3b03dc6252a0fa958504c63ddff58e4c,inv_011abe63,inv_10ee2b7c,90035186,1090000000,,1783757774,11-07-2026 08:16:14,1783757774,0,,,,,,,,,
0x8f95ef1b9785786b912c764974fe03face6063ef8ace66f2b2293c2c987c0b2e,inv_d381a12e,inv_b93eeae9,89993934,540000000,,1783695896,10-07-2026 15:04:56,1783695896,0,,,,,,,,,
0x435f3bcbf0f25de43629f28490d64e2b2f5bf4f18d4ee58c88737e97a6129c8e,inv_88e68846,inv_10ee2b7c,89987911,237120000,,1783686862,10-07-2026 12:34:22,1783686862,0,,,,,,,,,
0x3e041c61aefde605702f08d16680bf3e5e950daf798ec46de138935e17a2280b,inv_b618758a,inv_10ee2b7c,89985717,1575000000,,1783683571,10-07-2026 11:39:31,1783683571,0,,,,,,,,,
0xbd2afe1cb12ac6530d90fefe50946ad9f4ddf0af9d33f3d2bb0ff7a32376f55d,inv_b618758a,inv_10ee2b7c,89985613,372060000,,1783683415,10-07-2026 11:36:55,1783683415,0,,,,,,,,,
0x0781ef722c3ff4f280e47ec828373d4476727b7b1d9a5b59ca8944234cb80ecc,inv_b618758a,inv_10ee2b7c,89984372,528940000,,1783681553,10-07-2026 11:05:53,1783681553,0,,,,,,,,,
0x48bae7ea8699a7baf5b1cd745e7b19c280f1dba0f9ed64e65ea1e0d7b5bf5c4f,inv_00353004,inv_b618758a,89982180,3033720000,,1783678265,10-07-2026 10:11:05,1783678265,0,,,,,,,,,
0x76100b74027a5ea0610d1df0d70c7c78075987424166bfddc4f85e2760ff489f,inv_b618758a,inv_10ee2b7c,89981922,1060000000,,1783677878,10-07-2026 10:04:38,1783677878,0,,,,,,,,,
0xc99a1f304449adc1a6e0cded35fbf4d866b54a6af738ddf9e969c292e34c1d59,inv_b618758a,inv_10ee2b7c,89981749,270400000,,1783677619,10-07-2026 10:00:19,1783677619,0,,,,,,,,,
0x47188134b2fb25d99450a2c9263425f8acd7c4eeee2f26f6ee7976d4a3d6500c,inv_00353004,inv_10ee2b7c,89981470,520000000,,1783677200,10-07-2026 09:53:20,1783677200,0,,,,,,,,,
0x201e4dd542cbc8c1a5603d619802a9c617d7fab0d7af6353804b4d07acbc76f8,inv_d381a12e,inv_b93eeae9,89945347,540000000,,1783623016,09-07-2026 18:50:16,1783623016,0,,,,,,,,,
0x8c3e992d78cb944a4636d07328263103def7b5d0bbf2ceb52bb4abe37deb2fe6,inv_d381a12e,inv_b93eeae9,89944840,540000000,,1783622255,09-07-2026 18:37:35,1783622255,0,,,,,,,,,
0x4470e6a94adb89cd66e70e491ef39fd6f5d861a65f65f38d5db4fed09945d8a2,inv_d381a12e,inv_b93eeae9,89944302,540000000,,1783621448,09-07-2026 18:24:08,1783621448,0,,,,,,,,,
0x329ad4eaedef8be0502f91babe5ea193e2080f484586bfadaac5cb75a83c18a6,inv_d381a12e,inv_b93eeae9,89942743,540000000,,1783619110,09-07-2026 17:45:10,1783619110,0,,,,,,,,,
0x87289ed5a5ca1a6d184d098b633784ff791d75c3c1c8a14a9a6d2c02232fd34a,inv_24290cf0,inv_a8f467a6,89938499,3160200000,,1783612744,09-07-2026 15:59:04,1783612744,0,,,,,,,,,
0xbe62b230032115ee4f117e7517bf5fd42f6e587ec3fe3a1aa0573b7881a21f39,inv_b618758a,inv_10ee2b7c,89932623,515000000,,1783603930,09-07-2026 13:32:10,1783603930,0,,,,,,,,,
0x7c686e542b735a712b6e5f93a0ab3b45359ff7d8d02b01ba8ab973aeda7f1fab,inv_88e68846,inv_10ee2b7c,89932424,563410000,,1783603631,09-07-2026 13:27:11,1783603631,0,,,,,,,,,
0xd0ce5d6b1c5f2d7b8e24057932074e333286deec282646686b4fcf071c863b67,inv_b934cdb6,inv_5425f722,89925084,204000000,,1783592621,09-07-2026 10:23:41,1783592621,0,,,,,,,,,
0xcb3f2a2b1f06515f2fface27c9095d05000a57a0450b38271341313fc18b82dc,inv_b618758a,inv_10ee2b7c,89885759,602550000,,1783533634,08-07-2026 18:00:34,1783533634,0,,,,,,,,,
0xcb95abc11400e98e6bc7e7f90264096872c87f4f354794da2e8b410e4b585ab4,inv_b618758a,inv_10ee2b7c,89885725,618000000,,1783533583,08-07-2026 17:59:43,1783533583,0,,,,,,,,,
0xea06b292b84f8901b317d6fa387d4c0b63cc87ffc8d56f8e67c2f659ed047e63,inv_5122e65b,inv_890c67bf,89871839,103000000,,1783512754,08-07-2026 12:12:34,1783512754,0,,,,,,,,,
0x42c2332d1af68d7bae32fc3067b5c47672716e2989e7d9aea79031604ace1625,inv_b934cdb6,inv_832500e3,89871378,114280000,,1783512062,08-07-2026 12:01:02,1783512062,0,,,,,,,,,
0x889fa8326a0b103f41a516112c95263d47bc115d9173018b14de2e5c8dbd59af,inv_d381a12e,inv_b93eeae9,89867054,540000000,,1783505576,08-07-2026 10:12:56,1783505576,0,,,,,,,,,
0x5afb14b0c7a60c1a1ac09cf84376bf5cced54a7a142c9561fafadb3fb9be8f9f,inv_ed1fb37d,inv_51fb59ef,89859211,105000000,,1783493812,08-07-2026 06:56:52,1783493812,0,,,,,,,,,
0xe76091f9ca120a3fcc2b9ee451d10f1084b0b5ec00c633a3be49817ecdd6c696,inv_88e68846,inv_a8f467a6,89857880,1545000000,,1783491815,08-07-2026 06:23:35,1783491815,0,,,,,,,,,
0xa974580fee7b6761348108e78e60cf24c9b1a13fe07e7bf0fbfa55a827d076e1,inv_a9e8ecb2,inv_5036e223,89823671,98866350,,1783440502,07-07-2026 16:08:22,1783440502,0,,,,,,,,,
0x9be3afcdfa962f6f8bfc56d266f4611f40c672be9f3cf056f602993231a9db2c,inv_b934cdb6,inv_8f230963,89808884,111980000,,1783418321,07-07-2026 09:58:41,1783418321,0,,,,,,,,,
0x338b30084c661955e8578bb191c37dc94792db509e76a19871c01a162fc2d047,inv_9aa7c128,inv_a8f467a6,89764056,1282512000,,1783351079,06-07-2026 15:17:59,1783351079,0,,,,,,,,,
0x0f4a4f538fe90490fecf65c66096aaeb36e2a56f2d242e06101306c9e08c7369,inv_b618758a,inv_a8f467a6,89716713,927000000,,1783280065,05-07-2026 19:34:25,1783280065,0,,,,,,,,,
0xaab769674d2cb03c2b1128d163bdbba1d03239016500ff3a8ed813eadf98bed6,inv_b618758a,inv_a8f467a6,89716666,1253884500,,1783279994,05-07-2026 19:33:14,1783279994,0,,,,,,,,,
0x08ce4137a4ca63e9f883a34420df93fb164173f5c67d9574c066f2904af5c4e3,inv_4e5710fe,inv_cf96e801,89707038,173606410,,1783265552,05-07-2026 15:32:32,1783265552,0,,,,,,,,,
0x622f7362a6e2dc60487084488ea24e3a9e2b1ed72848ef80847b8ec6e129bd19,inv_4e5710fe,inv_c899deb9,89706963,100000000,,1783265440,05-07-2026 15:30:40,1783265440,0,,,,,,,,,
0x280873f86650adf24912512d8ddfaa9cca95031ffb972d7a68a83d488b639010,inv_f8534963,inv_b73f6b6d,89700940,228000000,,1783256405,05-07-2026 13:00:05,1783256405,0,,,,,,,,,
0x031e536ad695800ee88c723f4dafcda88ff928c43256f7521ff7074bfcfcce6e,inv_f8534963,inv_b73f6b6d,89700891,342000000,,1783256332,05-07-2026 12:58:52,1783256332,0,,,,,,,,,
0x0015ce7fa276f93471b9028b760baa315aa8dc258877fe549a5db3f2bcb8517a,inv_b8f9cf04,inv_10ee2b7c,89692353,108871199,,1783243525,05-07-2026 09:25:25,1783243525,0,,,,,,,,,
0xefe6cc97c8bbde2ded44d16e18122c5a8798b272a508b905a702edd3b691c621,inv_b618758a,inv_10ee2b7c,89689080,459380000,,1783238615,05-07-2026 08:03:35,1783238615,0,,,,,,,,,
0x6ef127eb69def66a1ce24d9f5740b8ccc7430389dd76477b407fee8fea9021ab,inv_b618758a,inv_10ee2b7c,89688674,410970000,,1783238006,05-07-2026 07:53:26,1783238006,0,,,,,,,,,
0xc929f94b1fa2a1c83f1e751b6e59752ef720fcca7b9a80de59d2187f36df1222,inv_b618758a,inv_10ee2b7c,89688259,338640000,,1783237384,05-07-2026 07:43:04,1783237384,0,,,,,,,,,
0xbc361b8875116f54323c0c50be52d6a5182762ccecd0668a7f63c6d908afcf04,inv_b8f9cf04,inv_10ee2b7c,89666669,299517364,,1783204999,04-07-2026 22:43:19,1783204999,0,,,,,,,,,
0x8f3ba7e2e83aae1c6d2a81c2d2b283f37c040b39106ad1e95087e7009b366456,inv_6d4b221a,inv_890c67bf,89648258,103000000,,1783177382,04-07-2026 15:03:02,1783177382,0,,,,,,,,,
0x8a2ec946e48e1211534e0af7aa4ca2b26a4ae3dc082bdb6d5e82038da76c235c,inv_b8f9cf04,inv_10ee2b7c,89643072,379425561,,1783169603,04-07-2026 12:53:23,1783169603,0,,,,,,,,,
0x614a4ab2ed0e02a471cc5e0a25cff726503d6c09843c3c91986eee088ce80661,inv_e270dfab,inv_a9e8ecb2,89640905,1080000000,,1783166353,04-07-2026 11:59:13,1783166353,0,,,,,,,,,
0xf3f06e35fb0621272c98b0517634b3b39f25e80d382c80ce0fdd0ca9cf142c10,inv_6d4b221a,inv_2142dfdf,89605447,416000000,,1783113166,03-07-2026 21:12:46,1783113166,0,,,,,,,,,
0xf1b46bf2c7688ec94986cb7fc575420b487b4523b535412b7397fee9ae9cf5eb,inv_8f230963,inv_69af66df,89585059,575000000,,1783082584,03-07-2026 12:43:04,1783082584,0,,,,,,,,,
0x4f5904f3aa7ea5cae233ec239a14da4dfef82beff56b4b0c0a9ea7cd8868c871,inv_4e5710fe,inv_890c67bf,89569793,103000000,,1783059685,03-07-2026 06:21:25,1783059685,0,,,,,,,,,
0x180f8e3db181c8dc8a6f00da539299964d569e3486a94bd79a06efa72ef70a84,inv_4e5710fe,inv_c867f1c2,89569713,316891992,,1783059565,03-07-2026 06:19:25,1783059565,0,,,,,,,,,
0xa17c12684c86740f8705e7589b51bbc1e690c76f903baac3adf4c93edb1f109e,inv_4e5710fe,inv_51fb59ef,89569664,210000000,,1783059491,03-07-2026 06:18:11,1783059491,0,,,,,,,,,
0xf25a8280c13b503b7735155a98832d49e235619e3b838662b4f3a8374d360e32,inv_7a04f164,inv_c48b8c69,89537558,293095363,,1783011332,02-07-2026 16:55:32,1783011332,0,,,,,,,,,
0x291e9f1cdf25b86693fe2ca1b9c05c7a640e0064f8fc9ae0fde9c1e4743285d3,inv_b934cdb6,inv_cf96e801,89519127,120990000,,1782983686,02-07-2026 09:14:46,1782983686,0,,,,,,,,,
0x6250004634ec17fd2d02184666d5429bdb232157c8825b28971998d53f856611,inv_13ce63e6,inv_4dbb0533,89494128,3020551823,,1782946187,01-07-2026 22:49:47,1782946187,0,,,,,,,,,
0xb7e86bb6d7787e2a6014c6f28bd3d9f1fdd5cd5d5f80aa9d791565b8ae7e3176,inv_b934cdb6,inv_498e8beb,89492517,99000000,,1782943771,01-07-2026 22:09:31,1782943771,0,,,,,,,,,
0xcda21e172ef8960bf4b0634d9c277ca2af732f4efb2c704440787b3147898bcd,inv_b934cdb6,inv_b618758a,89492395,114000000,,1782943588,01-07-2026 22:06:28,1782943588,0,,,,,,,,,
0x5f1e52c7e279e1936919e17cb97705eb88c9720fed6b27b234de101cc32f970d,inv_b934cdb6,inv_c899deb9,89465920,100000000,,1782903875,01-07-2026 11:04:35,1782903875,0,,,,,,,,,
0xdf697062b57882611e8763f0da8efbfcf0bbbd57d1fd2832c42a5e0e97ac5106,inv_88e68846,inv_a8f467a6,89453391,1010000000,,1782885082,01-07-2026 05:51:22,1782885082,0,,,,,,,,,
0xcf063e2837a01af6e5846e54ee830ba684cedce9330bef1bc1908abc8f37ff67,inv_51fb59ef,inv_75578a1d,89446186,155616908,,1782874274,01-07-2026 02:51:14,1782874274,0,,,,,,,,,
0x34855b6e9455fd14b0505c42a0dd256b76b2835b1ba1189b1c5d22670ca7e6e4,inv_b618758a,inv_a8f467a6,89441991,786920000,,1782867982,01-07-2026 01:06:22,1782867982,0,,,,,,,,,
0x9d043a3af56744cdcbb884353fbecd1ba8bb25b1f2844a770f639a773a795d3d,inv_dd02f503,inv_ed1fb37d,89439497,109997118,,1782864241,01-07-2026 00:04:01,1782864241,0,,,,,,,,,
0xfa5160b256ef4cde529f5fbe08e8ead3e5e6b6f40e8c902e9600bd3694cb1fd2,inv_6d4b221a,inv_b618758a,89426334,297000000,,1782844496,30-06-2026 18:34:56,1782844496,0,,,,,,,,,
0x3f2cbc1810cbe383dab0dd9a996a7921181477253e310934f06b57c6be504079,inv_011abe63,inv_b618758a,89425537,986040000,,1782843301,30-06-2026 18:15:01,1782843301,0,,,,,,,,,
0x9938b9f950c5c9fab89aa9f529f2f0df1f3dcc7dd3f9f209c808f88d9f059c77,inv_011abe63,inv_b618758a,89423965,990000000,,1782840943,30-06-2026 17:35:43,1782840943,0,,,,,,,,,
0x5833f15aa048d70218bd4c8a13e4065d77f9a436077f4fb5a796f2281c77c99c,inv_b934cdb6,inv_498e8beb,89415921,99000000,,1782828877,30-06-2026 14:14:37,1782828877,0,,,,,,,,,
0xbbe3c6b6e112c8834d945b9cb54db8710f0e0e998a8631aa858fc93f7e2fa8b4,inv_b934cdb6,inv_c899deb9,89415697,200000000,,1782828541,30-06-2026 14:09:01,1782828541,0,,,,,,,,,
0x65f4ea3a029ec0b8b448f85f4d198dc297f903e91d63b651b9fc9ba7c65e2186,inv_011abe63,inv_b618758a,89415390,1050109127,,1782828080,30-06-2026 14:01:20,1782828080,0,,,,,,,,,
0x20cf0999a9947e597809e0bfe11c62447c41d70c26daf94a485de946b4fbb8ba,inv_51fb59ef,inv_a9e8ecb2,89388177,628522620,,1782787261,30-06-2026 02:41:01,1782787261,0,,,,,,,,,
0xc2da989e300f7cb5cf8e830bcd4ba4684866655fa56c338ca6734e07a0ea75e6,inv_011abe63,inv_b618758a,89364926,495000000,,1782752384,29-06-2026 16:59:44,1782752384,0,,,,,,,,,
0x410083fa846a21d9fb75937a5d773120bfe699ef102e102203c9f5f5d02cde6c,inv_b618758a,inv_dcf1ba3b,89356823,1001491111,,1782740230,29-06-2026 13:37:10,1782740230,0,,,,,,,,,
0x0c3a401044778fd3bd3b6a6563d31092c5f50e92247951467b81ace46de3e619,inv_b934cdb6,inv_498e8beb,89354663,99000000,,1782736990,29-06-2026 12:43:10,1782736990,0,,,,,,,,,
0xb1ca34e402ac7821159f6ff5d69f919864ac0f5f1df48f267517c4a4d14ef5a0,inv_b934cdb6,inv_cf96e801,89348918,120990000,,1782728372,29-06-2026 10:19:32,1782728372,0,,,,,,,,,
0x2116bbe260930266a06e10ce5605d4dad37c806b2a946e852cb6c176a33f22ba,inv_c48739e9,inv_2e53c994,89339071,550000000,,1782713602,29-06-2026 06:13:22,1782713602,0,,,,,,,,,
0x530f27392907658a85476a7ecafaf6bbbf1d35a7dc6598e3a0b6c5d09c3c8d78,inv_5425f722,inv_10ee2b7c,89313184,200000000,,1782674771,28-06-2026 19:26:11,1782674771,0,,,,,,,,,
0x7883aaad8a8361614d0d97ceff0d1f4e49f9c5d4ada84a4cfe89d59e27f32a92,inv_b934cdb6,inv_498e8beb,89310718,99000000,,1782671072,28-06-2026 18:24:32,1782671072,0,,,,,,,,,
0x1f99aae6bfdd74b95c33be1cff4a485c91f150caa329414aabeb3bdadde6aa3a,inv_cf96e801,inv_2e53c994,89308720,160490000,,1782668075,28-06-2026 17:34:35,1782668075,0,,,,,,,,,
0xf7c96601f485fcb6ee37449cb6fcf0799df8849a942d495becd500b3f96310e7,inv_b618758a,inv_2e53c994,89302989,649000000,,1782659479,28-06-2026 15:11:19,1782659479,0,,,,,,,,,
0x21b97cb001b5fff6a62d983e32c91c770c8aca6c5747c2dc2d2ddc9966cc118e,inv_b618758a,inv_2e53c994,89302954,883700000,,1782659426,28-06-2026 15:10:26,1782659426,0,,,,,,,,,
0xfe30508e74d0942c3b0bdb685fa84dda206400a3048461463fc414bd602d3ea8,inv_24290cf0,inv_b73f6b6d,89252295,348000000,,1782583438,27-06-2026 18:03:58,1782583438,0,,,,,,,,,
0x44b19d8ff7b599c678ae6d7d88f2262436944a59c7d57520feff2f1a52140c1c,inv_a9e8ecb2,inv_a8f467a6,89237758,1050000000,,1782561632,27-06-2026 12:00:32,1782561632,0,,,,,,,,,
0x3d59a0be21040318ca61224e094b7d43bffa2789d4d052cbaec73ed521a4993f,inv_a9e8ecb2,inv_b73f6b6d,89237483,610564830,,1782561220,27-06-2026 11:53:40,1782561220,0,,,,,,,,,
0xf4184187ba047c0a7f35cc35f3f4e607501696a37111201a3ca8d8f0663f504e,inv_5425f722,inv_10ee2b7c,89233228,204228157,,1782554837,27-06-2026 10:07:17,1782554837,0,,,,,,,,,
0xaac4b2771321bad7fd10acd7aef4df18aa722be4ba3844aeac7a2a59cabe8da9,inv_5425f722,inv_10ee2b7c,89233175,200000000,,1782554758,27-06-2026 10:05:58,1782554758,0,,,,,,,,,
0x185b20fc2e659fb6b2cf96d322eb9c4d6d18a1545a4b33e7a00625027bbd4c33,inv_5425f722,inv_10ee2b7c,89232107,61164054,,1782553156,27-06-2026 09:39:16,1782553156,0,,,,,,,,,
0x7da865294df575dc33ca3121eddcfd67d21e3cf046075645766400c2780d2d05,inv_b934cdb6,inv_37f0d616,89222364,120000000,,1782538541,27-06-2026 05:35:41,1782538541,0,,,,,,,,,
0x3c3543b145487206ea3aa0f10ec44dfc3d55d4e9a5df28d01648331b0166782c,inv_b26c0352,inv_b73f6b6d,89204802,230000000,,1782512198,26-06-2026 22:16:38,1782512198,0,,,,,,,,,
0x4f5e0d153257b9a2eaa9baa96f8167fb36affd713a1a1d8075f664f6b36adf74,inv_b934cdb6,inv_8f230963,89193131,115980000,,1782494692,26-06-2026 17:24:52,1782494692,0,,,,,,,,,
0x55765e72d2e453cb2890ca709d6e330ba09b2bdb114d2e62dbdcc2a38539c6be,inv_5425f722,inv_10ee2b7c,89190497,323240402,,1782490741,26-06-2026 16:19:01,1782490741,0,,,,,,,,,
0x1b8c0f7402d0fa8cac4314a28131743066fd73c78bdb619c0630733d5ed332c3,inv_d381a12e,inv_a8f467a6,89169154,535000000,,1782458726,26-06-2026 07:25:26,1782458726,0,,,,,,,,,
0x072d385de6232f24bb30471f14a7f132a5fe8cc10efcad98d313c42196cd9b81,inv_b618758a,inv_09c109b1,89120283,2770812000,,1782385420,25-06-2026 11:03:40,1782385420,0,,,,,,,,,
0xae513a735f064891941d6a5f6195d0803319a686bfa555da00c40a29b33ad38e,inv_24290cf0,inv_2e920bad,89089409,2091889445,,1782339109,24-06-2026 22:11:49,1782339109,0,,,,,,,,,
0x8d701a435d7d9b0f382ff830c22ee3a83df951a2eb35c8ed02717afa5f43de88,inv_5122e65b,inv_75578a1d,89087721,116173388,,1782336577,24-06-2026 21:29:37,1782336577,0,,,,,,,,,
0x237b4e35f54e0c1ee8d80576cde26e291c12c23595830eb94ea2f11a00c2a684,inv_5425f722,inv_ca53a907,89076352,115376195,,1782319523,24-06-2026 16:45:23,1782319523,0,,,,,,,,,
0x65a37c4de4146e65fa1741ca9f7644308f7b35691068e768f496c8fdc5a95d39,inv_d381a12e,inv_68c8ac7f,89064769,216000000,,1782302149,24-06-2026 11:55:49,1782302149,0,,,,,,,,,
0x43ab3587369575792ae163a5a0f8024c6b7ef0737031904dce3994b763b041de,inv_51fb59ef,inv_8f230963,89042794,99980000,,1782269186,24-06-2026 02:46:26,1782269186,0,,,,,,,,,
0xb2b41c3f6c4b5a1c07ae577e3c03a4b361b393fbca05c0971b7865212caa3681,inv_011abe63,inv_27275bb1,89036804,1224000000,,1782260201,24-06-2026 00:16:41,1782260201,0,,,,,,,,,
0x174616746e377ea818bd32f5155de528c54f4a2f5d385dca063b8711e38de344,inv_88e68846,inv_a8f467a6,89007602,1155036205,,1782216398,23-06-2026 12:06:38,1782216398,0,,,,,,,,,
0x71b9419de75d88d372fa7406deb69620db9f68e947f99799437c670d7dc3045c,inv_88e68846,inv_f828c839,89007501,130428747,,1782216247,23-06-2026 12:04:07,1782216247,0,,,,,,,,,
0xc58ee5894cd2ad84452170a740f87e15d1cc178bc1a9725a3d92dae9730ce4b4,inv_88e68846,inv_5425f722,89007416,236000000,,1782216119,23-06-2026 12:01:59,1782216119,0,,,,,,,,,
0x9d4b573fefd119991b187f905cafda403503f5a9f474b24f3f8bf114a4fddd5e,inv_88e68846,inv_a8f467a6,89007243,580000000,,1782215860,23-06-2026 11:57:40,1782215860,0,,,,,,,,,
0x2165511f447dbcffbbc5216d2a425ca981f78319be727f2e1b107409feebbaab,inv_b618758a,inv_10ee2b7c,88915669,36720000,,1782078499,21-06-2026 21:48:19,1782078499,0,,,,,,,,,
0xd2a6f67304658b97621801559ffbbc6fd7c71f3c659b27fb7d0ae804aac1063d,inv_b618758a,inv_10ee2b7c,88915358,222200000,,1782078032,21-06-2026 21:40:32,1782078032,0,,,,,,,,,
0x84f4e9947dfd563cd0bddb66202727771be7fa0f03c5be67ecce04db9a5ff132,inv_b618758a,inv_10ee2b7c,88915188,222200000,,1782077777,21-06-2026 21:36:17,1782077777,0,,,,,,,,,
0x0e18c20354867696a0c30c276ee69a2bae87ec8fdd42829514de5ee6c5cfaa61,inv_b618758a,inv_10ee2b7c,88914824,222201254,,1782077231,21-06-2026 21:27:11,1782077231,0,,,,,,,,,
0xb54c01c85d5641343853d896a76cdebb662698a3da3dd9e4e2cc1dd5e60fa5f0,inv_b934cdb6,inv_cf96e801,88913674,120990000,,1782075506,21-06-2026 20:58:26,1782075506,0,,,,,,,,,
0xfe01f41a4055c9c941f7317d30c9f81a7399f256066bf6fbc5df1da28ec1eaa0,inv_b618758a,inv_5a6a36ae,88882421,196098472,,1782028627,21-06-2026 07:57:07,1782028627,0,,,,,,,,,
0x72750dd72b1b9eff7d211b81f789b0a0cb61fd872f05a22681e3ff8c2986d31b,inv_b618758a,inv_5a6a36ae,88882384,98020673,,1782028571,21-06-2026 07:56:11,1782028571,0,,,,,,,,,
0x2265f8f56bbdeddbd2b7511f56a9372887eb024d17b89ce872edcb532151e610,inv_ed1fb37d,inv_0b0e7403,88861472,252969787,,1781997203,20-06-2026 23:13:23,1781997203,0,,,,,,,,,
0x6f28c2651645d7a8cb55b9edd85b707df32efff054958844be51f3419367374d,inv_b934cdb6,inv_cf96e801,88857598,120990000,,1781991392,20-06-2026 21:36:32,1781991392,0,,,,,,,,,
0x3718ffdbd18690a67309ad55312ee5e8c3914bdbd12ed0a63d851b419d31a6ce,inv_4c6e043a,inv_498e8beb,88845971,196000000,,1781973952,20-06-2026 16:45:52,1781973952,0,,,,,,,,,
0x569fc0ee2f53bca4c998af9cb4b828cce4c4659615ff6188b9b78db2f926d811,inv_6d3c2326,inv_ed1fb37d,88843416,107000000,,1781970119,20-06-2026 15:41:59,1781970119,0,,,,,,,,,
0x4461c5f610ef1d1e606fa5dd82d38bed46fc3b62f4006c9cce1b0783fdef66b8,inv_b618758a,inv_afda9620,88833848,99812136,,1781955767,20-06-2026 11:42:47,1781955767,0,,,,,,,,,
0x61770e08eaa899aa5a343c36afa58862d4ee9e6e0f3bc43620a9f8c658b5f42a,inv_d381a12e,inv_59b4b6d3,88833269,600000000,,1781954899,20-06-2026 11:28:19,1781954899,0,,,,,,,,,
0x8b7bc33481eeb00dd853a78f89446e5b5c4b42a57683d6e448872b18582f9cf2,inv_b934cdb6,inv_ed1fb37d,88828828,111000000,,1781948237,20-06-2026 09:37:17,1781948237,0,,,,,,,,,
0x5c056b861ae2916f354fad796d3faae062a9a3697f0ce54b163321e489ba3eab,inv_4c6e043a,inv_498e8beb,88794954,480000000,,1781897426,19-06-2026 19:30:26,1781897426,0,,,,,,,,,
0x7c7e6e824c18e9adafc08fb8dc3fd1491937002d08faa1a6df36a111789a6c42,inv_4c6e043a,inv_498e8beb,88794916,96000000,,1781897369,19-06-2026 19:29:29,1781897369,0,,,,,,,,,
0xd2673c8f2acc7f5f2c448c5911411294addff6637766f5df11eaff8f448eaac3,inv_231fbe29,inv_10ee2b7c,88782737,321969465,,1781879101,19-06-2026 14:25:01,1781879101,0,,,,,,,,,
0xfc2db51a180118305d05d1d0224c9606feaca70e428160bf8dc19d5c52eb885f,inv_ed1fb37d,inv_5425f722,88760602,234000000,,1781845898,19-06-2026 05:11:38,1781845898,0,,,,,,,,,
0x273e9709c0797fac9cf3f134aeac83c4605ecf2af147d25dfe063dbd937698ed,inv_762c5e07,inv_ed1fb37d,88752569,154113962,,1781833849,19-06-2026 01:50:49,1781833849,0,,,,,,,,,
0xa6b47fe8890b79ebb6d5130574dffb09e62d517325dca000fcd573e20e4eacae,inv_762c5e07,inv_49b790a7,88752402,116000000,,1781833598,19-06-2026 01:46:38,1781833598,0,,,,,,,,,
0x8d8a655d34be824648fb70b78903d80324be3b432e9ec80a2158912999333b63,inv_ed1fb37d,inv_5425f722,88742054,234000000,,1781818076,18-06-2026 21:27:56,1781818076,0,,,,,,,,,
0xf87ef7b1770e54a52c7eeb481b2392c0904e22c71dab48cecdc5fd14f85f08fe,inv_b618758a,inv_5a6a36ae,88740504,105000000,,1781815751,18-06-2026 20:49:11,1781815751,0,,,,,,,,,
0xa8990955778b25b115a4992ee53d009b490f5654a41087900a98c7c71b3dd73c,inv_b618758a,inv_5a6a36ae,88740468,100021000,,1781815697,18-06-2026 20:48:17,1781815697,0,,,,,,,,,
0x855d35148af63499d38eb139c8ee149ab734bc8a3bcb370d1d8685e6f1a45de5,inv_231fbe29,inv_10ee2b7c,88730881,390696516,,1781801317,18-06-2026 16:48:37,1781801317,0,,,,,,,,,
0x2d3e4549c7497eafd51a0e1f3df784d315e2cd537b224ad753a617c4c33074cb,inv_b934cdb6,inv_ed1fb37d,88725140,138631875,,1781792705,18-06-2026 14:25:05,1781792705,0,,,,,,,,,
0xe0acaf62b3805cac7d49d96e2541467607cf009a9a591e6e6fb9fc59dd210e60,inv_b618758a,inv_dd1e02a2,88725105,402800000,,1781792653,18-06-2026 14:24:13,1781792653,0,,,,,,,,,
0x2cb5698f9d1ec5123c7989dd49d743b2fd6f73e1a60b370b18dacbaf2aa1c83c,inv_b618758a,inv_dd1e02a2,88724969,1070000000,,1781792449,18-06-2026 14:20:49,1781792449,0,,,,,,,,,
0x9b051eb02f559bcbdca67f0703e67b58c1b661d37b2cc52b58a83cf09879c7bb,inv_b618758a,inv_dd1e02a2,88724682,1070000000,,1781792018,18-06-2026 14:13:38,1781792018,0,,,,,,,,,
0x4069fdcdef2ce96942e4e4384cc691589db411d13426a91411c2053064d5911c,inv_b618758a,inv_dd1e02a2,88724554,1070000000,,1781791826,18-06-2026 14:10:26,1781791826,0,,,,,,,,,
0x3d6661023809aa33aadbf6d90444d4b4ebc0c8567af7fc822f127b6dd46c26c6,inv_b618758a,inv_dd1e02a2,88724421,1070000000,,1781791627,18-06-2026 14:07:07,1781791627,0,,,,,,,,,
0xbf2259e697bd34feaedd16a31367c6ecc4242d702fb703d094d63784a8481e5a,inv_b618758a,inv_dd1e02a2,88724297,1070000000,,1781791441,18-06-2026 14:04:01,1781791441,0,,,,,,,,,
0xf206b9c9c4bdffb15b6782eb409a7053a1a9b4f7ebd740f1cc8652a2d0f9f014,inv_b618758a,inv_dd1e02a2,88724148,1070000000,,1781791217,18-06-2026 14:00:17,1781791217,0,,,,,,,,,
0xec2b3884d8bbf9cf190854070d1f437a48621eccd522a2b8dbb91129fea53be9,inv_b618758a,inv_dd1e02a2,88723843,1070000000,,1781790760,18-06-2026 13:52:40,1781790760,0,,,,,,,,,
0x72723e2abb63061d568ceb4638658d8290fe6ea8e57c2a125e6a4437feb42445,inv_b618758a,inv_dd1e02a2,88723669,1080000000,,1781790499,18-06-2026 13:48:19,1781790499,0,,,,,,,,,
0xdef1b6f30fb7c4accbad7cb73988ef8574f640309c98a1e36c9dec34d038c2ff,inv_b618758a,inv_dd1e02a2,88723418,1080000000,,1781790122,18-06-2026 13:42:02,1781790122,0,,,,,,,,,
0x15f36cb9328aaf65821bb30049c4ce90f840466caf8cd5d15664819ce1f4ba3a,inv_b618758a,inv_dd1e02a2,88723266,1080000000,,1781789894,18-06-2026 13:38:14,1781789894,0,,,,,,,,,
0x15478a4a56474be5066b070eb0dfccedd970006ba1a021a9b44cbcb72a25f68f,inv_cf96e801,inv_dd1e02a2,88719363,216000000,,1781784040,18-06-2026 12:00:40,1781784040,0,,,,,,,,,
0x511aeafa81eaa4054611a2ab050998bb44a7f18d9e239f1585914ecb5ee0883b,inv_cf96e801,inv_dd1e02a2,88718339,540000000,,1781782504,18-06-2026 11:35:04,1781782504,0,,,,,,,,,
0x3b310ca61fd04a73956b23c79cb19416764fd3d10af57d35037a6ccf9262adf0,inv_011abe63,inv_dd1e02a2,88686981,1100000000,,1781735467,17-06-2026 22:31:07,1781735467,0,,,,,,,,,
0xda37459626a9a3f77413b7cbd3b65aa1c7f7afff16039eaef93237777ba18654,inv_cf96e801,inv_99cb85dd,88685061,202639464,,1781732587,17-06-2026 21:43:07,1781732587,0,,,,,,,,,
0x1f365fb1d29bb50b572c5f901f9aed69ec42aa9647e8d33c2725fd9101eefc6c,inv_cf96e801,inv_99cb85dd,88685021,99980000,,1781732527,17-06-2026 21:42:07,1781732527,0,,,,,,,,,
0x7548ff83de9775f11d2aaa6e673162cfdeabe53451a9da02af2983ff8a40325f,inv_cf96e801,inv_99cb85dd,88684967,199960000,,1781732446,17-06-2026 21:40:46,1781732446,0,,,,,,,,,
0xc2599b3f2ad9c8409ed78a0a580df896ba88f6d399aa52553d471c2cb3949721,inv_27d9f845,inv_ac1d3970,88656204,1160000000,,1781689295,17-06-2026 09:41:35,1781689295,0,,,,,,,,,
0xe15783c04ad66f98da6101d7936fe7359e1ce225cfce2f8ffd883c2f82367ab0,inv_231fbe29,inv_cf96e801,88651969,110880000,,1781682943,17-06-2026 07:55:43,1781682943,0,,,,,,,,,
0x974afa226b4f6b8fc1f5f3340d0c37453592d6c7c141100dea9bb4b5f38a3f9c,inv_231fbe29,inv_cf96e801,88651899,99000000,,1781682838,17-06-2026 07:53:58,1781682838,0,,,,,,,,,
0xeab834aa53fe3fa9377a664491e0dc149e6acf8096078c4181cad2f9c04b65b1,inv_231fbe29,inv_1cdf4bc2,88651612,900025894,,1781682407,17-06-2026 07:46:47,1781682407,0,,,,,,,,,
0x92e2714e15006bcc280038e2a3e9bf91f85b40587b4e764771e91abffa6d5ff4,inv_ed1fb37d,inv_5425f722,88650428,138722689,,1781680631,17-06-2026 07:17:11,1781680631,0,,,,,,,,,
0x9e9a297c3c120fbe275b500c86b0a57ce182897760eb8edb0f6eef33a88656e9,inv_ed1fb37d,inv_5425f722,88650209,238000000,,1781680303,17-06-2026 07:11:43,1781680303,0,,,,,,,,,
0x30f9aaafb1a0df6d616727b3000074de38a7bcc469e07e0fce74e41efdc85f66,inv_ed1fb37d,inv_b618758a,88626789,216000000,,1781645170,16-06-2026 21:26:10,1781645170,0,,,,,,,,,
0x07e291637299d4a8c65ee977f6f0459fc8cea4ac867fafa92d6741e827c89c23,inv_ed1fb37d,inv_b618758a,88626646,208000000,,1781644955,16-06-2026 21:22:35,1781644955,0,,,,,,,,,
0xb2d439657829a7e7144902268ae3a613b9ff970166f7498395b9a3b5e681aba0,inv_5425f722,inv_c48739e9,88617703,342000000,,1781631541,16-06-2026 17:39:01,1781631541,0,,,,,,,,,
0x66ea307b4d8472bb7cb45b9bba9338fc6745160638116d87424bbed7ac1167d6,inv_d381a12e,inv_59b4b6d3,88614920,560000000,,1781627366,16-06-2026 16:29:26,1781627366,0,,,,,,,,,
0xd5ca6f1ebb833032af137b35db961502201a234371a2eb2a47e64294333c1288,inv_b618758a,inv_3841a3ee,88558263,454500000,,1781542380,15-06-2026 16:53:00,1781542380,0,,,,,,,,,
0x1a6682ddca25634eed92f3425d67dea7d79ef1c336cc90989f6c86be7354889e,inv_b618758a,inv_d9b4f33d,88553530,2500000000,,1781535280,15-06-2026 14:54:40,1781535280,0,,,,,,,,,
0x65fc75e50efac82d7630b2f17125a0cedef15cfb0d35e7325b779e289b1866aa,inv_b934cdb6,inv_8f230963,88543889,115980000,,1781520819,15-06-2026 10:53:39,1781520819,0,,,,,,,,,
0x09a4260f42595d5bef0292a2a098142f0b7176146c48c0a125e5b6a49e52fa82,inv_fc053e36,inv_cf96e801,88540729,99000000,,1781516079,15-06-2026 09:34:39,1781516079,0,,,,,,,,,
0x132ff27f93c9307066a31c8848d157c98caf6482b3b23a099757a72ac3cfc731,inv_51fb59ef,inv_a8f467a6,88521904,515000000,,1781487841,15-06-2026 01:44:01,1781487841,0,,,,,,,,,
0x0e80c56648541b7093a7c1bf3a3ef1f12d86c62064c8bda152b127efc54a80f4,inv_b934cdb6,inv_8f230963,88456468,115980000,,1781389687,13-06-2026 22:28:07,1781389687,0,,,,,,,,,
0x51d7d97bb1617c0986bb0e5da8ca37388f143d99049b3f03e785061ba1508e0b,inv_b618758a,inv_a8f467a6,88454874,1596500000,,1781387296,13-06-2026 21:48:16,1781387296,0,,,,,,,,,
0xd119732a13816d20818ba11bb539a033350c859b388372e9b0a3b351da261c92,inv_011abe63,inv_b618758a,88451673,1000000000,,1781382495,13-06-2026 20:28:15,1781382495,0,,,,,,,,,
0x4c9a860e7d1895da02f420e907fa9415ec0d54c624bacc975bad361ee297ac98,inv_51fb59ef,inv_b618758a,88449459,109000000,,1781379174,13-06-2026 19:32:54,1781379174,0,,,,,,,,,
0x8e5218c6ece9beddd769e7e38810882f86259c9480d5f3089797652037b530a1,inv_2c7f7e24,inv_498e8beb,88448307,96000000,,1781377446,13-06-2026 19:04:06,1781377446,0,,,,,,,,,
0x954c21561b61d9f527e2040f5d585cb75535b161fa5b9b31159668a53b329430,inv_51fb59ef,inv_b73f6b6d,88405968,510000000,,1781313937,13-06-2026 01:25:37,1781313937,0,,,,,,,,,
0xe75eea5ff6594f7f9addc5711e2829a233e1ae7f02a4adaa816674dee5718868,inv_39d0ac30,inv_7ce09ec1,88405264,249578386,,1781312881,13-06-2026 01:08:01,1781312881,0,,,,,,,,,
0xd1d2c63e5131cc8a73484fb29aa651c949463783330a40c0c4ca19cac5dab7ee,inv_39d0ac30,inv_b618758a,88405038,239648123,,1781312542,13-06-2026 01:02:22,1781312542,0,,,,,,,,,
0x50c4a124dd6fad16a163d7de752ea27039fa5516b82b1a1c1f3a7e66ab01f347,inv_9aa7c128,inv_2528bbfc,88395265,577500000,,1781297883,12-06-2026 20:58:03,1781297883,0,,,,,,,,,
0x7de564ebdb11c0a4508f10fdbd2f3a69797a021e5ecd82619523bd9e5f1243ac,inv_9aa7c128,inv_b73f6b6d,88394463,580000000,,1781296680,12-06-2026 20:38:00,1781296680,0,,,,,,,,,
0xd142e1af4899da0dcc936ba632864b1322b19072ed8e3e38eb61f6105856f988,inv_9aa7c128,inv_6ece216d,88394074,580000000,,1781296096,12-06-2026 20:28:16,1781296096,0,,,,,,,,,
0x56f37e1cd97e4fd7f8cde0d97e41da956350a75546fdc67092c87670136983ae,inv_39d0ac30,inv_c48739e9,88376631,565000000,,1781269932,12-06-2026 13:12:12,1781269932,0,,,,,,,,,
0x9a142f5da8cfdfa66a250154eca6b6dd7c89a3ab8f0f30e72cab03dfc533ad61,inv_88e68846,inv_9aa7c128,88361492,315000000,,1781247223,12-06-2026 06:53:43,1781247223,0,,,,,,,,,
0xfa7579df245b65b08157bdfe94fb4588bc1297036c26170e359c19fe464266ff,inv_b934cdb6,inv_b73f6b6d,88324447,202000000,,1781191656,11-06-2026 15:27:36,1781191656,0,,,,,,,,,
0x2874d1a11736f6b4d156f41448d7b96344fd39f19faa064eb1b7c6c3de67e6a4,inv_b934cdb6,inv_b73f6b6d,88324312,232000000,,1781191453,11-06-2026 15:24:13,1781191453,0,,,,,,,,,
0x76032b43a49054d3a84f8bd93500ab8a85558b1664b1d63d3f3547b1291136e7,inv_88e68846,inv_498e8beb,88323636,1155000000,,1781190439,11-06-2026 15:07:19,1781190439,0,,,,,,,,,
0x4df1aa774ee13d257742c9c55be741a6e2f81109bc36d50d65933ad0afdd4908,inv_b618758a,inv_57596a32,88319448,108697374,,1781184157,11-06-2026 13:22:37,1781184157,0,,,,,,,,,
0x981b6b674d162660c8c32018cc06fd1fc14117f64374b1edc391cd1f8f0dce3e,inv_b618758a,inv_57596a32,88319429,108710805,,1781184129,11-06-2026 13:22:09,1781184129,0,,,,,,,,,
0x15a3de9403c5a64130debc826909e0215d212351279674cf2e18585d9c96d328,inv_b618758a,inv_57596a32,88319304,208659142,,1781183941,11-06-2026 13:19:01,1781183941,0,,,,,,,,,
0xc99b95deb1519bc378e52dc11a6bd82d58bbaf152e1c7a2d23cf7b029cceceb8,inv_b618758a,inv_1cdf4bc2,88310491,2575687500,,1781170722,11-06-2026 09:38:42,1781170722,0,,,,,,,,,
0x1fb7e2bd5d7e0246fa8b37cb1475fad37ece029bfb898c1ee1022e4b43bd1e3e,inv_88e68846,inv_5425f722,88300176,234000000,,1781155249,11-06-2026 05:20:49,1781155249,0,,,,,,,,,
0x2c120819c2a1e79dbe8e73d475d960e11b6f3dec7848cc0677c90ad7c8651f28,inv_88e68846,inv_5425f722,88300110,235000000,,1781155150,11-06-2026 05:19:10,1781155150,0,,,,,,,,,
0x2d09c7743cc98fb8cde655dcd84ec713b233acf8f7e1f7f4c90d14689d41700e,inv_5425f722,inv_1cdf4bc2,88281866,2750000000,,1781127784,10-06-2026 21:43:04,1781127784,0,,,,,,,,,
0x73bcd9429e5eb6b70a061732f7d6da9674b94e707b4b7e2d8e5f0132ad756ac2,inv_baefba0d,inv_f828c839,88281533,135000000,,1781127285,10-06-2026 21:34:45,1781127285,0,,,,,,,,,
0xaa0cb1a6540d8f0dcd50c2ad48891fe9a3446f80c6c7fdea5d261efe608b7a2f,inv_baefba0d,inv_b73f6b6d,88281192,232000000,,1781126773,10-06-2026 21:26:13,1781126773,0,,,,,,,,,
0x5209299b0bc363b9ba7c18af0d18bac041ed11a65ee3f4007c90376e6437e2fe,inv_b934cdb6,inv_8f230963,88266697,124000000,,1781105031,10-06-2026 15:23:51,1781105031,0,,,,,,,,,
0x72b66cda82f695eb4654face97d6c39936ac9f9176a53e8178abf5300721199b,inv_b934cdb6,inv_b618758a,88266552,109000000,,1781104813,10-06-2026 15:20:13,1781104813,0,,,,,,,,,
0xd4b7443691a5596cd59449441fd58edc59f48411847a7b528fdbc9afa1e7ba73,inv_b9b5acda,inv_b73f6b6d,88265548,204000000,,1781103307,10-06-2026 14:55:07,1781103307,0,,,,,,,,,
0x9ff90faee870305e0cddc1e0901f40361c99f6523fcb585631f6c0c0ebc1de2b,inv_b9b5acda,inv_b73f6b6d,88265509,519792000,,1781103249,10-06-2026 14:54:09,1781103249,0,,,,,,,,,
0xb9f47b19f5ccdae4f87fea529e8d8dec9a1043d622d6b00b1a6bce72880c6cba,inv_88e68846,inv_f828c839,88259369,130000000,,1781094039,10-06-2026 12:20:39,1781094039,0,,,,,,,,,
0xf6bfa31cbcb5f51899aeac3caa5cd846faa2a3eda1d647661aaa053c55c1345c,inv_b618758a,inv_ea2da5d4,88256037,2100000000,,1781089041,10-06-2026 10:57:21,1781089041,0,,,,,,,,,
0x44e277b17f422760e0dd76155f3b2cc38974afd8630043c47dd625a036b947b4,inv_0d10e38b,inv_1cdf4bc2,88248287,2835030000,,1781077416,10-06-2026 07:43:36,1781077416,0,,,,,,,,,
0x74107e9456703660a4696baedad6b79eb8d704aa4c156bc6b5f9ef506b963c67,inv_51fb59ef,inv_b618758a,88233332,330000000,,1781054983,10-06-2026 01:29:43,1781054983,0,,,,,,,,,
0x42fd41cfffaf8caa60ce99d527cf00ab1b79ea4b32cb8b165400eb63b6683d4b,inv_b618758a,inv_ea2da5d4,88224718,2575000000,,1781042062,09-06-2026 21:54:22,1781042062,0,,,,,,,,,
0xf0136044334122aeb6576f8984fba254e69f50dbd87124a5cbc60c296d9f19db,inv_b618758a,inv_ea2da5d4,88224684,2191350000,,1781042011,09-06-2026 21:53:31,1781042011,0,,,,,,,,,
0xfae336c431f2e150a4d862edfc22cb4e4fdedc6874aadaef17be03dfe283e666,inv_b934cdb6,inv_b618758a,88214807,218000000,,1781027196,09-06-2026 17:46:36,1781027196,0,,,,,,,,,
0xfc78beee3473538cd84143b024477ff439d4a358aa9c693c2f51b78a3d23ce37,inv_9aa7c128,inv_cf96e801,88214357,523963000,,1781026521,09-06-2026 17:35:21,1781026521,0,,,,,,,,,
0xb4e5ce671395d2c386e2ce4acb0055055dee6e0ece6bd70bd5113b793f9f2d6b,inv_9aa7c128,inv_0b0e7403,88214216,462000000,,1781026309,09-06-2026 17:31:49,1781026309,0,,,,,,,,,
0x5c32fda8d20d7ddb860908a5da43e2f1f40fe54b7fdb0e63713718f9dfc94af5,inv_b934cdb6,inv_8f230963,88213910,124000000,,1781025850,09-06-2026 17:24:10,1781025850,0,,,,,,,,,
0xda610f53d327c9f857b084c516dcbba3140dc7f57c318f327f0508ceb9ef05e8,inv_b934cdb6,inv_a9e8ecb2,88158972,106000000,,1780943443,08-06-2026 18:30:43,1780943443,0,,,,,,,,,
0x3e7ff71c0828ef41d94301861006f015b8d3953fbb29cb05101d050f22540f3b,inv_b934cdb6,inv_b618758a,88158854,220000000,,1780943266,08-06-2026 18:27:46,1780943266,0,,,,,,,,,
0x17814d9567e9123534a4c4febf4a1130918c66d4c445351c948a29c5079470b2,inv_8f230963,inv_b618758a,88154812,110000000,,1780937203,08-06-2026 16:46:43,1780937203,0,,,,,,,,,
0x641f4dd389ebfd9993d601ebbb1c9ceb6e73c6d48b8dc077fb8cb3c6fb4b4fac,inv_5122e65b,inv_6ece216d,88150479,35867028,,1780930704,08-06-2026 14:58:24,1780930704,0,,,,,,,,,
0xc387d4e88d55f57d7c064b615dc6785ba927ff9058157e0526a231b4692d01ff,inv_b618758a,inv_f828c839,88107303,125000000,,1780865940,07-06-2026 20:59:00,1780865940,0,,,,,,,,,
0xc9c041b82600fdef9c720eff532d09ec9104cfdbc5b52bf2ad61ded9e17d92d9,inv_4c6e043a,inv_b618758a,88096757,520000000,,1780850121,07-06-2026 16:35:21,1780850121,0,,,,,,,,,
0x912792ae0918b3e26748e1d785e0069bbb04e7c82a5fbb1d040e1e8727e9f18c,inv_b618758a,inv_dcf1ba3b,88077834,1000200030,,1780821736,07-06-2026 08:42:16,1780821736,0,,,,,,,,,
0x841dd7de754039946dc54d73e5009118e9d87f7f2fc494104b0df2599da858f9,inv_b934cdb6,inv_8f230963,88077603,116000000,,1780821390,07-06-2026 08:36:30,1780821390,0,,,,,,,,,
0x85c3b33f8e5b82c4665fb5c552967a514a7ab92c41107ad5953c53cc56601003,inv_808e1008,inv_3f236799,88056424,2389920000,,1780789621,06-06-2026 23:47:01,1780789621,0,,,,,,,,,
0xa0a165d921496ab53028fc73403cf08b8e3d2f6cb2dcf8ea1b1b596bdaa86a3e,inv_808e1008,inv_498e8beb,88056294,353529484,,1780789426,06-06-2026 23:43:46,1780789426,0,,,,,,,,,
0x041e2901bfd5ddece2ed0e567f357926c6854108eb09bbacdbaae4d74ba63ae6,inv_808e1008,inv_b618758a,88056234,1372100000,,1780789336,06-06-2026 23:42:16,1780789336,0,,,,,,,,,
0x82ab320702ab58ce9be1d7c5c23426630f14e357da747bc9609daeebe89fc57b,inv_808e1008,inv_498e8beb,88056134,99500000,,1780789186,06-06-2026 23:39:46,1780789186,0,,,,,,,,,
0x3424d8b0b1dd0d8bb78ef0cdecc6661aac18083219dd1d47db409795d489604b,inv_498e8beb,inv_3f236799,88035829,24050804405,,1780758729,06-06-2026 15:12:09,1780758729,0,,,,,,,,,
0xb92983fecfd7c4c596809c43f5c8f53108e5f2662a8d0775cb99230f0f22309a,inv_498e8beb,inv_ebacd7d1,88035630,1040000000,,1780758430,06-06-2026 15:07:10,1780758430,0,,,,,,,,,
0x19d635740d643615b0d530755b54f32b5bc9455a202a5b5d216aa2e98a2e8e72,inv_808e1008,inv_10ee2b7c,87986127,500000000,,1780684176,05-06-2026 18:29:36,1780684176,0,,,,,,,,,
0x8b93dc109c618a72ff1f09afa5d275ebdf30b73861617d2d82611f089c20bba4,inv_808e1008,inv_10ee2b7c,87986090,400000000,,1780684120,05-06-2026 18:28:40,1780684120,0,,,,,,,,,
0xd602a3938375ffc2d18d815e75ccea222e00cb0575626ab266721e0424aa5542,inv_808e1008,inv_10ee2b7c,87979299,500000000,,1780673934,05-06-2026 15:38:54,1780673934,0,,,,,,,,,
0x75249e7f3e5666a629037b94839f311c66930dee67f9b0792b1b9affaac0894f,inv_808e1008,inv_281e98df,87979174,4803408007,,1780673746,05-06-2026 15:35:46,1780673746,0,,,,,,,,,
0x709e67eea63a32da1f5ec6cd51564e3d031ddc5edd74b5f42670a882fd0b3a5a,inv_498e8beb,inv_ebacd7d1,87947750,1030000000,,1780626610,05-06-2026 02:30:10,1780626610,0,,,,,,,,,
0xd8d71d5cdc062b9b085d977d2c81d13668f3ce96fdfcea238dc0ac758c5ffe97,inv_808e1008,inv_b5f96807,87916782,1009606100,,1780580158,04-06-2026 13:35:58,1780580158,0,,,,,,,,,
0xab4f88bc5137021b76f972d3552082e03d5823d9092db1366fe5aac4de8f6800,inv_d381a12e,inv_68c8ac7f,87819762,218000000,,1780424305,02-06-2026 18:18:25,1780424305,0,,,,,,,,,
0x63370645851ae6d3b8635367d9803370176fbd6c2883268aa062b5ca154a0dc3,inv_b9b5acda,inv_a8f467a6,87815127,2080000000,,1780416194,02-06-2026 16:03:14,1780416194,0,,,,,,,,,
0xb448b22810c2c2d0b5f33202cf8ba45aa46d9d1127a7a20a5c3762fc04f51d2c,inv_5690c297,inv_c867f1c2,87814864,32033973,,1780415733,02-06-2026 15:55:33,1780415733,0,,,,,,,,,
0xf28b5322c58cc05fe6c7f4a244ec10802fc71619b6ef3ec99ce410721ee30de1,inv_5690c297,inv_cf96e801,87814713,102000000,,1780415469,02-06-2026 15:51:09,1780415469,0,,,,,,,,,
0x1e0869b41282990eed307bf623fa5eace68f09fe6a94fad46a30761b32aeb70b,inv_5690c297,inv_9854cde5,87814434,146060466,,1780414981,02-06-2026 15:43:01,1780414981,0,,,,,,,,,
0x4f71a137f1dff7264a800aaebca1a8557ce752905ce33245ba10baec47a937c4,inv_5690c297,inv_9caef85d,87814405,313200000,,1780414930,02-06-2026 15:42:10,1780414930,0,,,,,,,,,
0x93ff5a0a0d4bc4a098660954e6397f7f7edd4104dce3400dc559ca3eb2092cfb,inv_498e8beb,inv_c867f1c2,87812475,100972730,,1780411553,02-06-2026 14:45:53,1780411553,0,,,,,,,,,
0x172247d8022cb02d73114bfae8a78824169dd00adca2e0a12e6d7c7b09c3aa41,inv_498e8beb,inv_c867f1c2,87812456,350063852,,1780411519,02-06-2026 14:45:19,1780411519,0,,,,,,,,,
0x6388a64bc634a76a9ae2445bffda8844028db375a0e550bbf41231a595bbe8df,inv_498e8beb,inv_2528bbfc,87812427,2320000000,,1780411469,02-06-2026 14:44:29,1780411469,0,,,,,,,,,
0xb66eb51a05ede5a4e44a5a61cd647aab11b858d588b240d9394e0f7e12a0ed95,inv_808e1008,inv_cf96e801,87812146,504717496,,1780410977,02-06-2026 14:36:17,1780410977,0,,,,,,,,,
0x944b44820c6d238d0fa7c1a0ccd6f614c5c985482338d72460b2c541e3ddd0a7,inv_197b14fd,inv_6ece216d,87801491,585000000,,1780392331,02-06-2026 09:25:31,1780392331,0,,,,,,,,,
0x9208c7e8ce428657ea237b530c6042ae5cca7185a9cd6aabeeeed130f30afa07,inv_b618758a,inv_b73f6b6d,87796902,312000000,,1780384300,02-06-2026 07:11:40,1780384300,0,,,,,,,,,
0x0b3932da11752648a0ba66592a0e69c7952e5b9d108ca41b84a039a1c0baa86f,inv_7a04f164,inv_75578a1d,87772773,157930248,,1780342074,01-06-2026 19:27:54,1780342074,0,,,,,,,,,
0x954ca11e3fbe8d6844d95f2e4ea92fd80350739bd661fcd3ee55ebcd5759c6af,inv_fe25e7bc,inv_248fe518,87759377,118534682,,1780318631,01-06-2026 12:57:11,1780318631,0,,,,,,,,,
0xec9e5cb4d6f83c33be1bb0c7b67a368ed553fc582ba35e60dc21989384902efc,inv_b9b5acda,inv_498e8beb,87724002,1231738571,,1780256725,31-05-2026 19:45:25,1780256725,0,,,,,,,,,
0x35f8a0e71d403b2fe0a5ce7d715ca93331ea4f2f654581e513eb6710c4807a0c,inv_a91c1683,inv_498e8beb,87652800,515000000,,1780132121,30-05-2026 09:08:41,1780132121,0,,,,,,,,,
0x26711f0721108fb5155bffb51a3ead30b59586d02a611d8bf8d80f53fe97bd28,inv_85287263,inv_498e8beb,87611790,1200000000,,1780060354,29-05-2026 13:12:34,1780060354,0,,,,,,,,,
0xbf18834d639d6788a3284e067f508b5e96f07d682b68c141c755de7487464926,inv_88e68846,inv_a8f467a6,87598355,1337267923,,1780036843,29-05-2026 06:40:43,1780036843,0,,,,,,,,,
0xf17732a7ff460ce5464926f39e0c465b021622d19cf65ffeabdbba01c9963cab,inv_498e8beb,inv_b618758a,87564050,1896350000,,1779976809,28-05-2026 14:00:09,1779976809,0,,,,,,,,,
0x7d3d0bbf7532ddf691e5bde2e4ab65f661b0262d2ed6550ff4ae9feaedbf7d4b,inv_762c5e07,inv_281e98df,87526744,1083592802,,1779911523,27-05-2026 19:52:03,1779911523,0,,,,,,,,,
0x33120464dd60d5e80487128720ba16886b5ee672a1472952703056e4a11ac699,inv_fe25e7bc,inv_498e8beb,87525765,118000000,,1779909810,27-05-2026 19:23:30,1779909810,0,,,,,,,,,
0xc0e9a555f7126c2467f3b961f8754c27b590a13b0f2b48e5fcdd9352fc4bd77a,inv_4c6e043a,inv_cfc33312,87520571,421865759,,1779900721,27-05-2026 16:52:01,1779900721,0,,,,,,,,,
0x83176e96cbb3b5baa135e2e6e20ee51901d6983965c98b7653b90b5dc4179b6d,inv_b618758a,inv_1cdf4bc2,87518585,3250000000,,1779897245,27-05-2026 15:54:05,1779897245,0,,,,,,,,,
0xdb7b466f6df74e36a28d47231f30718b304e7584aff2c05028e99568c2bcbd4b,inv_808e1008,inv_281e98df,87477481,1753380984,,1779825309,26-05-2026 19:55:09,1779825309,0,,,,,,,,,
0x641b761b262093f078cd3ad5b2568800092a21d7362d4677c0cc44fb6a02e06b,inv_808e1008,inv_281e98df,87477363,3006000000,,1779825098,26-05-2026 19:51:38,1779825098,0,,,,,,,,,
0xc5f157990dab634d9496114c80bc7cdf55b8c4dc7df1c9fbde52b451fc4e70af,inv_4c6e043a,inv_295deb9e,87474097,945097142,,1779819378,26-05-2026 18:16:18,1779819378,0,,,,,,,,,
0x96270159e04e3cd10a449025349864bf86af5d0b020db37c1d3570b2ad170e16,inv_4c6e043a,inv_51fb59ef,87471615,216000000,,1779815035,26-05-2026 17:03:55,1779815035,0,,,,,,,,,
0x94b9a907861cfd8e2bbfdf517714c5ad4b3468a0d0d0e717db29884fb1c3bffb,inv_011abe63,inv_b618758a,87470405,819000000,,1779812917,26-05-2026 16:28:37,1779812917,0,,,,,,,,,
0xc08ca631f89a7e05c170af84278feec002833e9c02a33022f229699bcd4b9df3,inv_011abe63,inv_b618758a,87470041,936000000,,1779812280,26-05-2026 16:18:00,1779812280,0,,,,,,,,,
0x0f97a312618aa1bb0dc7b47a2eb0e307ed24743dbaafe9b02e12080d54d2a479,inv_d381a12e,inv_68c8ac7f,87469697,220000000,,1779811678,26-05-2026 16:07:58,1779811678,0,,,,,,,,,
0xcef63f7b0cc7142a167a1911b9b71e78b136684017e550505af82932d8cb0ac0,inv_498e8beb,inv_ebacd7d1,87418787,1030000000,,1779722586,25-05-2026 15:23:06,1779722586,0,,,,,,,,,
0x8be8474ac990bec70c80efecc067b6b9817c119f2b59af065b5fd60e7280dfd8,inv_fe25e7bc,inv_1cdf4bc2,87394926,3037834426,,1779680829,25-05-2026 03:47:09,1779680829,0,,,,,,,,,
0xb943767a4ba47d8552be4234704e4f1789c66c33fc58b17020a963f7b9d6aa14,inv_808e1008,inv_36c4275c,87390772,399999999,,1779673559,25-05-2026 01:45:59,1779673559,0,,,,,,,,,
0x01bb5285ecab1e46911940de4afe48f8c60c4e69216f8a6ca29b477001343e57,inv_6d4b221a,inv_ebacd7d1,87282779,1050000000,,1779484572,22-05-2026 21:16:12,1779484572,0,,,,,,,,,
0x0a0bfe1dc8a130a5e0eb1b041be784e8f4cd718d7df5e1a1da5806030bd60955,inv_808e1008,inv_498e8beb,87242314,602178016,,1779413758,22-05-2026 01:35:58,1779413758,0,,,,,,,,,
0xc0e67dfed53092457a6063e521a83b6b4716239f18a1342de7bf3cb470294606,inv_51fb59ef,inv_c2c43d14,87238307,578095000,,1779406746,21-05-2026 23:39:06,1779406746,0,,,,,,,,,
0x6dcf4027fa373aa87437d34e3ff739bb3c0f102d9afa4b38127718ac370d12c5,inv_b618758a,inv_cfc33312,87217897,583430043,,1779371028,21-05-2026 13:43:48,1779371028,0,,,,,,,,,
0xc15e12469a4f27d53651532862ab27ff7412b96ed44238f26cdec4127b0f4257,inv_498e8beb,inv_5425f722,87216744,206000000,,1779369010,21-05-2026 13:10:10,1779369010,0,,,,,,,,,
0x71a9b995f35dad1e6e42a8647f411408ae2367013d296a019f633cfa403c4569,inv_b934cdb6,inv_68c8ac7f,87177749,218000000,,1779300769,20-05-2026 18:12:49,1779300769,0,,,,,,,,,
0x567e9c99c79fff6d36b205d792c20e58adfc44f22a050078e122463dc60db46a,inv_b934cdb6,inv_cf96e801,87119508,109000000,,1779198847,19-05-2026 13:54:07,1779198847,0,,,,,,,,,
0x42faf05c1444a053e06f8179a1e0432d7d806583e8de8d439f7d3c954bc93a16,inv_b934cdb6,inv_cf96e801,87119349,124000000,,1779198569,19-05-2026 13:49:29,1779198569,0,,,,,,,,,
0x8a848d21a078657f184f63e87710e8a9ad4ba938ed787fd59f5ab9bc450ef07e,inv_b934cdb6,inv_cf96e801,87090667,109000000,,1779148376,18-05-2026 23:52:56,1779148376,0,,,,,,,,,
0x48961dd930c72fbe33fd41badebc8e03b563817ed3e146bba30d44243600125c,inv_b934cdb6,inv_5425f722,87074479,108000000,,1779120047,18-05-2026 16:00:47,1779120047,0,,,,,,,,,
0xd95ac20148d10ccdc3c5269c943b6782e6a10a8251bd0fcaff03eff6c5f6df29,inv_10ee2b7c,inv_5425f722,87066667,329705210,,1779106376,18-05-2026 12:12:56,1779106376,0,,,,,,,,,
0xafdbf40dd06aea113d28c7abb89fc05e0768d07c66670195b07269fd8e103f89,inv_10ee2b7c,inv_5425f722,87066604,204000000,,1779106265,18-05-2026 12:11:05,1779106265,0,,,,,,,,,
0xd21b290d4c28849e521762a3fbdcd3e7436cf1b2da5329fd733960d9173f5d36,inv_10ee2b7c,inv_ebacd7d1,87066516,1020000000,,1779106111,18-05-2026 12:08:31,1779106111,0,,,,,,,,,
0xe2674b66d04d36f0a3366c339f972429081efe1a04f8acf0a8c5a57542c16f66,inv_10ee2b7c,inv_5425f722,87051130,204000000,,1779079186,18-05-2026 04:39:46,1779079186,0,,,,,,,,,
0xfc42f686625450c1912cdac2914a67de20f5edf71c4f9660924e4b771a192418,inv_5e5b6d2a,inv_4dbb0533,87039377,1772391696,,1779058618,17-05-2026 22:56:58,1779058618,0,,,,,,,,,
0x9b649599a729a146feee1c1a8d6f5fb8e9e95d8f929474b3eb0325d9a0297434,inv_5e5b6d2a,inv_ebacd7d1,87039345,1050000000,,1779058562,17-05-2026 22:56:02,1779058562,0,,,,,,,,,
0xba3f1c2770a05d6dfbe517b32f47d69f31ba4b037f30b6f68593582d2108afb3,inv_808e1008,inv_10ee2b7c,87031437,675000000,,1779044723,17-05-2026 19:05:23,1779044723,0,,,,,,,,,
0x0c48055bfb357a29defdd4ac8c9087fd312d0288c80953fc85d38552f5c76733,inv_b618758a,inv_10ee2b7c,87023435,721700000,,1779030720,17-05-2026 15:12:00,1779030720,0,,,,,,,,,
0x9db510f49614213dadfd375feb7a5e451e6ab87122105f643983e7fee9e08e9f,inv_808e1008,inv_10ee2b7c,87022955,100000000,,1779029880,17-05-2026 14:58:00,1779029880,0,,,,,,,,,
0xd723d41d81e3751a062c051a14105ffed157d775e3a7e586e8a6af66cada5e49,inv_b618758a,inv_10ee2b7c,87022439,650400000,,1779028977,17-05-2026 14:42:57,1779028977,0,,,,,,,,,
0xb9a344637c9fdc69803ef513e47964f9342cb061766a318e1bca1e389f0e1ba1,inv_808e1008,inv_10ee2b7c,87022278,488400000,,1779028695,17-05-2026 14:38:15,1779028695,0,,,,,,,,,
0x1c3cddedc247774510bf845f16e8f9143ed01ceb803c9c10324569bd9d4d6d1f,inv_808e1008,inv_10ee2b7c,87021923,400000000,,1779028074,17-05-2026 14:27:54,1779028074,0,,,,,,,,,
0xa43be6b8e81bd770b81e51c94b1217446828d00b605d63b1ff10b76a75d09336,inv_808e1008,inv_10ee2b7c,87021399,400000000,,1779027157,17-05-2026 14:12:37,1779027157,0,,,,,,,,,
0x539c375ae2e38d28e7c219f753c510ed5998fcd8ce4415b1ed502e5ffac123c0,inv_808e1008,inv_338b56d4,87021275,97872600,,1779026940,17-05-2026 14:09:00,1779026940,0,,,,,,,,,
0x8912a5a071e8c8a115e9a07b9f7ae0ceb97f6006e1ab8e7e34ca7122c41953e5,inv_5de3664d,inv_5425f722,87020326,472000000,,1779025279,17-05-2026 13:41:19,1779025279,0,,,,,,,,,
0x567b8f8aab9a038e6395f3deee87146aa9e8d08361354c9e84b75541af8ed204,inv_39d0ac30,inv_22b006da,87019852,602336672,,1779024449,17-05-2026 13:27:29,1779024449,0,,,,,,,,,
0xc9cdecbc6e29787eb6774ed36495bfaf556778cda34d536ef94c65d042741f51,inv_b618758a,inv_7a04f164,86984375,10650000000,,1778962365,16-05-2026 20:12:45,1778962365,0,,,,,,,,,
0xbce49ab25051b241433f9d417eb6039fd41e743ddd8a532b9d5ed558a01ac968,inv_808e1008,inv_10ee2b7c,86979700,300000000,,1778954183,16-05-2026 17:56:23,1778954183,0,,,,,,,,,
0xbd508d6ab94c65af8eadb51204e3e0c926c4c43680847bbe608302a23e75d836,inv_808e1008,inv_10ee2b7c,86979561,300000000,,1778953940,16-05-2026 17:52:20,1778953940,0,,,,,,,,,
0xb087ddb49d63303046035744e9b0e2f12aab084f53eb668bfb2aa944e1e9e52c,inv_808e1008,inv_b618758a,86979153,121488025,,1778953226,16-05-2026 17:40:26,1778953226,0,,,,,,,,,
0x89dd4c28ca91cbaa859e21b206abb091d72d30e07550540a427cc1c14acc33e7,inv_b618758a,inv_ebacd7d1,86932453,111180000,,1778871501,15-05-2026 18:58:21,1778871501,0,,,,,,,,,
0x9dcbb49d91d8a1e833bdf50d4418ffd72d140ae1aa1e587afefb05b3cf18e5db,inv_b618758a,inv_7a04f164,86929943,6420000000,,1778867109,15-05-2026 17:45:09,1778867109,0,,,,,,,,,
0x71613348aa66016f43f1b4b0812d7564843c2d99c49f8e648e998532dc1899f8,inv_dd02f503,inv_ebacd7d1,86929026,644640000,,1778865504,15-05-2026 17:18:24,1778865504,0,,,,,,,,,
0xb81aae94c5611d248d5895dc56a55eb10413f17950deb287ac678834771bf8db,inv_6d4b221a,inv_b93eeae9,86926756,540000000,,1778861531,15-05-2026 16:12:11,1778861531,0,,,,,,,,,
0x7136641f94370fb54a87c382753a842fd8194e7adde9b74f5540b4fd22281de8,inv_3f8508c6,inv_7a04f164,86926749,535000000,,1778861519,15-05-2026 16:11:59,1778861519,0,,,,,,,,,
0x099e27a9edd8501b7d9e30ff962736376f95414f9042c21dd8136408eff79801,inv_b618758a,inv_7a04f164,86926286,2120000000,,1778860709,15-05-2026 15:58:29,1778860709,0,,,,,,,,,
0xc07df2a53b022b81e0172960e0ac52bd883be40af08f9639d21db8e8304ce582,inv_5633b714,inv_b9b5acda,86926229,404000000,,1778860609,15-05-2026 15:56:49,1778860609,0,,,,,,,,,
0x67afe8e5d6372cf4d7e51650e322def8e84e49e551b21854e79005205ff67df4,inv_5b981484,inv_867f9026,86919683,101478126,,1778849154,15-05-2026 12:45:54,1778849154,0,,,,,,,,,
0xdf1497c788c1c393e3cc7752be2f5242cceeae497d08589f482b18d1c0d482de,inv_fe25e7bc,inv_49b790a7,86877461,118000000,,1778775265,14-05-2026 16:14:25,1778775265,0,,,,,,,,,
0x1783e78b6f7708ffefca193d443cc51f792ae92fd747c56e1d90308284b0ceec,inv_cb7b49d2,inv_51fb59ef,86864906,108000000,,1778753294,14-05-2026 10:08:14,1778753294,0,,,,,,,,,
0x071eb95e07e029a1c805a9b8c39aefddee24fb55caef8f6f945e870e20165aab,inv_5e5b6d2a,inv_1cdf4bc2,86862415,1110429738,,1778748935,14-05-2026 08:55:35,1778748935,0,,,,,,,,,
0xcfa939b6cf7806ec1e879ed12728cfd2f2e27dffa6ab1e24bfc92d432c88b471,inv_5e5b6d2a,inv_1cdf4bc2,86862387,1745589722,,1778748886,14-05-2026 08:54:46,1778748886,0,,,,,,,,,
0xc7288e2385c98512c6a56a45bf933f96d83cf7b79c6dba02b1d7cbddf8c12b51,inv_5e5b6d2a,inv_1cdf4bc2,86843877,1100000000,,1778716493,13-05-2026 23:54:53,1778716493,0,,,,,,,,,
0x873b91e99fc40f4d1afbfdcf1ebd12dc563e422fae3f7804ac453a8ba49b9c3e,inv_5e5b6d2a,inv_10ee2b7c,86843851,510000000,,1778716448,13-05-2026 23:54:08,1778716448,0,,,,,,,,,
0x8b83ff34c28d628ca269e1a62fc8d476bf59be4d08401cfa969e872119021d5f,inv_5e5b6d2a,inv_ebacd7d1,86843817,1030000000,,1778716388,13-05-2026 23:53:08,1778716388,0,,,,,,,,,
0x55579739cb6551b34407c949f92080dad088a765dbdca7b0738524423633374c,inv_5e5b6d2a,inv_1cdf4bc2,86843658,1100099000,,1778716110,13-05-2026 23:48:30,1778716110,0,,,,,,,,,
0xb1d05636b35f136d89283e4e53dd04845e388b62228d9727181b0f3930ed564c,inv_b618758a,inv_212190db,86825135,188112275,,1778683695,13-05-2026 14:48:15,1778683695,0,,,,,,,,,
0x691802c5f6ba7829449fbbf51f9b85d0bc89391764b65199e74047863ea0a382,inv_be06b33a,inv_b618758a,86820303,515000000,,1778675239,13-05-2026 12:27:19,1778675239,0,,,,,,,,,
0x63ff73a9458a6cb19063547ba72f24db3a9d8b61dd312d122aeca868c9a103ba,inv_5122e65b,inv_b93eeae9,86791907,267240000,,1778625546,12-05-2026 22:39:06,1778625546,0,,,,,,,,,
0xbf4fe699b22169a16f67b05aa3c49da5659118be2961f7c6085fdc01e3cd5f40,inv_be06b33a,inv_6c3dd35f,86784398,2489754871,,1778612405,12-05-2026 19:00:05,1778612405,0,,,,,,,,,
0x2c0e1abee885443197779f2337531a4cb87e82cfb4454b833e99f6b095d75286,inv_b618758a,inv_6c3dd35f,86775166,1000000000,,1778596249,12-05-2026 14:30:49,1778596249,0,,,,,,,,,
0xa6d165f5eea7726d105fd046b3d9a7d8302dd9526e42cfe6ca8fda03819fa6b4,inv_b618758a,inv_6c3dd35f,86774981,1500000000,,1778595925,12-05-2026 14:25:25,1778595925,0,,,,,,,,,
0x273f96d52fc44046c30d1d7bdbaebe44f62fa581fa3b79f23a90a355a49df784,inv_be06b33a,inv_b9b5acda,86773600,510000000,,1778593508,12-05-2026 13:45:08,1778593508,0,,,,,,,,,
0xa2d5d7d30cc0c79b02f8ac0cf52ed5584361a147c54281943d09266ec1e8af0a,inv_d4c384bd,inv_5425f722,86735905,384820913,,1778527542,11-05-2026 19:25:42,1778527542,0,,,,,,,,,
0xf6f080f6d2428edf88e4d3219384cbb5a500c2ef685ef6810753492effc44fda,inv_d4c384bd,inv_b618758a,86735847,580000000,,1778527441,11-05-2026 19:24:01,1778527441,0,,,,,,,,,
0xfba7b0eeea7ead054a181dded5d7a83a105ce47bfde706332e3cb17fd6ef29b1,inv_d4c384bd,inv_75578a1d,86735772,166171495,,1778527309,11-05-2026 19:21:49,1778527309,0,,,,,,,,,
0xf0cf4a09b6b1feb19d3d7311d67701f25f1f65e826d6b8e3a11e68a397de07af,inv_808e1008,inv_b9b5acda,86735080,510000000,,1778526098,11-05-2026 19:01:38,1778526098,0,,,,,,,,,
0xfcc6b22aa404c7117c8f125b01b0e8f5aa2ff46bbfce4a6136380d72763a1ee7,inv_808e1008,inv_ebacd7d1,86734877,1000000000,,1778525743,11-05-2026 18:55:43,1778525743,0,,,,,,,,,
0x931f638cb533921dec8540578e20c9862cfa3bc1d02501ad9b974b22bc604ade,inv_5de3664d,inv_a322cedd,86696610,585000000,,1778458776,11-05-2026 00:19:36,1778458776,0,,,,,,,,,
0xafb07213650d4f9207a07060d54cbb5df4fd39fed40b0e8bf2d7fbfeef50bbcd,inv_808e1008,inv_ebacd7d1,86689747,1000000000,,1778446766,10-05-2026 20:59:26,1778446766,0,,,,,,,,,
0xc4ce4141bf1a1d2e4f19d5a32e9f04785a48352ac2576fbf4d083c8c1d3902eb,inv_e46beaa9,inv_75578a1d,86677316,157735465,,1778425011,10-05-2026 14:56:51,1778425011,0,,,,,,,,,
0xebec63de4e6f3572d930dd81041e5beb198de70be5b9c2985d43481723a25393,inv_b934cdb6,inv_cf96e801,86665453,109000000,,1778404251,10-05-2026 09:10:51,1778404251,0,,,,,,,,,
0x7dc274d17cfdf8e999ec40ede5b140d06fa1fca7300c85f7de60f29a38aa5476,inv_b934cdb6,inv_e5b0380f,86665112,110131627,,1778403654,10-05-2026 09:00:54,1778403654,0,,,,,,,,,
0x5ef625120bcdfb3a2be7f709a039913d07c3cb64ad5c3997fe384b9d5e27a2ed,inv_b934cdb6,inv_890c67bf,86664846,105000000,,1778403189,10-05-2026 08:53:09,1778403189,0,,,,,,,,,
0x1c86077200b24d6358cbd9d38f70b3dea43f89b9538a9e1e35a6e041efeedada,inv_808e1008,inv_b9b5acda,86655061,510000000,,1778386065,10-05-2026 04:07:45,1778386065,0,,,,,,,,,
0x551a7f015153f1b40f8295f05cc46a60de777438b22f2e6d3ef4c5a95afa237d,inv_808e1008,inv_ebacd7d1,86651119,1000000000,,1778379167,10-05-2026 02:12:47,1778379167,0,,,,,,,,,
0xfbb7d494dbf94f2b28bc3fe5340c89b8825e5545480962484790fec76d060516,inv_5de3664d,inv_b73f6b6d,86646600,238000000,,1778371258,10-05-2026 00:00:58,1778371258,0,,,,,,,,,
0x8ea4209f73e69cbaa2b1d959ed4a700658be42e7826123321fe2cac9479464b8,inv_5de3664d,inv_b73f6b6d,86637489,525000000,,1778355314,09-05-2026 19:35:14,1778355314,0,,,,,,,,,
0x4742f98b41223911ac02fb544d74b9d518e31e0b99b10b9fcaf155ae155945df,inv_b9b5acda,inv_ebacd7d1,86636108,1060000000,,1778352897,09-05-2026 18:54:57,1778352897,0,,,,,,,,,
0xe4a21e1309641743a457786a877277a09aaa8f614735400bd17ac34de52c68b6,inv_b618758a,inv_ebacd7d1,86623856,1060800000,,1778331456,09-05-2026 12:57:36,1778331456,0,,,,,,,,,
0x71288d3d36e18161adf1bd4afc9415ac4fa1c318d0a95177590cf0d045b71627,inv_b618758a,inv_ebacd7d1,86623631,1020000000,,1778331063,09-05-2026 12:51:03,1778331063,0,,,,,,,,,
0xc2c26c7b769f4a7853ec905faceab5b9a4e0e4f5f59012e26c1dd28893b029e4,inv_27d9f845,inv_b73f6b6d,86621956,241000000,,1778328131,09-05-2026 12:02:11,1778328131,0,,,,,,,,,
0xe362de5e4bb419940815c072f055475895c29a90927464e1fc045d6cce64089f,inv_27d9f845,inv_a9785d5d,86621741,170631305,,1778327755,09-05-2026 11:55:55,1778327755,0,,,,,,,,,
0x6c1da996b774dc527093342cbbbe35e571083fc5aedcea937c0992b5e1e7b9aa,inv_27d9f845,inv_a9785d5d,86621650,1029266622,,1778327596,09-05-2026 11:53:16,1778327596,0,,,,,,,,,
0x4eb7c9228f8804f9dfeb36718876a356e414ddb02417c7f8d755e7fe4312b996,inv_6d4b221a,inv_ebacd7d1,86620739,1060000000,,1778326002,09-05-2026 11:26:42,1778326002,0,,,,,,,,,
0xb15b69e59376e637b94d0e46f7e27c57b80eec824c1ee57fdd34e8f3345ed245,inv_60dcb8f6,inv_ebacd7d1,86615095,1459660000,,1778316125,09-05-2026 08:42:05,1778316125,0,,,,,,,,,
0x91e11fd201b7f7f4ee5def867ec58797e722ebc32de5ade7037e40a2bbd59914,inv_808e1008,inv_ebacd7d1,86596120,1000000000,,1778282918,08-05-2026 23:28:38,1778282918,0,,,,,,,,,
0x08c7179feee4aeec34a005334b31bbf96a9b9dc61d1e6dff289f4544c2b95b2f,inv_b618758a,inv_aaf57ab8,86580004,2544345132,,1778254716,08-05-2026 15:38:36,1778254716,0,,,,,,,,,
0x7a9892eced0d00a495c7b77de2af8dbdd8f75962d61be3c5bba7f9f048517789,inv_2e5dde80,inv_b9b5acda,86576781,412000000,,1778249075,08-05-2026 14:04:35,1778249075,0,,,,,,,,,
0xd8faa58ee8b08721c367de7e5b2d2ef721e172201a5884f4a9213eeb3c08da1e,inv_2e5dde80,inv_ebacd7d1,86576333,143170000,,1778248291,08-05-2026 13:51:31,1778248291,0,,,,,,,,,
0xe1f372e4d21c49d29388034dabbde0496319e10e16ed4d3ad4919e6c05a21480,inv_2e5dde80,inv_68c8ac7f,86576155,218000000,,1778247980,08-05-2026 13:46:20,1778247980,0,,,,,,,,,
0x47651fe2996646c6e0c34718cf10dd8a20d623c8aae1d0230d8b08b500905ac4,inv_6d4b221a,inv_1cdf4bc2,86542176,2982375000,,1778188515,07-05-2026 21:15:15,1778188515,0,,,,,,,,,
0x3db44702a301ab1a8b802cd800910cdd396902591507a9cc1b53d5b2cd425498,inv_cf96e801,inv_5425f722,86526828,416120000,,1778161656,07-05-2026 13:47:36,1778161656,0,,,,,,,,,
0x541e21e5a0c80e7dcfa9ffaa7aa4b0c048ba28dc791907b92f0b4266e8a94583,inv_5b981484,inv_5425f722,86523304,204000000,,1778155489,07-05-2026 12:04:49,1778155489,0,,,,,,,,,
0xadd7c4ea3716018d2775e53260b1510ccb074533a7e48a6546b1d0843e15cff3,inv_5b981484,inv_ebacd7d1,86492753,44100000,,1778102025,06-05-2026 21:13:45,1778102025,0,,,,,,,,,
0x5ed7c252e69f10b29cd995fca91ec9641000cd048e110fa22aa70bd54be8bb2d,inv_b618758a,inv_ebacd7d1,86487793,688800000,,1778093345,06-05-2026 18:49:05,1778093345,0,,,,,,,,,
0x90c5a3fa13a4ccc71b374987950025177ff4c0b9d67b04db4b10a8419783e481,inv_b618758a,inv_ebacd7d1,86487726,453600000,,1778093228,06-05-2026 18:47:08,1778093228,0,,,,,,,,,
0x47821d702456ac52c753f51fa321589c0bced6aae73e840a1a794839619807bf,inv_808e1008,inv_b73f6b6d,86487459,1186017350,,1778092761,06-05-2026 18:39:21,1778092761,0,,,,,,,,,
0x090ab15e47d8c05c370b1159662834ebf2fe04b267607994738ca92541a4299a,inv_b618758a,inv_ebacd7d1,86487448,627900000,,1778092741,06-05-2026 18:39:01,1778092741,0,,,,,,,,,
0x824acacfcf2283c85a5695a223f8ae05adea3876b40ce3eda7a8a9f4eb941f1b,inv_baefba0d,inv_2ed4b668,86452869,1500479610,,1778025782,06-05-2026 00:03:02,1778025782,0,,,,,,,,,
0xaca1f6af2caaf98e90ae0389579623407cc9bbf2ab2cf44b986f8ca203661277,inv_5b981484,inv_5425f722,86447610,234000000,,1778015264,05-05-2026 21:07:44,1778015264,0,,,,,,,,,
0x1fb1a56ccab284dcea5cac984a47de53e1f622e068875642e4452cae1196ef03,inv_b618758a,inv_1cdf4bc2,86426779,139535147,,1777973602,05-05-2026 09:33:22,1777973602,0,,,,,,,,,
0xae847e9f7940498f3e6120259e5a80c0e0cbd8ef9824640e456191b3f2669568,inv_808e1008,inv_b9b5acda,86407110,408000000,,1777934264,04-05-2026 22:37:44,1777934264,0,,,,,,,,,
0x57cdbc6ee43d52ac63417881ce18487b5f7dc2d3c57dea20e71ba306b0d651ee,inv_808e1008,inv_b618758a,86397153,515000000,,1777914350,04-05-2026 17:05:50,1777914350,0,,,,,,,,,
0xa083a4ad82cd9f0951e99353af205357f0a6d64190a36b954c3fca697cf06cc4,inv_808e1008,inv_b9b5acda,86397080,408000000,,1777914204,04-05-2026 17:03:24,1777914204,0,,,,,,,,,
0xac1747799db4bb759b97b91236905977dd22460d3872adab7eabe58aebc42f8f,inv_d4c384bd,inv_b40661db,86392408,663176976,,1777904860,04-05-2026 14:27:40,1777904860,0,,,,,,,,,
0x2336d5114654a9fc4833baa86187d3724bb9475b775d011762b9fe1795805914,inv_d4c384bd,inv_cf96e801,86392328,114000000,,1777904700,04-05-2026 14:25:00,1777904700,0,,,,,,,,,
0x34ff3e5af6032c0ee77563aec6066994d3a6cac3fe47f060ead16dc347ebd35f,inv_d4c384bd,inv_75a7a5ed,86392300,213909777,,1777904644,04-05-2026 14:24:04,1777904644,0,,,,,,,,,
0x5bee50f99aca67924869e8a2ec20261d93d494aa3d02045ac715a1f14c57c10d,inv_d4c384bd,inv_b73f6b6d,86392261,240000000,,1777904566,04-05-2026 14:22:46,1777904566,0,,,,,,,,,
0x8e2178a5622e1f5f3f4708f13cfa7cf8be805a53352d11ff7cb7bc051f8d5f23,inv_d4c384bd,inv_b618758a,86392135,580000000,,1777904314,04-05-2026 14:18:34,1777904314,0,,,,,,,,,
0xc9f7d38adb4ba3563bbc2f8d1a54bd86ebc6e0e7c7ae9b0a1f67ff5333d8b362,inv_00353004,inv_1ae50871,86391046,1020000000,,1777902136,04-05-2026 13:42:16,1777902136,0,,,,,,,,,
0xb451a854b080b626000006e50146514a39ddd54eb59bb5aecb504d23113426a2,inv_00353004,inv_30108739,86391014,510000000,,1777902072,04-05-2026 13:41:12,1777902072,0,,,,,,,,,
0x2b78a9f0eba0ff63eb8bcbc3ce69ad78f2c2a3364a8b39bfbb8b86bedc82a5d8,inv_d4c384bd,inv_890c67bf,86388541,120000000,,1777897126,04-05-2026 12:18:46,1777897126,0,,,,,,,,,
0xc868e377a6c9793c51b1843472ede8dc64c1d6e014b5dfb346757108cd1f8058,inv_d4c384bd,inv_b618758a,86388493,580000000,,1777897030,04-05-2026 12:17:10,1777897030,0,,,,,,,,,
0xdbcec83f923523ba9b9f4eaa6c5bc09d346a457f20ae9a69522d12f3e56491e1,inv_d4c384bd,inv_f8534963,86388387,115900000,,1777896818,04-05-2026 12:13:38,1777896818,0,,,,,,,,,
0xd2ab8ff0e9e07b662dd1e147021594d3a972b70a7309f85f7a1aa255660b541f,inv_d4c384bd,inv_865e17b7,86388260,620000000,,1777896564,04-05-2026 12:09:24,1777896564,0,,,,,,,,,
0x5239d68c3d03bda970c8673fa8d96f77ed1b0b2489c28effefc5540129d7b7cc,inv_867f9026,inv_ebacd7d1,86387942,1100000000,,1777895928,04-05-2026 11:58:48,1777895928,0,,,,,,,,,
0xc638e4df2df2cec9a7b092fd5339c6f93f558e84294f7f7e6fa21f716e578deb,inv_39d0ac30,inv_9dc32d72,86349455,775959108,,1777818954,03-05-2026 14:35:54,1777818954,0,,,,,,,,,
0xddc1d79097539c52cb051f2045673cc582558ac412ee2d27ec5ecbe05d688dce,inv_808e1008,inv_b9b5acda,86306367,520000000,,1777732778,02-05-2026 14:39:38,1777732778,0,,,,,,,,,
0x84f73429ce4ea1f7f5228b7d11503f1efc7a000e6f6dc1d5a15da0b2aa075942,inv_d381a12e,inv_ebacd7d1,86302421,660000000,,1777724886,02-05-2026 12:28:06,1777724886,0,,,,,,,,,
0x06832d2e98db5c5c5b9d3db45e662982a2df53cff272ecdb7ef8ca804ea853b3,inv_867f9026,inv_890c67bf,86301903,105000000,,1777723850,02-05-2026 12:10:50,1777723850,0,,,,,,,,,
0x2b514b842005c0eda5658b87735ca4cba85c5df492c5c982c1e3e205a52dcdaa,inv_b934cdb6,inv_5062c9cf,86293640,110000074,,1777707324,02-05-2026 07:35:24,1777707324,0,,,,,,,,,
0xb1184250d703cada4be0a913cfa8552caa630c8c677e7a9f5c666b778183e789,inv_5425f722,inv_b9b5acda,86269988,408000000,,1777660020,01-05-2026 18:27:00,1777660020,0,,,,,,,,,
0x0a30a96f502ffa8685401162f94887c5fc5dd33902530628e8859a839d9a3602,inv_cb7b49d2,inv_2e5c6dcd,86267877,104973567,,1777655798,01-05-2026 17:16:38,1777655798,0,,,,,,,,,
0xd46b69d8e3181e5b1b498b8a4acbe98a9c2b128b5e56cdfca8d486f2b5bd959e,inv_cb7b49d2,inv_890c67bf,86267506,104000000,,1777655056,01-05-2026 17:04:16,1777655056,0,,,,,,,,,
0x472a7c679444f786a1c1b5d293dc624e32837c3ac1ec764c0cd2c958d9deb632,inv_a9e8ecb2,inv_b73f6b6d,86259918,1090000000,,1777639880,01-05-2026 12:51:20,1777639880,0,,,,,,,,,
0x4932c0fa6f84669876923f39333cbd442d812730d4234df8ec630245d2dc856f,inv_b618758a,inv_ebacd7d1,86232028,760100000,,1777584100,30-04-2026 21:21:40,1777584100,0,,,,,,,,,
0xcef6ffae30baefe34b32cffa186f1537af10a4a3a8375fa78dd715ba524998dc,inv_808e1008,inv_13cb9955,86219651,579497654,,1777559346,30-04-2026 14:29:06,1777559346,0,,,,,,,,,
0x2a78f5d9d32bab690a32ae99cdc0a6956c94d231882ca56b918fcc611fba87e0,inv_498e8beb,inv_b618758a,86193628,575000000,,1777507300,30-04-2026 00:01:40,1777507300,0,,,,,,,,,
0xab7cb86fafb4d787fc154404b373ae02c0bcb75ea2346ed727271299cbf5f830,inv_498e8beb,inv_af181832,86193448,637828898,,1777506940,29-04-2026 23:55:40,1777506940,0,,,,,,,,,
0xd00c65af028a0022598512c34d9f8fb6d877a28c7ecb04b1d3eb48506e1c8019,inv_30108739,inv_13cb9955,86187884,500000000,,1777495812,29-04-2026 20:50:12,1777495812,0,,,,,,,,,
0x32d9f6c4bf2ff72f6be515c484e8990284611eb15b78e21dae0135663191b2b0,inv_39d0ac30,inv_83ee0253,86174724,118562138,,1777469492,29-04-2026 13:31:32,1777469492,0,,,,,,,,,
0xe3f128b9faca3e6d12730e5bb42fc1caa247b2b87ad29394d671bbd9725c6d55,inv_85287263,inv_2ed4b668,86155503,1807686285,,1777431050,29-04-2026 02:50:50,1777431050,0,,,,,,,,,
0xdfbd63e8ef980dd9ae2334f054039868ed0daab3a0d571f65f79511d7c85aee9,inv_85287263,inv_2ed4b668,86155362,1160096000,,1777430768,29-04-2026 02:46:08,1777430768,0,,,,,,,,,
0x8fd88d475cda200b42ecc0ca4e9e0935cb8e44ea1aadc5b308aaa010f67deda5,inv_a9e8ecb2,inv_890c67bf,86143942,120645000,,1777407928,28-04-2026 20:25:28,1777407928,0,,,,,,,,,
0xe5e27c7db953fe9dbda0e4a41966468a5ab1aea31261e7157e511f402fe63196,inv_a9e8ecb2,inv_890c67bf,86143163,105000000,,1777406370,28-04-2026 19:59:30,1777406370,0,,,,,,,,,
0x9f21addaa43f2a6ab382e63aad172bacda8cc9e897ed0ca76e4b850a6b69ccf4,inv_a9e8ecb2,inv_295deb9e,86125143,525000000,,1777370330,28-04-2026 09:58:50,1777370330,0,,,,,,,,,
0x3502d0343a6d898dca3d0dac383b780d166ef6a0fa3e9a116e85e1e3277f377b,inv_a9e8ecb2,inv_b618758a,86125093,525000000,,1777370230,28-04-2026 09:57:10,1777370230,0,,,,,,,,,
0x401b6de1f0b034e2ea97401a461996f9a6c0653ab233c6984ea4143f6c1ffe34,inv_a9e8ecb2,inv_b618758a,86124988,220376081,,1777370020,28-04-2026 09:53:40,1777370020,0,,,,,,,,,
0x0ca8a5a7d766b1132affc92e1778b0c4f34117bd7636058f94e86bf70df87e2e,inv_808e1008,inv_13cb9955,86096020,500000000,,1777312084,27-04-2026 17:48:04,1777312084,0,,,,,,,,,
0x7df0660eb937a8b9fe778051d7ea8914c9b91c2e937b4fe68406f7653c10b268,inv_85287263,inv_75578a1d,86093413,333000000,,1777306870,27-04-2026 16:21:10,1777306870,0,,,,,,,,,
0x66fcd0ce3a5a19906847e97bbfbcdae0c566b1328bf70c677fee4f89784cf24d,inv_808e1008,inv_b40661db,86072942,818723216,,1777265928,27-04-2026 04:58:48,1777265928,0,,,,,,,,,
0xc762c4ed4c632cb75427f1e2b023d2b071c0779e5f1e3806491ee4e9da68d93c,inv_a9e8ecb2,inv_51fb59ef,86039041,108000000,,1777198126,26-04-2026 10:08:46,1777198126,0,,,,,,,,,
0xe2f02dc5e19eea9e23eeb05b2e86cb255b54928fdb052fb85aaef76fbbf2772a,inv_b934cdb6,inv_cf96e801,86038570,115000000,,1777197184,26-04-2026 09:53:04,1777197184,0,,,,,,,,,
0xa56ea96d21190e6483dbcccf99ad289571e2d2e355b4b088944be95de9d9fe47,inv_db099b7d,inv_cf96e801,85997647,125000000,,1777115338,25-04-2026 11:08:58,1777115338,0,,,,,,,,,
0xd1a2e5d1faf1f471b01ecaf58419fafcffeafaa45b8fc8ef6cd5fb40aa4537f4,inv_a9e8ecb2,inv_75578a1d,85996676,327000000,,1777113396,25-04-2026 10:36:36,1777113396,0,,,,,,,,,
0xd21724d15b6149d38aaee88e5d89741576520df96eb36f0953149e17f5568175,inv_a9e8ecb2,inv_68c8ac7f,85996456,224000000,,1777112956,25-04-2026 10:29:16,1777112956,0,,,,,,,,,
0x3b1ccd68da49906aab8b5da567011f6c94f8a780de6501e74de28faa6ea4917b,inv_a9e8ecb2,inv_51fb59ef,85996337,107000000,,1777112718,25-04-2026 10:25:18,1777112718,0,,,,,,,,,
0x1d587fee13d7755aa2639a210c91a9e408f4f32f62aee7ecbc8ce35c29e15694,inv_a9e8ecb2,inv_68c8ac7f,85988722,220000000,,1777097488,25-04-2026 06:11:28,1777097488,0,,,,,,,,,
0xd5238faaed09b5c2051297d81db534002725b19da528c1c2d30433a4393a5cc0,inv_808e1008,inv_2ed4b668,85967853,363759863,,1777055750,24-04-2026 18:35:50,1777055750,0,,,,,,,,,
0x2e0f8495d258824ebcd1f075d6b66cffd366cc79d7ac727db6cac1bcfa436f4a,inv_808e1008,inv_51fb59ef,85967508,106000000,,1777055060,24-04-2026 18:24:20,1777055060,0,,,,,,,,,
0x5b045ba7e936e2f6f95ab73863ffb35588e2d8444731690da898c9711ab24a2b,inv_808e1008,inv_51fb59ef,85967453,263150166,,1777054950,24-04-2026 18:22:30,1777054950,0,,,,,,,,,
0xbe492e952a3cdb11a77fd03b1ab8f1ade2c683bae7ca4114c467a7d3dfa4b6e2,inv_808e1008,inv_30108739,85964058,309000000,,1777048160,24-04-2026 16:29:20,1777048160,0,,,,,,,,,
0x0745e627df8d2d84a822ee4de389bcc8d2c5ff6e509f93b5c8cba972e00ff2b2,inv_808e1008,inv_890c67bf,85926046,103000000,,1776972136,23-04-2026 19:22:16,1776972136,0,,,,,,,,,
0x53169f50faaeb23e07672ddc15bad23c4bf9fde379fc91f6c3e07df07385400a,inv_75578a1d,inv_890c67bf,85905433,105000000,,1776930910,23-04-2026 07:55:10,1776930910,0,,,,,,,,,
0x07df0e499d3a74e50270cb37b9ded0d15b73c28c33b67c9008dd3e61fdeeb308,inv_75578a1d,inv_890c67bf,85905297,142590000,,1776930638,23-04-2026 07:50:38,1776930638,0,,,,,,,,,
0x8b54b84ea0d6976669fa1864cce205acf28ceeedbedef57ee5156c772afc53d2,inv_51fb59ef,inv_30108739,85895851,309000000,,1776911746,23-04-2026 02:35:46,1776911746,0,,,,,,,,,
0xfe64bc9a38f00beba4e3f3a8db9cbdfaf9917e8fcf9860ffc2638c09e17eb867,inv_cb7b49d2,inv_295deb9e,85885399,105000000,,1776890842,22-04-2026 20:47:22,1776890842,0,,,,,,,,,
0xa64098a7795b268434a096c8685623ba5224419418e7306d9ede8e6c2881c0df,inv_d381a12e,inv_68c8ac7f,85878759,218000000,,1776877562,22-04-2026 17:06:02,1776877562,0,,,,,,,,,
0x1a99cfb6ebfc3e43af34f227505eccbff03c6761b30453c28b8c3ae3b9e2417c,inv_39d0ac30,inv_a16a6eca,85871618,585000000,,1776863280,22-04-2026 13:08:00,1776863280,0,,,,,,,,,
0x566b57522037024ad68bdd40b5b79343e3fadd4e02f48d2123cc4ef761489169,inv_498e8beb,inv_c617a894,85867239,575000000,,1776854522,22-04-2026 10:42:02,1776854522,0,,,,,,,,,
0x9e7fd66dd262064376d4a4679e8ee12e11a0b8a8289c2a0031846edd24078f88,inv_498e8beb,inv_a16a6eca,85867096,203550000,,1776854236,22-04-2026 10:37:16,1776854236,0,,,,,,,,,
0x4c0ee407d0090cba29bb4c1255f41e6ea31af06506fe97b313e31f7af60f18f7,inv_498e8beb,inv_a16a6eca,85867054,342000000,,1776854152,22-04-2026 10:35:52,1776854152,0,,,,,,,,,
0x2272ff21203055164570372053d3e8ad62c22662fe5d1370118cd3a53dfb9716,inv_84cbf8c3,inv_890c67bf,85841753,105000000,,1776803550,21-04-2026 20:32:30,1776803550,0,,,,,,,,,
0xf1e286f2dae5771d517f7832417893abb7f4b923b2a1a067979a26bf623d6ee6,inv_84cbf8c3,inv_865e17b7,85841704,743929200,,1776803452,21-04-2026 20:30:52,1776803452,0,,,,,,,,,
0x716dfac2ef9d25e1c042378db3653f1bdb2577ac88a14fe978b31c4f9526e567,inv_84cbf8c3,inv_890c67bf,85841658,105000000,,1776803360,21-04-2026 20:29:20,1776803360,0,,,,,,,,,
0x5f8a57e5e80e71606c9c39a88e783271140e2a43ebcf037551c84adff60b3c8c,inv_808e1008,inv_30108739,85811031,206000000,,1776742106,21-04-2026 03:28:26,1776742106,0,,,,,,,,,
0xce60a76527723756455187a41ce19a0ed7cb7500515b321c46f9537b9defaeb1,inv_808e1008,inv_890c67bf,85810967,103000000,,1776741978,21-04-2026 03:26:18,1776741978,0,,,,,,,,,
0xf6118993e7efb3a766297c14c763c05f0843a07653f52d1a674d8147e0e9a3d8,inv_808e1008,inv_b9b5acda,85810633,206000000,,1776741310,21-04-2026 03:15:10,1776741310,0,,,,,,,,,
0x9bcefb86a114dd0efc6966d42c90ddb6348292a86dc91eb02bb2ac804ac6ae93,inv_4a71d57d,inv_b9b5acda,85746822,206000000,,1776613688,19-04-2026 15:48:08,1776613688,0,,,,,,,,,
0x03771b3c097d9108f3c9bfbd1a46e6a913ad52c0102319e97832bf93dcd3babf,inv_5122e65b,inv_ce8e5e1e,85711633,14415732,,1776543310,18-04-2026 20:15:10,1776543310,0,,,,,,,,,
0xccc367b52f7445c119e3deda2f054806fee6613f1ef71754836bf4d519d24ca9,inv_94c99fde,inv_ce8e5e1e,85706153,166818293,,1776532350,18-04-2026 17:12:30,1776532350,0,,,,,,,,,
0xed81d807b3865e990c5f986fb423a66f5c5771d47a1986f81ef8196e8c1fb16a,inv_498e8beb,inv_2528bbfc,85705063,587000000,,1776530170,18-04-2026 16:36:10,1776530170,0,,,,,,,,,
0xa092ec9aac5eeecbc2e5a188120afa6bd1e552c493055879708562590ab94e1e,inv_d381a12e,inv_68c8ac7f,85702146,321000000,,1776524336,18-04-2026 14:58:56,1776524336,0,,,,,,,,,
0xa0b39c15b54cbfc076fa806b4e87711c7309915b7038984d8f47ab5f86737e2c,inv_5de3664d,inv_ce8e5e1e,85700799,10011542,,1776521642,18-04-2026 14:14:02,1776521642,0,,,,,,,,,
0xc843f001221e2ec0a8fe4e612f8455fca662605ff2141264762d414718ed3d1c,inv_498e8beb,inv_ce8e5e1e,85700618,24395656,,1776521280,18-04-2026 14:08:00,1776521280,0,,,,,,,,,
0x1ec3c3661746cb7d0e211ead301ad66853528fabe6fe3835b4c1d5fdba1b9416,inv_498e8beb,inv_ce8e5e1e,85700608,14397601,,1776521260,18-04-2026 14:07:40,1776521260,0,,,,,,,,,
0x7ba006c4755eccf242e07078b4cbd550d46b0239466e54239a98575c2f9d2257,inv_5de3664d,inv_63309a67,85700595,118775018,,1776521234,18-04-2026 14:07:14,1776521234,0,,,,,,,,,
0xb15e833231ff2f544be88c047cf7dff780056c4b22ff2c00c4b4063eb87b863e,inv_498e8beb,inv_ce8e5e1e,85700594,15221574,,1776521232,18-04-2026 14:07:12,1776521232,0,,,,,,,,,
0x8033de4d29c5824e0c88d8fc79aca8480cf2eb62622100143e68446ddc63b1ae,inv_498e8beb,inv_ce8e5e1e,85700583,18055117,,1776521210,18-04-2026 14:06:50,1776521210,0,,,,,,,,,
0xe97b199048c466865c4033f3b51408ab852b1e6055f3ea668ba4450808f95a3a,inv_c48739e9,inv_ce8e5e1e,85693530,15257860,,1776507104,18-04-2026 10:11:44,1776507104,0,,,,,,,,,
0xfbbb5b398ebdfe7a99e6ef9add1b1972d45583630e238435abd70dd260d638a4,inv_c48739e9,inv_ce8e5e1e,85693476,12469715,,1776506996,18-04-2026 10:09:56,1776506996,0,,,,,,,,,
0xf65fa17cf2f8b4b0ba6374914bcc53989b900bf91fa5b9c3a3c1c131611c820d,inv_c48739e9,inv_ce8e5e1e,85693423,59777536,,1776506890,18-04-2026 10:08:10,1776506890,0,,,,,,,,,
0x6be9423ecf864b94cf271250581dae7ca30fc55a7c86ece3640b08457ff6a5d2,inv_5b981484,inv_890c67bf,85689405,103000000,,1776498854,18-04-2026 07:54:14,1776498854,0,,,,,,,,,
0xac721b9eed9f4e5fd6c88ca08a7a35fb16358999c0c3b03dde7ec8f75fff5382,inv_5b981484,inv_890c67bf,85689327,103000000,,1776498698,18-04-2026 07:51:38,1776498698,0,,,,,,,,,
0xa27f660341411a065db2f91d941326b27789f7b593e0ff8a5585c081698f2907,inv_51fb59ef,inv_b9b5acda,85680852,404000000,,1776481748,18-04-2026 03:09:08,1776481748,0,,,,,,,,,
0x9b67a29d3e46fa4daca03186daa9d1aac6c099ad938106001e0b41e52418fc49,inv_867f9026,inv_ce8e5e1e,85673575,99468658,,1776467194,17-04-2026 23:06:34,1776467194,0,,,,,,,,,
0x6adc73ac846d6340e9b5c001d6cab6ce105e93a41a161937a179fa391cb3e451,inv_867f9026,inv_295deb9e,85673305,210000000,,1776466654,17-04-2026 22:57:34,1776466654,0,,,,,,,,,
0x5389602ef7f9c5cecedf3bc92dccfcae74ab0b19c4937aadaec1a3c91f983b0f,inv_d381a12e,inv_ce8e5e1e,85673093,10161544,,1776466230,17-04-2026 22:50:30,1776466230,0,,,,,,,,,
0x884b90734b8fe3fef0d40cba965c0999914df8f37d8f8cc7c949acba9d0a6208,inv_b618758a,inv_ce8e5e1e,85668604,207783162,,1776457252,17-04-2026 20:20:52,1776457252,0,,,,,,,,,
0x539e990f03fef972c00f7aa8e87cd3b18eba0ae749a5fe61c6371c04de58636a,inv_e61e590e,inv_295deb9e,85666580,105000000,,1776453204,17-04-2026 19:13:24,1776453204,0,,,,,,,,,
0x160e74e715718e68d0149a9d92eb628a2124197c14568e1369b5fef2fee3b946,inv_5633b714,inv_dcf1ba3b,85663393,999967030,,1776446830,17-04-2026 17:27:10,1776446830,0,,,,,,,,,
0x766a0c39dae5cd62e254c3da03223c5d8a06cba102ab8fd9b1078fffed932421,inv_cf96e801,inv_9854cde5,85658309,404000000,,1776436662,17-04-2026 14:37:42,1776436662,0,,,,,,,,,
0xcdb4f12086051264ef8bfc3e1f8025034eac0f86d1ee0dfcb8c06e33dbca8e70,inv_5b981484,inv_b73f6b6d,85648079,318270000,,1776416202,17-04-2026 08:56:42,1776416202,0,,,,,,,,,
0x666785037c9a68b6928c84a0c7e63851cf8e2ffd9c76887542efc7ca74e72997,inv_dd1e02a2,inv_295deb9e,85642720,105000000,,1776405484,17-04-2026 05:58:04,1776405484,0,,,,,,,,,
0x36cb61406d92079ea9b7fd2f9c0c02e6eab914e65fd4330e274e53ac2ae21080,inv_b934cdb6,inv_295deb9e,85610189,105000000,,1776340422,16-04-2026 11:53:42,1776340422,0,,,,,,,,,
0x91da65b898178fdf9f419b5c6e57631bd90ef863f85136fcad7d92690440b566,inv_5425f722,inv_e318ba50,85606585,231682318,,1776333214,16-04-2026 09:53:34,1776333214,0,,,,,,,,,
0x848304fcf3d7e31e1f542639f68a3cae83f6b6dd3b31b196944a72d777f1d639,inv_5425f722,inv_84aaf22c,85606392,66507,,1776332828,16-04-2026 09:47:08,1776332828,0,,,,,,,,,
0x175eadcab6a8755ebf32aa6aaf0477a3cab455a6fee18eb389bcdae9962072ab,inv_b618758a,inv_e318ba50,85599541,63762835,,1776319126,16-04-2026 05:58:46,1776319126,0,,,,,,,,,
0xcb4234ff0c53f48c845e86d75b08baef0da72fc432554e87e303449c4442f7c6,inv_5690c297,inv_a16a6eca,85577443,342000000,,1776274930,15-04-2026 17:42:10,1776274930,0,,,,,,,,,
0xa85c801da586b28be1879d6ee4b3cfefe94c0f1635e8b92708f63e526f0e956b,inv_5690c297,inv_49b790a7,85577407,120000000,,1776274858,15-04-2026 17:40:58,1776274858,0,,,,,,,,,
0xd876ab6cd4452a3fa382ddd50e321a171227ebe5291165c33e5f7378c09e759d,inv_5690c297,inv_b9b5acda,85577282,204000000,,1776274608,15-04-2026 17:36:48,1776274608,0,,,,,,,,,
0xbacf4e75e9a736c06769059c7f2475dce020f29c6b1d9b822d62572f560e1575,inv_5690c297,inv_890c67bf,85577231,103000000,,1776274506,15-04-2026 17:35:06,1776274506,0,,,,,,,,,
0x676c19e52679ce6e37b62f0d64bb9c7596683b0ee51380636ebdcc457eb07a6d,inv_5690c297,inv_9854cde5,85577195,500000000,,1776274434,15-04-2026 17:33:54,1776274434,0,,,,,,,,,
0x7a75ca787f7eeb240f78e473a399c981b72c0576410763c97bc75235eb6bd5df,inv_88e68846,inv_890c67bf,85576989,103000000,,1776274022,15-04-2026 17:27:02,1776274022,0,,,,,,,,,
0xabeff7404d46e156c67b019374ec3181981303858d5db965be6ab8c934adb5c7,inv_5633b714,inv_9854cde5,85569607,495000000,,1776259258,15-04-2026 13:20:58,1776259258,0,,,,,,,,,
0x771a1689fe1f0713dfb3894dc5a4643a28c96fecdb316c8ae32a4cf059852f31,inv_5b981484,inv_b93eeae9,85566733,530000000,,1776253510,15-04-2026 11:45:10,1776253510,0,,,,,,,,,
0x92769f587a7e8e36248e619f5d99f3d0798b27bce2b3f4571ef4da363e8cd5f4,inv_5690c297,inv_9854cde5,85563630,495000000,,1776247304,15-04-2026 10:01:44,1776247304,0,,,,,,,,,
0xdae40222cdfad168a9e0265bf0140e6b4f1d92781cddffaf8552dcb181ce4d8d,inv_5690c297,inv_b618758a,85563202,271637137,,1776246448,15-04-2026 09:47:28,1776246448,0,,,,,,,,,
0x65809f55a55173821ab1b9b6f9bc157411d748b3f23fff71b9fb81f4822dbc21,inv_5690c297,inv_84aaf22c,85561758,118000000,,1776243560,15-04-2026 08:59:20,1776243560,0,,,,,,,,,
0x84b1477fb7a2e1aa5266390940be4cca16446462be893c94b5901c8d988ac112,inv_5690c297,inv_b9b5acda,85561718,204000000,,1776243480,15-04-2026 08:58:00,1776243480,0,,,,,,,,,
0x5dd840eafb736a449280fb32322556a93c939f9ec073b0fa1b4887b0fc04c4fc,inv_5690c297,inv_9854cde5,85561607,495000000,,1776243258,15-04-2026 08:54:18,1776243258,0,,,,,,,,,
0xd7f7700ecfa4b3986d1eddda264cde0fac15ac3cd8a680dfc4d86e232cd0beb7,inv_dd1e02a2,inv_295deb9e,85556434,525000000,,1776232912,15-04-2026 06:01:52,1776232912,0,,,,,,,,,
0x858ae480bb3d32b72094271148313aa82341a7dbc21babf60d5ba53dfa58aa7a,inv_4756d229,inv_9854cde5,85541645,495000000,,1776203334,14-04-2026 21:48:54,1776203334,0,,,,,,,,,
0xea5bea2a41716519c7d31037f2ab06f40991856497616442afc6ed7e1288ea44,inv_6d4b221a,inv_68c8ac7f,85522281,420000000,,1776164599,14-04-2026 11:03:19,1776164599,0,,,,,,,,,
0xc38443ccfbeaa848d1871aaa40fbd3c33df35062fcc9c4b8aa667ba296f3f06b,inv_498e8beb,inv_60dcb8f6,85521025,576345000,,1776162087,14-04-2026 10:21:27,1776162087,0,,,,,,,,,
0xa1309f7528159eed1ce819e6c332e6f6ae4fa4f386a93efc0cd6e36a427248e2,inv_5690c297,inv_9854cde5,85520683,471531094,,1776161403,14-04-2026 10:10:03,1776161403,0,,,,,,,,,
0x562a7836af9a88677d32db39574d31b58a58f10616e1e0b9f86fd07364dfc9e7,inv_5690c297,inv_e04cd17d,85520574,107206414,,1776161185,14-04-2026 10:06:25,1776161185,0,,,,,,,,,
0xdbf7820e347856715af3b0fe81e9a75c6ad5967a1c5dcbdfd6a766f5c07758dd,inv_5690c297,inv_5ee51564,85520533,500000000,,1776161103,14-04-2026 10:05:03,1776161103,0,,,,,,,,,
0x4f8208b6fb8eadd0a8433192b7d5d9563848196ccb041459e79225fd61689867,inv_5690c297,inv_c48739e9,85520375,115000000,,1776160787,14-04-2026 09:59:47,1776160787,0,,,,,,,,,
0x85711258a2efaadc545d16dd6e6a63707e4783766dfd5c5913bf2889866200ed,inv_5690c297,inv_d381a12e,85520339,143856325,,1776160715,14-04-2026 09:58:35,1776160715,0,,,,,,,,,
0x124536a9376fa47415bab366551bc9790141f1086807aaee037866344ea2a729,inv_5690c297,inv_023ec695,85520173,306020480,,1776160383,14-04-2026 09:53:03,1776160383,0,,,,,,,,,
0xf4612821d8f9955f9ec845285788ffe32f1072f75c6dcd113b2c86e89aaa77fd,inv_5690c297,inv_9f652700,85520101,254597016,,1776160239,14-04-2026 09:50:39,1776160239,0,,,,,,,,,
0x08ebadeb7fe6d5d9ec0a66900b26660b952488b9125757bd50746d383005d6e5,inv_5690c297,inv_9854cde5,85520058,495000000,,1776160153,14-04-2026 09:49:13,1776160153,0,,,,,,,,,
0xdde5c1c16d0966e20034c669fa037469ab4ef55fd3b5424d356f75af315d4ef3,inv_cb7b49d2,inv_b9b5acda,85519724,204000000,,1776159485,14-04-2026 09:38:05,1776159485,0,,,,,,,,,
0x59a48613e866c704e07667db4955b64ee5a9d1a32c21fefc9eb5bc8c24ba1fb4,inv_cb7b49d2,inv_30108739,85518168,510000000,,1776156373,14-04-2026 08:46:13,1776156373,0,,,,,,,,,
0x105c0c173570440422d4e8c1d1ae50870c8faae38db7ca44c6c108ca1e16320a,inv_cb7b49d2,inv_b618758a,85518052,115603706,,1776156141,14-04-2026 08:42:21,1776156141,0,,,,,,,,,
0xbe740c7849ff6bf229839905d710b35a01724397c4bf137a962f037db2ef0032,inv_cb7b49d2,inv_c48739e9,85517885,116500000,,1776155807,14-04-2026 08:36:47,1776155807,0,,,,,,,,,
0xb9c4a75893a4cd8aa019576dd12d8236a6d297bfc97da165c8bff530f93a1ad2,inv_cb7b49d2,inv_9f652700,85517817,386185715,,1776155671,14-04-2026 08:34:31,1776155671,0,,,,,,,,,
0x31aef826a9ffb33076c2f204325e6b6fd842bf1b3cabc2538353bff98262b9d2,inv_88e68846,inv_2142dfdf,85512062,520000000,,1776144161,14-04-2026 05:22:41,1776144161,0,,,,,,,,,
0x8483533502a98abf130393ec53ee74e446eddb988786ba59ef8bc4f8fcbdb12b,inv_4756d229,inv_4dbb0533,85496093,1960560615,,1776112223,13-04-2026 20:30:23,1776112223,0,,,,,,,,,
0x571ee3a4a7177a87a80218a334fd557b9c98c0f422263bce5f3ae8ece51c8360,inv_498e8beb,inv_9dc32d72,85495130,783482387,,1776110297,13-04-2026 19:58:17,1776110297,0,,,,,,,,,
0xb85aebe0ca78a1b1541f58a4a69246726a13839f309cd3145efb0848b7748a84,inv_498e8beb,inv_a16a6eca,85494990,114000000,,1776110017,13-04-2026 19:53:37,1776110017,0,,,,,,,,,
0xfdcb98d16668e898ac1c33e9bf34d7dd5d36c959d60cba3792dccc4fede05f71,inv_498e8beb,inv_a16a6eca,85494965,228000000,,1776109967,13-04-2026 19:52:47,1776109967,0,,,,,,,,,
0x7898170e13f922a7e961b29129361529fd8f5d5c0449b7e0bcc52d8de190a145,inv_498e8beb,inv_c48739e9,85494937,113500000,,1776109911,13-04-2026 19:51:51,1776109911,0,,,,,,,,,
0x9c8e84b27b6a51a3594322a578cb4f8b8641817375094033d7d9a1bec0ec2ab5,inv_498e8beb,inv_a16a6eca,85494907,339000000,,1776109851,13-04-2026 19:50:51,1776109851,0,,,,,,,,,
0xbe2e0166b49952351a0d3416e9d04f336ab5320ed5f80c8f537530ce5835c215,inv_498e8beb,inv_60dcb8f6,85494880,577980000,,1776109797,13-04-2026 19:49:57,1776109797,0,,,,,,,,,
0xeaa18960c2bb383d59d225cf34282602834a22cd84696e5ff2765f13bea3a3e9,inv_0ce4228c,inv_b618758a,85488253,560000000,,1776096543,13-04-2026 16:09:03,1776096543,0,,,,,,,,,
0x787bc5b9fc8070073d8919c8ad6c43e4c1f2ea1b67034684ab30deed66a40c0a,inv_0ce4228c,inv_b618758a,85488044,672000000,,1776096125,13-04-2026 16:02:05,1776096125,0,,,,,,,,,
0xaee9aa29cb1188b5ec2fbdcb6d7f27f987faa46b319a11f1870ce3f2a8c8df7e,inv_0ce4228c,inv_b618758a,85487993,460000000,,1776096023,13-04-2026 16:00:23,1776096023,0,,,,,,,,,
0x3c064c6b8d8414ccf333f5b9f5597a8b091b8bbe35a03845d9cd33163f49f828,inv_a775c092,inv_a1f15be2,85486650,2629159138,,1776093337,13-04-2026 15:15:37,1776093337,0,,,,,,,,,
0x74ec9a2bdb583bb7a21e0380a87522b988d71406cf16c39e8a53a6b70455d265,inv_a775c092,inv_9854cde5,85486578,495000000,,1776093193,13-04-2026 15:13:13,1776093193,0,,,,,,,,,
0x40faa7ca4ab3dd012b30f62419a567aa916cd1a7a5be27161f95145af9e20d7e,inv_fe25e7bc,inv_c48739e9,85467295,116000000,,1776054627,13-04-2026 04:30:27,1776054627,0,,,,,,,,,
0x2650d4da79fdbc8aee1f14482c8e569dc9affa917429d1e2e60f67ad4de0bbca,inv_c617a894,inv_5ee51564,85453408,550000000,,1776026853,12-04-2026 20:47:33,1776026853,0,,,,,,,,,
0x8e8be8d3d2b69ebabd067f825b0ff4419048aeb3782c60d395134d32786a298b,inv_88e68846,inv_b9b5acda,85436586,204000000,,1775993209,12-04-2026 11:26:49,1775993209,0,,,,,,,,,
0xa6e440c1ab9289af4dc38aa87fd38ff90b767951611c3548a4580a8fbd5f7fe5,inv_51fb59ef,inv_b618758a,85418388,550000000,,1775956813,12-04-2026 01:20:13,1775956813,0,,,,,,,,,
0x80c0a70ca022c1083ccce29f3148ae228dc328668b233be17fa504ab828230d2,inv_b618758a,inv_9f652700,85414184,1499400000,,1775948405,11-04-2026 23:00:05,1775948405,0,,,,,,,,,
0x5f6e15e09ab5b92a493bdde894f734ceb42f8e05fb98ddce18bbd87ffe63e201,inv_fe25e7bc,inv_c48739e9,85385551,116000000,,1775891139,11-04-2026 07:05:39,1775891139,0,,,,,,,,,
0xc414f6453f56189f6e60cd650daa77394dfcace8a13921a7b41bf8e2ee30a4d0,inv_88e68846,inv_8759680f,85384467,1020000000,,1775888971,11-04-2026 06:29:31,1775888971,0,,,,,,,,,
0xa946d49aa569d90b8b83de3f527268f5980e1836322f586eb649da2b05e43694,inv_5122e65b,inv_2fd12e74,85371102,139752004,,1775862241,10-04-2026 23:04:01,1775862241,0,,,,,,,,,
0x9b0a3a5ab6e98cbf115e4f3cb2c6a6f7392d11175184d4590260fc8d14bbf467,inv_5e8e5eb2,inv_394f14c0,85365823,99432095,,1775851683,10-04-2026 20:08:03,1775851683,0,,,,,,,,,
0x583adcf8f8b5f4a0db83d76e7fef809494674ae86fb364e1620a5c18471c6a10,inv_896c26d9,inv_51fb59ef,85359782,315000000,,1775839601,10-04-2026 16:46:41,1775839601,0,,,,,,,,,
0x149f6a961d0c8553c44b3406328ecbc26c4fe7f2d04414ecc55595e511d3e296,inv_5425f722,inv_60dcb8f6,85348390,577500000,,1775816817,10-04-2026 10:26:57,1775816817,0,,,,,,,,,
0x1a8e379e0ba4912275143c8e6a2dcd69c891f05f871c073c3bc00627e9212553,inv_5425f722,inv_023ec695,85344216,101000000,,1775808469,10-04-2026 08:07:49,1775808469,0,,,,,,,,,
0xc7d927ab1fcc3250920b98d48d3f8069ee6261ca896f587d24b66d996e415ed4,inv_88e68846,inv_023ec695,85341353,525000000,,1775802743,10-04-2026 06:32:23,1775802743,0,,,,,,,,,
0x571b72399e73d77bf523b736f93544ff7a6fbcfd82545a32435d809d817150b8,inv_b618758a,inv_9f652700,85329018,1499850000,,1775778073,09-04-2026 23:41:13,1775778073,0,,,,,,,,,
0xbcbb1bde4b7b2cf3cf0d081fd40e4c968b0411ada602892505c829e193a6ba93,inv_b618758a,inv_9f652700,85328871,2499750000,,1775777779,09-04-2026 23:36:19,1775777779,0,,,,,,,,,
0xe7892669daed20f0b8320e64872a576e250245065d44af0d88aaa2332dff3975,inv_789e06fe,inv_178ac90f,85327894,1054333000,,1775775825,09-04-2026 23:03:45,1775775825,0,,,,,,,,,
0x9cfcfa8cc7a1f4598101fc548203ec1d0d9c5bc6074b0f26d1840530803d5285,inv_fe25e7bc,inv_c48739e9,85312532,114000000,,1775745101,09-04-2026 14:31:41,1775745101,0,,,,,,,,,
0xb8a490b7a86c86e7a8d4fc9ce0e3c312f240aee06679e704521f3d7392a2a491,inv_39d0ac30,inv_865e17b7,85309714,575000000,,1775739465,09-04-2026 12:57:45,1775739465,0,,,,,,,,,
0xb7f4cdc432e86675b2b340510b6ca932f3b41433d4d9ee5065dd28c5d3811832,inv_5425f722,inv_a16a6eca,85305834,342000000,,1775731705,09-04-2026 10:48:25,1775731705,0,,,,,,,,,
0x4f9b4bb0cd5a32c0982fb644e0d756e27e68f68f934eca5f311c3dce6bcf476e,inv_5425f722,inv_a16a6eca,85287921,228000000,,1775695879,09-04-2026 00:51:19,1775695879,0,,,,,,,,,
0x6627a9d6049211dac3b2c75356193648e06df72e9981e4bb8f8fccbaf217433d,inv_b9b5acda,inv_1295dc39,85281428,520000000,,1775682893,08-04-2026 21:14:53,1775682893,0,,,,,,,,,
0x9d423cf04d73058865d3a83386d9605d1b8c4c9efc20da852c330094ab9effce,inv_0cda50ec,inv_b9b5acda,85279130,204000000,,1775678297,08-04-2026 19:58:17,1775678297,0,,,,,,,,,
0xd1ef528f0eee805a05ce0f5f6bee1a8163bca6d1de5c583c1266fe154fbad981,inv_b618758a,inv_2142dfdf,85278542,1030000000,,1775677121,08-04-2026 19:38:41,1775677121,0,,,,,,,,,
0x48e802875fe7ebfda1cae36a753ae02d299046af1809c01f66f9f43e56feefa7,inv_6d4b221a,inv_8759680f,85273536,1040000000,,1775667109,08-04-2026 16:51:49,1775667109,0,,,,,,,,,
0xa82ee6b0f5adf2837afbfb2db3989ea2dc6ff175bb69a39e7fe570df806b5e75,inv_6d4b221a,inv_60dcb8f6,85273490,578500000,,1775667017,08-04-2026 16:50:17,1775667017,0,,,,,,,,,
0x89ea8848afe6de4ff17d6942811886a4d254392ce6dac1035657f18b9842ca00,inv_5425f722,inv_c48739e9,85271129,114000000,,1775662295,08-04-2026 15:31:35,1775662295,0,,,,,,,,,
0xcd958efb112746f8ed4c2f76ace29a6383f185a062ba914f8e7f9833b478c1f5,inv_c48739e9,inv_a16a6eca,85268256,226000000,,1775656549,08-04-2026 13:55:49,1775656549,0,,,,,,,,,
0x01b1a7939f12ef35d9f6031d262b9fd672bfe99e3b777410611faeca9f089da2,inv_5425f722,inv_a16a6eca,85264123,228000000,,1775648283,08-04-2026 11:38:03,1775648283,0,,,,,,,,,
0xcd83d6bb2bfa0dfde9280ef472d35c95f8bd55f3fdc35667986805277e6308c6,inv_5425f722,inv_a16a6eca,85263966,226000000,,1775647969,08-04-2026 11:32:49,1775647969,0,,,,,,,,,
0x17434a2fd4f6b1ab6f466cc4b7e831224e881746d612e0cfcee11c0d14fd71a3,inv_dd1e02a2,inv_4b08503f,85256338,510000000,,1775632713,08-04-2026 07:18:33,1775632713,0,,,,,,,,,
0x8666958a3f9e9fe7b542808f4fbe66d1259056f363241fd1e971baa2f71ee503,inv_f8534963,inv_a16a6eca,85234756,226000000,,1775589549,07-04-2026 19:19:09,1775589549,0,,,,,,,,,
0x3ec74b5e4d4e3f8bd9bdd35f25cffed2ab01591937265f38593d240ab0113b78,inv_dd1e02a2,inv_cf96e801,85232879,396000000,,1775585795,07-04-2026 18:16:35,1775585795,0,,,,,,,,,
0x286f9f0df7d6644310e0baabec3a3ab90ef16da69b8fc1e27e06719bd2e4e1f8,inv_dd1e02a2,inv_9854cde5,85232756,522225000,,1775585549,07-04-2026 18:12:29,1775585549,0,,,,,,,,,
0x5adc2adf121e5199aa210891539c180f592d0a338d2207ebe1d3234be9254efe,inv_6c3a3c0b,inv_60dcb8f6,85224374,503630158,,1775568785,07-04-2026 13:33:05,1775568785,0,,,,,,,,,
0x4574f57bbf7d870dfbbb8b50b63814f1f3bfcc5e6be777bcc1f4a1e2f7c3c9fb,inv_c48739e9,inv_dd1e02a2,85217257,550000000,,1775554551,07-04-2026 09:35:51,1775554551,0,,,,,,,,,
0xa0cdc72870231457901a453fca5addf25e00a09bcc5d5d812ea2a139e2ca6124,inv_dd1e02a2,inv_8759680f,85215414,990000000,,1775550865,07-04-2026 08:34:25,1775550865,0,,,,,,,,,
0x44f87a3e89d26976e71e340a733c21bdcda2a630605d3fcfec4b8fee9e1bb78e,inv_dd1e02a2,inv_295deb9e,85214851,525000000,,1775549739,07-04-2026 08:15:39,1775549739,0,,,,,,,,,
0xbc1627c86c89c9e796b609bbafa1407ee403f3c6ed13b69620556f5b16a55fac,inv_dd1e02a2,inv_9854cde5,85170143,495000000,,1775460323,06-04-2026 07:25:23,1775460323,0,,,,,,,,,
0x33166aaa9493bb499b4be76b89b7ec8d8a3d65149a5eb8e23f724c53a1793736,inv_dd1e02a2,inv_295deb9e,85169758,525000000,,1775459553,06-04-2026 07:12:33,1775459553,0,,,,,,,,,
0xe7f7acec716016a5e903c94e3fbe04e3a26d67178dcf443719266be085cd1049,inv_5122e65b,inv_2c424eb9,85154393,106605685,,1775428823,05-04-2026 22:40:23,1775428823,0,,,,,,,,,
0x1838d13789b6a1483bbdb62f97af52a23642db224cd79f8b2aa0964129e4c730,inv_5122e65b,inv_4d211fa5,85154326,9931,,1775428689,05-04-2026 22:38:09,1775428689,0,,,,,,,,,
0x2c6828ce11e05788b1799f7fba5941c4557ff4c53eca6898e75487bd1599594a,inv_fe25e7bc,inv_890c67bf,85134721,116000000,,1775389479,05-04-2026 11:44:39,1775389479,0,,,,,,,,,
0xda621b43005922af04bf5e4f2e56757250079f36a3df2c27e86f2b21bc74287b,inv_88e68846,inv_8759680f,85128998,1040000000,,1775378033,05-04-2026 08:33:53,1775378033,0,,,,,,,,,
0x026243428d78ec44f5a000992c4af7ec936f6304bf8e96e970475d50217dec88,inv_88e68846,inv_295deb9e,85128967,505000000,,1775377971,05-04-2026 08:32:51,1775377971,0,,,,,,,,,
0x900d76990e9f6c912f08bc94e7bc9c5c5acd5ce6f380a55cc64731852b5b2b28,inv_51fb59ef,inv_60dcb8f6,85116326,505000000,,1775352689,05-04-2026 01:31:29,1775352689,0,,,,,,,,,
0x6bf36a528e4f4fb0bbccfc3fe6e80bc95eea1047c208177e1fd979ca57102f3a,inv_d381a12e,inv_890c67bf,85110491,103000000,,1775341019,04-04-2026 22:16:59,1775341019,0,,,,,,,,,
0x551c6023bd59131a423208b4ab846ff57cc198a13b39a0f6afebed8d55a83315,inv_d381a12e,inv_890c67bf,85109406,103000000,,1775338849,04-04-2026 21:40:49,1775338849,0,,,,,,,,,
0xbea883186f3e30b2dd17135db4a1aee27c5c42e05e27f231be80cd3254f3d2f6,inv_5de3664d,inv_b618758a,85066840,114999009,,1775253717,03-04-2026 22:01:57,1775253717,0,,,,,,,,,
0x66b86202ddd79ee693ff1024135d97dc15b182237ad26dd7b8415fb565f3036f,inv_b618758a,inv_ebacd7d1,85066699,510000000,,1775253435,03-04-2026 21:57:15,1775253435,0,,,,,,,,,
0xef972c08ee9c059d4b23c8c746f373a9ac00b7793cc9ba9aa8f374d98cf343c8,inv_b618758a,inv_ebacd7d1,85066396,510000000,,1775252829,03-04-2026 21:47:09,1775252829,0,,,,,,,,,
0x3e08748aa745fd21322d8ed63f65ae67eebe60fc5938afddef3ae09e4c340d89,inv_5de3664d,inv_295deb9e,85066349,500000000,,1775252735,03-04-2026 21:45:35,1775252735,0,,,,,,,,,
0x8df7dfb0ad4321eb7d0e59186bf47b06c30c2af55a9f7ef6be8afecfcfbc4d8f,inv_b618758a,inv_ebacd7d1,85066306,510000000,,1775252649,03-04-2026 21:44:09,1775252649,0,,,,,,,,,
0xd6485ce3fa7120822b1e1eafd5a9fd511218d1717786ee104731cdc7f08e60d9,inv_b618758a,inv_d9986373,85061156,244212234,,1775242349,03-04-2026 18:52:29,1775242349,0,,,,,,,,,
0x06e8eb357f0a8bc2ddeb514591390dbd4e359c07be30b08e661685e0ef035569,inv_b618758a,inv_d9986373,85061122,6024037413,,1775242281,03-04-2026 18:51:21,1775242281,0,,,,,,,,,
0xf8ef8c0777d912e4a3eea169e139b5ec5e826be2c1634daad875814f0026c758,inv_88e68846,inv_b9b5acda,85056049,204000000,,1775232135,03-04-2026 16:02:15,1775232135,0,,,,,,,,,
0x8268572a9e168d4493b42b8bc5ed2bdb81ec52cc18b22c21254fa75d666823f4,inv_88e68846,inv_8759680f,85056020,1040000000,,1775232077,03-04-2026 16:01:17,1775232077,0,,,,,,,,,
0x2c55b23246c5c3d43dab7fb1285135d8704b1de4ee43a91138f1d776bfa14fc1,inv_51fb59ef,inv_295deb9e,85053059,500000000,,1775226155,03-04-2026 14:22:35,1775226155,0,,,,,,,,,
0x183219550a4e607c59af60fcfacfff4eaae96cf19ddfcce00bea387f756730e2,inv_6d4b221a,inv_8759680f,85042238,1040000000,,1775204513,03-04-2026 08:21:53,1775204513,0,,,,,,,,,
0x27ee943df661d395aa31fd5c071781eae59a6016644ae1c49c68c63f9faaa78e,inv_6d4b221a,inv_2c424eb9,85042127,101026383,,1775204291,03-04-2026 08:18:11,1775204291,0,,,,,,,,,
0x1da7ad7b197a4827617669934bd6acb1f900868dc3d5df979d3ffa70f265e7c6,inv_b618758a,inv_e04cd17d,85040392,99999138,,1775200821,03-04-2026 07:20:21,1775200821,0,,,,,,,,,
0x0fa29ef4d93106d378d72a68648da1143bdc3f28761f5099379f48f7a220dace,inv_d381a12e,inv_2142dfdf,85026214,515000000,,1775172465,02-04-2026 23:27:45,1775172465,0,,,,,,,,,
0x8556acec92b5ce7d7fb36214da4f5b53fb34bd1296234e28f16a75407c993c9c,inv_b618758a,inv_d9986373,85019458,19568172846,,1775158953,02-04-2026 19:42:33,1775158953,0,,,,,,,,,
0x21b571985bf50cf5197f0debb4702190be1a6758565688d74e1f0170ccb996da,inv_51fb59ef,inv_60dcb8f6,85018725,510000000,,1775157487,02-04-2026 19:18:07,1775157487,0,,,,,,,,,
0xec91ec8556c75e2ffcfc00b894191c9965a3e83a9f5b153388c7706ae870f923,inv_84cbf8c3,inv_772044b3,85009096,254745000,,1775138229,02-04-2026 13:57:09,1775138229,0,,,,,,,,,
0x66651ef58611e2a4ea8fb8b811223bf5db5116077ced1263b98f4c66d0992a8c,inv_5b981484,inv_8759680f,84969653,1040000000,,1775059343,01-04-2026 16:02:23,1775059343,0,,,,,,,,,
0x1a4f058a05dde331ba0f10868759995387880aacc92dff1ec59b3176743a8aed,inv_39d0ac30,inv_aaf57ab8,84966630,88583288,,1775053297,01-04-2026 14:21:37,1775053297,0,,,,,,,,,
0xd30369b3abe4c6208a7f1afe2a5d4a77488a8c7b78a3a82d3cbbbd0687000dcb,inv_39d0ac30,inv_0ce4228c,84966379,188146281,,1775052795,01-04-2026 14:13:15,1775052795,0,,,,,,,,,
0x7223e1ca9b15c245d4aedf6c3a8f3e912b06e8c762a0331775447c89a4fe682f,inv_b618758a,inv_a8478eda,84961895,109092818,,1775043827,01-04-2026 11:43:47,1775043827,0,,,,,,,,,
0x7bb3c0280e11499479ec67b06524cc6a1c20a03c4156d8e06cb1b6be28be9414,inv_b618758a,inv_a8478eda,84961878,108940308,,1775043793,01-04-2026 11:43:13,1775043793,0,,,,,,,,,
0x2de17bdfa02a5c1912ad7c99be35dff7eafffddb041fcdcf8f6894545cb805d6,inv_27275bb1,inv_8759680f,84958335,1000000000,,1775036707,01-04-2026 09:45:07,1775036707,0,,,,,,,,,
0x361f169e1056936b8d340e1f171fd46606569c79b161ad970730bbb428df83cc,inv_40fd5077,inv_75578a1d,84956164,581956328,,1775032365,01-04-2026 08:32:45,1775032365,0,,,,,,,,,
0x3756c0118615172546dd7c71a165e358741229411e1d154e938412a098d3d767,inv_6d4b221a,inv_75578a1d,84954469,1090000000,,1775028975,01-04-2026 07:36:15,1775028975,0,,,,,,,,,
0xe94eaa95d3ae6ea158745d062b4f4c2e3be4a3cb4d524f28fd03f3ba74f63bf7,inv_6d4b221a,inv_8759680f,84954323,1040000000,,1775028683,01-04-2026 07:31:23,1775028683,0,,,,,,,,,
0x79291fb73db1986d6e6671e118a7921442fc2225b041d848bfdbb2cf49480831,inv_dd1e02a2,inv_13cb9955,84951525,500000000,,1775023087,01-04-2026 05:58:07,1775023087,0,,,,,,,,,
0x0ddb3fb85f73a5c8a3c05ecc7256fc1f2b25abcac12f6f6f78f84d10e63ab721,inv_dd1e02a2,inv_9854cde5,84951350,495000000,,1775022737,01-04-2026 05:52:17,1775022737,0,,,,,,,,,
0x8cce599a116daf7a1e58a785828d67ea6467929424a8f7396c4e2d7dffaf3054,inv_dd1e02a2,inv_8759680f,84951302,980000000,,1775022641,01-04-2026 05:50:41,1775022641,0,,,,,,,,,
0x691559892f3487d7cdeb9dc949a8edfee3d901c7da281e7eb540e49b243ee358,inv_6d4b221a,inv_8759680f,84926205,1040000000,,1774972447,31-03-2026 15:54:07,1774972447,0,,,,,,,,,
0x1aecbff4d6e1f6b77d97c5be8a77661716dc247ae46ea0319b70bbfde22061a2,inv_6d4b221a,inv_51fb59ef,84925768,106000000,,1774971573,31-03-2026 15:39:33,1774971573,0,,,,,,,,,
0x7aa37af13c6ac9253a6ac17006cb2234a52b9dc443889e53825a7e9d1efb3fce,inv_3719abe2,inv_8759680f,84909394,970000000,,1774938825,31-03-2026 06:33:45,1774938825,0,,,,,,,,,
0x4b2b13d9011e0c43c790e5b031acedbde93e5576a3a816a2aec75a14ca8a92f3,inv_3719abe2,inv_8759680f,84909235,1030000000,,1774938507,31-03-2026 06:28:27,1774938507,0,,,,,,,,,
0xb262c75e9d1bf30e967014e015e6688f373180cecb518bd41f998c6432bfab29,inv_6d4b221a,inv_772044b3,84887756,339860913,,1774895549,30-03-2026 18:32:29,1774895549,0,,,,,,,,,
0x2ebed9af3c4f0525129cad7b44b3e6477b05475846fcc4f46e4c2dacb74d6d01,inv_b618758a,inv_772044b3,84883669,570000000,,1774887375,30-03-2026 16:16:15,1774887375,0,,,,,,,,,
0xb4bad0d47ef911fe150f4ba27cc17dab3957c8a569c61c0b841094353009565b,inv_5b981484,inv_d9986373,84850021,5250000000,,1774820078,29-03-2026 21:34:38,1774820078,0,,,,,,,,,
0x5640c275a9dbe357dac8957907372d4fd5f640eb37ebb77f90d9c8846a9f3a23,inv_6d4b221a,inv_51fb59ef,84846447,105000000,,1774812930,29-03-2026 19:35:30,1774812930,0,,,,,,,,,
0xd3b8d987c66ed5ae6b0fc2d609510227c0c9d20229c1f381b9cd8eaa2a5cf275,inv_5690c297,inv_86cd7bf5,84825226,102000000,,1774770488,29-03-2026 07:48:08,1774770488,0,,,,,,,,,
0xf09c0dcc1a9d75a1aa7df282dd02496a8fa64ee9d6b74e5b428b22d3f09c478e,inv_dd1e02a2,inv_8759680f,84780654,1100000000,,1774681343,28-03-2026 07:02:23,1774681343,0,,,,,,,,,
0x489cde3863123ce0b54f5b5317a96f2e2f4d0c7070ea742228e82bf1e23fbcf5,inv_85287263,inv_a322cedd,84756302,582500000,,1774632639,27-03-2026 17:30:39,1774632639,0,,,,,,,,,
0xcb1b8387454052b43a77d4d819521cf2ed0d2d27b9b39988cf19c9a3fbad0285,inv_85287263,inv_5036e223,84755773,287845193,,1774631581,27-03-2026 17:13:01,1774631581,0,,,,,,,,,
0x1c8dd2a4ede3e0ed57e4131a45985434f7d9f41af9741f41d0ad7465b6eb67f5,inv_dd1e02a2,inv_8759680f,84752778,1100000000,,1774625591,27-03-2026 15:33:11,1774625591,0,,,,,,,,,
0x245c6949b790abb70cdb9fe201211d8b979d1cb65dcc85acb71ef578746987d4,inv_789e06fe,inv_772044b3,84750313,514650000,,1774620661,27-03-2026 14:11:01,1774620661,0,,,,,,,,,
0xd94d074db6b4a28e50e65abfa5e504b92f557ffb8255f6d66ff787d79be89bce,inv_75578a1d,inv_dd1e02a2,84748594,1575000000,,1774617223,27-03-2026 13:13:43,1774617223,0,,,,,,,,,
0xb62657689c24abe4137adc9d16c9c6adeed70631f89e8f2afeee1355d76728e6,inv_dd1e02a2,inv_8759680f,84742034,1100000000,,1774604103,27-03-2026 09:35:03,1774604103,0,,,,,,,,,
0xd805fbf632bfdab77fddd29b13f416bc194e81508ab669ee9c3ef73db0ef60a7,inv_b934cdb6,inv_f828c839,84739800,108005232,,1774599635,27-03-2026 08:20:35,1774599635,0,,,,,,,,,
0xc16192942fc4a10c4c326f21d74c69682ce7d2612918cb04455caebeaf5eaed0,inv_88e68846,inv_dd1e02a2,84739172,1050000000,,1774598379,27-03-2026 07:59:39,1774598379,0,,,,,,,,,
0x3ba3e4100b5a9db447d840e7b9d9468bae4154ba8b15d2d546b5adef6430ebd1,inv_cf96e801,inv_9854cde5,84714218,400240000,,1774548471,26-03-2026 18:07:51,1774548471,0,,,,,,,,,
0x505cca7e1997f5bd1e9ec4d215e8c187ce91b5d49a8c04a37a44b20f3a2abc68,inv_88e68846,inv_8759680f,84712433,1050000000,,1774544901,26-03-2026 17:08:21,1774544901,0,,,,,,,,,
0x2ab27f24c5b294c9ceda528e7b1badb3d3e8f451b67d65eeed745bd0e9b20ac8,inv_262f6642,inv_135a86ed,84707900,1043557059,,1774535835,26-03-2026 14:37:15,1774535835,0,,,,,,,,,
0x8ec4da861003ee0b41689189eb099b7b9be1bb8407b7c4ac45660080d5a2d625,inv_6d4b221a,inv_d9986373,84698642,318000000,,1774517319,26-03-2026 09:28:39,1774517319,0,,,,,,,,,
0xb473bc4c3be5923712886a19e90447d9dcb1e8b64bc8edd1bf7732295a754d67,inv_6d4b221a,inv_d9986373,84698575,424000000,,1774517185,26-03-2026 09:26:25,1774517185,0,,,,,,,,,
0xf7f779fcc0f7aa1a317dec7b4fbc2eb3d441a9ecc47e1dd3cec9b8dfd5e0b81c,inv_c48739e9,inv_281e98df,84679946,66080000,,1774479927,25-03-2026 23:05:27,1774479927,0,,,,,,,,,
0x6a12002edee54b287f67bd0489b0d52b4f7166e6e026532053d326c58d8b3509,inv_b9b5acda,inv_281e98df,84675301,192496078,,1774470637,25-03-2026 20:30:37,1774470637,0,,,,,,,,,
0x4afff4275e059ec42041bd5241e33357b3c6b0fb13672622610417ab64f63297,inv_b9b5acda,inv_281e98df,84675192,104567401,,1774470419,25-03-2026 20:26:59,1774470419,0,,,,,,,,,
0xe99c3e5e4aaf076c7a6cab60e92275eb91c92fde294ddb446d62dee75e6cfe89,inv_b9b5acda,inv_281e98df,84675157,280273680,,1774470349,25-03-2026 20:25:49,1774470349,0,,,,,,,,,
0xbad12a85be51f06bcc47f9c37f66fa390013d4812091e8fd6c6e8ce33a562986,inv_6d4b221a,inv_d9986373,84664535,1908000000,,1774449105,25-03-2026 14:31:45,1774449105,0,,,,,,,,,
0x18f3982222b5de5f96fb9a24777ad124e498a1937e05b2c29d6c083345d7116b,inv_b934cdb6,inv_d9986373,84653195,106000000,,1774426425,25-03-2026 08:13:45,1774426425,0,,,,,,,,,
0xda54d8dea9a6c671f18554f8155ceba32a9ad0f3d3d80f57ee0769a8f865dd31,inv_51fb59ef,inv_d9986373,84643400,212000000,,1774406835,25-03-2026 02:47:15,1774406835,0,,,,,,,,,
0x95d5556c8ebb9c605f2a89341292987efc3f454248ec9f0b5edc739703fb37a9,inv_789e06fe,inv_b9b5acda,84638786,204000000,,1774397607,25-03-2026 00:13:27,1774397607,0,,,,,,,,,
0x30f7a80da14ae2c1e174e9f965015d5e73c303a1bdee1dcdc5dcd1c1796d2c60,inv_789e06fe,inv_135a86ed,84638744,1643100000,,1774397523,25-03-2026 00:12:03,1774397523,0,,,,,,,,,
0xe5d20d35701a943197d29efc7f5e3d23c1d3f8f9f5dc055aba5f9a52aa6505f5,inv_6d4b221a,inv_d9986373,84624836,106000000,,1774369707,24-03-2026 16:28:27,1774369707,0,,,,,,,,,
0xf3727d289de327ffa6ea2d87847a160124deb5b8261a64efbaea220aca2172f2,inv_6d4b221a,inv_d9986373,84624704,106000000,,1774369443,24-03-2026 16:24:03,1774369443,0,,,,,,,,,
0x248fba02e96bb11395dcf9969d8cd0fc60c1765bcb7849bb5110d8bfe3b9e539,inv_6d4b221a,inv_d9986373,84624281,1060000000,,1774368597,24-03-2026 16:09:57,1774368597,0,,,,,,,,,
0x754ba462d22b63f5050b11997d7ac28a98a04e945c12025fce7abc61b1e91bb6,inv_5de3664d,inv_890c67bf,84617557,102000000,,1774355149,24-03-2026 12:25:49,1774355149,0,,,,,,,,,
0xb642b5ca0b4556b9a3c8868a9cbde9e90f7f8d27247a4c80d790b97138505357,inv_ce5f2891,inv_242932ef,84607311,634400000,,1774334657,24-03-2026 06:44:17,1774334657,0,,,,,,,,,
0x238849269578bef1dce5764b9cf6c404efd22858faf5a2e7d256db05c609131b,inv_b9b5acda,inv_890c67bf,84590922,103000000,,1774301879,23-03-2026 21:37:59,1774301879,0,,,,,,,,,
0x1c81af37787ea2711a5f45173c93c7e60aaaac36f3fa904e2004e159360e0a49,inv_789e06fe,inv_d023727b,84589499,588000000,,1774299033,23-03-2026 20:50:33,1774299033,0,,,,,,,,,
0x794d869e1e680d8c97d5d34aa70fa9018763a17d19d9b2d9b0798047565e1d5d,inv_ce5f2891,inv_242932ef,84586068,500000000,,1774292171,23-03-2026 18:56:11,1774292171,0,,,,,,,,,
0x3ef77c13556be0a544dfa3caef7ae63f9fa0e2b936a9b9e12a9add8292bc78c6,inv_d381a12e,inv_d9986373,84571635,126140000,,1774263305,23-03-2026 10:55:05,1774263305,0,,,,,,,,,
0x66f135edc03e7b86530741b6ba2108e627f9305c6a4bb59e0794d44b521f03e8,inv_dd1e02a2,inv_8759680f,84563953,1100000000,,1774247941,23-03-2026 06:39:01,1774247941,0,,,,,,,,,
0x9f254b01b8628b47d3e62cf91f9e8bc61c4bd980aef5871f0aa81a6f4f6503ba,inv_6d4b221a,inv_d9986373,84547234,1040000000,,1774214503,22-03-2026 21:21:43,1774214503,0,,,,,,,,,
0x5866f26895bda20efd8bf632e04f19da0e99b502cbc2344287f6b6a41cd4bbd3,inv_dd1e02a2,inv_8759680f,84543213,1100000000,,1774206461,22-03-2026 19:07:41,1774206461,0,,,,,,,,,
0x86d954c1a693c0f09c1ca6b0f09e9b1c86641d8ea89cc6508260f1343ac23933,inv_dd1e02a2,inv_8759680f,84543140,1100000000,,1774206315,22-03-2026 19:05:15,1774206315,0,,,,,,,,,
0x0d57476b6380670d759817333923ada3fa9dc9416fcc0b3ce1a19a9417d5c83e,inv_190c7331,inv_d9986373,84541522,11134300000,,1774203079,22-03-2026 18:11:19,1774203079,0,,,,,,,,,
0x6261406a3646220662fb9afe023628a466a0f64cf3b4c2db47c9a99bdbc64da2,inv_fe25e7bc,inv_d9986373,84536233,472000000,,1774192501,22-03-2026 15:15:01,1774192501,0,,,,,,,,,
0x882f05e86c4e9f8ba47c04cf8c7f446655c1706a74f34acc26159943634e7210,inv_5de3664d,inv_d9986373,84532676,456744750,,1774185387,22-03-2026 13:16:27,1774185387,0,,,,,,,,,
0xb6540e0355fb70058bde79578ec5fe347a434f10ccf2f1c345809a5012036e8b,inv_b9b5acda,inv_d9986373,84530932,449673219,,1774181899,22-03-2026 12:18:19,1774181899,0,,,,,,,,,
0x13cf94b81f0340a8a450b3756c04adee68d7e88f66dfc92f35e656fc0ed7a16f,inv_190c7331,inv_d9986373,84530434,1657766922,,1774180903,22-03-2026 12:01:43,1774180903,0,,,,,,,,,
0x741e5dc89f33a6c197def53268dd8a283e364bf698d8ba3ab787ba0e5b8fa691,inv_dd1e02a2,inv_8759680f,84523148,1100000000,,1774166331,22-03-2026 07:58:51,1774166331,0,,,,,,,,,
0xa0d19bfdd8567b64c40dd69e8a913a35ce9367cb70c1d33f9297278d2d6645ce,inv_dd1e02a2,inv_8759680f,84523122,1100000000,,1774166279,22-03-2026 07:57:59,1774166279,0,,,,,,,,,
0x272dfa1480b31a64cf85d6e2d84fed047872e72d4cd82e465e5eae54180ddc1c,inv_a322cedd,inv_00353004,84496727,577500000,,1774113487,21-03-2026 17:18:07,1774113487,0,,,,,,,,,
0x7d1d9de0c2b05d24950756fc69019e6bfc2cc7ead793bdb40fd733d8c03d75bf,inv_5de3664d,inv_a322cedd,84493994,575000000,,1774108021,21-03-2026 15:47:01,1774108021,0,,,,,,,,,
0xb0859cfaa91f9b97360a270df778d29df8e059c251d4b4f7afdba4b17c8e1bdb,inv_dd1e02a2,inv_8759680f,84488464,1100000000,,1774096961,21-03-2026 12:42:41,1774096961,0,,,,,,,,,
0xb76630b88a18076839928a22e195280b40c3634abd9fda3f7af32bac519ed329,inv_dd1e02a2,inv_8759680f,84488388,1100000000,,1774096809,21-03-2026 12:40:09,1774096809,0,,,,,,,,,
0x151d357c182c97569f4d4f890b521332bf8fb5c153f58d02432aaaa06a5503c9,inv_f8534963,inv_fbfcd697,84484816,308357236,,1774089665,21-03-2026 10:41:05,1774089665,0,,,,,,,,,
0x1b949d316fc48847c7687229e3c59146e51076103fed76747a8193f0c17af87f,inv_6d4b221a,inv_8759680f,84484027,59414400,,1774088087,21-03-2026 10:14:47,1774088087,0,,,,,,,,,
0xbd826afa24769e2e585685f5e8b90287ca2ee4b29b2b3350ae7846290c5d8e97,inv_dd1e02a2,inv_8759680f,84478366,1100000000,,1774076765,21-03-2026 07:06:05,1774076765,0,,,,,,,,,
0x2b8a82c7da24c1b0468858f14c5c0a7c137a0b4b39a8ec365005906f2f7652b1,inv_dd1e02a2,inv_8759680f,84478344,1100000000,,1774076721,21-03-2026 07:05:21,1774076721,0,,,,,,,,,
0x702201bd7b490864d8788b26af6ab69b01217b1f4d0964f3fca897e78e80b15d,inv_dd1e02a2,inv_8759680f,84452626,1100000000,,1774025285,20-03-2026 16:48:05,1774025285,0,,,,,,,,,
0xe35e34a9deab629bae7868b64cc9f5976bd7688dbc0f8b92005dcbdb2481b777,inv_dd1e02a2,inv_8759680f,84452596,1100000000,,1774025225,20-03-2026 16:47:05,1774025225,0,,,,,,,,,
0x0d85a8b418e238a0b7de84c3e42ba2f44185c62363fcb6492b29431b5467ac84,inv_789e06fe,inv_b9b5acda,84420710,206000000,,1773961453,19-03-2026 23:04:13,1773961453,0,,,,,,,,,
0x4e99cab2d8f9123187759da6e41ca382b77ba28f0c5c61f3078ad850a3cf1c7c,inv_dd1e02a2,inv_8759680f,84415230,1100000000,,1773950493,19-03-2026 20:01:33,1773950493,0,,,,,,,,,
0x224fdc6de95d94d0f9cff23db0d940ce509577428a76af7e8dab072b44bc0833,inv_dd1e02a2,inv_8759680f,84414794,1100000000,,1773949621,19-03-2026 19:47:01,1773949621,0,,,,,,,,,
0xf0b7f0ed7507db466cb53e8aba6ef14899c125ba95d9d39625b15e329e03597c,inv_0d1fcee2,inv_890c67bf,84408108,118000000,,1773936249,19-03-2026 16:04:09,1773936249,0,,,,,,,,,
0xb5e8d770ed541c7644a93d1b27c89021f305276d6f3a00bec8705fdb316a848b,inv_5122e65b,inv_242932ef,84397439,500000000,,1773914911,19-03-2026 10:08:31,1773914911,0,,,,,,,,,
0xccac1a2d7c52304eb9e4d40adf84d1d16e4f03132833a950a4759eb233a34280,inv_b9b5acda,inv_890c67bf,84376672,103000000,,1773873377,18-03-2026 22:36:17,1773873377,0,,,,,,,,,
0xbed595628abb2a1bcd737820b9934507e833f7c0b1966f51b126275a0d56ba21,inv_b9b5acda,inv_890c67bf,84376606,103000000,,1773873245,18-03-2026 22:34:05,1773873245,0,,,,,,,,,
0x0d2f6153bc14ed3f4e390d6fa498d6c0cb87285266a45c3499025871300b09f9,inv_023ec695,inv_b93eeae9,84371145,540000000,,1773862323,18-03-2026 19:32:03,1773862323,0,,,,,,,,,
0xf52d68116d5983557c001a38a447893c02ef91ab202b7e20545bdbeed756a3e2,inv_a91c1683,inv_242932ef,84367523,500000000,,1773855079,18-03-2026 17:31:19,1773855079,0,,,,,,,,,
0xba1bbf4e827d502084792aa06d532bde9257f8076b3ef5f2dd8bf1d190b74ec7,inv_5690c297,inv_9caef85d,84366466,299000000,,1773852965,18-03-2026 16:56:05,1773852965,0,,,,,,,,,
0xb3c8121c6d0c41d7f4a73c2b91ad916ebe3dac9096c615d513f34b74efd6dcc1,inv_789e06fe,inv_b9b5acda,84365697,206000000,,1773851427,18-03-2026 16:30:27,1773851427,0,,,,,,,,,
0x181022e376791184f88953381ad5b4e31ad954ba7e79935d1005b6f6f865ef63,inv_5122e65b,inv_f8534963,84353736,62797988,,1773827505,18-03-2026 09:51:45,1773827505,0,,,,,,,,,
0x7b84673b578e525466641d58de953b86313baac563fef8265bf337636c4af418,inv_dd1e02a2,inv_cf96e801,84349685,785639168,,1773819403,18-03-2026 07:36:43,1773819403,0,,,,,,,,,
0x3f3986fa72b6a8a74d2fd492b73216927ef3c316981bac8640693927242222ff,inv_dd1e02a2,inv_8759680f,84349298,314922609,,1773818629,18-03-2026 07:23:49,1773818629,0,,,,,,,,,
0x43f71b7a4eab91a133efdf3a3a08163c28fc6ff6cbc60ce66655607b6d95e366,inv_dd1e02a2,inv_f8534963,84349249,313500000,,1773818531,18-03-2026 07:22:11,1773818531,0,,,,,,,,,
0x4517cad8b7a663c559e54096f21d1a361e0f1245759bf724965df8fd3b486b35,inv_dd1e02a2,inv_2ed4b668,84349180,771277510,,1773818393,18-03-2026 07:19:53,1773818393,0,,,,,,,,,
0x3f73d8e53345c8e3437f10079a111dffbfc357a01fec6ab88fe7e1d882ceaa95,inv_51fb59ef,inv_242932ef,84339652,500000000,,1773799337,18-03-2026 02:02:17,1773799337,0,,,,,,,,,
0x450fc4d59e38f36fb717ddbc34605db22b0e061cfc54589f0fbc8f176f2b78c7,inv_5690c297,inv_da27a8d4,84338053,542539464,,1773796139,18-03-2026 01:08:59,1773796139,0,,,,,,,,,
0xe6cfb3b467dd13e7fe37ccff51ffe5f1e7be14228e837c41caaff1ea5ac32dc3,inv_789e06fe,inv_b9b5acda,84323749,206000000,,1773767531,17-03-2026 17:12:11,1773767531,0,,,,,,,,,
0xf5fe1e20db891f8c12e6e061b09289588524a148c7f8776dc084d355a867d518,inv_023ec695,inv_f8534963,84320595,309020680,,1773761223,17-03-2026 15:27:03,1773761223,0,,,,,,,,,
0x1be9d2e6ba30a90f6bcfaab163b74d7b2b369a268c7808bd0a4c93af2851c0db,inv_0d1fcee2,inv_890c67bf,84319647,118000000,,1773759327,17-03-2026 14:55:27,1773759327,0,,,,,,,,,
0x96f229d73cee45dd2d0f3339896f9052e69a7175deee0d51a5689637bd8206e0,inv_c617a894,inv_890c67bf,84315972,103000000,,1773751977,17-03-2026 12:52:57,1773751977,0,,,,,,,,,
0xafe83eed07763d644899f0dabc99b09d996981cf4c6315fff95eb1f1f17031e4,inv_b934cdb6,inv_890c67bf,84315762,103000000,,1773751557,17-03-2026 12:45:57,1773751557,0,,,,,,,,,
0x0b31bc62b77343d2c087b340444ddcea6e32b740e8885e6fdb840f0817c33995,inv_b934cdb6,inv_190c7331,84312260,136826735,,1773744553,17-03-2026 10:49:13,1773744553,0,,,,,,,,,
0xa3239a440748a96a17e86613faefd55931e7515b549a574b43f4913256ca8fd0,inv_789e06fe,inv_b9b5acda,84284025,206000000,,1773688083,16-03-2026 19:08:03,1773688083,0,,,,,,,,,
0x07b077592ab2527c9cfc1d32268e35d92b899f1f0674b6d4e884068095f6bba6,inv_789e06fe,inv_023ec695,84283997,101000000,,1773688027,16-03-2026 19:07:07,1773688027,0,,,,,,,,,
0x17ce80178013b290cd8ca0a9b820c401873cf73513fc29a5d33ffe6db5753e57,inv_dd02f503,inv_242932ef,84279935,500000000,,1773679903,16-03-2026 16:51:43,1773679903,0,,,,,,,,,
0x58b0ec0cd05b7019632712b906608333dbea562c5e41ccc4b3953d8d75889827,inv_dd02f503,inv_242932ef,84279880,500000000,,1773679793,16-03-2026 16:49:53,1773679793,0,,,,,,,,,
0x1e21c9d918dd05c56f1d1380ea5f0b1a0d6528d9232eff80859bb24d3eafa892,inv_023ec695,inv_b9b5acda,84277637,103000000,,1773675307,16-03-2026 15:35:07,1773675307,0,,,,,,,,,
0xb5d51e1267004e34fe9dc722142b0e0df640843189a6d6e7e72a88f515236929,inv_b934cdb6,inv_8759680f,84264104,104996209,,1773648241,16-03-2026 08:04:01,1773648241,0,,,,,,,,,
0x42a513e09aa79faf8fb5bdd4cb60071fc50082934624a605879be42a7f292950,inv_789e06fe,inv_b9b5acda,84237022,103000000,,1773594077,15-03-2026 17:01:17,1773594077,0,,,,,,,,,
0xe3b15d5f49cb3d172ddb0c242b4463c0fc5bb44f3a3008ec1c05f0f7c0703395,inv_b9b5acda,inv_0ce4228c,84236369,559057902,,1773592771,15-03-2026 16:39:31,1773592771,0,,,,,,,,,
0x6441f1470022c8452ad7bb997552a3a764f87f1d4f4d4fa2d9230a7bb17905c5,inv_00353004,inv_242932ef,84234344,1000000000,,1773588721,15-03-2026 15:32:01,1773588721,0,,,,,,,,,
0x2bfbe34e1c42b2b86e9e5492d8a5f0cbd8d79d076939739872826dd7af486365,inv_023ec695,inv_b9b5acda,84225752,103000000,,1773571537,15-03-2026 10:45:37,1773571537,0,,,,,,,,,
0xbf8c80351ee32b5b22f96fc49be74465fd30249f84911b2f3108d418b97a171f,inv_4756d229,inv_84aaf22c,84222959,224397201,,1773565951,15-03-2026 09:12:31,1773565951,0,,,,,,,,,
0xb9f4ab6f1388ed85d2094da8decaaa3ce4cf64df546e70b849fa88838992c65a,inv_4756d229,inv_da27a8d4,84222895,57742985,,1773565823,15-03-2026 09:10:23,1773565823,0,,,,,,,,,
0x8c216d9a0597a382371b075b0707d66ce79772397e8c40d8ce1c01cabc35ed1c,inv_0d1fcee2,inv_890c67bf,84191044,117000000,,1773502121,14-03-2026 15:28:41,1773502121,0,,,,,,,,,
0x2061778eff0f2eefe2bb8f86ec565df50dca5860d5de32d5317cfeccc86ab990,inv_b9b5acda,inv_890c67bf,84185956,103000000,,1773491945,14-03-2026 12:39:05,1773491945,0,,,,,,,,,
0x64e84b40805c44ad8216c69198aef4e664886a83b0aac1f008cd53bb5c51e490,inv_b9b5acda,inv_890c67bf,84185899,103000000,,1773491831,14-03-2026 12:37:11,1773491831,0,,,,,,,,,
0xb6c1d0f2ad0e37d110607abb2b11478084670737fbba9cded99050c3008738f1,inv_6d4b221a,inv_da27a8d4,84148491,502151614,,1773417015,13-03-2026 15:50:15,1773417015,0,,,,,,,,,
0x5e1ce93aa51107e68aa4fe6c6e3616edcb5f1ede08d07d0c1ff0dfaaa1c2229a,inv_190c7331,inv_bfd0e05c,84145575,108271591,,1773411183,13-03-2026 14:13:03,1773411183,0,,,,,,,,,
0x2b5c62e133f99eb52254d8046bb0ade1ce4faf0aab184462789a73fd852cb20c,inv_6d3c2326,inv_859e3c50,84142806,111237818,,1773405645,13-03-2026 12:40:45,1773405645,0,,,,,,,,,
0x435b493deeab26c4387544ea9cf26c897d69e9ce37bd30b3fa6ffad90f2a7e0c,inv_190c7331,inv_da27a8d4,84135275,53724993,,1773390583,13-03-2026 08:29:43,1773390583,0,,,,,,,,,
0xf80580e5d9b468b07105697b6530bee6677661c2f83373b9ebb0a1d31e2dd7a3,inv_51fb59ef,inv_b9b5acda,84125844,103000000,,1773371721,13-03-2026 03:15:21,1773371721,0,,,,,,,,,
0x7781454b77ff51b1163d7421fc867c7c143a81596ac0237690e277e30abfa03d,inv_84cbf8c3,inv_190c7331,84118199,100000000,,1773356431,12-03-2026 23:00:31,1773356431,0,,,,,,,,,
0xe7024c5ee6ee4972d86f3b0961c7281dc388d4e067d9a9523da34a504e52d9c5,inv_84cbf8c3,inv_51fb59ef,84118081,105000000,,1773356195,12-03-2026 22:56:35,1773356195,0,,,,,,,,,
0x494d895e58c811aaa9b32eb6f44407d98c325d20c6f0593eb61db99bc512487b,inv_84cbf8c3,inv_190c7331,84117971,687000000,,1773355975,12-03-2026 22:52:55,1773355975,0,,,,,,,,,
0x0ba4cb7e023c6a8956e7a5dd843852354257a262ee6d056328443efe32682724,inv_84cbf8c3,inv_51fb59ef,84117903,103950000,,1773355839,12-03-2026 22:50:39,1773355839,0,,,,,,,,,
0x60f0c84ca26fc113ee1d3e9b500e2d68aedd9b5f3e41477f0fca76b42fc34901,inv_5122e65b,inv_84aaf22c,84073641,102000000,,1773267315,11-03-2026 22:15:15,1773267315,0,,,,,,,,,
0xab7b2d883a2b9b04de625e13ee42b3f284fc224bf0078218560e42a07469fdd3,inv_02d495d0,inv_75578a1d,84071310,158678379,,1773262653,11-03-2026 20:57:33,1773262653,0,,,,,,,,,
0x8a88be2038dab2d4724e76c6660ee540b03164a6b88f45c0b5ec785d37866e5b,inv_c617a894,inv_fc5218f7,84063102,955236185,,1773246237,11-03-2026 16:23:57,1773246237,0,,,,,,,,,
0xcf9911e37548613ab0316569e1bdf7aec3e5f7c4f86c36c70e2d339cb658f847,inv_789e06fe,inv_b9b5acda,84062620,103000000,,1773245273,11-03-2026 16:07:53,1773245273,0,,,,,,,,,
0xdce2ea33d013668da20930280c6d78bb97a0281453dff45bbea7c27170af66fe,inv_fe25e7bc,inv_890c67bf,84060892,117000000,,1773241817,11-03-2026 15:10:17,1773241817,0,,,,,,,,,
0x0b028a6e19b10268a897c7f498238c8beb4610459478fa243e1ea3d6ca32fed1,inv_b9b5acda,inv_890c67bf,84060317,103000000,,1773240667,11-03-2026 14:51:07,1773240667,0,,,,,,,,,
0x8aadac84ace98d88ba0f4407c189853b224bcc77839325b0b80fdab4c55799c1,inv_789e06fe,inv_b9b5acda,84034209,103000000,,1773188451,11-03-2026 00:20:51,1773188451,0,,,,,,,,,
0x944af651ba514ec3e295792fb5492d2373b7f81ce93bdc07231225f96775acb7,inv_789e06fe,inv_190c7331,84033862,200893411,,1773187757,11-03-2026 00:09:17,1773187757,0,,,,,,,,,
0x60d785180399ca9e0f36bc9b8f9422cc634790a7f0098d12f98d4ed0fad333b6,inv_aa0be9a1,inv_9caef85d,84018692,345000000,,1773157417,10-03-2026 15:43:37,1773157417,0,,,,,,,,,
0x5e9e4455cae6b75d211690bc021f0adda0524973220a9412259f417a9e9f4889,inv_b9b5acda,inv_890c67bf,84018081,103000000,,1773156195,10-03-2026 15:23:15,1773156195,0,,,,,,,,,
0x0769dc6ea150e246b48b7084e08c9dcb22ec84e88c9c598780b59cccd168d969,inv_0d1fcee2,inv_ce8e5e1e,84001913,110000000,,1773123859,10-03-2026 06:24:19,1773123859,0,,,,,,,,,
0x5eb2bbd724e8ded8d3c0207c52804bcf5e6ae062cc722cbc0a4c88f9410c08a3,inv_fe25e7bc,inv_b93eeae9,83981378,590000000,,1773082789,09-03-2026 18:59:49,1773082789,0,,,,,,,,,
0xb33c11b652caac7700ee8b755698b59475a832df57a4fcbc48916710ce3da9a7,inv_88e68846,inv_b93eeae9,83980521,535000000,,1773081075,09-03-2026 18:31:15,1773081075,0,,,,,,,,,
0x544fab28df9520a1639eaeb00a4abb329ef750d1744f33f76b59863fb1acd9c9,inv_789e06fe,inv_b9b5acda,83942927,103000000,,1773005887,08-03-2026 21:38:07,1773005887,0,,,,,,,,,
0xdd56bf459243b21bb30d6246cc5d3a555ff92a51f0496e53f4e6274aaac32586,inv_789e06fe,inv_b9b5acda,83942849,102000000,,1773005731,08-03-2026 21:35:31,1773005731,0,,,,,,,,,
0x1bb40779a091cb4f3da0fc37226cb133eb5151a32f591a5f3ee0e0ce1f2cdb81,inv_789e06fe,inv_b9b5acda,83924250,202000000,,1772968533,08-03-2026 11:15:33,1772968533,0,,,,,,,,,
0x312e14d33250879b3e6a65e6275cdba15592f54018263b8d19c3887154fe00ec,inv_b934cdb6,inv_f828c839,83924234,108000000,,1772968501,08-03-2026 11:15:01,1772968501,0,,,,,,,,,
0x6221b995511716c4c0abb3519d91f76d9a57e27b3eec167b4115b3b590b134c8,inv_b934cdb6,inv_b9b5acda,83923725,103000000,,1772967483,08-03-2026 10:58:03,1772967483,0,,,,,,,,,
0xf1c3cbbd0e3696b809a34da0230c151d3a3a2ba9e9452811db522b96620b750d,inv_d381a12e,inv_b93eeae9,83893839,530000000,,1772907711,07-03-2026 18:21:51,1772907711,0,,,,,,,,,
0xb1fe17140113b2428b9e62a37f31dc56ecc46010e203fadfa05ac5d5a0439c77,inv_0d1fcee2,inv_b93eeae9,83890652,590000000,,1772901337,07-03-2026 16:35:37,1772901337,0,,,,,,,,,
0x244af006d68b7f60c863f4031a8602972cf38960963dc1419e1f662a293f2314,inv_d6155d28,inv_772044b3,83890115,549810000,,1772900263,07-03-2026 16:17:43,1772900263,0,,,,,,,,,
0x07faff8c08cc6aef98b0423ba9277b4ff64232a923c6e38081c18dcbeab8ea30,inv_b934cdb6,inv_b9b5acda,83880160,103000000,,1772880351,07-03-2026 10:45:51,1772880351,0,,,,,,,,,
0xde15d9e0d73dbdcb44aa46c97564def1ef6896f54d88ac93e6ece2681fc275bc,inv_b934cdb6,inv_eacd5e9a,83876707,105998022,,1772873445,07-03-2026 08:50:45,1772873445,0,,,,,,,,,
0xed650f0cc5f8688c0992cef2386eafb4d067897f0b8e1051914b8fc3876f33d0,inv_789e06fe,inv_b9b5acda,83816213,202000000,,1772752457,05-03-2026 23:14:17,1772752457,0,,,,,,,,,
0xbdd5d2b57ef6de9b978ef05a034a28c3ff1d900de8c613cef333657aad10f46f,inv_1f0b60b2,inv_b9b5acda,83808710,103000000,,1772737451,05-03-2026 19:04:11,1772737451,0,,,,,,,,,
0x9a3b17e999da03e8e306b0dfae8d4b4328e95da4f915688eda9a522155dd96e8,inv_190c7331,inv_7a04f164,83808347,4000000000,,1772736725,05-03-2026 18:52:05,1772736725,0,,,,,,,,,
0xe4e899a4bba1cd9d90538d4c0c02cb4cb6b1a373c52e3944cbb089d5ab6f1b09,inv_789e06fe,inv_b9b5acda,83806068,202000000,,1772732167,05-03-2026 17:36:07,1772732167,0,,,,,,,,,
0xfe21bb77602ca8be173c2970e3f9077d068a72f07cd455022f2d8030b3353b3f,inv_789e06fe,inv_c48739e9,83791133,134686217,,1772702297,05-03-2026 09:18:17,1772702297,0,,,,,,,,,
0xc22fc67a93e21d87765b5351403f2bac0bb88fe41817001ab84e157ee4cbffc6,inv_789e06fe,inv_c48739e9,83766147,102000000,,1772652325,04-03-2026 19:25:25,1772652325,0,,,,,,,,,
0x82cbd4b92f65e9c3b1b35399543ce8041315421e8f1c51668eabcb3eded00391,inv_789e06fe,inv_f8534963,83765888,306101567,,1772651807,04-03-2026 19:16:47,1772651807,0,,,,,,,,,
0x2624133bd9bc63cd42924fb9cf78bb9ae12de7192bbb2eabf5206738aba12dd1,inv_789e06fe,inv_c48739e9,83765578,102000000,,1772651187,04-03-2026 19:06:27,1772651187,0,,,,,,,,,
0x9c0d81fa8852483dd83e58db1838be2a48eb196675dabbf27f8109450673dd95,inv_789e06fe,inv_c48739e9,83765560,101000000,,1772651151,04-03-2026 19:05:51,1772651151,0,,,,,,,,,
0x2fd9c15a8b04354b198c25406b1ad9dcc960bad5a5cf0a1ee29274d46fdae055,inv_789e06fe,inv_b9b5acda,83765251,101000000,,1772650533,04-03-2026 18:55:33,1772650533,0,,,,,,,,,
0x871f589ff999cf13a59772b602b609dba4eb0961963cc1e3e80e399327cde1ea,inv_5122e65b,inv_c48739e9,83761519,101000000,,1772643069,04-03-2026 16:51:09,1772643069,0,,,,,,,,,
0x237f983a7e03a1306ffb7c99a7c679f3d099a7b8971e4e13e644fc0ad9ea2482,inv_190c7331,inv_0d859bc0,83748295,25375448,,1772616621,04-03-2026 09:30:21,1772616621,0,,,,,,,,,
0xd942d120b9b42d7b48c2980f26408406a2ded001da9861813b5ff487d86f8890,inv_fe25e7bc,inv_62fc6c1b,83733014,480000000,,1772586059,04-03-2026 01:00:59,1772586059,0,,,,,,,,,
0x0ce0598c59fb69579ec35ad1795a75c1e2f5f1a08000829703f9432063d2f191,inv_789e06fe,inv_b9b5acda,83731362,200000000,,1772582755,04-03-2026 00:05:55,1772582755,0,,,,,,,,,
0xd27cc3012d0345fa0552a6cf4fcbae6c258949d978f351976e577500ae6d3b0b,inv_789e06fe,inv_a9785d5d,83731010,286971300,,1772582051,03-03-2026 23:54:11,1772582051,0,,,,,,,,,
0xcfbbf84de484dad4102ae22f2dfbcb341bb01acc7af7caeec724e258bdc090fa,inv_789e06fe,inv_a1f15be2,83730256,1410484734,,1772580543,03-03-2026 23:29:03,1772580543,0,,,,,,,,,
0xe135e3e8e537731b4204feab31998131d433cbae412357ff6e9a8468e10cc02d,inv_f8534963,inv_2528bbfc,83720905,1100000000,,1772561841,03-03-2026 18:17:21,1772561841,0,,,,,,,,,
0xa7c6966d8735bb8a5acb851339e89638cb3210b4731a08dbf96afc19dafcc09a,inv_789e06fe,inv_b9b5acda,83720489,200000000,,1772561009,03-03-2026 18:03:29,1772561009,0,,,,,,,,,
0x81b5ed3ce2faf7418e0c57722701fa75dd25d842706df4e67fd08e7fe7d5c454,inv_789e06fe,inv_f828c839,83689295,100000000,,1772498621,03-03-2026 00:43:41,1772498621,0,,,,,,,,,
0x716649f4292036f52e0cfa4ee637ba05474f2e34c0d3263fe96a269bee473ab5,inv_d023727b,inv_4dbb0533,83683837,1960082019,,1772487705,02-03-2026 21:41:45,1772487705,0,,,,,,,,,
0xd2b3ae27c601a074d6153b915164c6312311e9c6b99a5ac72a922d805b3e61d5,inv_d023727b,inv_9dc32d72,83683733,772724729,,1772487497,02-03-2026 21:38:17,1772487497,0,,,,,,,,,
0x6b9a27aa11496259df481ae92532ebc380c50cf1391f1a616f143b6ebbf351f0,inv_789e06fe,inv_b9b5acda,83678488,200000000,,1772477007,02-03-2026 18:43:27,1772477007,0,,,,,,,,,
0x0e05e6a157214f2d84096e5331fbf349e04fd115da5bf82865034be320b1b448,inv_aa0be9a1,inv_65cf7f7d,83667927,602550000,,1772455885,02-03-2026 12:51:25,1772455885,0,,,,,,,,,
0x2e10dda4692960024de81f9d3ff940a7fa8562df7e9d846786f6eed8955dc77c,inv_b934cdb6,inv_51fb59ef,83634890,105000000,,1772389811,01-03-2026 18:30:11,1772389811,0,,,,,,,,,
0x5ebf72fd89bed1daf5c9932bf0380a73d016b9167ce2ee223cf802f1c9e8e9b1,inv_51fb59ef,inv_b9b5acda,83595623,200000000,,1772311277,28-02-2026 20:41:17,1772311277,0,,,,,,,,,
0x4c131164fe97be64dc744a0ab16091eeaf0d0dc280b61ffce37cfc1aa93af21c,inv_2f6d7a0e,inv_89252ac6,83589498,98939708,,1772299027,28-02-2026 17:17:07,1772299027,0,,,,,,,,,
0x89f1f7023a6935e1c309dc1ef5e1f26f401411a73e5c57573b2e2eeb52ef617b,inv_60dcb8f6,inv_190c7331,83530258,580000000,,1772180547,27-02-2026 08:22:27,1772180547,0,,,,,,,,,
0x7a20fa7a775571f32f862edf41abd8187a8ddfa355ec018a9babc4a18e068ced,inv_84cbf8c3,inv_51fb59ef,83508289,104633414,,1772136606,26-02-2026 20:10:06,1772136606,0,,,,,,,,,
0x568264d522464485b741b22273e66161bde044cbb1f3dd429e8fa686fce40ab9,inv_84cbf8c3,inv_e948f366,83508194,104000000,,1772136416,26-02-2026 20:06:56,1772136416,0,,,,,,,,,
0xaf4d7b997393c196772fefbdbeddaa4b65fe997fce2da0ae116fee167785b1fc,inv_789e06fe,inv_b9b5acda,83505454,242885724,,1772130936,26-02-2026 18:35:36,1772130936,0,,,,,,,,,
0x8bd38ac7ea54d421bdbc155b5a01451bc9b8e3be4ff6b7924bc32a32fb832869,inv_dd1e02a2,inv_75578a1d,83499107,540000000,,1772118242,26-02-2026 15:04:02,1772118242,0,,,,,,,,,
0xec496210bfab3b3f1e649ba7d0d467c235da1b72a667ca9f3f430480d195e0d7,inv_dd1e02a2,inv_75578a1d,83499078,540000000,,1772118184,26-02-2026 15:03:04,1772118184,0,,,,,,,,,
0x11e5f0b1a6b782ce721fdb4d204b4254c13ebbb8e4ec957a9de5726cdc3b7418,inv_dd1e02a2,inv_75578a1d,83499025,540000000,,1772118078,26-02-2026 15:01:18,1772118078,0,,,,,,,,,
0xd4126729151e58320e6ab9cb6fde4c631a32d89758b3b8dd07cce660d69f2d08,inv_dd1e02a2,inv_75578a1d,83498984,540000000,,1772117996,26-02-2026 14:59:56,1772117996,0,,,,,,,,,
0x617ecb9cfeb90cecbc92ca1719c1b1c853b4a74e7974f470a2c043636969596d,inv_dd1e02a2,inv_75578a1d,83498944,540000000,,1772117916,26-02-2026 14:58:36,1772117916,0,,,,,,,,,
0xe586619c42532ca9a2468bd6a89c14d590918f42c74703a699fcea1686514a6f,inv_60dcb8f6,inv_00353004,83492190,585000000,,1772104408,26-02-2026 11:13:28,1772104408,0,,,,,,,,,
0xc459fd14104a651ea56662a4a0afb5393b0d3c7fb50b5b2e49bb059ed9dbc083,inv_5122e65b,inv_b9b5acda,83454468,200000000,,1772028964,25-02-2026 14:16:04,1772028964,0,,,,,,,,,
0xdd08b8b887f1fdec0bf6c4d1004de367c6fdc77dce96e09c705f539554d48704,inv_e948f366,inv_51fb59ef,83416759,105000000,,1771953546,24-02-2026 17:19:06,1771953546,0,,,,,,,,,
0xd36eb2da5a9bfecd103dc480ac0fba049ff053fff8fdaabf10f288bddb5e1667,inv_789e06fe,inv_b9b5acda,83414384,200000000,,1771948796,24-02-2026 15:59:56,1771948796,0,,,,,,,,,
0x2f900bfe7e1923d5cd857ebcad861f3c4c12828fec53eee484bbfb491fe6f803,inv_789e06fe,inv_b9b5acda,83382930,200000000,,1771885888,23-02-2026 22:31:28,1771885888,0,,,,,,,,,
0x2911ff74075d3b45976cbc6b75833ec7bf65f7f3d95af9ff555ec62a98384721,inv_fe25e7bc,inv_f150eb0d,83368982,120000000,,1771857992,23-02-2026 14:46:32,1771857992,0,,,,,,,,,
0x080d5092bde154482803988e2789c5af831c668ccc02ef08f857b3b2769fbd2b,inv_51fb59ef,inv_b9b5acda,83337338,200000000,,1771794704,22-02-2026 21:11:44,1771794704,0,,,,,,,,,
0xf4bc175669a948d3c9bbabdabfa1b83992d898e43d379782900b8b3f2b140ab7,inv_b934cdb6,inv_51fb59ef,83316696,105000000,,1771753420,22-02-2026 09:43:40,1771753420,0,,,,,,,,,
0x722315a6eb02081b1558e3de496e29ff0e489972f3e970a6a67a3c0c36f4c193,inv_789e06fe,inv_011abe63,83297271,505000000,,1771714570,21-02-2026 22:56:10,1771714570,0,,,,,,,,,
0xef064d7c4e4cc9ed44635935481ea23b2e6e62b1f109e06ac5d34a630c5329f6,inv_789e06fe,inv_24290cf0,83297015,999655687,,1771714058,21-02-2026 22:47:38,1771714058,0,,,,,,,,,
0x6017e6e5796291df4d74abdf1f6a520d4f56bd2e227ce1f99fe671364fd69be7,inv_789e06fe,inv_b9b5acda,83296205,200000000,,1771712438,21-02-2026 22:20:38,1771712438,0,,,,,,,,,
0x2cb356d13cd0e6a4ae9d07d0496896fbbf1a415a524d03ea11e56ec22564ee60,inv_b934cdb6,inv_13315f4c,83291978,119002430,,1771703984,21-02-2026 19:59:44,1771703984,0,,,,,,,,,
0x90c528e8c3d416a9449ee12f69450336265b8f25642158f834a42598447a328c,inv_6d4b221a,inv_c617a894,83284958,530000000,,1771689944,21-02-2026 16:05:44,1771689944,0,,,,,,,,,
0xf09f9e666852df80cdb8ca2d2c0f7409a28217c10723518f06c493ce2f332906,inv_5b981484,inv_c617a894,83249279,530000000,,1771618582,20-02-2026 20:16:22,1771618582,0,,,,,,,,,
0x86c9e53fbf94a3b371f14372a5f3383d11e9cf6e60a7372938553d5a76f86ae6,inv_6d4b221a,inv_c899deb9,83249096,103000000,,1771618216,20-02-2026 20:10:16,1771618216,0,,,,,,,,,
0x811fa8034a9d0ec1d457ffb62b05321287739dde48257cc1544dfb290c10211a,inv_5b981484,inv_c617a894,83248971,530000000,,1771617966,20-02-2026 20:06:06,1771617966,0,,,,,,,,,
0xb886faa1c109975a1c148a76c4b37b5f315fb0eef97eecba8f1caaa91e4031c6,inv_5b981484,inv_c617a894,83248126,530000000,,1771616276,20-02-2026 19:37:56,1771616276,0,,,,,,,,,
0x57d331e7722d2e06f39408701db94075015a55de8d810ec961b52040befe4a13,inv_789e06fe,inv_b9b5acda,83246801,200000000,,1771613626,20-02-2026 18:53:46,1771613626,0,,,,,,,,,
0x34b1f2d7e020445c90321e52e37c6aff3e05fec6eb75d5109568d76a19b5be2b,inv_789e06fe,inv_b9b5acda,83246297,200000000,,1771612618,20-02-2026 18:36:58,1771612618,0,,,,,,,,,
0x0a750a3d7074742c4c7aac02105249cedd5b56d73c1dcaec75d72082c258d580,inv_5b981484,inv_c617a894,83243064,530000000,,1771606152,20-02-2026 16:49:12,1771606152,0,,,,,,,,,
0x1002963dcddd4c8d6d0f9b8b0414d2d5edac7a4e7bf0009c9290f8b639e708d5,inv_190c7331,inv_9b16f740,83202211,495000000,,1771524446,19-02-2026 18:07:26,1771524446,0,,,,,,,,,
0x6571740ebcbe20f0b183b2fe2eeb7e421af8e6f487b605f6b15731480f2e07ce,inv_190c7331,inv_9b16f740,83201705,247797166,,1771523434,19-02-2026 17:50:34,1771523434,0,,,,,,,,,
0xbe3fa45f7ddb36eb873078758470274ba3451ba447fc4160644700ea7f42dd4f,inv_acc4b3f8,inv_9caef85d,83122613,237600000,,1771365249,17-02-2026 21:54:09,1771365249,0,,,,,,,,,
0x2c787d4d53692aebefc238d74919b9c2b7615d83648fa8a0cd6ac7d7711615b5,inv_5122e65b,inv_c899deb9,83080446,103000000,,1771280915,16-02-2026 22:28:35,1771280915,0,,,,,,,,,
0x05a543a15331d73a4c65479cf765b5faed731c2ea7f6024204eb2fb93082e74f,inv_5122e65b,inv_092b5098,83080394,103000000,,1771280811,16-02-2026 22:26:51,1771280811,0,,,,,,,,,
0x6842213bf0009ce3bdec28138ea5b998692084b726edd847e36e067b2b111968,inv_5122e65b,inv_c48739e9,83080094,44902583,,1771280211,16-02-2026 22:16:51,1771280211,0,,,,,,,,,
0xa29468a635042cfe190784b4e32f987604fb688c1392864e9279b07561d110d5,inv_c48739e9,inv_9b16f740,83077080,449650000,,1771274183,16-02-2026 20:36:23,1771274183,0,,,,,,,,,
0x1e480b21136a7a9f2f38ff8b1cc91d4ea8134fff580ebbe9fa6a358ba5257604,inv_262f6642,inv_011abe63,82954210,1010000000,,1771028443,14-02-2026 00:20:43,1771028443,0,,,,,,,,,
0xfefec17e5ce7d2d33989b23f395830f8c219cea0ba571b4267e636afdd3f4b17,inv_cf0b2461,inv_4ba4bc01,82909352,105000834,,1770938727,12-02-2026 23:25:27,1770938727,0,,,,,,,,,
0x26af586fe364f54c38f402f99f6ad850251db1d8158d33d29eb2c64122049020,inv_262f6642,inv_a1f15be2,82906531,904424240,,1770933085,12-02-2026 21:51:25,1770933085,0,,,,,,,,,
0x7b02131694722a7e55ba57608b08bfb76953cf53d85a45cf16403449c69d6e05,inv_262f6642,inv_b9b5acda,82906499,500000000,,1770933021,12-02-2026 21:50:21,1770933021,0,,,,,,,,,
0x8ddf64516fc1279de540e3462d68c1c09e95e81840b19ed1066c57749e95779d,inv_dd02f503,inv_190c7331,82893686,587500000,,1770907395,12-02-2026 14:43:15,1770907395,0,,,,,,,,,
0xfe24951771e15f201b00dcea9fa8756939878e477b2297ea08b6baefabc706d0,inv_319dc077,inv_190c7331,82891136,592500000,,1770902295,12-02-2026 13:18:15,1770902295,0,,,,,,,,,
0x690d76c0df50a861446512937b4340b8997441e1dcb4f85af4610a1cb2c6f9cd,inv_5122e65b,inv_092b5098,82866636,103000000,,1770853295,11-02-2026 23:41:35,1770853295,0,,,,,,,,,
0x78768f3631ce63589637e1fb3cb5276dd62b395a318117b843c143f9ce6f3e9f,inv_262f6642,inv_b9b5acda,82860305,500000000,,1770840633,11-02-2026 20:10:33,1770840633,0,,,,,,,,,
0xcdcdc184d72fbf7b9fe69b4ee4c22ab68a9f5c97123af50ef1cae4220314b3bc,inv_190c7331,inv_0ce4228c,82854043,613025044,,1770828109,11-02-2026 16:41:49,1770828109,0,,,,,,,,,
0x68713369b8ac7e51411cf169e3b251f0190a5496eb772db87095ed00b991d910,inv_5b981484,inv_9f0c7322,82852764,461192634,,1770825551,11-02-2026 15:59:11,1770825551,0,,,,,,,,,
0xfb25873a1f2e01030b67ee5558566df9942b9a0fdf213ab2eafd45cc8e8ccce5,inv_5b981484,inv_9f0c7322,82823086,515000000,,1770766195,10-02-2026 23:29:55,1770766195,0,,,,,,,,,
0xa3a85028c9ddc7a42c00d5ab91c16da1460015038075a6b42b5cb9e7dd6664af,inv_c617a894,inv_9f0c7322,82821237,515000000,,1770762497,10-02-2026 22:28:17,1770762497,0,,,,,,,,,
0x3dc30558bfa853e6e6d2fa0c03b2148e132edfea6cdac81f70d40ef6e92d735a,inv_c617a894,inv_9f0c7322,82810524,515000000,,1770741071,10-02-2026 16:31:11,1770741071,0,,,,,,,,,
0xaf7856413fa4ba9e6353c30acefce98d3b30dd45afd5e8fbb04d3544db55765b,inv_190c7331,inv_a1b5a0c4,82794492,65000000,,1770709007,10-02-2026 07:36:47,1770709007,0,,,,,,,,,
0x9adefd38167760ff7d14c5957a22c0ea41b7f0b4347ff4459b32f45376c5b2d8,inv_c48739e9,inv_a1b5a0c4,82793548,23131634,,1770707119,10-02-2026 07:05:19,1770707119,0,,,,,,,,,
0xbb9b7f1606d5d2d333f87ba31ffdd56e0d9e5c3398f80133d8c903542eaf731e,inv_c617a894,inv_9f0c7322,82792775,515000000,,1770705573,10-02-2026 06:39:33,1770705573,0,,,,,,,,,
0x95dae5a803dbaa16ec8cd4acb1719f365464924e34b5f8c2d2ca0512e25529f5,inv_5122e65b,inv_421d1f45,82779196,171676292,,1770678415,09-02-2026 23:06:55,1770678415,0,,,,,,,,,
0x4846caabbd8d19bdc0ea0bf3fcdc7527c2e5cbbf1e0192ca0022fed4e4045eb5,inv_b9b5acda,inv_9f0c7322,82774681,515000000,,1770669385,09-02-2026 20:36:25,1770669385,0,,,,,,,,,
0x3dcd4bdbaa4aeae6fc3f966244e6f330dc41640bd1905e665e9e5f5ec921cd5b,inv_5b981484,inv_9f0c7322,82767119,515000000,,1770654261,09-02-2026 16:24:21,1770654261,0,,,,,,,,,
0x3c666eaba8c5c7934859303d93be1ead9cfb1dc2d9341e8df3586ec33efdc728,inv_c48739e9,inv_190c7331,82766778,226362122,,1770653579,09-02-2026 16:12:59,1770653579,0,,,,,,,,,
0x6626e84ee189f5ee8e440f395075c9da1f430ddb79ed5bec07b5a186ebaa079c,inv_5b981484,inv_9f0c7322,82765894,515000000,,1770651811,09-02-2026 15:43:31,1770651811,0,,,,,,,,,
0x01b6bbe99f0e8aaa2ee8f76b711302fab387e917b6664e34ea75a67620681e4d,inv_190c7331,inv_a1b5a0c4,82757711,300000000,,1770635445,09-02-2026 11:10:45,1770635445,0,,,,,,,,,
0xac0c35e666c52ea5e08f8100ce21c9dca26554561ecf21f16a63d90dc9d49fe6,inv_ff50617c,inv_9f0c7322,82726193,515000000,,1770572409,08-02-2026 17:40:09,1770572409,0,,,,,,,,,
0xfce06b314bd3ecc643be57cbad2e774ee8658be3e134e72aa4ca9f4b2a8ac51d,inv_5122e65b,inv_4bda01c5,82718768,200000000,,1770557559,08-02-2026 13:32:39,1770557559,0,,,,,,,,,
0x2a61bb7d926025e853c20931c49aa7e0c2b92d1abad15b6bf34481e82dade760,inv_9b16f740,inv_9b3094cc,82716894,462044700,,1770553811,08-02-2026 12:30:11,1770553811,0,,,,,,,,,
0x55f71cca29888f7bfab04a287010cfdd4c4527db546b3d018953afec4fd4f2ba,inv_9b16f740,inv_e5e68d0e,82716162,600000000,,1770552347,08-02-2026 12:05:47,1770552347,0,,,,,,,,,
0xf677134b39dbec12a76f008f6a71885519c63818d2e83f3b7f95fce2aa920d85,inv_0d1fcee2,inv_9caef85d,82706167,590000000,,1770532357,08-02-2026 06:32:37,1770532357,0,,,,,,,,,
0xd86c5d1a4ea3bf0204fe484f06f24c85e98a202c39aa5ff88740c6b87b492961,inv_fe25e7bc,inv_283807a2,82688904,260000000,,1770497831,07-02-2026 20:57:11,1770497831,0,,,,,,,,,
0xafbc8c856c6fbbe54b65ae9fc6d4b8495819ff4d520ee478d7434d8149bebf5e,inv_fe25e7bc,inv_283807a2,82688849,130000000,,1770497721,07-02-2026 20:55:21,1770497721,0,,,,,,,,,
0x01a35d0162e2a0ca2996e43414c25e2f5597ecb519d925ff85cab1db884973a0,inv_fe25e7bc,inv_283807a2,82684439,128000000,,1770488901,07-02-2026 18:28:21,1770488901,0,,,,,,,,,
0xa454f644bb738f077f022cbf977e35c720f4ecaa336f3c9bc30fca4b1b8e363e,inv_fe25e7bc,inv_283807a2,82684386,256000000,,1770488795,07-02-2026 18:26:35,1770488795,0,,,,,,,,,
0x7a4923fc4d42fa850145f0c76a6c15ef98cf342eb6bb1cf35701f4abd8c35faf,inv_c617a894,inv_9f0c7322,82681203,515000000,,1770482429,07-02-2026 16:40:29,1770482429,0,,,,,,,,,
0x68343a17ffb630d6cdb393630d284bf665d7e3890ed23d46a395b9a96aa0b931,inv_190c7331,inv_9f0c7322,82681175,39702641,,1770482373,07-02-2026 16:39:33,1770482373,0,,,,,,,,,
0xd034e0233ce313c41661f962c706ede13c0dab4ef78492628a8bec3d9055779a,inv_c617a894,inv_9f0c7322,82681159,344413499,,1770482341,07-02-2026 16:39:01,1770482341,0,,,,,,,,,
0x75cd2fc8c7e5a867c1f2bb1756fa838aae2982cb882b1780e705fce6aa6f7de3,inv_24290cf0,inv_9f0c7322,82666736,515000000,,1770453495,07-02-2026 08:38:15,1770453495,0,,,,,,,,,
0x8298b67c03b722c1d3aaac50366906eae83bc7d5698a52548ea461b3659cbe4d,inv_88e68846,inv_9f0c7322,82646704,103000000,,1770413431,06-02-2026 21:30:31,1770413431,0,,,,,,,,,
0x759043172ad6bba41eb59f8535749d727f1876fa8a7630bd392353baf2313051,inv_5122e65b,inv_4bda01c5,82643844,150000000,,1770407711,06-02-2026 19:55:11,1770407711,0,,,,,,,,,
0x9aad88b85ade5dfefc4385b0f49db7097df478bfbd784b602fc1a0cef828fa5d,inv_88e68846,inv_9f0c7322,82643828,515000000,,1770407679,06-02-2026 19:54:39,1770407679,0,,,,,,,,,
0x8d1b9c8ea7d098c8f81e61746b6fc2da2d1ed438015918ecde931cce745f7fca,inv_88e68846,inv_1295dc39,82643795,1020000000,,1770407613,06-02-2026 19:53:33,1770407613,0,,,,,,,,,
0xd54376d9484764a56ab3c3c3cba0e90f91e68b11d8148c83688ea9a1ed6bba25,inv_88e68846,inv_9f0c7322,82643714,206000000,,1770407451,06-02-2026 19:50:51,1770407451,0,,,,,,,,,
0x9a2944ec0c137067aee83fc5c0a09385b1b36bad075cb996ec974d3a95822dee,inv_d9986373,inv_9f0c7322,82640343,309000000,,1770400709,06-02-2026 17:58:29,1770400709,0,,,,,,,,,
0x97e4d3d9fff12efaa6e40b12c0564f869fd8011e39e5b0c8eeba98efcde53f8c,inv_88e68846,inv_9f0c7322,82639094,515000000,,1770398211,06-02-2026 17:16:51,1770398211,0,,,,,,,,,
0x12b7f7458ed26e6cdc4eadb7a45ef5831154d7ec693b6d63cf01577066bfbd43,inv_88e68846,inv_9f0c7322,82638989,515000000,,1770398001,06-02-2026 17:13:21,1770398001,0,,,,,,,,,
0x196076f8ed2a31454f5bb8498ea36d5ade6ce8522c00f64b086b4a52529aeea5,inv_88e68846,inv_9f0c7322,82638842,618000000,,1770397707,06-02-2026 17:08:27,1770397707,0,,,,,,,,,
0xa1ec635df89bde2cf9faddd3f57af0d557898ca38b615c8efc0396403e95df1d,inv_b93eeae9,inv_9dc32d72,82632918,770271607,,1770385859,06-02-2026 13:50:59,1770385859,0,,,,,,,,,
0xa36792c19bd90c6f89c5fc10dacd6ef43c0da812f74f53cdef6bd9e2cb7ff9f1,inv_b93eeae9,inv_4dbb0533,82632669,1988439899,,1770385361,06-02-2026 13:42:41,1770385361,0,,,,,,,,,
0xa77ff2aa4789bc2a2ea066262d20ee4d0dcb5dfb8753d758ee9d9c7edc032536,inv_b93eeae9,inv_9caef85d,82632468,236000000,,1770384959,06-02-2026 13:35:59,1770384959,0,,,,,,,,,
0xebc877333206b2716bae539fb8454e411b1e2048a0e49e7212059e1ccb64cd14,inv_d381a12e,inv_9f0c7322,82625100,309000000,,1770370223,06-02-2026 09:30:23,1770370223,0,,,,,,,,,
0xf6207bf3ba080a85001ed1c90693dd6cdbbf9ca672da2252b41a362d3f747642,inv_88e68846,inv_4bda01c5,82622019,249000000,,1770364061,06-02-2026 07:47:41,1770364061,0,,,,,,,,,
0x6780fd0498a9a60e692d7736fb9851243fcc010ae12ae99a399a416864cb7dcd,inv_88e68846,inv_9f0c7322,82621957,666797883,,1770363937,06-02-2026 07:45:37,1770363937,0,,,,,,,,,
0x23d19e44d6d1e28539c3a7286bceff677b40c68e05bae7477f163e7b34c5c64e,inv_88e68846,inv_9f0c7322,82621919,515000000,,1770363861,06-02-2026 07:44:21,1770363861,0,,,,,,,,,
0x817e7c18f5d0d01cd2a57933ebeb76c899905aee54a1a8f5b461dc848869acb2,inv_092b5098,inv_9f0c7322,82615340,309000000,,1770350703,06-02-2026 04:05:03,1770350703,0,,,,,,,,,
0x84a4bfc72d429b710f987ef0c849073fb71123d777255cbd1f0ce8d6318558df,inv_75578a1d,inv_9f0c7322,82601785,515000000,,1770323593,05-02-2026 20:33:13,1770323593,0,,,,,,,,,
0x8732b99c1fc8d97d58d5d3fee4f9460f606810cb15ac8d6611f429edb82041ed,inv_75578a1d,inv_9f0c7322,82601635,515000000,,1770323293,05-02-2026 20:28:13,1770323293,0,,,,,,,,,
0xf3f094b4a937e03879b3f4c464801e2e27f7f07c9391cf1bc9bbcc034ade6e6e,inv_190c7331,inv_9f0c7322,82601101,515000000,,1770322225,05-02-2026 20:10:25,1770322225,0,,,,,,,,,
0xcdac2b0a7735290860d0f3bcb600260e17267ac163b8f3256cf9da6f1f9de851,inv_190c7331,inv_b011e9de,82560963,1390916101,,1770241933,04-02-2026 21:52:13,1770241933,0,,,,,,,,,
0xb53bd9abc71926030c528400a8deef1fb4010f39f93ebb0eb5ca3e67df524bd5,inv_5122e65b,inv_4bda01c5,82556199,102000315,,1770232405,04-02-2026 19:13:25,1770232405,0,,,,,,,,,
0x2674e9174a601e64eaa7f3f4e2383c4a1ad706de39c251d179eadefd0ad901b1,inv_5122e65b,inv_421d1f45,82556104,50494445,,1770232215,04-02-2026 19:10:15,1770232215,0,,,,,,,,,
0x21a32b3ea24330e5b29a93b52620a2f1d618bf496496be14871aa3d780be0c4c,inv_762c5e07,inv_283807a2,82552080,260000000,,1770224167,04-02-2026 16:56:07,1770224167,0,,,,,,,,,
0x02fb4d79c55a30d8089ae30e97ea0f568585053994b47e606fb571e409365a9e,inv_4078c3b5,inv_421d1f45,82547661,197945407,,1770215328,04-02-2026 14:28:48,1770215328,0,,,,,,,,,
0x33287daeff881b50b07d7ca6d7f445762223f22d6bf1ec42f6bed750524ac50a,inv_190c7331,inv_e7bec20a,82538578,196836628,,1770197162,04-02-2026 09:26:02,1770197162,0,,,,,,,,,
0xc2ecef05d87c59b700dcb6e5bb6cfb9a5345b4b2a37bf42d175698d57ca08783,inv_a1b5a0c4,inv_b011e9de,82519501,996196175,,1770159008,03-02-2026 22:50:08,1770159008,0,,,,,,,,,
0xb0a3952eb3f4e063e1239491fa40074483d239f23f16b5e36406c150b33bdf5c,inv_762c5e07,inv_00353004,82504039,585000000,,1770128084,03-02-2026 14:14:44,1770128084,0,,,,,,,,,
0x32c045e9d9ac1d6bc3e35aa13e2dd68a2cb02e94da3017fe27cab873b95f8c94,inv_762c5e07,inv_283807a2,82502791,256000000,,1770125588,03-02-2026 13:33:08,1770125588,0,,,,,,,,,
0xf7a004ff58af8453a61ae3ae5305ad11bd43f1babb14fad041e2949f09128313,inv_aaf57ab8,inv_190c7331,82467585,104000000,,1770055176,02-02-2026 17:59:36,1770055176,0,,,,,,,,,
0xf9d20d540255febb35740b220d44cb8a7c2b01f0f86980ea02bee643e955ea17,inv_43698c76,inv_22e3daa2,82467138,575000000,,1770054282,02-02-2026 17:44:42,1770054282,0,,,,,,,,,
0x76f36d33a591fb467d78a8ca59e37fdc3fcc04a3b9f529b67b9579d67c412b70,inv_7d3164ba,inv_0ce4228c,82466766,211031006,,1770053538,02-02-2026 17:32:18,1770053538,0,,,,,,,,,
0x96294065a5beb8469772d9a0b7df881f75c3dc46c6ccf98c0e8a3d37bd0eb43a,inv_4078c3b5,inv_36c4275c,82457465,200000000,,1770034936,02-02-2026 12:22:16,1770034936,0,,,,,,,,,
0x05ae14c2d5a1ae4cbc73a551027497411327de5d2bff3c353314a3623efe68bf,inv_f8534963,inv_190c7331,82421483,861332153,,1769962972,01-02-2026 16:22:52,1769962972,0,,,,,,,,,
0xc5ff6ccaf403f18f173d695ba550f4aad66ba0f8691eb340431e98374c35b69f,inv_a1b5a0c4,inv_190c7331,82420525,199000000,,1769961056,01-02-2026 15:50:56,1769961056,0,,,,,,,,,
0x7e0c45ed32f2537317c2553876df864a87574646046badc90f8ada2d2f1b5a87,inv_9aa7c128,inv_190c7331,82419305,606000000,,1769958616,01-02-2026 15:10:16,1769958616,0,,,,,,,,,
0x9fd5c2206595978531627b94f21cae21979e31684cb2f2a9c2ddaeb793efb84e,inv_7a04f164,inv_9aa7c128,82407324,99990000,,1769934654,01-02-2026 08:30:54,1769934654,0,,,,,,,,,
0x9a16e24714f62bb0342dd5d4fb731c9e919fa2df78483cc6d52ae40019b2d099,inv_a1b5a0c4,inv_75578a1d,82382915,178813937,,1769885836,31-01-2026 18:57:16,1769885836,0,,,,,,,,,
0x37e5e1d5fcec12bc697ebb3aab7e980d86636b8c4219ee88529edb36a064bde7,inv_7a04f164,inv_190c7331,82380771,500000000,,1769881548,31-01-2026 17:45:48,1769881548,0,,,,,,,,,
0xe1970678f06e0576e1d0f684acfefc84bc4769e5d8ab3272f34128c3a5c933a0,inv_190c7331,inv_65cf7f7d,82377477,49000000,,1769874960,31-01-2026 15:56:00,1769874960,0,,,,,,,,,
0x9aa9517610561eccb69919ebcacb555d61afb652dab7113b5db0f6faa4254748,inv_a1b5a0c4,inv_9aa7c128,82361804,249875000,,1769843614,31-01-2026 07:13:34,1769843614,0,,,,,,,,,
0xa0716f5a3b7d02ff9add39c746982e92ccd152f2d8cdc9f5b8edf14059bda9cf,inv_498e8beb,inv_b9b5acda,82337380,510000000,,1769794766,30-01-2026 17:39:26,1769794766,0,,,,,,,,,
0x91d8965bd8d6cf7fd67b232dd47258b42b8767ceec01eb938f1ccbbabbebb52b,inv_c48739e9,inv_4bda01c5,82335732,229992767,,1769791470,30-01-2026 16:44:30,1769791470,0,,,,,,,,,
0xf0dd5e3dbd3d66f3a70dd4bede6c8fb7a139a5a1ca76ee12e5de501e482f7b03,inv_c48739e9,inv_4bda01c5,82335713,230000000,,1769791432,30-01-2026 16:43:52,1769791432,0,,,,,,,,,
0xd4f297d3f7618e8a9a162eab8ff18c8239435024df1626499f27663b1d4b08f0,inv_ed1fb37d,inv_190c7331,82329570,208000000,,1769779146,30-01-2026 13:19:06,1769779146,0,,,,,,,,,
0xaa4ef3d8bccba2f22bb234f99fa46a095dce3e600c3f47b19bf001302360c0d9,inv_aa0be9a1,inv_190c7331,82328240,472000000,,1769776486,30-01-2026 12:34:46,1769776486,0,,,,,,,,,
0x3a7f8f61ee150d7f2b8e590419b94d7a468931e6b98b2129fed9a262bad991ca,inv_d381a12e,inv_4bda01c5,82327486,105999737,,1769774978,30-01-2026 12:09:38,1769774978,0,,,,,,,,,
0x0bef15cf6d8e9a0aa8971234b98428c0ab3f687b29e345cdcf95c39dce6f37be,inv_190c7331,inv_4bda01c5,82317256,103001297,,1769754518,30-01-2026 06:28:38,1769754518,0,,,,,,,,,
0x74db0a8be278cd2e4bd35e1e18916a643c998c7637b8bcf6c1d560d4d333525b,inv_c48739e9,inv_4bda01c5,82278070,110000000,,1769676130,29-01-2026 08:42:10,1769676130,0,,,,,,,,,
0x89c96ccb7ccf13f7dad56a0fcf6dabe5fc296eb61bf6fed200b0adb73029ed31,inv_498e8beb,inv_190c7331,82260504,119000000,,1769640998,28-01-2026 22:56:38,1769640998,0,,,,,,,,,
0x20e869a1451845f0eb28862ba13397d0813bf936a671bb1ea63d1e5b22d0fc9c,inv_498e8beb,inv_190c7331,82260482,119000000,,1769640954,28-01-2026 22:55:54,1769640954,0,,,,,,,,,
0x61c3356f5b02dabce90c82ed79390a62c343b2bfd9e316c75c87542b4983cec1,inv_b9b5acda,inv_7a04f164,82257965,1090000000,,1769635920,28-01-2026 21:32:00,1769635920,0,,,,,,,,,
0xecd77417af50c08e3e30d44e257d04c2cb9cdfffbfcaa347b8421256a608ee1b,inv_c48739e9,inv_53282d5e,82253471,99000000,,1769626932,28-01-2026 19:02:12,1769626932,0,,,,,,,,,
0x23b7a7e6c02711ba33bf887e9a298689bf2bc40d80e71a7e3183de27501facac,inv_190c7331,inv_4bda01c5,82251061,103000000,,1769622112,28-01-2026 17:41:52,1769622112,0,,,,,,,,,
0xdda9bf1c51d077d6c5f337544d814d96fabdbd61432effc36de8a59c87826851,inv_498e8beb,inv_262f6642,82242261,590000000,,1769604511,28-01-2026 12:48:31,1769604511,0,,,,,,,,,
0xb178b2aa371c8bea8330856cbe2cb9ed9abc35f04a3c8bf07d9c7a06f0d5f16d,inv_498e8beb,inv_60dcb8f6,82242223,536500000,,1769604435,28-01-2026 12:47:15,1769604435,0,,,,,,,,,
0x6bde68918b639c5a95e5c4c521807be6591105e78ad315dc1e8e17b724d4a49b,inv_498e8beb,inv_60dcb8f6,82242195,585000000,,1769604379,28-01-2026 12:46:19,1769604379,0,,,,,,,,,
0x94f4aeb0b0d323d929098f9daeeeed05c7f5586519019ace549bbe7b7f4dbbde,inv_498e8beb,inv_60dcb8f6,82242162,944000000,,1769604313,28-01-2026 12:45:13,1769604313,0,,,,,,,,,
0xb7578ba82bb41b695fda2f6a22cc412a4f033de374e04d675b7be31b43d01d22,inv_43698c76,inv_60dcb8f6,82238814,616924810,,1769597617,28-01-2026 10:53:37,1769597617,0,,,,,,,,,
0x904a922e477e21f3d0b9d745b4a83a8b5a40b7022dc86f5c26428cd097aef286,inv_190c7331,inv_7a04f164,82236678,9880000000,,1769593345,28-01-2026 09:42:25,1769593345,0,,,,,,,,,
0xdae0752c9d640e7f8967acba5315444cf4b4d240089310d5569b8eb4f79794e6,inv_60dcb8f6,inv_7a04f164,82235831,2625000000,,1769591651,28-01-2026 09:14:11,1769591651,0,,,,,,,,,
0xaa02c41f0d364b742fbf364ad06320302c6196c8f775cf9a6446b3a8d2455a42,inv_60dcb8f6,inv_7a04f164,82235630,545000000,,1769591249,28-01-2026 09:07:29,1769591249,0,,,,,,,,,
0x5f1e974dabbd92031cc7cbfce58040b3fc3edb5d3a86612e014a70af58d72f32,inv_60dcb8f6,inv_7a04f164,82235604,545000000,,1769591197,28-01-2026 09:06:37,1769591197,0,,,,,,,,,
0xec09c7d16bbb6e4adc4c890635c851453ad2a8e9b16fed7f24e87a23f9815cb8,inv_190c7331,inv_7a04f164,82215307,108000000,,1769550603,27-01-2026 21:50:03,1769550603,0,,,,,,,,,
0x304222e1d8783c18747efedadbd1b68f480e2aa3f5c63e737d69569f8dd2d3de,inv_498e8beb,inv_ff0a494f,82214948,1186300000,,1769549885,27-01-2026 21:38:05,1769549885,0,,,,,,,,,
0xa68886c326d8b82e86036755d593bb0563a95e78dde0737bd4b711aaebc6aa7e,inv_498e8beb,inv_9854cde5,82214836,512432626,,1769549661,27-01-2026 21:34:21,1769549661,0,,,,,,,,,
0x630b5d88d66ff67dc2d7a17852a1da59496770383e8de5f1cd71a7ef69b195d5,inv_498e8beb,inv_b9b5acda,82214758,515000000,,1769549505,27-01-2026 21:31:45,1769549505,0,,,,,,,,,
0xcefc35ff5a05c7dd8ca787401df719d417305a83ce11518d58621e773b7a028e,inv_fe25e7bc,inv_7a04f164,82211604,550000000,,1769543197,27-01-2026 19:46:37,1769543197,0,,,,,,,,,
0xf95a58f3fac4a751ac83c63dcfd94d219d928f6ac3932fef4ced9072c2c2b2eb,inv_c48739e9,inv_7a04f164,82208567,1090000000,,1769537123,27-01-2026 18:05:23,1769537123,0,,,,,,,,,
0xbc73a657958d9b562b86fddb537858dc41bd4ee7acc371e57dda1a49e02b3288,inv_43698c76,inv_190c7331,82198796,474000000,,1769517565,27-01-2026 12:39:25,1769517565,0,,,,,,,,,
0x8d2ad709c825e238884b59343146774d51121bb65598c55a581849a3f2c15a18,inv_d2dda6a9,inv_ff0a494f,82166186,1186400000,,1769452345,26-01-2026 18:32:25,1769452345,0,,,,,,,,,
0xa28105f89ad8832c5a230b09cf40869a49afa3a46e8cc64a0bc82ac0e2a298a0,inv_092b5098,inv_4ba4bc01,82137413,117999998,,1769394798,26-01-2026 02:33:18,1769394798,0,,,,,,,,,
0x54861dcba00fe2782739eadbde42e7ff66f78ec52a287962b94ba8940211a8d4,inv_9b3094cc,inv_00353004,82135075,582500000,,1769390122,26-01-2026 01:15:22,1769390122,0,,,,,,,,,
0x04a15db227d1cfdc887ccdbb68ac7fcf80cfa370e7e05195fb14e49ca6e84b1d,inv_b9b5acda,inv_ff0a494f,82129501,1165997520,,1769378974,25-01-2026 22:09:34,1769378974,0,,,,,,,,,
0xb22bc18903ef336d4f458167040a6605cdf549e5294cb8674723bb85c26cc158,inv_092b5098,inv_190c7331,82095903,483912000,,1769311778,25-01-2026 03:29:38,1769311778,0,,,,,,,,,
0x17d43d7a07bedd1ed555da47972845ec4b66f29dea9d897be7ce8377cb29f407,inv_a1b5a0c4,inv_9aa7c128,82081766,199900000,,1769283504,24-01-2026 19:38:24,1769283504,0,,,,,,,,,
0xe56090f9f383eeae399640fd4c4b42530dee4dcf1fea3bd1136e6113e7e4df7a,inv_5122e65b,inv_7eb77b35,82081291,14823675,,1769282554,24-01-2026 19:22:34,1769282554,0,,,,,,,,,
0xcefe3079dbb4983225de3d337530f10fa2696bba75099e8bf909fe88bff97946,inv_ed1fb37d,inv_190c7331,82072284,118400000,,1769264540,24-01-2026 14:22:20,1769264540,0,,,,,,,,,
0xd2561d3c591161b6fc3e66aa1f2b5e9d2b4cf5637f499b5e8016201bb8a0b96c,inv_4eb5a3ac,inv_c617a894,82030397,105141330,,1769180766,23-01-2026 15:06:06,1769180766,0,,,,,,,,,
0x4e47e8c9731597b15968a5a361daf8ea88e2fc1d0bede75bc0595f3ac737d166,inv_190c7331,inv_7eb77b35,82026162,540000000,,1769172296,23-01-2026 12:44:56,1769172296,0,,,,,,,,,
0xf8af89c6a2c459655740965012a8211b2ecb135c26ac28e9437d36774f85396c,inv_190c7331,inv_7eb77b35,82026118,450000000,,1769172208,23-01-2026 12:43:28,1769172208,0,,,,,,,,,
0xd1328fb671dfd35253909c439608d3f6898116e07c92510bc62600136da29854,inv_190c7331,inv_7eb77b35,82026025,688770000,,1769172022,23-01-2026 12:40:22,1769172022,0,,,,,,,,,
0xe78972308989dedc1896cbeb6922b34a9b650219ac4cf05a26766cb7138d385c,inv_dbca2891,inv_7eb77b35,82024373,192000000,,1769168718,23-01-2026 11:45:18,1769168718,0,,,,,,,,,
0x1fbafd893cc16092b658ad5c65bd5d6dc36bb6def754055d03248130a1a0d55a,inv_dbca2891,inv_7eb77b35,82024303,679000000,,1769168578,23-01-2026 11:42:58,1769168578,0,,,,,,,,,
0xe9ed706aa059876aad7e013cb5bdec460b9b66d3f2ec885742efc22250ee1c21,inv_2f6d7a0e,inv_166b40c8,82010337,100218789,,1769140646,23-01-2026 03:57:26,1769140646,0,,,,,,,,,
0x17543e8a6bcd2122b02b217c31d27963f761c4c430f74f07d7e81b250e82d51c,inv_2f6d7a0e,inv_dbb89784,81955430,100222937,,1769030832,21-01-2026 21:27:12,1769030832,0,,,,,,,,,
0xa0e4f657b37ae5a577a3519355122b88686e5048ef87f61a8103f72a715df435,inv_2f6d7a0e,inv_aeb331a7,81955228,100292294,,1769030428,21-01-2026 21:20:28,1769030428,0,,,,,,,,,
0xeab197745a0745c2633bcffe71d24ef18eff6f479ffabae971ed4c9da330e508,inv_d381a12e,inv_78830c1a,81947722,110000000,,1769015416,21-01-2026 17:10:16,1769015416,0,,,,,,,,,
0xea9ff8e78b4c9a1108b604a7c5512b057fb0728fe4f5ef967cdde0679494dd79,inv_762c5e07,inv_78830c1a,81940301,106000000,,1769000574,21-01-2026 13:02:54,1769000574,0,,,,,,,,,
0x56814aa7b5e77ab9c37a816aebe203497efcadce69f035d8a695bffdcc1443a3,inv_88e68846,inv_4ba4bc01,81939690,105000068,,1768999352,21-01-2026 12:42:32,1768999352,0,,,,,,,,,
0xf8c66e59210b98690875dd35902070c9bfafadac1530b2463913a63475bed269,inv_88e68846,inv_332bc2d4,81939552,220000000,,1768999076,21-01-2026 12:37:56,1768999076,0,,,,,,,,,
0x26d0fd1a9d946b74b17e3c963f2871bebf9ef10948ac4ae57cd916fe6b5f5301,inv_2fd12e74,inv_7eb77b35,81933920,139752004,,1768987812,21-01-2026 09:30:12,1768987812,0,,,,,,,,,
0x40b44537914560f0d018a2ef431e5d1123be4edca0284f3f92e05eec29070586,inv_2f6d7a0e,inv_bfbc43f7,81925659,100202865,,1768971290,21-01-2026 04:54:50,1768971290,0,,,,,,,,,
0x8b7641f1acb28ab2287ded8d0c0d6e4730605fc5625f56c577dc059a1549632c,inv_762c5e07,inv_4ba4bc01,81913158,122008597,,1768946288,20-01-2026 21:58:08,1768946288,0,,,,,,,,,
0x228397d6f6d9adee46a45e4fa5c4ec9cb35cb535e0ec7c52ce0ea5ddd386aab6,inv_2f6d7a0e,inv_f0669294,81901624,100308102,,1768923220,20-01-2026 15:33:40,1768923220,0,,,,,,,,,
0x961eac7cb8566835dd1166cef69e92f45f69007878f27b475afcae0dd0a1afbb,inv_2f6d7a0e,inv_f05c1766,81900843,100303689,,1768921658,20-01-2026 15:07:38,1768921658,0,,,,,,,,,
0x602a402c53a431fcbe007e4aa60b63e169ef3eda49049fbd4cdc9585b848ce69,inv_dbca2891,inv_249e79b7,81897544,2105734200,,1768915060,20-01-2026 13:17:40,1768915060,0,,,,,,,,,
0xd104e1804e058e7858662f07c01edbb45127f7fb48c8b6b4d12592bb11430ba0,inv_e81b677a,inv_7eeea2bc,81894519,1100000000,,1768909010,20-01-2026 11:36:50,1768909010,0,,,,,,,,,
0xaeada778f126d8b13ef2ec0663d954051539e4986f5d5d2bf62d6e5037679497,inv_092b5098,inv_b93eeae9,81873237,540000000,,1768866446,19-01-2026 23:47:26,1768866446,0,,,,,,,,,
0x0c1757df7a2f98d4f22ee9ae3f5d6223a87117712472989902bc339479b73378,inv_092b5098,inv_4ba4bc01,81872643,104997175,,1768865258,19-01-2026 23:27:38,1768865258,0,,,,,,,,,
0x1b18950ff6991cc37c94e1e50ae268237531d17f29aef131994429be5cd316c3,inv_a322cedd,inv_c617a894,81872556,580000000,,1768865084,19-01-2026 23:24:44,1768865084,0,,,,,,,,,
0x6e0dd6fe1f7b564ba2118a362f7aa4a4a8ce99a102002bac0b2e6c893dac8b80,inv_5122e65b,inv_7eb77b35,81859711,103000000,,1768839394,19-01-2026 16:16:34,1768839394,0,,,,,,,,,
0x4468d666b703ad270e4e1833ec93c4a2a751e654dd59d9b7a657e75be8ddd51f,inv_75578a1d,inv_4ba4bc01,81859180,105000000,,1768838332,19-01-2026 15:58:52,1768838332,0,,,,,,,,,
0x5d523fe75a6038be5de2008539a4d878da53f60327f8a46ec6eec8045ac097c8,inv_c617a894,inv_fcef6e33,81850895,1304961316,,1768821762,19-01-2026 11:22:42,1768821762,0,,,,,,,,,
0x7ada92941b5e6625215c867d3f82fe43a825d68131baeb4376e33b177ac7e946,inv_5122e65b,inv_7eb77b35,81826689,103000000,,1768773350,18-01-2026 21:55:50,1768773350,0,,,,,,,,,
0x2b956232283e140cc02efb37053706c2082e657a182f6d9987669297f2321aaa,inv_ed1fb37d,inv_7eb77b35,81783037,103000000,,1768686046,17-01-2026 21:40:46,1768686046,0,,,,,,,,,
0xee3c46c0201454b94fd8a6fb4c46865912baaf3dfdf4836cd07230e3585470cc,inv_ed1fb37d,inv_7eb77b35,81782533,103000000,,1768685038,17-01-2026 21:23:58,1768685038,0,,,,,,,,,
0x9bda7cd01c99d650acb4c5d99cc755828b067343b66427b5e9e7637b82d7e2f7,inv_5122e65b,inv_7eb77b35,81773383,303000000,,1768666738,17-01-2026 16:18:58,1768666738,0,,,,,,,,,
0xe55d1504dbc8943bf19cd76064540753ce11b305180312b7c53fe5c5c333ae6d,inv_c48739e9,inv_7eb77b35,81767551,12140585,,1768655074,17-01-2026 13:04:34,1768655074,0,,,,,,,,,
0xe8100cedaf1c89d976b95276fce53e0bc7f13007d0e2934dda4c75f55550b282,inv_f8534963,inv_3a482fc7,81737626,300140086,,1768595224,16-01-2026 20:27:04,1768595224,0,,,,,,,,,
0xae8e582a03479220666586dbf4d27026c71cf30659525ee371ab58b718a57796,inv_60dcb8f6,inv_00353004,81732441,580000000,,1768584854,16-01-2026 17:34:14,1768584854,0,,,,,,,,,
0x6c112ea86278d5423c0e65e790292096bce81d78a14ce7acdc8343a31c8cd898,inv_c617a894,inv_78830c1a,81717090,104000000,,1768554152,16-01-2026 09:02:32,1768554152,0,,,,,,,,,
0x1b817b438fbcf85fb52ba798608411e8fd3c3bcb4c9599f32701cada4dfb919c,inv_498e8beb,inv_262f6642,81695023,1047200000,,1768510018,15-01-2026 20:46:58,1768510018,0,,,,,,,,,
0x303b0079c082fb50e5cd204044c96353055c344cda1dd28eec0302f43452d5b2,inv_498e8beb,inv_00353004,81694602,1160000000,,1768509176,15-01-2026 20:32:56,1768509176,0,,,,,,,,,
0x4c937883c454a35b1ab095959a42ee96f2cb7282fbf6bff12670f53a4f7118de,inv_498e8beb,inv_c617a894,81694570,434327200,,1768509112,15-01-2026 20:31:52,1768509112,0,,,,,,,,,
0x177a157ead52cf96499894d1cf3836ab24f9a5e4bda976ddaf1384898a75c739,inv_498e8beb,inv_c617a894,81694535,580000000,,1768509042,15-01-2026 20:30:42,1768509042,0,,,,,,,,,
0xec0f5b47832f98f44477197877c16cb2cf8bd7d65f7f7df041882781ff1ed881,inv_b934cdb6,inv_b93eeae9,81689356,216000000,,1768498684,15-01-2026 17:38:04,1768498684,0,,,,,,,,,
0x5867ed9d4694816728cd2e6f368fe1200a01d893014a7e707a4c47c814aa9440,inv_b934cdb6,inv_092b5098,81689191,107000000,,1768498354,15-01-2026 17:32:34,1768498354,0,,,,,,,,,
0x0086411f0ad7754def46e4be108514685e6720cf6b0dd92b664871dc40d22bc4,inv_092b5098,inv_c617a894,81650244,315000000,,1768420460,14-01-2026 19:54:20,1768420460,0,,,,,,,,,
0xbd6a939e32bc7f55994fe0f9ad1a88bb47935f9cfaa0e9dcd5dd2007fc2fa165,inv_a322cedd,inv_c617a894,81647749,464036783,,1768415470,14-01-2026 18:31:10,1768415470,0,,,,,,,,,
0x91ac7406d5e07c49f11b1e16f4e92ead1d6876e7fd6b28b4cc57ed3e46fa0e02,inv_a322cedd,inv_c617a894,81647541,580000000,,1768415054,14-01-2026 18:24:14,1768415054,0,,,,,,,,,
0xbf341d67161d65dba31d624b1b29671ae0d59d313fe1266d5c526335b2f9591d,inv_0dcab146,inv_9382ed56,81644836,105000000,,1768409644,14-01-2026 16:54:04,1768409644,0,,,,,,,,,
0x539a58efbd21f977efe1fa2d25d044007cd6716b01c611b8b65a7dbf2921c7e7,inv_762c5e07,inv_7eeea2bc,81644492,600000000,,1768408956,14-01-2026 16:42:36,1768408956,0,,,,,,,,,
0x5bc77683936853b7a7876e379ae0ec7e6df22fe4c72d253ecc22015cda724deb,inv_2f6d7a0e,inv_e79e51da,81643599,100363587,,1768407170,14-01-2026 16:12:50,1768407170,0,,,,,,,,,
0xc6d90e94c0dbf2a7769ebdeb1d1167b04e079fa9b10a2f546098311de66d8ae0,inv_60dcb8f6,inv_c617a894,81639146,580000000,,1768398264,14-01-2026 13:44:24,1768398264,0,,,,,,,,,
0xe92e5c633dbe94ebe71fb9bf126a6e3b4d7cb94ff67a50b0bfb2b707a518e7eb,inv_b261c1fb,inv_b8ade1f6,81633589,266533651,,1768387150,14-01-2026 10:39:10,1768387150,0,,,,,,,,,
0xb6dc4b1eb1d640e9ee7753ecc1572661f02051cf04acac51d56e6d99d9293c29,inv_b261c1fb,inv_ec2f678e,81633069,80790945,,1768386110,14-01-2026 10:21:50,1768386110,0,,,,,,,,,
0x7292cb4cc6410858c4c6559d22fae4658b5355d01c6c4bddc864898be06c190b,inv_b261c1fb,inv_c617a894,81631902,493559519,,1768383776,14-01-2026 09:42:56,1768383776,0,,,,,,,,,
0x0a0fa482512054029fc103dd5eab8ee3c20eb6c95fbf5b6dcbb04a248fef8a65,inv_9aa7c128,inv_64875cb2,81603921,223510000,,1768327793,13-01-2026 18:09:53,1768327793,0,,,,,,,,,
0x3e9a2d90892a6263a0da53a9982232c9b77e7c62b0793a07bdb027580d714bd7,inv_68c8ac7f,inv_c617a894,81597645,540000000,,1768315241,13-01-2026 14:40:41,1768315241,0,,,,,,,,,
0xa822ec5dbe5946bfbc40c5888abc3960bf0a4e756ea6c844b074dc7c95dee0ad,inv_68c8ac7f,inv_092b5098,81579128,107000000,,1768278207,13-01-2026 04:23:27,1768278207,0,,,,,,,,,
0x10e26e9abb994145fec7efa9ed7a4ff9618949305786d3038019c06122dd64fa,inv_e04da7d1,inv_c617a894,81567840,580000000,,1768255631,12-01-2026 22:07:11,1768255631,0,,,,,,,,,
0xf4bae087af27d7fb395c7678e28e184fbf964f9516796cabd4c5039e91511f5f,inv_68c8ac7f,inv_092b5098,81559723,105000000,,1768239397,12-01-2026 17:36:37,1768239397,0,,,,,,,,,
0xb72c17a6dddc815be8c14c7e5dc9ce260a2a027990d09f538a9d2d966e6c2bef,inv_2f6d7a0e,inv_aeb331a7,81558814,100313494,,1768237579,12-01-2026 17:06:19,1768237579,0,,,,,,,,,
0x48c69c37840d6d0a572d23bd9a569b9197c637339d82f077ff8b29f998eb19d9,inv_fe25e7bc,inv_7eeea2bc,81535555,1200000000,,1768190374,12-01-2026 03:59:34,1768190374,0,,,,,,,,,
0x22c6e6590e4a0adc5af3ed33fdb7dbba8214dc8a3d7757952b08b14013463a91,inv_10ee2b7c,inv_c617a894,81522040,525000000,,1768163344,11-01-2026 20:29:04,1768163344,0,,,,,,,,,
0xe96d4bb47820d9d7f186a2e1210baaa47d652989a66493af2a897e7158f4bb27,inv_d023727b,inv_c617a894,81520204,540000000,,1768159672,11-01-2026 19:27:52,1768159672,0,,,,,,,,,
0x698b3634ed5f8b5d12a5a20938646e90361cdd7a1a0ca472e6d8ad082c643b69,inv_e04da7d1,inv_c617a894,81519648,237168000,,1768158560,11-01-2026 19:09:20,1768158560,0,,,,,,,,,
0xb4612559deb582b3e772d9c57c09a6860d49e50a7fe9bd4e7aa1e9faca76fe4c,inv_e04da7d1,inv_75578a1d,81519564,215940000,,1768158392,11-01-2026 19:06:32,1768158392,0,,,,,,,,,
0x3722d0d9143a11e99ffcae5395dd779d6a21e1a695a6a7d040553a665f5f1c48,inv_10ee2b7c,inv_ebacd7d1,81517956,1060000000,,1768155176,11-01-2026 18:12:56,1768155176,0,,,,,,,,,
0x18c828fbe609b34985c7bae2aa90a4772bc2e5a7425880d7236c48f9d1731f5c,inv_e04da7d1,inv_c617a894,81517296,540000000,,1768153856,11-01-2026 17:50:56,1768153856,0,,,,,,,,,
0xbea84c956377fc0f9f13c8c0f24cd8ae9dea9070ea60c4829ffd397f3d3143cf,inv_10ee2b7c,inv_c617a894,81513732,525000000,,1768146728,11-01-2026 15:52:08,1768146728,0,,,,,,,,,
0xe8da1e0756d3d21ef2be849ae3e16fdde950517cb55b2f6120cf276d36fd69f8,inv_10ee2b7c,inv_beff5b42,81513684,607372500,,1768146632,11-01-2026 15:50:32,1768146632,0,,,,,,,,,
0xf9b6e7d47797aac406445ddf0cb0e12913365dab2743c4b3fa2c57fbebaf2490,inv_10ee2b7c,inv_62fc6c1b,81513487,212174037,,1768146238,11-01-2026 15:43:58,1768146238,0,,,,,,,,,
0x3e6fe542cb21c369bd8d97a9652d040faca97c5513bbbf18333e244146891100,inv_10ee2b7c,inv_ebacd7d1,81513436,525000000,,1768146136,11-01-2026 15:42:16,1768146136,0,,,,,,,,,
0xd471e5c213fc67d43cc4b0b2b0eb4d8e614a4d9a85ff8b66e2bcaf4232c48fd2,inv_10ee2b7c,inv_ebacd7d1,81513402,1030000000,,1768146068,11-01-2026 15:41:08,1768146068,0,,,,,,,,,
0xaaf10ef6cdef7de7e271944c02243c50ad44937cd491bc538097d90005041e7e,inv_e81b677a,inv_00353004,81506165,1160000000,,1768131594,11-01-2026 11:39:54,1768131594,0,,,,,,,,,
0x9bfc3d3b78b3a2608a078bd159e52f464345a1b8091b967f5fefba6335ef0149,inv_e81b677a,inv_c617a894,81506050,580000000,,1768131364,11-01-2026 11:36:04,1768131364,0,,,,,,,,,
0x83a64aedd12e75fc93224b92ff28817c510fed8459d0a326be3ef13d6619446b,inv_840bdb5c,inv_75578a1d,81467433,540000000,,1768054128,10-01-2026 14:08:48,1768054128,0,,,,,,,,,
0x614ccede6b0f9a0bf0abd72069f119e7e05cbed67163eeae4912956b52d08c39,inv_319dc077,inv_9aa7c128,81467067,199900000,,1768053396,10-01-2026 13:56:36,1768053396,0,,,,,,,,,
0xee3ab9193827f1914a749532780fb7b95b4a08b0ce75a98b636c3dc1708e46d8,inv_092b5098,inv_b93eeae9,81445464,530000000,,1768010190,10-01-2026 01:56:30,1768010190,0,,,,,,,,,
0x473f4bcabcca85543ed778885fd1c47c29bc21c14e632caffb4f8f6544d9f8b6,inv_75578a1d,inv_b93eeae9,81430226,530000000,,1767979714,09-01-2026 17:28:34,1767979714,0,,,,,,,,,
0x73d6d750653e21633b2fa04e4d4f6d4ab935c19390fc08ac915824f4dd8e9ed6,inv_5b981484,inv_75578a1d,81418209,108486251,,1767955680,09-01-2026 10:48:00,1767955680,0,,,,,,,,,
0xb2e83acf53bcc081e6a02a05a0ceb5c757a0447c3525393e39e485efdc0f5cde,inv_10ee2b7c,inv_c617a894,81416677,525235148,,1767952616,09-01-2026 09:56:56,1767952616,0,,,,,,,,,
0x3e188d588e2ae52d32cb027ca9442b5d2b78e307887913f8cd539c63ce7a75db,inv_c617a894,inv_1295dc39,81411739,1050000000,,1767942740,09-01-2026 07:12:20,1767942740,0,,,,,,,,,
0x5b7c658596b56320e9e68ded51965b89160599f8657e9b0f2738b83bff86e94f,inv_b93eeae9,inv_1295dc39,81411046,1020000000,,1767941354,09-01-2026 06:49:14,1767941354,0,,,,,,,,,
0x6ad7b999d514507b2ac413149e120dfedb5e886c21b619425fe7028dd6b345c0,inv_092b5098,inv_2142dfdf,81403709,630000000,,1767926680,09-01-2026 02:44:40,1767926680,0,,,,,,,,,
0x044497c1c14adc2608cf07b699261d88eafced4e2a61eaa753a1ccf121d4b9c2,inv_10ee2b7c,inv_c617a894,81397390,525000000,,1767914042,08-01-2026 23:14:02,1767914042,0,,,,,,,,,
0xdcfa7fafd65257bb1d194edbcb23a6cefb47764e729323d78f03470918358cc5,inv_10ee2b7c,inv_c617a894,81388177,525000000,,1767895616,08-01-2026 18:06:56,1767895616,0,,,,,,,,,
0x6a9d3f9f5b8db2ee129eb50e6e3fa367b049ada17060bdd313711f2c228b277f,inv_2f6d7a0e,inv_db2c5f04,81382958,100387793,,1767885178,08-01-2026 15:12:58,1767885178,0,,,,,,,,,
0xb774ede685ad159ef64a0362ed87247ff2d108e2e32f91f385c09818269d22f9,inv_2f6d7a0e,inv_7d517b27,81382899,100285839,,1767885060,08-01-2026 15:11:00,1767885060,0,,,,,,,,,
0xa6fc12d9344883f0ed507b238f3a3614da1a8c4156cc684b2261207f39c26e1a,inv_2f6d7a0e,inv_57d23564,81382849,100353605,,1767884960,08-01-2026 15:09:20,1767884960,0,,,,,,,,,
0xe137a4cdece9e8aea2954c28f67cac7c54e2ddea75564bdda008a0fa266f8e5f,inv_319dc077,inv_4dbb0533,81377474,1944342980,,1767874207,08-01-2026 12:10:07,1767874207,0,,,,,,,,,
0xaecd7a18bd7d6639bbe79bcf04631375c72a2cd29b5edbc699b9d75294a620a7,inv_319dc077,inv_9dc32d72,81377235,765402071,,1767873729,08-01-2026 12:02:09,1767873729,0,,,,,,,,,
0x71a99bf80cca2c3e2243a6008a10c283caa930db281c1700cdd716ee07e7863e,inv_10ee2b7c,inv_c617a894,81374377,515000000,,1767868013,08-01-2026 10:26:53,1767868013,0,,,,,,,,,
0x5e9ca29b946ebbf9f00c8d6b6124c0ab756f44dab4e84e014a878d3d8226b24a,inv_2f6d7a0e,inv_4b57d667,81352899,100481122,,1767825057,07-01-2026 22:30:57,1767825057,0,,,,,,,,,
0x51beb89b032ed5833abacee2784179eccfe39b4125158b048b88c23660de92d0,inv_2f6d7a0e,inv_1adacb6a,81352833,100749560,,1767824925,07-01-2026 22:28:45,1767824925,0,,,,,,,,,
0x9e23ed3c211be89cb31a26f9fc06944124798bcabc09e92c3e6606f77bc16384,inv_2f6d7a0e,inv_0a560fd8,81352770,100473912,,1767824799,07-01-2026 22:26:39,1767824799,0,,,,,,,,,
0x1dc002e64f663d64cde57c3d519cf48339c54fa56b1f4a9f5153e496ebacb29a,inv_2f6d7a0e,inv_81783f58,81352714,100623246,,1767824687,07-01-2026 22:24:47,1767824687,0,,,,,,,,,
0x4b905bd28b2044f115d0ec6eda955f06d72e393f726d7f036eecfc9caf436de1,inv_2f6d7a0e,inv_ba97171c,81352551,100512364,,1767824361,07-01-2026 22:19:21,1767824361,0,,,,,,,,,
0x92e488589dbdb26abbc8404abba3c41b7db70c28061745f4c9fa0306c62fdccf,inv_f8534963,inv_a1bc8238,81349005,560000000,,1767817269,07-01-2026 20:21:09,1767817269,0,,,,,,,,,
0xec1342096e1e0b80006eb1df0a3659454b5f1c6f1d478a635717a50492ba26dd,inv_10ee2b7c,inv_ae4174d7,81341916,1512060900,,1767803091,07-01-2026 16:24:51,1767803091,0,,,,,,,,,
0xe71fbc30fb85c4f9d090f54ea58365b83e5b893b79b9501df50f1d4fb23c2763,inv_e81b677a,inv_64875cb2,81329380,306000000,,1767778019,07-01-2026 09:26:59,1767778019,0,,,,,,,,,
0xcc2549c5d88ac8f50d2fa6f99c3efbd1a64cab2612352904bf2cc58717ed9fb2,inv_5b981484,inv_75578a1d,81329192,218000000,,1767777643,07-01-2026 09:20:43,1767777643,0,,,,,,,,,
0xe9497bf6befd754831d9268d8d809a84b8c581d5a4080aefe73e396a604ee678,inv_6d3c2326,inv_a1bc8238,81289068,1120000000,,1767697395,06-01-2026 11:03:15,1767697395,0,,,,,,,,,
0x99cbd8a4c38d9d662b2c02c863fa3ae4deafbcff3f9201b73c3970ca49708bee,inv_dbca2891,inv_a1bc8238,81272741,1120000000,,1767664741,06-01-2026 01:59:01,1767664741,0,,,,,,,,,
0x4224324c99e23b28eb76eceec74e64b7a9ad8dfb66874c47e737a26548fce49b,inv_2f6d7a0e,inv_8596d1af,81263377,100595023,,1767646013,05-01-2026 20:46:53,1767646013,0,,,,,,,,,
0xff2df75c1440f3147abdb4423d65acdeb61a2c00e9268e2bb6a686906bcb9bfd,inv_2f6d7a0e,inv_84ea89fe,81261789,100055352,,1767642837,05-01-2026 19:53:57,1767642837,0,,,,,,,,,
0x2d537c93d06f62eeb9b2bd08ee40f90a02ee4419f7eaca292ca5a9860796b755,inv_d6155d28,inv_68926941,81259454,400001611,,1767638167,05-01-2026 18:36:07,1767638167,0,,,,,,,,,
0x865c3b8d75a3747dd7864b31e3ebc6fd8ff49295f40ed3ed6f3714bc6e0fdfa2,inv_dd02f503,inv_0d859bc0,81257241,25139424,,1767633741,05-01-2026 17:22:21,1767633741,0,,,,,,,,,
0x868c2bea58f40bd741bac714ba6bb6fc6bfbfe9950104b0cc3d71403d78ab8c2,inv_2f6d7a0e,inv_57d23564,81255991,100487379,,1767631241,05-01-2026 16:40:41,1767631241,0,,,,,,,,,
0xf6915f9107c217892da36a8c21647f39051ab216b649f8f26ffce36add298d61,inv_b934cdb6,inv_c617a894,81252916,110000000,,1767625091,05-01-2026 14:58:11,1767625091,0,,,,,,,,,
0x7aa5db934b81920c28f2ec1169fcb3dd0ca8b5c9f3c3484f38752ecc37d592ce,inv_e0a80c5d,inv_0d859bc0,81250754,24497592,,1767620767,05-01-2026 13:46:07,1767620767,0,,,,,,,,,
0x93e184776ac0323874b36569317e7abf3a49747f6b80d1ce5ae88983e595a6c1,inv_5425f722,inv_0d859bc0,81224412,52918795,,1767568083,04-01-2026 23:08:03,1767568083,0,,,,,,,,,
0xad70a8d9afc09b2815b59fa09ff31db20ae2a0e068ad839b045587882f9c52e1,inv_5425f722,inv_0d859bc0,81224334,21351361,,1767567927,04-01-2026 23:05:27,1767567927,0,,,,,,,,,
0x66c416f4ee364eaf49ed401ea69e5e83f1765ba4910ef582b8e5ee1df10e1524,inv_190c7331,inv_0d859bc0,81219834,25864505,,1767558927,04-01-2026 20:35:27,1767558927,0,,,,,,,,,
0x2a444821c7dd6ffc4b94c7ca0a0f6c60eddc99894aac2cf8e8544082d328183b,inv_dbca2891,inv_df0d7904,81184597,580000000,,1767488453,04-01-2026 01:00:53,1767488453,0,,,,,,,,,
0x4ac490be9ebb58efc93e7f8486c420e50957546d32fc3a566f354ac7db5654bf,inv_5b981484,inv_dd02f503,81166888,161137551,,1767453035,03-01-2026 15:10:35,1767453035,0,,,,,,,,,
0xbbb9df303e204d0059e965e3df893b6d9a157a9a768563f9148fad92cdc2af0f,inv_b934cdb6,inv_dd02f503,81165360,112000000,,1767449979,03-01-2026 14:19:39,1767449979,0,,,,,,,,,
0x90dada837f800aedabb897ef5db827f4ccb6b2a9f6d5e7b9a245514ed9dc2d16,inv_c48739e9,inv_9cf9c6aa,81163905,115865187,,1767447069,03-01-2026 13:31:09,1767447069,0,,,,,,,,,
0x4b4c9e003c6af135b9dffa5c89d07c460f8233948d78a23dcd9da6e5e69cf938,inv_2f6d7a0e,inv_a35e1451,81137536,100416323,,1767394331,02-01-2026 22:52:11,1767394331,0,,,,,,,,,
0xc0690266d8969df040f17d354e563b3cb2cf8088cb59b1afbae79992355349bb,inv_2f6d7a0e,inv_0791f52b,81137480,100432797,,1767394219,02-01-2026 22:50:19,1767394219,0,,,,,,,,,
0xd877354bf4199727b6c08727a6389e12cb57bf398e51a487653c29f0e9773d11,inv_2f6d7a0e,inv_43b14217,81137317,100304787,,1767393893,02-01-2026 22:44:53,1767393893,0,,,,,,,,,
0x922dc244430f9e422aa42feb48d982e51c209258fb770c15c5a4cc88f58b752e,inv_7d3164ba,inv_2ed4b668,81137159,183238747,,1767393577,02-01-2026 22:39:37,1767393577,0,,,,,,,,,
0x49736ddc46aaf6a53c5029fb95475ba2e1f15603ef3b15fca877d3b486b4a9a1,inv_b93eeae9,inv_190c7331,81136379,464000000,,1767392017,02-01-2026 22:13:37,1767392017,0,,,,,,,,,
0x3e9d2330c07ed6309dbc56fc0e835196437c3f1e670ae1aedb891f084997dba2,inv_b93eeae9,inv_190c7331,81130801,580000000,,1767380861,02-01-2026 19:07:41,1767380861,0,,,,,,,,,
0x8cbfea67c0e0c41224d4ecff7015cd66fc00dc2b23651133b167b1d90efce5ff,inv_e677b0c8,inv_190c7331,81125768,99004345,,1767370795,02-01-2026 16:19:55,1767370795,0,,,,,,,,,
0x2a88ad1d9ed4675a3a95dd48ee14d7e9ec5b701962b69b367bb23c21890ae3f2,inv_b93eeae9,inv_190c7331,81123541,345000000,,1767366341,02-01-2026 15:05:41,1767366341,0,,,,,,,,,
0xb5c3ddf3848856c9cdc40cca67a74354c13675809462b3a6c33bbb94c2c1a220,inv_b93eeae9,inv_1c3989e1,81123096,200603334,,1767365451,02-01-2026 14:50:51,1767365451,0,,,,,,,,,
0x743eb8718744ce44591fb02a1880069bb8411fb50fc09fc8e7c058cc730e2339,inv_c48739e9,inv_190c7331,81121367,229000000,,1767361993,02-01-2026 13:53:13,1767361993,0,,,,,,,,,
0xf981a5470db138383c92c6a065924d6cc8f30a2607dee8711310cc6608a255dc,inv_011abe63,inv_75578a1d,81091609,194920175,,1767302477,01-01-2026 21:21:17,1767302477,0,,,,,,,,,
0xe55275b95108bfd1118f1f2e3d2db19a04fb3e67e24c4a36b171ed9f87697008,inv_36c4275c,inv_75578a1d,81090510,370252966,,1767300279,01-01-2026 20:44:39,1767300279,0,,,,,,,,,
0x0d157aeeb5ddc383dcff1fba28ac677246f5acd4354d9a40dcf350a23b262b78,inv_a1bc8238,inv_2528bbfc,81081963,1040000000,,1767283185,01-01-2026 15:59:45,1767283185,0,,,,,,,,,
0x04d8c81bfae49f5b4bd167b0dd49cc6f56a1916e3aa0d1549e674ab49350e5b3,inv_a1bc8238,inv_2528bbfc,81081938,1040000000,,1767283135,01-01-2026 15:58:55,1767283135,0,,,,,,,,,
0x080fdb86c1a37bbe62db566db0efc42d8cb6a856b624b1b73073e348b45b5da3,inv_a1bc8238,inv_2528bbfc,81081883,515000000,,1767283025,01-01-2026 15:57:05,1767283025,0,,,,,,,,,
0x0306247bd6c7778f5c8e8de8cffcd8544d1e0f14439f7375a94803e9ff09be88,inv_190c7331,inv_2528bbfc,81075385,1020000000,,1767270029,01-01-2026 12:20:29,1767270029,0,,,,,,,,,
0x67e451fc4cc78caaafc66ed54c903644a793ef7bd8cda684a265ee016a81f44d,inv_190c7331,inv_2528bbfc,81075303,515000000,,1767269865,01-01-2026 12:17:45,1767269865,0,,,,,,,,,
0xcdd1eba27a51ef5573b7d43372ccad064e5dced5cab608a95aa72607901bb8b5,inv_c48739e9,inv_190c7331,81073093,460000000,,1767265445,01-01-2026 11:04:05,1767265445,0,,,,,,,,,
0x857fad123c8ea6e16b46eba02fed6c5a669c199d8f75be8653f530eeade34379,inv_011abe63,inv_190c7331,81073091,127101301,,1767265441,01-01-2026 11:04:01,1767265441,0,,,,,,,,,
0x0f0d3db4e4e01d53daeef4e9ec2dab4d99ee1e467a2ca98c5e76a37598810131,inv_190c7331,inv_0ce4228c,81070658,112199639,,1767260575,01-01-2026 09:42:55,1767260575,0,,,,,,,,,
0x3d4aec1038e54373009ca3d7ee53a65d2a93676e0a7eb279233457e37d2d1bd4,inv_0ce4228c,inv_190c7331,81070151,392000000,,1767259561,01-01-2026 09:26:01,1767259561,0,,,,,,,,,
0x6940f8f9a86c79cd2168dae03c2a95d44ae33d968e597fec1182f6595ebe5365,inv_319dc077,inv_ae4174d7,81054270,979669818,,1767227799,01-01-2026 00:36:39,1767227799,0,,,,,,,,,
0x51f9439dfdc20aa1c0dc800e4875b0e3c491c3f1f4c6fb5ed4bdacc02d4ffbba,inv_319dc077,inv_c95a1956,81053346,1180690000,,1767225951,01-01-2026 00:05:51,1767225951,0,,,,,,,,,
0xcb384415d5d138a10083cda73b0a88dc51797c1898621085b2f6ea5a45f10dbd,inv_319dc077,inv_2528bbfc,81053201,1010000000,,1767225661,01-01-2026 00:01:01,1767225661,0,,,,,,,,,
0x18da7a05b2bc8969ff5389a0ded3f760e33b65e9b34a14959d38ac61c8810e11,inv_319dc077,inv_190c7331,81053077,490000000,,1767225413,31-12-2025 23:56:53,1767225413,0,,,,,,,,,
0x063dcd791ac9bcb368a2894ddc666c974d8869740b98dbede49004c08a7b6970,inv_319dc077,inv_2528bbfc,81053028,505000000,,1767225315,31-12-2025 23:55:15,1767225315,0,,,,,,,,,
0x5a9801e0a6cc802e88e0d28dee8ae45dbf2e0473c0e39e0052f71a491628b829,inv_0d10e38b,inv_ec2f678e,81045176,34719161,,1767209611,31-12-2025 19:33:31,1767209611,0,,,,,,,,,
0x469fa963fcaf651506777ba458e64650513e87b726248754bd4d0c3282c8dac0,inv_5b981484,inv_75578a1d,81043770,1308000000,,1767206799,31-12-2025 18:46:39,1767206799,0,,,,,,,,,
0x2b6051ccf95e674da77347d03e3bc3dc8985eda3a1771ae248921d2b145967c3,inv_190c7331,inv_33ea2714,81042685,550508465,,1767204629,31-12-2025 18:10:29,1767204629,0,,,,,,,,,
0x9c156d29d481d76b5a86b900f2915b909e46f034b462f82b9c53cdca89ab9cae,inv_9aa7c128,inv_89eccb9f,81040227,245242849,,1767199713,31-12-2025 16:48:33,1767199713,0,,,,,,,,,
0x1178d89908bf81e0b613e19d8d56fbafe3c98e374b69e61deb00d658ba382c52,inv_f8534963,inv_870930d8,81036643,3741135,,1767192545,31-12-2025 14:49:05,1767192545,0,,,,,,,,,
0xe5bdcffb4f628a77ff9f6e95de5d03c5b9d1269c2f762c67150d5922c2cb3c6f,inv_319dc077,inv_9aa7c128,81012809,249625000,,1767144861,31-12-2025 01:34:21,1767144861,0,,,,,,,,,
0xfcdcf6ba695d44245e38fe1f83ddb7efad395ad7c80fe8edeb1a97e14b0c2074,inv_5122e65b,inv_ed1fb37d,81009840,61479000,,1767138923,30-12-2025 23:55:23,1767138923,0,,,,,,,,,
0xb6d365147208b344212de9dd408a7b89e0bc550969938278044eccc09930b250,inv_190c7331,inv_9b16f740,81000226,1764000000,,1767119695,30-12-2025 18:34:55,1767119695,0,,,,,,,,,
0x70c0c2565b301407eb262d6e5d7e53f60c226b0babdc92df51533d8244bf4da3,inv_190c7331,inv_9b16f740,80998784,1080000000,,1767116811,30-12-2025 17:46:51,1767116811,0,,,,,,,,,
0x6e72444201879ad87b3b32e2d6df3d2440ef163a10f891836a8ab9b92636c425,inv_011abe63,inv_9b16f740,80959116,259749260,,1767037475,29-12-2025 19:44:35,1767037475,0,,,,,,,,,
0x5f2748196fac8b56915f3df5479695ee404af3c234b77818d4d7e729e86adb99,inv_c48739e9,inv_7d3164ba,80951086,580000000,,1767021415,29-12-2025 15:16:55,1767021415,0,,,,,,,,,
0x4661e9b81a3e97507a2e97524f9c5495f6aa1cbf633a51e9d7f779b64a19adf5,inv_d381a12e,inv_ea2da5d4,80942283,240450000,,1767003809,29-12-2025 10:23:29,1767003809,0,,,,,,,,,
0x1f5576855cb11e6f0975277e2c9e28f86cc4d0c822024c13fe39af9886e10f11,inv_5425f722,inv_9caef85d,80922069,118000000,,1766963381,28-12-2025 23:09:41,1766963381,0,,,,,,,,,
0x78937b674d7e3015a575b7082c03690ac80e6a84e6fb111aa52935fc0e79c622,inv_bd43c18c,inv_27d9f845,80918316,512500000,,1766955875,28-12-2025 21:04:35,1766955875,0,,,,,,,,,
0x5c537217f7f1719d472b0415d205bce27417ec1d7bc97c2815b212ce1fc31004,inv_011abe63,inv_7d3164ba,80915919,580000000,,1766951081,28-12-2025 19:44:41,1766951081,0,,,,,,,,,
0x34dac76bb52154bbc8d1eec310b5ed1892809a191b7f4dcd589cbf7b1c0d876d,inv_011abe63,inv_7d3164ba,80915868,580000000,,1766950979,28-12-2025 19:42:59,1766950979,0,,,,,,,,,
0x6dfe6ec886ec5e1762711e0e6a98292bcc5e075ebb5d4f1051d46032284efc07,inv_75578a1d,inv_ea2da5d4,80913467,1040000000,,1766946177,28-12-2025 18:22:57,1766946177,0,,,,,,,,,
0xd2f46c891f161e212960d63d43212f7c77073477ea591ce5b2c7d54a7b7794bc,inv_b261c1fb,inv_7d3164ba,80911557,580000000,,1766942357,28-12-2025 17:19:17,1766942357,0,,,,,,,,,
0x4673cff7246006bbbe6b88995a225a890a50ae98ab8ecb09bb9de8f0b8e1b201,inv_b261c1fb,inv_ea2da5d4,80911485,222300000,,1766942213,28-12-2025 17:16:53,1766942213,0,,,,,,,,,
0xcec5353ae22c0bae36e8effa4557a4692c54d74def1b36104180cc3d7194fadf,inv_d1e999d9,inv_ea2da5d4,80911408,5050000000,,1766942059,28-12-2025 17:14:19,1766942059,0,,,,,,,,,
0xe431db100f222804109330849d740ca4ae4be4fcb7897857744186f985de4932,inv_b261c1fb,inv_7d3164ba,80910820,580000000,,1766940883,28-12-2025 16:54:43,1766940883,0,,,,,,,,,
0x673c670ba92f08e1303256cc5640d9df0a177aeae9a7fc14544b30d308603b62,inv_b934cdb6,inv_ea2da5d4,80909838,223000000,,1766938919,28-12-2025 16:21:59,1766938919,0,,,,,,,,,
0x7b7356f25224937c41d46855aa6d4c017f09a26670d76b5764173151aa2ad7f6,inv_5de3664d,inv_7d3164ba,80905114,580000000,,1766929471,28-12-2025 13:44:31,1766929471,0,,,,,,,,,
0x60ed3ba7c3a612331eceb343c9d16df92fedd7f1cf2cf753b6354c1f6a4bab96,inv_65b4dd5f,inv_7d3164ba,80870184,962800000,,1766859611,27-12-2025 18:20:11,1766859611,0,,,,,,,,,
0x311236f7250cf44f492d33f7ed8422dd1bcefb30fbff3f5149841cb260f14c3a,inv_c48739e9,inv_a1bc8238,80868748,351000000,,1766856739,27-12-2025 17:32:19,1766856739,0,,,,,,,,,
0x6b059bd91a957d9bbe7dfd3e1ae36012f8560eb5e009a5d8c5a57615f3dd8dd3,inv_2f6d7a0e,inv_a037ec4a,80867320,200522897,,1766853883,27-12-2025 16:44:43,1766853883,0,,,,,,,,,
0xa3d7468563d4b4a2ea632611aa812844d1d701540581a3859a270cd432730a82,inv_2f6d7a0e,inv_c0c02dac,80866000,100459351,,1766851243,27-12-2025 16:00:43,1766851243,0,,,,,,,,,
0xf4438d18cff340a818c88a33ac7df3807e3c59553ebbcc28aff022104f0a6e6a,inv_65b4dd5f,inv_a1bc8238,80865991,455973874,,1766851225,27-12-2025 16:00:25,1766851225,0,,,,,,,,,
0x4a9627a806bb234ac909a7872ffaa433688b9513cf40d35cf3bd1b923552cd96,inv_2f6d7a0e,inv_15f961a2,80865194,100357003,,1766849631,27-12-2025 15:33:51,1766849631,0,,,,,,,,,
0x199b0add3c55cf53e9efd208e2bb40b5895ce360d209423367bcbbd650d8e981,inv_2f6d7a0e,inv_522f8567,80864505,100053276,,1766848253,27-12-2025 15:10:53,1766848253,0,,,,,,,,,
0x9d75ac02cea790266b2fa86518afe7ae3ec98fa87837bec646d71404461eeca5,inv_d381a12e,inv_190c7331,80862359,218000000,,1766843961,27-12-2025 13:59:21,1766843961,0,,,,,,,,,
0x061d7a7aac4735c04fd86a4df354cf87f3172686894cfd80b965315b3ad0a144,inv_7d3164ba,inv_75578a1d,80862073,627604822,,1766843389,27-12-2025 13:49:49,1766843389,0,,,,,,,,,
0x558f1f20e07f43eb568cb34dde08c1120fdaa9c9ac0b27c2455e657e83ea3b3e,inv_b9b5acda,inv_b93eeae9,80813356,1050000000,,1766745955,26-12-2025 10:45:55,1766745955,0,,,,,,,,,
0x195971ab9474dc34fcd5b5ff20cd54378942d21916a25be833e60f1e1a2228e2,inv_b86dd23e,inv_9caef85d,80786202,585000000,,1766691647,25-12-2025 19:40:47,1766691647,0,,,,,,,,,
0x2aca1b2ffdf08fc4e48f03bffce41d3ef2e819d2dbb52f2e498bf55206d97c9b,inv_b86dd23e,inv_c617a894,80785984,329808973,,1766691211,25-12-2025 19:33:31,1766691211,0,,,,,,,,,
0x76649a912330ee98fb4a6da39a6d960ed974b858b735b3ba75d6133d829fb3f3,inv_88e68846,inv_b93eeae9,80769077,1040000000,,1766657397,25-12-2025 10:09:57,1766657397,0,,,,,,,,,
0xf8a33042fd087fa07e7c1263c289e6673c04dd01077f3943acb33359a7e1f2cf,inv_9d232289,inv_68926941,80704115,300150000,,1766527473,23-12-2025 22:04:33,1766527473,0,,,,,,,,,
0x9832c1be9aa3ccdb02e0596cdd7dbc61311256eab7aa7694cd37fab9aa0dc9e7,inv_d1e999d9,inv_89eccb9f,80702251,164622542,,1766523745,23-12-2025 21:02:25,1766523745,0,,,,,,,,,
0x9c807a71791688c8c1df28f1d01025caaadb4cda539d105179059333809f1ea0,inv_613e0688,inv_9caef85d,80701547,117000000,,1766522337,23-12-2025 20:38:57,1766522337,0,,,,,,,,,
0x5e28efd378c77f8618b861e0c5b98446025937dcac4d4176efb10ea1cfe8dbd1,inv_a1bc8238,inv_b93eeae9,80700874,1030000000,,1766520991,23-12-2025 20:16:31,1766520991,0,,,,,,,,,
0xefe79ab3692b7654aec9a61f317e2d39e89400b5588ec385cc39eab216cc5014,inv_5b981484,inv_b93eeae9,80693431,1025000000,,1766506105,23-12-2025 16:08:25,1766506105,0,,,,,,,,,
0xae39a2dedec184e04cadd8ffcf7cb8199e757fbff355bc4e907fbbf17a9aa861,inv_88e68846,inv_89eccb9f,80690827,1740000000,,1766500881,23-12-2025 14:41:21,1766500881,0,,,,,,,,,
0x1222ad8916de2a5206ac423b253270f3c114c3dcbfde4173d46f5ef00d467ae2,inv_46967523,inv_3db5e783,80684180,92783570,,1766487587,23-12-2025 10:59:47,1766487587,0,,,,,,,,,
0x213f988adc9072dda9db002782d8b44142e1c9ba11bc5cd0ea4f79250fb3c9db,inv_5122e65b,inv_89eccb9f,80663445,156815762,,1766446117,22-12-2025 23:28:37,1766446117,0,,,,,,,,,
0x37a693dd295f3d50211235b8aec2e894e2ab446a25cc6f22b8f03fd159d7f63f,inv_5b981484,inv_c617a894,80662342,234000000,,1766443911,22-12-2025 22:51:51,1766443911,0,,,,,,,,,
0x8d02cb693261e7bfdc96153082b8f247106450b97b1579b6e82e6b4e4cfde8de,inv_2f6d7a0e,inv_801694e5,80655113,100050078,,1766429453,22-12-2025 18:50:53,1766429453,0,,,,,,,,,
0xbc7481b629fef8a0a373a0ee1b0d17490bbde9f0d9153bc4582fb365f9b057ad,inv_60dcb8f6,inv_89eccb9f,80654372,1150000000,,1766427971,22-12-2025 18:26:11,1766427971,0,,,,,,,,,
0x9601fa5d21f2c00c755b55f3ebc855c4091a8102d09e4a0779c13da51d5013f6,inv_9aa7c128,inv_89eccb9f,80651320,209981738,,1766421867,22-12-2025 16:44:27,1766421867,0,,,,,,,,,
0xacab4bff7d7d187fc346ac92eb493490a7834b5ffeebe2a91fc8689411329731,inv_5425f722,inv_89eccb9f,80643501,183516817,,1766406229,22-12-2025 12:23:49,1766406229,0,,,,,,,,,
0x4c7b22e4a66fc5d6b4284513c8badddc6f5e20f7f4aa6c804d58ef14d2268c90,inv_c48739e9,inv_89eccb9f,80642796,27342753,,1766404819,22-12-2025 12:00:19,1766404819,0,,,,,,,,,
0x86d916cabfad67d85a8050d6665c32c8bc7ab4d869273a79f45c43daba492234,inv_c48739e9,inv_89eccb9f,80642754,112219870,,1766404735,22-12-2025 11:58:55,1766404735,0,,,,,,,,,
0xa8facaca7d7064226cb0f47bce94d2a97a90ad7b908d99fe9a8987340fc184bc,inv_190c7331,inv_89eccb9f,80642334,100691967,,1766403895,22-12-2025 11:44:55,1766403895,0,,,,,,,,,
0xc07e2de64624595349c771be312bf26ca381bad50bb0339eb34edec364d8811e,inv_b934cdb6,inv_190c7331,80640702,337500000,,1766400631,22-12-2025 10:50:31,1766400631,0,,,,,,,,,
0x3cd56cccaa663a06ea8b86c347562852ec2eda8cf0fc5b070989f7209786811e,inv_b934cdb6,inv_9aa7c128,80607431,199500000,,1766334055,21-12-2025 16:20:55,1766334055,0,,,,,,,,,
0xa3c44a41f18e08dd33f0e4a9b7c7d4bdb63af0596cfd1389177acbb855714437,inv_9aa7c128,inv_666237b1,80595269,343000000,,1766309731,21-12-2025 09:35:31,1766309731,0,,,,,,,,,
0x76326b2208862b598e15a4dd0d2bda0304bba6a1d48c172ba51d2b06c21bee40,inv_5b981484,inv_75578a1d,80592320,856000000,,1766303833,21-12-2025 07:57:13,1766303833,0,,,,,,,,,
0x52913d457c627675cb7f2cad7158a57f30f0eda54762a6fb97df5f3ebaa143ea,inv_5b981484,inv_75578a1d,80576619,214000000,,1766272415,20-12-2025 23:13:35,1766272415,0,,,,,,,,,
0x25254b8ac5ea9a6f8f060f3af1870a2183baeedac0cf58038e623d54000c9586,inv_5122e65b,inv_9aa7c128,80575890,199500000,,1766270957,20-12-2025 22:49:17,1766270957,0,,,,,,,,,
0x1fc1e408c5b75c43e44d369f7df1fad7d7c0112bc2c1d0d294b0f6943149de0f,inv_7626eb34,inv_9aa7c128,80562718,249875000,,1766244599,20-12-2025 15:29:59,1766244599,0,,,,,,,,,
0x32cef0dcc905e2317faeff893ad0e1b5d682f27e4514cd264f35956cf80e625c,inv_190c7331,inv_b81cb0cc,80562244,95004170,,1766243650,20-12-2025 15:14:10,1766243650,0,,,,,,,,,
0x06eca8c6df3efdb14448e86c9cb5e6f92bd170a848dc9363e7acb9a6b2824988,inv_092b5098,inv_ed1fb37d,80530819,104000000,,1766180763,19-12-2025 21:46:03,1766180763,0,,,,,,,,,
0x38f22e4a6e06a6b7d8809b7ba1c632513d2e9770f45f6e6aaf78c98296105feb,inv_5b981484,inv_75578a1d,80527175,267500000,,1766173475,19-12-2025 19:44:35,1766173475,0,,,,,,,,,
0x9f6737133dec3c3789f5f754e1d189af37c7fa0541cd89e8403c79f5cddaf01f,inv_5b981484,inv_f6276934,80527149,116390314,,1766173423,19-12-2025 19:43:43,1766173423,0,,,,,,,,,
0xcca670cba84b1fc639764552a41fce34268912459b8b3e606382186bdf368f3e,inv_5122e65b,inv_666237b1,80491567,178466612,,1766102257,18-12-2025 23:57:37,1766102257,0,,,,,,,,,
0xa0a4254d3d382219e39825f272af7b0a24c0a2dd0073ab08eccf32207ede7b19,inv_75578a1d,inv_aac12646,80490898,1398982200,,1766100919,18-12-2025 23:35:19,1766100919,0,,,,,,,,,
0x9c30df5a59bf420ce1e7cf4622ed94a2a3fd8867b7a6967f2935a498f0adcfcf,inv_e81b677a,inv_9caef85d,80482277,234000000,,1766083677,18-12-2025 18:47:57,1766083677,0,,,,,,,,,
0xfb4981403c8e0c36c69309b4d57d17ee188f60077dd0c41c503cadc54722eb8a,inv_e81b677a,inv_0ed779aa,80482160,577830000,,1766083443,18-12-2025 18:44:03,1766083443,0,,,,,,,,,
0xe4d0f2648dec6cb42a58c6ea23b4b3674aee3c8c07243aa0a3d3f88e63e0bf9a,inv_e81b677a,inv_9854cde5,80482144,520172341,,1766083411,18-12-2025 18:43:31,1766083411,0,,,,,,,,,
0x3d10653cdeb1401d029ef18ec5bb857f2c0f5f0284d6618b4c607bd20e337fd5,inv_e81b677a,inv_c74a33f7,80481793,525000000,,1766082709,18-12-2025 18:31:49,1766082709,0,,,,,,,,,
0xdf2324cfa55593dcce2668e73e7223af936d37abf1974624bac93dbf3d028c7d,inv_e81b677a,inv_ece5bd6a,80481747,468000000,,1766082617,18-12-2025 18:30:17,1766082617,0,,,,,,,,,
0x49233edbcd0cae335690c21373b2fc54007674cc56dfbdcd17de15a333a04d72,inv_10ee2b7c,inv_262f6642,80480873,520000000,,1766080869,18-12-2025 18:01:09,1766080869,0,,,,,,,,,
0x01a95143cfd07846ed3a01e456e16e58bcd4ae7c378b577d4ffa454d27e456a7,inv_10ee2b7c,inv_ae4174d7,80480611,1485000000,,1766080345,18-12-2025 17:52:25,1766080345,0,,,,,,,,,
0xe94e22de6b8a048490c05569f63765e9688ad69704de7f906853e089cff4c397,inv_b934cdb6,inv_dd02f503,80478552,104000000,,1766076227,18-12-2025 16:43:47,1766076227,0,,,,,,,,,
0x3ba0d8ef14705bdda1d8a6660172aee65740a0569818f52a95293b083b6b7c95,inv_68c8ac7f,inv_75578a1d,80473906,216000000,,1766066930,18-12-2025 14:08:50,1766066930,0,,,,,,,,,
0x6070fb4f4717c1fb4726e3cbd92136d9f248b58bf808fe948e11a8a5f4f3c1da,inv_68c8ac7f,inv_dd02f503,80473768,45627968,,1766066654,18-12-2025 14:04:14,1766066654,0,,,,,,,,,
0xc87efa9dbd8a91b0ba48fd3e801891907c012e36f46fa1ae52efcc655566c609,inv_d1e999d9,inv_ad48328e,80469155,99167784,,1766057428,18-12-2025 11:30:28,1766057428,0,,,,,,,,,
0xfc62eb0ae159a39db60da2f290552698742c939efcd6f14b73aa3a902d1838e5,inv_3f8508c6,inv_0ed779aa,80437579,604874773,,1765989198,17-12-2025 16:33:18,1765989198,0,,,,,,,,,
0x8c50d0cef20546789d9ade61136dab3b1332f8b54123609be13bac27fc2d0261,inv_613e0688,inv_00353004,80427651,1160000000,,1765969134,17-12-2025 10:58:54,1765969134,0,,,,,,,,,
0x27b8c2155d4f0c68811b0ef96d7616f178fc6cd633ef0738f43d5cbc15fcb320,inv_613e0688,inv_8a1f8f98,80427461,58000000,,1765968742,17-12-2025 10:52:22,1765968742,0,,,,,,,,,
0xbf973df3780f96455fa926369d077bbd56e65131273caf2e2752606baafa6d4b,inv_60dcb8f6,inv_190c7331,80423964,1130000000,,1765961199,17-12-2025 08:46:39,1765961199,0,,,,,,,,,
0xecaff5a639efc6f0f47826cf86319a331ef6091ebef366694357832416740188,inv_5122e65b,inv_84aaf22c,80408664,80615,,1765929007,16-12-2025 23:50:07,1765929007,0,,,,,,,,,
0x12b73e3264e2a890f7da8e0bab3dbd8d641d3da38d7bc45cec9f2a1984396069,inv_5b981484,inv_75578a1d,80404462,214000000,,1765919765,16-12-2025 21:16:05,1765919765,0,,,,,,,,,
0x111170d6228d37b08bb8a41f82b3a70ec247afefaa54580eeef9d34b43245ec7,inv_d2dda6a9,inv_00353004,80402917,2310000000,,1765916295,16-12-2025 20:18:15,1765916295,0,,,,,,,,,
0x916277a090f8725ffa931e03c5b4840d614e065ece4cd1647b0d5ee63e7061b9,inv_190c7331,inv_27d9f845,80400254,592500000,,1765910497,16-12-2025 18:41:37,1765910497,0,,,,,,,,,
0xc4d1c4dc9d32d0cbfd1c7e56a1547b9e06db1f0e8f25dd6d3bf6e1f8f899dda6,inv_10ee2b7c,inv_5b981484,80398394,1043000000,,1765906451,16-12-2025 17:34:11,1765906451,0,,,,,,,,,
0x76859a98ff9db661783ca0291c0ab2244e095a40576f7312b40915a7c5686eca,inv_10ee2b7c,inv_666237b1,80398291,392000000,,1765906243,16-12-2025 17:30:43,1765906243,0,,,,,,,,,
0xbbb4bfa5b0b496f7c496440ef5b74fe0fb994e8ca967d3afa184d6508f6dcdbc,inv_10ee2b7c,inv_f8534963,80397675,158578988,,1765904949,16-12-2025 17:09:09,1765904949,0,,,,,,,,,
0x594082a419cf978dd32a68780995cee0d77e468cf19e93dd1d9303c7bb9d9f69,inv_10ee2b7c,inv_9aa7c128,80397601,199900000,,1765904783,16-12-2025 17:06:23,1765904783,0,,,,,,,,,
0x87f609a3932947a38316ed3ab97bcdb8aa41450de195dfd5b227e45d761f79fa,inv_190c7331,inv_870930d8,80395749,96711462,,1765900949,16-12-2025 16:02:29,1765900949,0,,,,,,,,,
0xe82de88926e249c421483c3f27e384f7da3b4ade2edcf276155f4b17c3f17ab3,inv_5122e65b,inv_0ed779aa,80368133,18303211,,1765843445,16-12-2025 00:04:05,1765843445,0,,,,,,,,,
0x2c75c943f241fd2c96b97e8c9a6ff3276fce3acbc88ea20b5794d0360417d7bb,inv_88e68846,inv_1295dc39,80354813,2060000000,,1765815065,15-12-2025 16:11:05,1765815065,0,,,,,,,,,
0x3d2e302e3241d32e10a611283d97da8c988a44bdb78a102f2d870385701cb39e,inv_88e68846,inv_c617a894,80354783,116000000,,1765815005,15-12-2025 16:10:05,1765815005,0,,,,,,,,,
0xb3c653e72abce74b31af92ccc5c1d09f1a97cd928465cf51f8dc819c1eb708cd,inv_88e68846,inv_c617a894,80354744,116000000,,1765814925,15-12-2025 16:08:45,1765814925,0,,,,,,,,,
0xfd68999099945d2b9f6dd35d7478cc8e3806da5f844ada66d472a76190a2ac9a,inv_88e68846,inv_aa0be9a1,80354717,348000000,,1765814871,15-12-2025 16:07:51,1765814871,0,,,,,,,,,
0x4f839c12ed4920994819daefe78f96f6efc76e8a32168d6e484c4d841b74a16c,inv_39d0ac30,inv_6ad96ab5,80348480,112000000,,1765802383,15-12-2025 12:39:43,1765802383,0,,,,,,,,,
0xa5610167a9c4e91ba81928cb9bb977626166450e0fb73fb19e46c1da7cc15cfb,inv_7d3164ba,inv_75578a1d,80345186,216000000,,1765795795,15-12-2025 10:49:55,1765795795,0,,,,,,,,,
0x314c2433f9bb115bb5049ba58694e39e3f224c6bf66ae6ae2313594186f10935,inv_f8534963,inv_0ed779aa,80343396,275225000,,1765792215,15-12-2025 09:50:15,1765792215,0,,,,,,,,,
0xab9497006d69569f2f74fd9fa0ede0398c53c5e9e9e4bf16d980e609488805a0,inv_190c7331,inv_6f07cb94,80338206,112000000,,1765781835,15-12-2025 06:57:15,1765781835,0,,,,,,,,,
0x5783049c13c21f9ac881cb058d34634fecba88d6b0ec319afcf46038e0713bc5,inv_a9785d5d,inv_9aa7c128,80322396,286282500,,1765750215,14-12-2025 22:10:15,1765750215,0,,,,,,,,,
0x07e5946afc7270bfb0e2f6cdd053e47c6dc1c4eceeddb442111a5106256bb6fc,inv_39d0ac30,inv_7d3164ba,80261897,580000000,,1765629215,13-12-2025 12:33:35,1765629215,0,,,,,,,,,
0xa98916641ecee26384cd6134f59198f5e3ac52a98fea74ad4f0371933cc2bc6b,inv_d023727b,inv_218d3e36,80231944,510000000,,1765569255,12-12-2025 19:54:15,1765569255,0,,,,,,,,,
0xcb533df181cca49081f2319998e7005c282f0c28c37766897b2f44c3a5abcefc,inv_956ab66c,inv_092b5098,80177757,105000000,,1765460747,11-12-2025 13:45:47,1765460747,0,,,,,,,,,
0xc9c014c9daa770d39bcdb1b9d077da4373f41a74790c3b3a738ed7b694e926e2,inv_c48739e9,inv_df0d7904,80150213,575000000,,1765405618,10-12-2025 22:26:58,1765405618,0,,,,,,,,,
0x1be2ba1ff08e29a35017b307ed3068615a2c21cd83db6e523c9e84086ba19ce2,inv_58c58514,inv_9aa7c128,80145604,249625000,,1765396398,10-12-2025 19:53:18,1765396398,0,,,,,,,,,
0x3cf62183d4e4ee0bb8ed4e7d14ceccb4e08d354d939e55879fa3c466e96fc3d3,inv_68c8ac7f,inv_c617a894,80130491,1060000000,,1765366133,10-12-2025 11:28:53,1765366133,0,,,,,,,,,
0xa5a3351ccf544811036cfd49a32263c08855ad86bf1081677f4d3d5c739290d3,inv_190c7331,inv_df0d7904,80097709,101867629,,1765300510,09-12-2025 17:15:10,1765300510,0,,,,,,,,,
0x9403c69020dd5885ce056a4cbd7f459e78535db8d872da9aa64142787eb0ed21,inv_f6a285a8,inv_c617a894,80096271,105000000,,1765297634,09-12-2025 16:27:14,1765297634,0,,,,,,,,,
0xec61ec18dff37e3249c6864d90e88cefaacf0b544ad8355c99340261560e78da,inv_aa0be9a1,inv_e709a497,80066911,903985800,,1765238865,09-12-2025 00:07:45,1765238865,0,,,,,,,,,
0x1677bbfa2161be846a096c36f4dd200ddec35fc3c9c528ba99eb36f47f0044e4,inv_5425f722,inv_e709a497,80066688,194000000,,1765238419,09-12-2025 00:00:19,1765238419,0,,,,,,,,,
0x7b1eea57163b38e3c8343d054162dc23ad897e3b13bd09dd67ecc7fb4a31c5c1,inv_a91c1683,inv_190c7331,80050264,328306958,,1765205571,08-12-2025 14:52:51,1765205571,0,,,,,,,,,
0x0747a1123af6b46702de9dfb0084a7d7cf3a178fff96ecf4bc339c8bd4111271,inv_0ce4228c,inv_8ee411fc,80036647,115099144,,1765178337,08-12-2025 07:18:57,1765178337,0,,,,,,,,,
0x37dca9097a1cf93c1504c98baf46eebedeaf60fedb751bb4f75898cd1982475f,inv_0ce4228c,inv_c617a894,80036392,525630000,,1765177827,08-12-2025 07:10:27,1765177827,0,,,,,,,,,
0xc24b665ef752ea328705defef54e2b869ad0980297c5999b9b13a68f9a7918f3,inv_092b5098,inv_190c7331,80026545,495000000,,1765158133,08-12-2025 01:42:13,1765158133,0,,,,,,,,,
0x59e6a4ccd7cd6b14d505780862da4ccf6ba69d9e0f9c3d0ad9858c62f0ae44f2,inv_fe25e7bc,inv_c617a894,79985869,116000000,,1765076781,07-12-2025 03:06:21,1765076781,0,,,,,,,,,
0x2e3309e4a68fa758bfce1da681757e0ac1d4b8adf22bf4f08eb44edaeed5be41,inv_190c7331,inv_94c99fde,79970617,127663236,,1765046275,06-12-2025 18:37:55,1765046275,0,,,,,,,,,
0xdbf93616e68605d48e860f8435c1ae2629c1bd7e3fddce3fc92b4e60a6741903,inv_190c7331,inv_94c99fde,79970590,164135049,,1765046221,06-12-2025 18:37:01,1765046221,0,,,,,,,,,
0x1b25c2ffcacb6ad7a12570cfdf4dd3eedd928f0eed1c1952ee965ca4a0991943,inv_5122e65b,inv_f8534963,79970440,112477083,,1765045921,06-12-2025 18:32:01,1765045921,0,,,,,,,,,
0x0a817b985cb6eb7d19b4dbf235037a626be8d1ea4ed43762d428dc552f01aa63,inv_bd43c18c,inv_c617a894,79953098,525000000,,1765011237,06-12-2025 08:53:57,1765011237,0,,,,,,,,,
0x1d4fbd3251b0fc404a62d2029f9862d1b96355c9c39ed7a8e4a3316e53d263d1,inv_f8534963,inv_602ae15a,79926332,133042329,,1764957705,05-12-2025 18:01:45,1764957705,0,,,,,,,,,
0x1096313c51fdbd2afcbd8b2ef3dc2c60d61d49621b1e74406cb48b7965a8465e,inv_b6169e4c,inv_14832cca,79924629,354417579,,1764954299,05-12-2025 17:04:59,1764954299,0,,,,,,,,,
0x62b688119638e916f40e28914407cf93cee33e93d7c861a6e87e494eb65ed029,inv_b6169e4c,inv_14832cca,79924480,99958749,,1764954001,05-12-2025 17:00:01,1764954001,0,,,,,,,,,
0x481811e7bf1046ff5e819417e98b8fe4862406edd13a6454e0b0d001bd9ab27f,inv_b6169e4c,inv_14832cca,79924266,329561276,,1764953573,05-12-2025 16:52:53,1764953573,0,,,,,,,,,
0x9baf277f4cc4a9c7552b0dbd4efcc6841036dfe6b2e7b1923aea63b476a0c01c,inv_b6169e4c,inv_c617a894,79924225,143873334,,1764953491,05-12-2025 16:51:31,1764953491,0,,,,,,,,,
0xa9ccb8f54e45605d78248afd649fc88b8cb0c99ede2bb9dcf26562fa48979a36,inv_b6169e4c,inv_14832cca,79923984,303232518,,1764953009,05-12-2025 16:43:29,1764953009,0,,,,,,,,,
0xf26ac9f84aec494da08c5dc0c217f81d87832bd0a8be90186f0c54b11c6e22d1,inv_b6169e4c,inv_14832cca,79923757,101252267,,1764952555,05-12-2025 16:35:55,1764952555,0,,,,,,,,,
0xdd5e95d1612056857d1e4e30ca8e74f1ba430c852acee6e39de8c989fe0addd9,inv_b6169e4c,inv_14832cca,79923280,202879274,,1764951601,05-12-2025 16:20:01,1764951601,0,,,,,,,,,
0x60c1c04d3dbfd34f3ca9efc1e735de101203d44bee9e3b1746b1341cba862819,inv_60dcb8f6,inv_c617a894,79920268,115000000,,1764945577,05-12-2025 14:39:37,1764945577,0,,,,,,,,,
0x134d3d41f7bc519c9dd0352634a8200246a078e0092729e8778c5cf296164cce,inv_60dcb8f6,inv_c617a894,79920076,575000000,,1764945193,05-12-2025 14:33:13,1764945193,0,,,,,,,,,
0xeafa8e5349cb53345edb522023093a4223b4bed7d1ae77ba2c92359f916bef14,inv_88e68846,inv_1295dc39,79889534,2120000000,,1764884109,04-12-2025 21:35:09,1764884109,0,,,,,,,,,
0xfaaf32c3b9053accb409fa4dff26a4036433c2cc5539d2fa17d08b639df15a95,inv_6d4b221a,inv_190c7331,79885204,309000000,,1764875449,04-12-2025 19:10:49,1764875449,0,,,,,,,,,
0x15399fe87be67f3c9e6224114551d5630c82c83dd6880267bf83539365499dab,inv_b934cdb6,inv_c617a894,79879699,105000000,,1764864439,04-12-2025 16:07:19,1764864439,0,,,,,,,,,
0xc48f6d660ea6434b5041d0ff9e632689f31794d1fee53e0b42084ac6ca353429,inv_10ee2b7c,inv_27d9f845,79878974,794835000,,1764862989,04-12-2025 15:43:09,1764862989,0,,,,,,,,,
0xda5f8baa2171c95f6c055295cd2adbe4afbb8960f1e349f41e56206466a7c4cc,inv_10ee2b7c,inv_c617a894,79878657,103000000,,1764862355,04-12-2025 15:32:35,1764862355,0,,,,,,,,,
0x88cfcee4cc082bf8713a2900f8bb7ffb16e869d779849c79ecfb866b7f50b34f,inv_39d0ac30,inv_c617a894,79875497,115000000,,1764856035,04-12-2025 13:47:15,1764856035,0,,,,,,,,,
0x9785bc5f5d7434f803980543ee1147d159c59c7055e62c5d76f5ac54c2c3d85a,inv_092b5098,inv_2528bbfc,79848018,1000000000,,1764801077,03-12-2025 22:31:17,1764801077,0,,,,,,,,,
0xf0cc8ecbc4db9a5e1e40fcef82107df17a9025ed723cd5c385132608f5a0c36f,inv_092b5098,inv_c617a894,79847877,525000000,,1764800795,03-12-2025 22:26:35,1764800795,0,,,,,,,,,
0x31159da87df1981d5471eda248591cc5880df3b9d3518592338f30f8e4901ea3,inv_092b5098,inv_c617a894,79847847,105000000,,1764800735,03-12-2025 22:25:35,1764800735,0,,,,,,,,,
0x0dee9a47156f6475c0e0b336859593f311940c9cc3e5d9896c1724c6b8f94085,inv_d381a12e,inv_75578a1d,79847507,18530000,,1764800055,03-12-2025 22:14:15,1764800055,0,,,,,,,,,
0x9b5b152c1dc446478c724ab8ecb1e46d74f775dead9b5638db808388771fbfdb,inv_13315f4c,inv_c617a894,79846741,108000000,,1764798523,03-12-2025 21:48:43,1764798523,0,,,,,,,,,
0xbd3c07731ec74636f65c3f147601c2bee8614860835e1374a0528985d245b875,inv_d381a12e,inv_75578a1d,79834124,321000000,,1764773289,03-12-2025 14:48:09,1764773289,0,,,,,,,,,
0xeac6870cecaae805ac3427a607ff02e1b092aa01e5e9268e6859ba67b19c6a98,inv_c48739e9,inv_602ae15a,79829728,133042329,,1764764497,03-12-2025 12:21:37,1764764497,0,,,,,,,,,
0xa1f14b23f9d673c8b3821b2a207b2288f61d3d1568f07c77abb7165ad7adfa63,inv_75578a1d,inv_9dc32d72,79827426,773432500,,1764759893,03-12-2025 11:04:53,1764759893,0,,,,,,,,,
0xa051a3c3ede7827eea8df642e6c510e70b760d575890832eec7953d6f78aa69c,inv_ed1fb37d,inv_14832cca,79826960,162100000,,1764758961,03-12-2025 10:49:21,1764758961,0,,,,,,,,,
0xc04128445d2ad0f7f70c68f7d69ef61e39f2b0c24b52f1924d1df94bfe6aefc5,inv_d2dda6a9,inv_d381a12e,79824966,340179329,,1764754973,03-12-2025 09:42:53,1764754973,0,,,,,,,,,
0x65d09773eb834b2b6403201d8be88cb8d14939e471c56c1f734c6c8789336cf6,inv_5122e65b,inv_9aa7c128,79805300,199900000,,1764715641,02-12-2025 22:47:21,1764715641,0,,,,,,,,,
0x7dbafc71de096dd69f7ea5324782bd8be0be7f6ccf2de07defcb10b30c5c1775,inv_5122e65b,inv_c617a894,79805050,100000000,,1764715141,02-12-2025 22:39:01,1764715141,0,,,,,,,,,
0xa93d2e1ef95d4120579cf2ca078a36264a3e3e7e451fbff73820869f585e7ff7,inv_bd43c18c,inv_c617a894,79802549,103000000,,1764710139,02-12-2025 21:15:39,1764710139,0,,,,,,,,,
0x6915296657ff8c2fdd9e53bab2692455cbd46f483651415da7a620b7921ebf67,inv_4756d229,inv_4dbb0533,79802381,2232854764,,1764709803,02-12-2025 21:10:03,1764709803,0,,,,,,,,,
0xdad94bc8836b47e09f444bab1fc8188440c34163b6a7250091a2ef804f2a5d27,inv_d2dda6a9,inv_4dbb0533,79799556,2124004796,,1764704153,02-12-2025 19:35:53,1764704153,0,,,,,,,,,
0xdd4282699abbb25c7eaa64998842761c320da0060c9cffa7b92a647f8bb5d6c2,inv_8a1f8f98,inv_c617a894,79794966,115000000,,1764694972,02-12-2025 17:02:52,1764694972,0,,,,,,,,,
0xa7fdd8f414fdd0fcfce98470b0883e88cbbc6baddd988b70daa7ee73d8e14f70,inv_5122e65b,inv_8a1f8f98,79793278,51000000,,1764691596,02-12-2025 16:06:36,1764691596,0,,,,,,,,,
0x3209966e8c20ceacbb4db09a468e0661a74cae524be3a72688102dcb0f80d708,inv_5122e65b,inv_60dcb8f6,79793158,42900000,,1764691356,02-12-2025 16:02:36,1764691356,0,,,,,,,,,
0xb61c26a8e5aafff3b8cdb8750b88a0979460bf48bdec74a73263e0cbeec14c07,inv_5122e65b,inv_8a1f8f98,79793114,50500000,,1764691268,02-12-2025 16:01:08,1764691268,0,,,,,,,,,
0x94ba88fca0e942f0ebb97d558686137be377b5c5142f3a35ddb95a04bbbcd46c,inv_aaf57ab8,inv_dca0dbda,79788723,45830356,,1764682486,02-12-2025 13:34:46,1764682486,0,,,,,,,,,
0xbe85a35b131ce7e7a9a97ea5e68f35662dba0e87952e8aaf4bf53916b0484b03,inv_aaf57ab8,inv_77e7da46,79788672,114000000,,1764682384,02-12-2025 13:33:04,1764682384,0,,,,,,,,,
0x4a2bbc27fee7b681125ded2ffbaa60761b3b89d271ea4d5a93ae2bc8246f384f,inv_aaf57ab8,inv_0a5642a3,79788588,113669840,,1764682216,02-12-2025 13:30:16,1764682216,0,,,,,,,,,
0x1b5cf8bc62d4b441017f7abc935c9861041b312b0671a2da6c977da48c3508cd,inv_092b5098,inv_c617a894,79765087,525000000,,1764635212,02-12-2025 00:26:52,1764635212,0,,,,,,,,,
0x3eff0bfe3f761ad400c0da93d536da0fb501a5b8a303c3b9d891d0b74e53f96e,inv_197b14fd,inv_0ed779aa,79759882,66798576,,1764624802,01-12-2025 21:33:22,1764624802,0,,,,,,,,,
0x908e581f43a91ca0a8fedd7ac79fbd7fd61b4fb151a2e4f8dc6642ea2478a83d,inv_88e68846,inv_f8534963,79755364,110654945,,1764615766,01-12-2025 19:02:46,1764615766,0,,,,,,,,,
0xb64795032aec7df41ff066940319f801b2a24bd1cbfddcbed7efb86fa2b85249,inv_10ee2b7c,inv_f8534963,79749925,1586097000,,1764604888,01-12-2025 16:01:28,1764604888,0,,,,,,,,,
0x34314dda9beccaa50e26e1f61481c675ce4efe264a3629929ed973cd77661178,inv_10ee2b7c,inv_51740c5b,79749515,1286151508,,1764604068,01-12-2025 15:47:48,1764604068,0,,,,,,,,,
0x7c50e7922b21b40a110a6ee2f2141d64ea62064f3819c6cd0e96b3f392e50f80,inv_10ee2b7c,inv_51740c5b,79749464,2352451337,,1764603966,01-12-2025 15:46:06,1764603966,0,,,,,,,,,
0xe5442a28ce735398cefb62e21f4f94088728cb491a7c0f52e7b1af418eb8ccc3,inv_10ee2b7c,inv_51740c5b,79748929,850000000,,1764602896,01-12-2025 15:28:16,1764602896,0,,,,,,,,,
0xe8391f9bed3560ee9d4e3781c9b0a58f1fdea60b2a4d220001941b7d37746748,inv_10ee2b7c,inv_51740c5b,79748861,300000000,,1764602760,01-12-2025 15:26:00,1764602760,0,,,,,,,,,
0x7c877e9193f95ed1fc5683d70fb31e85b99cf2332916f4f0c61af0b54dd0fde8,inv_190c7331,inv_602ae15a,79748501,327240000,,1764602040,01-12-2025 15:14:00,1764602040,0,,,,,,,,,
0x2d47e9b9f24044279dec7cf5708083b0de4c583bce9b074d7d6b8a74e86d5b03,inv_190c7331,inv_0383fed6,79748470,99000000,,1764601978,01-12-2025 15:12:58,1764601978,0,,,,,,,,,
0xd6c4f1a3c334c528ecede67c17b30816cabe82816c638630f1b0ff14f8eb17b5,inv_ed1fb37d,inv_c617a894,79738897,105000000,,1764582832,01-12-2025 09:53:52,1764582832,0,,,,,,,,,
0xb76c53a7754423c7ead593691b49a9c0f213cf7bb91f0d3f35c19f37bf09496d,inv_5122e65b,inv_f8534963,79718962,79524703,,1764542962,30-11-2025 22:49:22,1764542962,0,,,,,,,,,
0x1df3f353687f7e6ddad6c6ef9196f0c3079ff5239e8a00bf2cc11fb4b6f5b46c,inv_e676f34e,inv_c617a894,79709431,100000000,,1764523900,30-11-2025 17:31:40,1764523900,0,,,,,,,,,
0xe9baedd33dfffea90ed04d7d4831c0f3efacdaa634194294ebf035b2ec93f94a,inv_e676f34e,inv_c617a894,79709319,100000000,,1764523676,30-11-2025 17:27:56,1764523676,0,,,,,,,,,
0x7e92f445044df5763b2366a490ed78c94f51b215109c40d889da915fca63d430,inv_e676f34e,inv_2528bbfc,79708849,1000000000,,1764522736,30-11-2025 17:12:16,1764522736,0,,,,,,,,,
0xac954945d05faab68a318d0ae112fc0d2c99e2d5f195348789315b7d7988a774,inv_b934cdb6,inv_75578a1d,79693280,109000000,,1764491597,30-11-2025 08:33:17,1764491597,0,,,,,,,,,
0x833ba4acb9e00ec04063f82587bdbe38e3828bae2dc43f556e6990a54f69483d,inv_b934cdb6,inv_24dc7057,79692935,113500000,,1764490907,30-11-2025 08:21:47,1764490907,0,,,,,,,,,
0x8360a95bfaa609fa69272b33763d829ba7744f38836248713593c663ddbb6b7f,inv_e677b0c8,inv_c617a894,79691771,105000000,,1764488579,30-11-2025 07:42:59,1764488579,0,,,,,,,,,
0x2781e102319a515cbcfbd1f41f20fdc74cc0173cf1d1e62a5f841b67ed2f686c,inv_aaf57ab8,inv_c617a894,79651302,105000000,,1764407639,29-11-2025 09:13:59,1764407639,0,,,,,,,,,
0xdd8131dbd036e99fe620d32c7501a3e7f050e8a9b8bdc4c2b2bef8ac463c4362,inv_aaf57ab8,inv_c617a894,79651229,105000000,,1764407493,29-11-2025 09:11:33,1764407493,0,,,,,,,,,
0x80db8004982329492547f32e8358d2ba445239eae4e1e69b4a49851dae74cd22,inv_d381a12e,inv_75578a1d,79633612,27250000,,1764372259,28-11-2025 23:24:19,1764372259,0,,,,,,,,,
0x3d271ee2a253a09be590f2e6076001ee53641f24f5166e22e5a17cc02a2c5cc7,inv_d381a12e,inv_75578a1d,79633066,9265000,,1764371167,28-11-2025 23:06:07,1764371167,0,,,,,,,,,
0xbe24b064dea4e63111b9ee54f0472ef5a6792392221ed303db90df2b340f1a48,inv_51740c5b,inv_c617a894,79623021,103000000,,1764351077,28-11-2025 17:31:17,1764351077,0,,,,,,,,,
0xc2d635eac40b506b4177b678b6bdd282a418cf419e0b7cf3217659531f2568f5,inv_51740c5b,inv_a8f467a6,79622127,520000000,,1764349289,28-11-2025 17:01:29,1764349289,0,,,,,,,,,
0x45d6a3b61df6308ab394019a923106eb50abae0af5b9cfbfad78205fcc888500,inv_b934cdb6,inv_c617a894,79614502,105000000,,1764334039,28-11-2025 12:47:19,1764334039,0,,,,,,,,,
0xe6e56011ae215a04dcc503ecf563236e5fa878e6489660ddee599cba9c04261e,inv_c48739e9,inv_c617a894,79606277,115000000,,1764317589,28-11-2025 08:13:09,1764317589,0,,,,,,,,,
0x8385d483d41111b62355f3363b581e90165aa9c7b451446b5fd12c8df922312f,inv_d381a12e,inv_75578a1d,79605111,109000000,,1764315257,28-11-2025 07:34:17,1764315257,0,,,,,,,,,
0x2cac13a2b88e8ff11c7b305316aa8ca61bd992ab2a4cb1990d8542c5e06c4fd1,inv_092b5098,inv_d381a12e,79595090,102003461,,1764295215,28-11-2025 02:00:15,1764295215,0,,,,,,,,,
0x6ba7921fd2cbf6c68edfd5bd9e7fb38ee0b3dfd8e265a533a181189096097292,inv_0ce4228c,inv_c617a894,79586559,105000000,,1764278153,27-11-2025 21:15:53,1764278153,0,,,,,,,,,
0x8fcf3c1a7e562d89178f7fe0567583fcf20d914c5fe007bc8fb81318156a19b3,inv_0ce4228c,inv_c617a894,79586508,105000000,,1764278051,27-11-2025 21:14:11,1764278051,0,,,,,,,,,
0x0cf60446c764dd3f21d21ac5abb6d13c75a1564cc8e9f61c07aefd6caba1111f,inv_c48739e9,inv_c617a894,79584579,115000000,,1764274193,27-11-2025 20:09:53,1764274193,0,,,,,,,,,
0x74bdeebf027b94d9c6d1fb8644239b467852c8a9b622c0cf4618067f32dd889f,inv_c48739e9,inv_c617a894,79583713,115000000,,1764272461,27-11-2025 19:41:01,1764272461,0,,,,,,,,,
0xaff39db9870b42466fec81fc999da7e9d041ea16c8c4e0fe38f0f4d4060fea6f,inv_fe25e7bc,inv_c617a894,79552819,115000000,,1764210673,27-11-2025 02:31:13,1764210673,0,,,,,,,,,
0xf21e0a877138227c5f4705e7b5142d24bcc89d16e68ce4684b3566d99f392e5c,inv_4f3a752a,inv_9aa7c128,79547633,199500000,,1764200301,26-11-2025 23:38:21,1764200301,0,,,,,,,,,
0x93650830b77a645028431a350056f7418ebe8832c523bf21e83cc28891e82601,inv_5122e65b,inv_0ed779aa,79546160,19297723,,1764197355,26-11-2025 22:49:15,1764197355,0,,,,,,,,,
0xffce670f9e23181ff4e8d72bd0c2591b85b3469c2e930e2230c884918d59cc44,inv_190c7331,inv_ae8075fe,79528192,1716750000,,1764161419,26-11-2025 12:50:19,1764161419,0,,,,,,,,,
0x10fea9773d4fb8097ad700368a68a5f16b93e61e8dbfd0611b502917bf6686fa,inv_88e68846,inv_ece5bd6a,79493454,550000000,,1764091943,25-11-2025 17:32:23,1764091943,0,,,,,,,,,
0x157175a8e01ac122a687a55144f84a8549cc7c20c22b222b7eb99885e32e71f1,inv_092b5098,inv_2528bbfc,79465528,500000000,,1764036091,25-11-2025 02:01:31,1764036091,0,,,,,,,,,
0x9e7a1be7c4e7c76366aeccb5bc66cf65d47c77211a7ebcb95b2ef095f99ce9a1,inv_092b5098,inv_9aa7c128,79465210,248750000,,1764035455,25-11-2025 01:50:55,1764035455,0,,,,,,,,,
0x6a976b40d41e69fe7eb8cba5df4fc2a5ae4edf82e025a53e17e9093b0ee703a2,inv_5425f722,inv_034eb140,79461690,294267169,,1764028415,24-11-2025 23:53:35,1764028415,0,,,,,,,,,
0xe84f5f1432457cc5c096a87d6b7fe77ae532927a9703f718a49aeece279ade34,inv_190c7331,inv_0ed779aa,79456793,569711010,,1764018621,24-11-2025 21:10:21,1764018621,0,,,,,,,,,
0x82f8e16fe1b8d7ffd8c1e0bc21be58c27823b05dd0fc88339dbaa23c25579a20,inv_190c7331,inv_0ed779aa,79456753,110355056,,1764018541,24-11-2025 21:09:01,1764018541,0,,,,,,,,,
0x839a4480d2cd65e79e2b00e9509503be31ea4b856adbbee2e92e08d688ff2022,inv_190c7331,inv_0ed779aa,79456723,48263205,,1764018481,24-11-2025 21:08:01,1764018481,0,,,,,,,,,
0x30e47767d20e3966ef094c8759aee3e8b3441e41d76c6b9354a46e45051d46a6,inv_190c7331,inv_0ed779aa,79456698,85254596,,1764018431,24-11-2025 21:07:11,1764018431,0,,,,,,,,,
0x5e6bae43beb9d6797524b0604e86860ed43f78dfcb3e63d84d09766e828c2883,inv_914347be,inv_a8f467a6,79450232,208000000,,1764005499,24-11-2025 17:31:39,1764005499,0,,,,,,,,,
0xbaabb9720faf7555e7e6de9cc54d75c7b044c7c186042557f3cb6297a6345e31,inv_914347be,inv_a8f467a6,79440726,208000000,,1763986487,24-11-2025 12:14:47,1763986487,0,,,,,,,,,
0x00e278a4b9fa82d1aab7a484613a45a3b7095be330d1aad1249a541d0be1345d,inv_6d4b221a,inv_c617a894,79435056,115000000,,1763975145,24-11-2025 09:05:45,1763975145,0,,,,,,,,,
0x5e6917dae3c61e701de100426c3a50c55d39239a080665865d0c27b84c938d97,inv_6d4b221a,inv_c617a894,79435013,115000000,,1763975059,24-11-2025 09:04:19,1763975059,0,,,,,,,,,
0x0ea961e29b0772863300283398bb1e88e60d0c20142c18cc4245b228afc77750,inv_68c8ac7f,inv_092b5098,79428696,107000000,,1763962425,24-11-2025 05:33:45,1763962425,0,,,,,,,,,
0x6376686dca66b6e3fdda17ca36628fa80d628d148fc1acb3a34ee6adfd0fe39e,inv_68c8ac7f,inv_092b5098,79428606,107000000,,1763962245,24-11-2025 05:30:45,1763962245,0,,,,,,,,,
0xd47627fe7ca53a3fb4a3002d24ce3ea1bc88a84215ba356e4dea26154fabc556,inv_b6169e4c,inv_c617a894,79404517,105000000,,1763914067,23-11-2025 16:07:47,1763914067,0,,,,,,,,,
0xac5e3020dcbafdc277ab4b5ae7da9c4f5897399af4bed0d86d37ce7b45519291,inv_d381a12e,inv_092b5098,79375080,336000000,,1763855193,22-11-2025 23:46:33,1763855193,0,,,,,,,,,
0x084634fb397621a095df4593794699b09f61434299f611c906bcb8e935fe8c04,inv_b934cdb6,inv_c617a894,79360633,105000000,,1763826299,22-11-2025 15:44:59,1763826299,0,,,,,,,,,
0x82ee75d1ed9f280d9f6056bf3e811f80cce47bc2434f672bcc4d1c00822dcf23,inv_30108739,inv_c617a894,79343888,105000000,,1763792807,22-11-2025 06:26:47,1763792807,0,,,,,,,,,
0x40910a19817f913a63a2c0212312b591e4582a6810a071b579cfdeccd59d492b,inv_6d4b221a,inv_2142dfdf,79329884,692562811,,1763764799,21-11-2025 22:39:59,1763764799,0,,,,,,,,,
0xe2cd617a1b3c3a87eafd5d86e06c7664aa0dce4286f4600451078a6fc3f7deab,inv_89660b15,inv_190c7331,79312818,1247830862,,1763730667,21-11-2025 13:11:07,1763730667,0,,,,,,,,,
0x95687f42154f74846bd5764877feb6bf34d68fc5befa295e3182dc17f304b080,inv_88e68846,inv_be24eee0,79301976,2120000000,,1763708983,21-11-2025 07:09:43,1763708983,0,,,,,,,,,
0xcddf4702dad1e8157b7146f9157d72205e57d714b472de1e7e3fb6819d9182c0,inv_092b5098,inv_c617a894,79295479,105000000,,1763695989,21-11-2025 03:33:09,1763695989,0,,,,,,,,,
0x7971205a83bb52f8a88dccb1a72d37c6a6edfe638ce8843de15838a05ef9e421,inv_092b5098,inv_dfcf888a,79295411,510000000,,1763695853,21-11-2025 03:30:53,1763695853,0,,,,,,,,,
0x03407b8607dbfcf646090303c57e280d604d24e4450dd8e96b56e625c511552d,inv_c48739e9,inv_190c7331,79288140,233502872,,1763681311,20-11-2025 23:28:31,1763681311,0,,,,,,,,,
0x9b27f40759b68699fb563c0455aa5d83dadf0a3ee1112c9b63b69d1c92dad1d5,inv_c48739e9,inv_190c7331,79287839,370754298,,1763680709,20-11-2025 23:18:29,1763680709,0,,,,,,,,,
0xc9252b4c1f8383f606576511e5cc2bfc3e584172ea8d4eff7ef69baa25f4e24a,inv_011abe63,inv_190c7331,79285783,1140000000,,1763676597,20-11-2025 22:09:57,1763676597,0,,,,,,,,,
0x1bee22469e6c425df7d7d5ec8d690f79b868e8f902f1cae1dbb745cd14744382,inv_5425f722,inv_190c7331,79284876,222181267,,1763674783,20-11-2025 21:39:43,1763674783,0,,,,,,,,,
0x52b20dab633028dc9be350a25383e237f990b657e2be82e31ad15d5f1db18c0c,inv_190c7331,inv_be24eee0,79284448,2080000000,,1763673927,20-11-2025 21:25:27,1763673927,0,,,,,,,,,
0x2f327977b0ec1f1a3d4506006d0ee36770e9d0f2e2aed79c7c3e753313a35e9e,inv_190c7331,inv_be24eee0,79282577,2080000000,,1763670185,20-11-2025 20:23:05,1763670185,0,,,,,,,,,
0x4255669652cb6f4b243d1cc80fbb6393b0b7d4188de55035bf5fc4921f5e797a,inv_190c7331,inv_be24eee0,79281197,2060000000,,1763667425,20-11-2025 19:37:05,1763667425,0,,,,,,,,,
0x2c496d85d9b52fa8ab9fceb84885717389a369685cc0b72c537d4fcc97e041d9,inv_c617a894,inv_be24eee0,79278639,2040000000,,1763662309,20-11-2025 18:11:49,1763662309,0,,,,,,,,,
0xe2ad81b7765e67ed7252df659c91f28a5080e0e45fde80cf3ecb4e3a5721463b,inv_ed1fb37d,inv_c617a894,79270558,105000000,,1763646147,20-11-2025 13:42:27,1763646147,0,,,,,,,,,
0xa7f0f2fe948fee84ec65a4df2b1e78d43b1544420d3e8f0be72625f2740a3b7b,inv_190c7331,inv_2142dfdf,79249125,1590000000,,1763603281,20-11-2025 01:48:01,1763603281,0,,,,,,,,,
0x47bafae5bcdb15ad9f6878ef901cfdad73189e6f1365be5218a4cf349d28b8b3,inv_5122e65b,inv_092b5098,79246288,171360000,,1763597607,20-11-2025 00:13:27,1763597607,0,,,,,,,,,
0xd17a50b42ec2dda3bd898dd38526778e84b837f1452a678c04950f71778902d9,inv_89660b15,inv_190c7331,79245255,1429500000,,1763595541,19-11-2025 23:39:01,1763595541,0,,,,,,,,,
0x70c501b0778d523969639d85cb78dcc89c8199f4fbacfccb0c4fc2f1b61d8cf7,inv_85287263,inv_75578a1d,79238147,192161396,,1763581325,19-11-2025 19:42:05,1763581325,0,,,,,,,,,
0x264a8da706f97d3e712cce0fb0d6c066a6214563eb9d3505e538b14cc68ecd2a,inv_190c7331,inv_b93eeae9,79234389,1020000000,,1763573809,19-11-2025 17:36:49,1763573809,0,,,,,,,,,
0x4b776c51595bcfd58a146459fc5c9a2bf27262bccbe04a4326e2cb3bff8f4cef,inv_0ce4228c,inv_ae8075fe,79227238,3206342797,,1763559507,19-11-2025 13:38:27,1763559507,0,,,,,,,,,
0xc99fa74aaff9b2c1e1d522d99b8b489c0ec2d8787ef96c71da8fb10ac7975d3b,inv_c617a894,inv_ae8075fe,79215156,506874301,,1763535343,19-11-2025 06:55:43,1763535343,0,,,,,,,,,
0x8060e0418bc224acea5b1ffc7cc115d761decbaa643fdbfe85535789298ba71a,inv_190c7331,inv_ae8075fe,79203771,3412500000,,1763512573,19-11-2025 00:36:13,1763512573,0,,,,,,,,,
0x17330296547cb777cc9d7daf6944cacf8cb5211a20798e97ba9c16838e264a6d,inv_5122e65b,inv_ae8075fe,79202825,80879792,,1763510681,19-11-2025 00:04:41,1763510681,0,,,,,,,,,
0xd9dcab9e43fc8b217b76267d9a32a5df8467b4998e077a01ee39085e4323fe51,inv_190c7331,inv_ae8075fe,79202734,204827081,,1763510499,19-11-2025 00:01:39,1763510499,0,,,,,,,,,
0x2c27369d6becfaa0d96da9e5a232b01fed801ef87d33f190dffdd682d6fe6776,inv_5122e65b,inv_c617a894,79202686,105000000,,1763510403,19-11-2025 00:00:03,1763510403,0,,,,,,,,,
0x18971d81114def86cc4deeba8a8e291caa92956368be40784a6af7dcf4b8e73c,inv_190c7331,inv_ae8075fe,79202673,325223068,,1763510377,18-11-2025 23:59:37,1763510377,0,,,,,,,,,
0x26bd8c69ae390c6a63af47968b70af98412603d5f887d6dd49fbdeae5e19d092,inv_190c7331,inv_ae8075fe,79202649,194044774,,1763510329,18-11-2025 23:58:49,1763510329,0,,,,,,,,,
0xe57276797780de6a19c7932033a096b2f8dcfba169941a24a6f3d92b283111c8,inv_5122e65b,inv_c617a894,79202583,105000000,,1763510197,18-11-2025 23:56:37,1763510197,0,,,,,,,,,
0xb7337ff196c83d8ccc1214264ea050d9be1616f8590f33b82b515fb69f96e37c,inv_190c7331,inv_ae8075fe,79202581,1554138084,,1763510193,18-11-2025 23:56:33,1763510193,0,,,,,,,,,
0x8de335ae47524d66697be88a5fd310dcd0a81c12c03d11ba277dba0176d0695b,inv_5122e65b,inv_092b5098,79202325,103000000,,1763509681,18-11-2025 23:48:01,1763509681,0,,,,,,,,,
0x31ee8d64bf081be01de93e722050a7d01c74a76141b44afb2e7cd1f431ef0fa7,inv_d381a12e,inv_092b5098,79195642,107000000,,1763496315,18-11-2025 20:05:15,1763496315,0,,,,,,,,,
0xd114457c143636d8c14f5c44ad6f89b628c0bfd385104b728e91358e5a2b9219,inv_5122e65b,inv_092b5098,79188710,103000000,,1763482451,18-11-2025 16:14:11,1763482451,0,,,,,,,,,
0x8d7270ac8610caa23efd592217e4c691598350405dca4800d58fb8a78bef4643,inv_190c7331,inv_b93eeae9,79186502,1020000000,,1763478035,18-11-2025 15:00:35,1763478035,0,,,,,,,,,
0x067a7a15a659324fd3714b15b3608583521916781c27ffcb6ffb4e6ea60bbe55,inv_c48739e9,inv_ed1fb37d,79182024,107999999,,1763469079,18-11-2025 12:31:19,1763469079,0,,,,,,,,,
0x180e4a90e16b43cdc23798af67a9645ca44ebe366c97780359a93a195db993c0,inv_190c7331,inv_b93eeae9,79174613,1020000000,,1763454257,18-11-2025 08:24:17,1763454257,0,,,,,,,,,
0xe2a0991a080015d9656d73e24cd681f4a2b95d18120afe3b0614e8fe243a99e2,inv_190c7331,inv_b93eeae9,79157305,1020000000,,1763419641,17-11-2025 22:47:21,1763419641,0,,,,,,,,,
0x6eb467093c449d4a37e6355b427a4e4e8af3b7c9cf66e261735a0e8caa1aea4d,inv_c617a894,inv_b93eeae9,79150901,1000000000,,1763406833,17-11-2025 19:13:53,1763406833,0,,,,,,,,,
0xad5e46d083b662903d0c36c1568a1669ff63dbfde74824f0f063231c18ea1649,inv_5122e65b,inv_c617a894,79115514,204000000,,1763336059,16-11-2025 23:34:19,1763336059,0,,,,,,,,,
0xa0d342d1b0e87d43b56a5867d4ad9ab6bffb4b6742144e8951a8a0232a6e87f1,inv_4f3a752a,inv_c617a894,79064719,525000000,,1763234459,15-11-2025 19:20:59,1763234459,0,,,,,,,,,
0xcfb679c2553e85b526854b5aaea9d85926722a962323429136f15c560f8d860c,inv_c48739e9,inv_6d4b221a,79024663,99000000,,1763154224,14-11-2025 21:03:44,1763154224,0,,,,,,,,,
0x3a3f0d22f9d0bb0cda3d21da7251fa99eea56d640d599bd62851cdb922f9be8c,inv_a721e9b2,inv_190c7331,79020488,495000000,,1763145874,14-11-2025 18:44:34,1763145874,0,,,,,,,,,
0x600ece4821eab8519376d7d86d11ea7a440a33eb65047506d6f02ac1021dc61d,inv_68c8ac7f,inv_190c7331,78982801,575000000,,1763070500,13-11-2025 21:48:20,1763070500,0,,,,,,,,,
0x1e01caf7d606900bdb6cf495425ce9495ff039a5fbe2bcde877fc12f85f82cc9,inv_4f3a752a,inv_c617a894,78975052,545000000,,1763054990,13-11-2025 17:29:50,1763054990,0,,,,,,,,,
0xb4006b3c0d179c05523ff3133bc38143c0557783604a76e674acc80cab2d703e,inv_30108739,inv_a8f467a6,78971642,1040000000,,1763048170,13-11-2025 15:36:10,1763048170,0,,,,,,,,,
0x07aa565fb9302de8131098ba56113cc8f67a2bed6e27e97cfb5c64605135027f,inv_011abe63,inv_190c7331,78942117,990000000,,1762989120,12-11-2025 23:12:00,1762989120,0,,,,,,,,,
0x8daccd348b94fd3d5a20416681e61991cd1c3a4d3e47d674d0c94e784351dbd7,inv_c617a894,inv_ebacd7d1,78941601,525000000,,1762988088,12-11-2025 22:54:48,1762988088,0,,,,,,,,,
0x62916654937b9c0c4f8771b0c166d5dcac0286b91437ad174894037fe35e525f,inv_011abe63,inv_85287263,78940638,500000000,,1762986161,12-11-2025 22:22:41,1762986161,0,,,,,,,,,
0x42c70d704ea081a0f00dff3cc8681789b880203892dde975b98860e294a4302b,inv_011abe63,inv_190c7331,78940073,495000000,,1762985031,12-11-2025 22:03:51,1762985031,0,,,,,,,,,
0x2204d2503c6d5085e95a0b98446c9342cb7d4c1b485208a6a3c8ade6d376d238,inv_6d3c2326,inv_ebacd7d1,78939753,525000000,,1762984391,12-11-2025 21:53:11,1762984391,0,,,,,,,,,
0xaf61b0f43b9f063c8dd99a3d99c50857e7dd4b3ffdf3bfbd246dd5bf01670823,inv_4f3a752a,inv_190c7331,78938530,869801876,,1762981945,12-11-2025 21:12:25,1762981945,0,,,,,,,,,
0xd44f8678c34ded23b91f149369bea266cc351aa084883097881ac75b126297b6,inv_95eea8bb,inv_9c17440a,78937578,112500000,,1762980041,12-11-2025 20:40:41,1762980041,0,,,,,,,,,
0xea174a4684e88cf1c8774a9e84d1d6a084b70d23b46547b1bba67d032489b133,inv_95eea8bb,inv_fd7a5557,78937259,102000000,,1762979403,12-11-2025 20:30:03,1762979403,0,,,,,,,,,
0xeeb0f7ae89a7ca1296121dbeec5ec0d759dc66cf6a780cdf462a7c92fbb55b06,inv_6d4b221a,inv_75578a1d,78916468,109000000,,1762937821,12-11-2025 08:57:01,1762937821,0,,,,,,,,,
0xd6c44b8e1757e87b955acaaafbe61f5966bc18d10a600efa9cc15f0a6eaeb581,inv_6d4b221a,inv_75578a1d,78916378,218000000,,1762937641,12-11-2025 08:54:01,1762937641,0,,,,,,,,,
0xe52fcec20e1fbac4e5caf8f34915788588a961c83e5723e610b4e4a37feda940,inv_6d4b221a,inv_75578a1d,78916327,218000000,,1762937539,12-11-2025 08:52:19,1762937539,0,,,,,,,,,
0xce097f18393d3c082fab6f48bafcd98d8e443133da98c175b5c9fbecbc34e6c3,inv_aaf57ab8,inv_c617a894,78915256,525000000,,1762935397,12-11-2025 08:16:37,1762935397,0,,,,,,,,,
0x6c096d722636ee3e835aaf58720a0a5a37fed6dfc6ea61921bc9011620200c5b,inv_092b5098,inv_c617a894,78903240,525000000,,1762911365,12-11-2025 01:36:05,1762911365,0,,,,,,,,,
0xc8565ab266e851480662a67389bfa96d534eb7527f5bad7d8db9382cf79cafdb,inv_5122e65b,inv_092b5098,78900401,232560000,,1762905687,12-11-2025 00:01:27,1762905687,0,,,,,,,,,
0xd0e391a3d96b7f64758b3cdea1d67fd94e96765558f6285af8e8ed85e9873aea,inv_aaf57ab8,inv_c617a894,78883705,525000000,,1762872295,11-11-2025 14:44:55,1762872295,0,,,,,,,,,
0xf798cbfc2cf32bfc72173840eb4d983a0fa542fc7b4611502f5d4c175f38569e,inv_0ce4228c,inv_a8f467a6,78883071,515000000,,1762871027,11-11-2025 14:23:47,1762871027,0,,,,,,,,,
0x93d44dad437a9ea40fb1a6dfb344b621f8df3999f1e4c0e8179a8c34153cf0db,inv_5425f722,inv_c617a894,78856292,35569500,,1762817468,10-11-2025 23:31:08,1762817468,0,,,,,,,,,
0x24f0caa4885e8b86798c88f6491667dc1ed6b824cb5c6532810b1a18063a5769,inv_5425f722,inv_190c7331,78855924,495000000,,1762816732,10-11-2025 23:18:52,1762816732,0,,,,,,,,,
0x29814774d6c9b52121b15a846bb2cf34789678af8a28c66583a5bb2be0f19ffe,inv_5122e65b,inv_c617a894,78852722,111247578,,1762810328,10-11-2025 21:32:08,1762810328,0,,,,,,,,,
0x69f92c2e7f270dd856c1a4682c829ea57c2a36a011377454ac1c0141e494c776,inv_30108739,inv_c617a894,78841966,525000000,,1762788816,10-11-2025 15:33:36,1762788816,0,,,,,,,,,
0xdacf468e07a4c43dd470c951c1db4587cfb311f49bd537e82a6a879a9cb783ba,inv_231fbe29,inv_190c7331,78840032,495000000,,1762784948,10-11-2025 14:29:08,1762784948,0,,,,,,,,,
0x9735d25c3627029c4043443a02d3dbd2efe8fb0000b98705d4979c4fddf73d79,inv_190c7331,inv_84aaf22c,78833800,244200534,,1762772484,10-11-2025 11:01:24,1762772484,0,,,,,,,,,
0x3c53f5b3373507fbbbc4b8ba90675ea4ad24e01bbf998fb3339c6ec05819f68a,inv_88e68846,inv_190c7331,78830928,575000000,,1762766740,10-11-2025 09:25:40,1762766740,0,,,,,,,,,
0xe6b1d1308b997963549481771b2e76234ab3ed21278be9c60581cf37ba5f22d2,inv_0ce4228c,inv_a8f467a6,78828885,510000000,,1762762654,10-11-2025 08:17:34,1762762654,0,,,,,,,,,
0x9e1dec684fc14807114205c56e65cd4cabb8fee0b93036a0e2b52355a9b2bf97,inv_0ce4228c,inv_c617a894,78828347,525000000,,1762761578,10-11-2025 07:59:38,1762761578,0,,,,,,,,,
0xad2f406fced2c0342b589f8a5facf1699013351da32921854b62aaa288b7c332,inv_092b5098,inv_2528bbfc,78817340,1010000000,,1762739561,10-11-2025 01:52:41,1762739561,0,,,,,,,,,
0xe3d7ae8b8c1493e4717a1663c734f3360049e06a9dd9f9e0c066dce903930b81,inv_5122e65b,inv_c617a894,78811755,102032742,,1762728391,09-11-2025 22:46:31,1762728391,0,,,,,,,,,
0x98c1aee23ce6106458a20059b14f8a35a0739c6afdbac1ecfe079fb0eb86f4f7,inv_88e68846,inv_c617a894,78803841,155250000,,1762712563,09-11-2025 18:22:43,1762712563,0,,,,,,,,,
0xa7b201629f3ec58cc1122f05b696b1859fda6d04ee93b4c45450f03c1a1cb69a,inv_231fbe29,inv_190c7331,78796612,990000000,,1762698105,09-11-2025 14:21:45,1762698105,0,,,,,,,,,
0xf080805fe5ba6777c8db1ae0d533d44022ba55f2c40eda0b055acfdf10c52d8a,inv_0ce4228c,inv_c617a894,78795939,525000000,,1762696759,09-11-2025 13:59:19,1762696759,0,,,,,,,,,
0xa6a02a3e18db55647de2e6e2c5e57124f27453f9c690e3bd07de3c2249880e0a,inv_30108739,inv_c617a894,78780621,102000000,,1762666123,09-11-2025 05:28:43,1762666123,0,,,,,,,,,
0xa58ce9141f0f69d5deaf5fb38f8d35e18baf10a1f868c043756772ef0edd094a,inv_092b5098,inv_c617a894,78777276,525000000,,1762659433,09-11-2025 03:37:13,1762659433,0,,,,,,,,,
0x1b9825223f042a51e81dcbb7f85a74695dc49088db0b4d5600d2f95fe016cd23,inv_190c7331,inv_10605d8d,78745501,630000000,,1762595883,08-11-2025 09:58:03,1762595883,0,,,,,,,,,
0x41e9cfe3d3655c59655c5d8c33b60686ed6508773425d1bf9206989862e7aae3,inv_190c7331,inv_10605d8d,78745474,656550000,,1762595829,08-11-2025 09:57:09,1762595829,0,,,,,,,,,
0xdde4621176b35b3617a6aacb6baa0d7eb509a0a527685e9f8ad453b4203449bb,inv_190c7331,inv_10605d8d,78745435,450000000,,1762595751,08-11-2025 09:55:51,1762595751,0,,,,,,,,,
0x770d837a5c8b7906db5adbcd643d12f65349132c618d253dbda304fcdbc9f4a8,inv_190c7331,inv_10605d8d,78745402,450000000,,1762595685,08-11-2025 09:54:45,1762595685,0,,,,,,,,,
0xbedb0d70f49e35d40c6883351f121aa66d3fdbd3544b5621ea595ca3a32e0ee9,inv_190c7331,inv_10605d8d,78745382,450000000,,1762595645,08-11-2025 09:54:05,1762595645,0,,,,,,,,,
0xd3d8bcf5e5fa6b10e529ef3fe12853e8cdfec409d237d590704ad211bbd41afb,inv_30108739,inv_c617a894,78739765,510000000,,1762584411,08-11-2025 06:46:51,1762584411,0,,,,,,,,,
0x613cd98bcd02a50d78917963816f3bd094984824ff58449d097c418ffd205339,inv_30108739,inv_2528bbfc,78739168,1010000000,,1762583217,08-11-2025 06:26:57,1762583217,0,,,,,,,,,
0xf987ae172be57377c4e3fd69413b1b6c12c12f6bf17117e67763a04fb63ca200,inv_092b5098,inv_c617a894,78731919,525000000,,1762568703,08-11-2025 02:25:03,1762568703,0,,,,,,,,,
0x5962135136b41f25ed484712cf8217ce8e88d203ff30c18349426c42456ae4a3,inv_6d3c2326,inv_c617a894,78714466,230000000,,1762533797,07-11-2025 16:43:17,1762533797,0,,,,,,,,,
0x79cbc5901463f07e9a872cdac0c7518e0c1abdb4eb95c7c4331c1cb6706be680,inv_6d3c2326,inv_c617a894,78714429,230000000,,1762533723,07-11-2025 16:42:03,1762533723,0,,,,,,,,,
0xcc59c10811ac597f65a16fb2a13f15f0798c2d668e6f480094088365a1b369fa,inv_aa0be9a1,inv_c48739e9,78706471,448000000,,1762517807,07-11-2025 12:16:47,1762517807,0,,,,,,,,,
0xd0ea96f0ec28090b83363e3e5ca271dee6ac83709a1ad51c5ce92213e165f12c,inv_88e68846,inv_c617a894,78697748,115000000,,1762500361,07-11-2025 07:26:01,1762500361,0,,,,,,,,,
0xffab424379a918ae9670aec58ee126c97fc4b576b090991a19e84f5842dc130b,inv_88e68846,inv_c617a894,78697723,230000000,,1762500311,07-11-2025 07:25:11,1762500311,0,,,,,,,,,
0xf129f00e8d48012058d8034f0b36f3f50a6a68dea3b06d805a85984ec53b41bf,inv_88e68846,inv_c617a894,78697587,575000000,,1762500039,07-11-2025 07:20:39,1762500039,0,,,,,,,,,
0x074511976c41db2d1dd7263b94c831e1d2706c7efbdb4070030f5700b3316faf,inv_88e68846,inv_190c7331,78697555,595841202,,1762499975,07-11-2025 07:19:35,1762499975,0,,,,,,,,,
0x67e4cad384ad15b95655a6d532d1f088890add44eec083e9bd13bb7d00e069ce,inv_30108739,inv_a8f467a6,78696928,206000000,,1762498721,07-11-2025 06:58:41,1762498721,0,,,,,,,,,
0x12bd2f8e66dea8ae3d19e2e44046c01844f6775ffb28bae9b8d5fa4513bd70ba,inv_30108739,inv_a8f467a6,78696720,206000000,,1762498305,07-11-2025 06:51:45,1762498305,0,,,,,,,,,
0x12f3a4c11ba73615deabeb5cbc86c918307bc816a103f059b368ea61ab99c3b8,inv_5122e65b,inv_c617a894,78682554,33679448,,1762469971,06-11-2025 22:59:31,1762469971,0,,,,,,,,,
0x996edc5a401d3fffaf1ff57ff7f51ccaaa2148de9bd48283397188d28035da25,inv_5122e65b,inv_c617a894,78669210,29559600,,1762443283,06-11-2025 15:34:43,1762443283,0,,,,,,,,,
0x5e6c0e6bfbc5c8a59c5efb8705a495f38972f1279c851fae5fbb443b8ee06d43,inv_88e68846,inv_190c7331,78653028,586950271,,1762410919,06-11-2025 06:35:19,1762410919,0,,,,,,,,,
0x203a3bc5f47aaca0b347f27d46a8039c8f267ad4601e9f3cb17516844bee2a65,inv_88e68846,inv_c617a894,78652935,575000000,,1762410733,06-11-2025 06:32:13,1762410733,0,,,,,,,,,
0xe7a81591680fc41184b8554147a778186742e6aa37b455051e73dd3ea84f765a,inv_5122e65b,inv_c617a894,78639678,102000000,,1762384219,05-11-2025 23:10:19,1762384219,0,,,,,,,,,
0xc1bc1430f6361a726f7280b17d0de5735831076aa0ebefbbb5f47ddb25cd9e38,inv_011abe63,inv_10605d8d,78634094,990000000,,1762373051,05-11-2025 20:04:11,1762373051,0,,,,,,,,,
0x1e11bc3fd18d2a16f33bb18d0be9794e3926168cf15ae359e84d0d9a2c03f557,inv_c48739e9,inv_190c7331,78630200,71327010,,1762365263,05-11-2025 17:54:23,1762365263,0,,,,,,,,,
0x35257b5405843baea4d13ed1d5fe06b21f88c54397b182fd998451b0fcbf0069,inv_60dcb8f6,inv_190c7331,78618761,523093928,,1762342385,05-11-2025 11:33:05,1762342385,0,,,,,,,,,
0x67a9c9ab06ddd7868a2e3f93062107929e4933b4ecaa9aff194449b35bb8ce37,inv_c48739e9,inv_135a86ed,78615282,1575000000,,1762335427,05-11-2025 09:37:07,1762335427,0,,,,,,,,,
0xcecf85aab3fd091848cedc49720f3e8e52073ccac33267f2f0a2c9c8baa58112,inv_1991eb64,inv_c617a894,78588877,13499998,,1762282617,04-11-2025 18:56:57,1762282617,0,,,,,,,,,
0xe4941d1c194f96b25fa7ff5b574f023fca02a23aad6c1346b8d3a47b9ad4e702,inv_011abe63,inv_c014f8ee,78588791,119558408,,1762282445,04-11-2025 18:54:05,1762282445,0,,,,,,,,,
0xed4b90b89472537396d47cbfbf2af9a3a0834c212d82cba0cf151d8cd14f3bf0,inv_6d4b221a,inv_9caef85d,78585179,115000000,,1762275221,04-11-2025 16:53:41,1762275221,0,,,,,,,,,
0x06e275b0b41868165d966ae037547620893b0b99d9f7e5ae16692b0e6e654eaa,inv_6d4b221a,inv_9caef85d,78585085,115000000,,1762275033,04-11-2025 16:50:33,1762275033,0,,,,,,,,,
0xd8dc661b981a8ccfb6fc8b87482fa413c065766b425087e61775d319cb71b260,inv_6d4b221a,inv_9caef85d,78585048,115000000,,1762274959,04-11-2025 16:49:19,1762274959,0,,,,,,,,,
0x4c9af25858042e377efa4c175bc2e6969b1bc2ea69ee6c69c445cefeedbc2f90,inv_6d4b221a,inv_9caef85d,78584988,115000000,,1762274839,04-11-2025 16:47:19,1762274839,0,,,,,,,,,
0x6dd7644f2ed8f0bc680db23e1b411dfea6f9aae9b289629b944909a7987a8fb5,inv_190c7331,inv_10605d8d,78575747,61941877,,1762256357,04-11-2025 11:39:17,1762256357,0,,,,,,,,,
0xec89d07c6467eb7c7543116156a25ef1c592f7e2b247745c6018bf9a42a96d48,inv_190c7331,inv_10605d8d,78575662,517441044,,1762256187,04-11-2025 11:36:27,1762256187,0,,,,,,,,,
0x78ba5da2a6ea34e8ceaf708a897b2cf7c1e2de406526d40f075b47443933939d,inv_5122e65b,inv_13cb9955,78552005,164495416,,1762208873,03-11-2025 22:27:53,1762208873,0,,,,,,,,,
0xf3943a096469bceb222522cd155e9ada3c894410468792559bd18620696d3250,inv_231fbe29,inv_10605d8d,78538510,990000000,,1762181883,03-11-2025 14:58:03,1762181883,0,,,,,,,,,
0xcd2d612c65ea375dccf18d8c423671123d2278eb88f7e9c0d418ea7d0df92bb4,inv_190c7331,inv_ca9624c0,78534695,303772509,,1762174243,03-11-2025 12:50:43,1762174243,0,,,,,,,,,
0x58234e64057455288a3cd485d3bce8b2f42ef0bd546e5c224f95e98ac5271c21,inv_190c7331,inv_ca9624c0,78534669,571812636,,1762174191,03-11-2025 12:49:51,1762174191,0,,,,,,,,,
0xa6133c12c39ca81cefce7a057e8704efaa4a1bc548e241c1daccb78769074585,inv_190c7331,inv_ca9624c0,78534632,266135507,,1762174117,03-11-2025 12:48:37,1762174117,0,,,,,,,,,
0xf7952c74a5689483b9c3496d217f6831d1375b27904a3b032f92c64e6fcc6c52,inv_c48739e9,inv_ca9624c0,78492274,696583673,,1762089401,02-11-2025 13:16:41,1762089401,0,,,,,,,,,
0x71ffe4245a4ad5785d1b3ce47ec64506e39706640582ec157eb5ed33c3a0a11b,inv_7c6aada8,inv_9dc32d72,78490277,770102747,,1762085407,02-11-2025 12:10:07,1762085407,0,,,,,,,,,
0x499f96ea55c059ed1b9c2f886f35939c5d9260cfd38b9b1da56b069cbe0a0999,inv_5122e65b,inv_c617a894,78487018,101000000,,1762078889,02-11-2025 10:21:29,1762078889,0,,,,,,,,,
0xa123a183f1af16712d953bd5691c2c3b82d3815cfcfabda5bd7bb9550b5dd753,inv_092b5098,inv_c617a894,78470406,102000000,,1762045664,02-11-2025 01:07:44,1762045664,0,,,,,,,,,
0xd9886432fb8f760c19e23c368043c2b964ff61e758890ffbf5ec318923b1ca8f,inv_4f3a752a,inv_c48739e9,78423840,188501227,,1761952520,31-10-2025 23:15:20,1761952520,0,,,,,,,,,
0x3ce865666460d4675dbb057013df3403090de1d7ddd6b8fab32fa38687a7282c,inv_6d3c2326,inv_4bc37197,78414070,372344641,,1761932980,31-10-2025 17:49:40,1761932980,0,,,,,,,,,
0xee4bf40311fc9fcc6f21b1cbe69ff54ae437b106216794a7cc338712be3118bd,inv_8a1f8f98,inv_c617a894,78396984,49712946,,1761898808,31-10-2025 08:20:08,1761898808,0,,,,,,,,,
0x9e7b70a4615047798c5962fa2ed41df576bdd3d2cf8fca0e0ef5ce06ebba5392,inv_319dc077,inv_bc29b0a2,78379821,114042572,,1761864471,30-10-2025 22:47:51,1761864471,0,,,,,,,,,
0x0834d4983d5fb2393b786f2050432f87e2f763f38b25d99701b435b346ecc76a,inv_88e68846,inv_c617a894,78375861,22857417,,1761856551,30-10-2025 20:35:51,1761856551,0,,,,,,,,,
0xeb0b54b571c98db965fe8ff6a13392ffa2740a432f70b751f21dcc1ae4e1d314,inv_88e68846,inv_c617a894,78375798,234691988,,1761856425,30-10-2025 20:33:45,1761856425,0,,,,,,,,,
0x5fa6f9bac7c878b5ae8bdf884f00832c9435e2036e87f481634c97daa08b5d0b,inv_5122e65b,inv_c617a894,78374476,39588513,,1761853781,30-10-2025 19:49:41,1761853781,0,,,,,,,,,
0x1991524d724e6e669292eb100831f6969909f7d5198b1eadac9808ff4793307e,inv_5122e65b,inv_c617a894,78369250,101000000,,1761843329,30-10-2025 16:55:29,1761843329,0,,,,,,,,,
0x7fdf7b14ecf71edfd1e12e734c4e116485ab2c5fc44a717d825c74e7d270ddc4,inv_7ab0a772,inv_c617a894,78364858,117000000,,1761834545,30-10-2025 14:29:05,1761834545,0,,,,,,,,,
0xdf0f4816d31c6b3cd4fcac10b4772e1302d9f5fc7a1cb88e8282e84b0d2e3a09,inv_88e68846,inv_c617a894,78349811,585000000,,1761804451,30-10-2025 06:07:31,1761804451,0,,,,,,,,,
0x64bad783901ca593184a96ad07e47ab3d0bd48a25c2b7252369949c616059d97,inv_d381a12e,inv_dca0dbda,78327079,256007250,,1761758987,29-10-2025 17:29:47,1761758987,0,,,,,,,,,
0x0606ade2fe4f8e6d11a4cd9af1cc7e86a0a48daddd1887b2727b8aab8d547ea8,inv_5122e65b,inv_c617a894,78318883,102000000,,1761742595,29-10-2025 12:56:35,1761742595,0,,,,,,,,,
0x2e7b6e1f88304e10dd8d79ba2628a7cce455c9e741b4cf51e7501900a9ba5d14,inv_88e68846,inv_8a1f8f98,78318251,52000000,,1761741331,29-10-2025 12:35:31,1761741331,0,,,,,,,,,
0xd72629123998857f3d1e57042565a321e23f409520e04600f1552f3cd51ce1c9,inv_88e68846,inv_c617a894,78318211,351000000,,1761741251,29-10-2025 12:34:11,1761741251,0,,,,,,,,,
0x7ee7640a2c893720b91cfeddfca9f78e4473c1d90782bf9087d689255ef2da30,inv_88e68846,inv_c617a894,78317942,597400000,,1761740713,29-10-2025 12:25:13,1761740713,0,,,,,,,,,
0x02fc59879ce376c0f90bd958231cb3c95b428d64a8670a186b368e971f77c4cf,inv_88e68846,inv_c617a894,78317871,117000000,,1761740571,29-10-2025 12:22:51,1761740571,0,,,,,,,,,
0x417904317f0c292934abc159dbf6af613b8ab0f716763604dd256549455b1a9f,inv_88e68846,inv_c617a894,78317851,117000000,,1761740531,29-10-2025 12:22:11,1761740531,0,,,,,,,,,
0x369f5c4622fabe7b11586727342f6d7ba176bcd1495f4721213c217ed76ba1db,inv_88e68846,inv_c617a894,78317831,468000000,,1761740491,29-10-2025 12:21:31,1761740491,0,,,,,,,,,
0xf097b8bd00fb22c8faa6e49c15c83d7a80fedc772ed11129c2473f55af51fea2,inv_88e68846,inv_c617a894,78317805,585000000,,1761740439,29-10-2025 12:20:39,1761740439,0,,,,,,,,,
0x1502246a4d85a2c9c7bec21b776fdae9dcd614125d9e7ecea436fef13decd5a9,inv_88e68846,inv_c617a894,78317412,117000000,,1761739653,29-10-2025 12:07:33,1761739653,0,,,,,,,,,
0xab6961ead9c863df5e66c7184843fb2d5ec70d0cf66458570eedb57bc186848a,inv_88e68846,inv_9caef85d,78238808,232000000,,1761582443,27-10-2025 16:27:23,1761582443,0,,,,,,,,,
0xe33956c0988163e34c62f79a1eb35bde5946852c42d8020799f1e4460a1cabff,inv_88e68846,inv_c617a894,78233072,117000000,,1761570971,27-10-2025 13:16:11,1761570971,0,,,,,,,,,
0x9d4170dd24626535ffa6c4d8e3e0d1303b4c494c24c7790ccc11cb7493a4b3c5,inv_88e68846,inv_ece5bd6a,78233032,468000000,,1761570891,27-10-2025 13:14:51,1761570891,0,,,,,,,,,
0x3cd8acef461df527cd053e04d164fbe9af37fc0175f9bf32f1e3cd65f416c3e1,inv_88e68846,inv_c617a894,78232068,234000000,,1761568963,27-10-2025 12:42:43,1761568963,0,,,,,,,,,
0x9aec9246e874302bf4acee27c499a787a67e2ca10952077e20ccb7810842b7bc,inv_88e68846,inv_70c2e85c,78223299,132054824,,1761551425,27-10-2025 07:50:25,1761551425,0,,,,,,,,,
0x962414d16ae345be65fbf0098608d13064436a8e3e6009c85f4d6be161cff415,inv_0ce4228c,inv_a8f467a6,78199490,206000000,,1761503807,26-10-2025 18:36:47,1761503807,0,,,,,,,,,
0x94e9977f4b491e1c0ec10d76e912959dcd0869dacec4e4c30bb2367540648e01,inv_0ce4228c,inv_a8f467a6,78199462,206000000,,1761503751,26-10-2025 18:35:51,1761503751,0,,,,,,,,,
0x273c190adb9e9557aca4adb7b4c3de4ea09bf3457f681dc5aebdfc6e0b156649,inv_0ce4228c,inv_a8f467a6,78199433,104000000,,1761503693,26-10-2025 18:34:53,1761503693,0,,,,,,,,,
0xbeca6ee0ec65d436736b1480fc8148cfede7dcb5dcbdcaf123a83fc9e697229b,inv_4f3a752a,inv_c617a894,78196877,500000000,,1761498581,26-10-2025 17:09:41,1761498581,0,,,,,,,,,
0xa78ac683c3296a95f97513d4cb214830bcc7b8c267192b688ef262e5cbf84fa3,inv_5122e65b,inv_c617a894,78153265,102000000,,1761411357,25-10-2025 16:55:57,1761411357,0,,,,,,,,,
0x05057bfa92c08ced156dd27f76889cec8290169f5e98eb267243981b39cfb027,inv_092b5098,inv_a8f467a6,78125455,104000000,,1761355736,25-10-2025 01:28:56,1761355736,0,,,,,,,,,
0x39106f43344c29379cab86f709958ea93823f9bb779efdeb0ca93d7ae98ee88f,inv_75578a1d,inv_dca0dbda,78077929,73157107,,1761260681,23-10-2025 23:04:41,1761260681,0,,,,,,,,,
0x43d81e2d01b9d2b10810da00fe080609fb4afd3f373d3ae32e767ffdfb376a12,inv_75578a1d,inv_dca0dbda,78077820,117000000,,1761260463,23-10-2025 23:01:03,1761260463,0,,,,,,,,,
0x3cbf04103c8847d42985c3df1b1c48be3fadfbb6ff209850aaafd8fdc616374e,inv_5122e65b,inv_bc29b0a2,78075810,116094290,,1761256443,23-10-2025 21:54:03,1761256443,0,,,,,,,,,
0xbc2c4744a688f6238b7c1d2a6aa9ae98fcbdea2d33b029590ef2b354ffc319b9,inv_5122e65b,inv_b9b5acda,78033074,102000000,,1761170958,22-10-2025 22:09:18,1761170958,0,,,,,,,,,
0x273941068b85d69ca5c4758d456353f721b59c5e46b9d3b228cace00e726a7c0,inv_190c7331,inv_0ce4228c,78023203,5195352553,,1761151216,22-10-2025 16:40:16,1761151216,0,,,,,,,,,
0x056a5f3d10de136ce758a6d66d8849695e25de0e2527cde78c64b10d362f61a8,inv_5122e65b,inv_b9b5acda,77978300,102000000,,1761061361,21-10-2025 15:42:41,1761061361,0,,,,,,,,,
0x01970cef9889564ecd6b0e4f79b860e00242573c876ee9f560c5d457b3144209,inv_49f8251b,inv_bc29b0a2,77974695,281530284,,1761054149,21-10-2025 13:42:29,1761054149,0,,,,,,,,,
0x55d303276c85916a5fb1b7767ce1abbb4c1e63890a12e03fa4d55b39cd2e7d02,inv_6d4b221a,inv_1d2cb7c3,77971372,932000000,,1761047503,21-10-2025 11:51:43,1761047503,0,,,,,,,,,
0x591df39a8783893264a0df023d9e78cde90e1fb1ccef7f5f247d8d843f2f6b83,inv_6d4b221a,inv_1d2cb7c3,77970937,600000000,,1761046633,21-10-2025 11:37:13,1761046633,0,,,,,,,,,
0xfd3d25f4fc0a7f1e05001fb750b6c091961f13789b0eccebb927dec028c0cbbe,inv_27d9f845,inv_bc29b0a2,77970428,588819834,,1761045615,21-10-2025 11:20:15,1761045615,0,,,,,,,,,
0x97addd13753e8ecec9491990db36e9f9116fcf7ae3d22557cf8ecda3fe74d73b,inv_60dcb8f6,inv_1d2cb7c3,77968596,2231862380,,1761041948,21-10-2025 10:19:08,1761041948,0,,,,,,,,,
0x8e2e6188b0379011acbd9227e6d364a9456cbc1b5088c05819c8f91bcf2e9e50,inv_0ce4228c,inv_bc29b0a2,77926047,120032448,,1760956845,20-10-2025 10:40:45,1760956845,0,,,,,,,,,
0xc5812d87be5b8fa325b5cae800db81de58400bb7305b795bf27fb7ec8d926bc3,inv_7c6aada8,inv_190c7331,77923551,100996164,,1760951851,20-10-2025 09:17:31,1760951851,0,,,,,,,,,
0x306b92d688363d56dc0e9b9503e568e427fe446065374c524b3e7956084aeaf6,inv_4f3a752a,inv_8bb3225d,77886063,100007018,,1760876873,19-10-2025 12:27:53,1760876873,0,,,,,,,,,
0x2c43f91e4897cb021743aa0be7abdae47ba8dcda72951370c0ab1e0bbe850e41,inv_d023727b,inv_8bb3225d,77812995,120575045,,1760730722,17-10-2025 19:52:02,1760730722,0,,,,,,,,,
0x19a3ae5231fb169cd5cac2833a3060d45646535eb0c9889bd6a659cfc894c55a,inv_446f5ed1,inv_8bb3225d,77791207,99999499,,1760687146,17-10-2025 07:45:46,1760687146,0,,,,,,,,,
0xce248bd9aca5284363c93c05c1def2359983c12357077cb684c8225e8a4631b3,inv_d023727b,inv_55e57c0f,77786475,101961932,,1760677682,17-10-2025 05:08:02,1760677682,0,,,,,,,,,
0xc20d2ec9d6b825472cae9a58c759a88144f3722aad9fdf00174eb85042862c01,inv_d023727b,inv_bc29b0a2,77786401,589082500,,1760677534,17-10-2025 05:05:34,1760677534,0,,,,,,,,,
0x3475ff3ce4b067df78447d78d99f66678a6863f3e719a57bec49e2a1722ea168,inv_d023727b,inv_0ce4228c,77786351,222648612,,1760677434,17-10-2025 05:03:54,1760677434,0,,,,,,,,,
0xf7e9016d35193182a87aec1846d9c0cf3e7c79fa9a0225d54c3fb200409fad8e,inv_b934cdb6,inv_b9b5acda,77751805,102000000,,1760608331,16-10-2025 09:52:11,1760608331,0,,,,,,,,,
0xf5c4f0c58cbda597a61bd10b353e99bc1601ba405f44af22a33794af1573f3c4,inv_df84bd46,inv_9854cde5,77730370,521651492,,1760565453,15-10-2025 21:57:33,1760565453,0,,,,,,,,,
0x6a55a7c651e6457051be0e788a31edec220d752bbee6d544516d80c7f3b5d155,inv_231fbe29,inv_cfe16a3b,77726673,341754838,,1760558059,15-10-2025 19:54:19,1760558059,0,,,,,,,,,
0xdf188f7f5f41295d04c25687dff75ee396bcbc984422053a0d33a4516d729690,inv_231fbe29,inv_cfe16a3b,77726626,309691353,,1760557965,15-10-2025 19:52:45,1760557965,0,,,,,,,,,
0x2b244085d183f7bd4e17b20b70b64cad845f1fc2d210381e5a8f4dc8caec9a9b,inv_231fbe29,inv_cfe16a3b,77726591,308661819,,1760557895,15-10-2025 19:51:35,1760557895,0,,,,,,,,,
0x54a12e7ca76ea76081f65c3638d9fe4678f7945f52e0f26519a25f4828f2e94f,inv_224cd99a,inv_84aaf22c,77712424,206000000,,1760529561,15-10-2025 11:59:21,1760529561,0,,,,,,,,,
0x74e6b1b59230bcc1a15e6cfd320da3545d0c711e8a7c3a098e541ef74adfd325,inv_224cd99a,inv_b9b5acda,77711887,101000000,,1760528487,15-10-2025 11:41:27,1760528487,0,,,,,,,,,
0xacc33430540e8cff15e4371db4004235a4d1117f541eaca2f6a204ad98e7b3d4,inv_9e581265,inv_9dabac94,77646317,176365750,,1760397309,13-10-2025 23:15:09,1760397309,0,,,,,,,,,
0x1842d5a2d27d914fea09a95080f1a91b6f53424e5147ce44a2b9aae02754c268,inv_190c7331,inv_fa5ff056,77637151,146522225,,1760378977,13-10-2025 18:09:37,1760378977,0,,,,,,,,,
0x6d8470a61d818e7dd2fcac1a4b38699055f99c5a46a975d8adb2eb87b0a6e872,inv_7c6aada8,inv_9dabac94,77634524,70919954,,1760373723,13-10-2025 16:42:03,1760373723,0,,,,,,,,,
0x717e7ba39ff51e080e41977a463924c3f5f3aaafd08edbad33be2b820db7dd51,inv_d1e999d9,inv_2528bbfc,77622790,1000000000,,1760350255,13-10-2025 10:10:55,1760350255,0,,,,,,,,,
0x864050599fe84738c52adb745200bd5b08d598d2a3fefd02849b1a75a66a06e4,inv_d1e999d9,inv_0ce4228c,77622670,706372555,,1760350015,13-10-2025 10:06:55,1760350015,0,,,,,,,,,
0xef2c06f3f2ba66b098032c6050204673e2ea8696e1c87106acd7128630a96881,inv_190c7331,inv_c48739e9,77621798,115000000,,1760348271,13-10-2025 09:37:51,1760348271,0,,,,,,,,,
0x0711574cd4431ea79eb9705c69daec34a99826823bb80103e46523657a8e5f32,inv_c48739e9,inv_41ecab72,77619078,103000000,,1760342831,13-10-2025 08:07:11,1760342831,0,,,,,,,,,
0x6c68dad54157a84023ce052c8c1c220f3180d0b970c0f37997e0e0681cacb5fc,inv_88e68846,inv_8c3b1ce8,77615901,1170000000,,1760336477,13-10-2025 06:21:17,1760336477,0,,,,,,,,,
0x5312d013a9258b119e3669129bbd970777e85ebb8ccc90fe69f473e83be20111,inv_88e68846,inv_8c3b1ce8,77615675,2340000000,,1760336025,13-10-2025 06:13:45,1760336025,0,,,,,,,,,
0x303944e0f092b781d27874c3f4fd306c6f2e5c2ebb176ab97c3687af7f21ba03,inv_88e68846,inv_8c3b1ce8,77615642,2687018474,,1760335959,13-10-2025 06:12:39,1760335959,0,,,,,,,,,
0xc462ea6acde6a4071f57723f0af62c9a3e36e0f524a6abae07d1a1907392e336,inv_88e68846,inv_8c3b1ce8,77615407,2340000000,,1760335489,13-10-2025 06:04:49,1760335489,0,,,,,,,,,
0xa2f1d6203a56d904ab856644c3c46acaf4f4183b41a1a775e0d30abd68f46819,inv_88e68846,inv_9dabac94,77615347,635838757,,1760335369,13-10-2025 06:02:49,1760335369,0,,,,,,,,,
0x7e495bf32f2ae97c0d1cffca58f179c960e4339793eaa43c0144c9ffd02b157c,inv_8a1f8f98,inv_9dabac94,77574460,45630784,,1760253593,12-10-2025 07:19:53,1760253593,0,,,,,,,,,
0x1d160bb13276e335244dcfaa4151720437b8131fcc9fe4a20d67fabc78e159a9,inv_27d9f845,inv_60dcb8f6,77511679,220603420,,1760127982,10-10-2025 20:26:22,1760127982,0,,,,,,,,,
0x17240e92a80968b087ec0e9fa4c66a5c9b1fbb762b50ad7bb298030e67c70442,inv_190c7331,inv_2528bbfc,77466216,5013415282,,1760036997,09-10-2025 19:09:57,1760036997,0,,,,,,,,,
0xc2ba7bec6616b60fd53db75c5077fbe2a41ccc0139616d600250c252f2ed5dd8,inv_dfb903a5,inv_60dcb8f6,77464590,49467592,,1760033745,09-10-2025 18:15:45,1760033745,0,,,,,,,,,
0x886b11b3a9d6a55413ae8f504e7175767a5d50f6b149d259f0d8cd7059465d7e,inv_9aa7c128,inv_f94cd7bf,77462472,457981281,,1760029509,09-10-2025 17:05:09,1760029509,0,,,,,,,,,
0xc897138c1d00765a5da1ce9495a6592fb9bb47acde6da1f2c9dd2b045fa50306,inv_5122e65b,inv_8a1f8f98,77444077,53000000,,1759992699,09-10-2025 06:51:39,1759992699,0,,,,,,,,,
0x563a540e283387d89425bf982a367ef2cf248aa52d45fa1d6f8b95b7912fb4dc,inv_0213b865,inv_00353004,77426575,2128667347,,1759957560,08-10-2025 21:06:00,1759957560,0,,,,,,,,,
0x0d0beabab3c9e2cbbfc6007d505490a0faf8074e6c3c28ea1ff3dafdf3882763,inv_9b3465d8,inv_4dbb0533,77416520,2374409973,,1759937168,08-10-2025 15:26:08,1759937168,0,,,,,,,,,
0xf879a181f36c9046ab90a6a282b83c345bf7df14de94dd507fdaf8c349836293,inv_5122e65b,inv_dca0dbda,77412325,105002750,,1759928432,08-10-2025 13:00:32,1759928432,0,,,,,,,,,
0xe69b0619e4c1da26c8f6747c460734df074a4fd8fbf6ba5d096d0d5490398117,inv_88e68846,inv_00353004,77410106,1404000000,,1759923716,08-10-2025 11:41:56,1759923716,0,,,,,,,,,
0x58e059468bca8563f6dbbafaf16abe19880510b084675e80ed716eb35b0431df,inv_27d9f845,inv_f5d2c6aa,77409158,116991932,,1759921702,08-10-2025 11:08:22,1759921702,0,,,,,,,,,
0x94e1309b3ef0f49e11c4ebb7fcd592141b489a01567c960446f99d6df4fc75b7,inv_b93eeae9,inv_00353004,77377363,650006327,,1759853882,07-10-2025 16:18:02,1759853882,0,,,,,,,,,
0xb4be0c2cf3f73766b97141d276cc602ed0a5f72903ade97027d2d64b2997ea66,inv_9b3465d8,inv_b9b5acda,77376214,101000000,,1759851440,07-10-2025 15:37:20,1759851440,0,,,,,,,,,
0xe31cc8ec0ee35d3db69af8dff0ccd5026068a9ddd84a33a7e6ca0305cc03967a,inv_5122e65b,inv_fc1f8fe9,77346917,92962800,,1759789146,06-10-2025 22:19:06,1759789146,0,,,,,,,,,
0x3be257c733780f6d65830ef2da3237e0218b5d1f4f6abee789689e0c6a84dc7b,inv_740dae6b,inv_f5d2c6aa,77345929,98993174,,1759787046,06-10-2025 21:44:06,1759787046,0,,,,,,,,,
0x198723979cf1798c6f8c34f1ebf4b4098626f27514a3a7e8bb15ed1222671bb4,inv_88e68846,inv_ece5bd6a,77329398,351000000,,1759751863,06-10-2025 11:57:43,1759751863,0,,,,,,,,,
0x136dd2d6f21295ff7c373a8fe9434d5542292c0ac9d17d050ecbec6e8b55f0d9,inv_5122e65b,inv_c48739e9,77303309,133900000,,1759696421,05-10-2025 20:33:41,1759696421,0,,,,,,,,,
0x385819ba77dfc1f117d45fe235d7e9728e4b71d2449440a02c549f96a213b663,inv_5425f722,inv_bae261c9,77288451,117000000,,1759664841,05-10-2025 11:47:21,1759664841,0,,,,,,,,,
0x13c608811c1443879e5376c2142d0ba7f71814db53da7d291d6e744d2201f522,inv_5425f722,inv_bae261c9,77288011,198429101,,1759663905,05-10-2025 11:31:45,1759663905,0,,,,,,,,,
0xef4e3f53b7c323dfce1ef01e9183921ecec325884b34ce5294840f8d1ed36a13,inv_6d3c2326,inv_55931fd7,77230288,126644735,,1759540965,04-10-2025 01:22:45,1759540965,0,,,,,,,,,
0xdb896bcd28add11855489241354a6f64fa99e0574bb358b442778436c4f628d2,inv_5122e65b,inv_b9b5acda,77225401,101000000,,1759530579,03-10-2025 22:29:39,1759530579,0,,,,,,,,,
0x07c902686f95bb32d37e7563d8d8f36ae2ad754d4d1de7e1e108fc24a4fdf614,inv_c48739e9,inv_55931fd7,77219406,115000000,,1759517820,03-10-2025 18:57:00,1759517820,0,,,,,,,,,
0x88a1c8efe9a06188c289c2e5e933b1e53fbb27305133ded3ecaca42137c329d9,inv_88e68846,inv_55931fd7,77215723,103500000,,1759509994,03-10-2025 16:46:34,1759509994,0,,,,,,,,,
0xb5223ab45a8e0777531ca69f9830f5efa55e39f27477c086850db74cbf721f4c,inv_88e68846,inv_55931fd7,77215652,115000000,,1759509844,03-10-2025 16:44:04,1759509844,0,,,,,,,,,
0x7b53680fae8afd8b87c8996e78894bc4aa45728eaca6382c8687e1be62721396,inv_88e68846,inv_55931fd7,77215618,12055429,,1759509772,03-10-2025 16:42:52,1759509772,0,,,,,,,,,
0x4a9e3eec1caf2f2c734b94d1f6ef18d0c2d6f784cd0d9837644f9cda30be9edb,inv_88e68846,inv_190c7331,77209088,750219212,,1759495896,03-10-2025 12:51:36,1759495896,0,,,,,,,,,
0xec206a790d08f6f9bc14ff5eff392b8bd22980c615297b6e128376b23ac2818e,inv_5122e65b,inv_b9b5acda,77203045,200000000,,1759483052,03-10-2025 09:17:32,1759483052,0,,,,,,,,,
0x3d489e224b920e035137982a174b3e336a267da751c18b6d1e4708ec4f7fe85a,inv_df84bd46,inv_75578a1d,77177004,200838051,,1759427657,02-10-2025 17:54:17,1759427657,0,,,,,,,,,
0x207a33c51dbdd902fd372f959b0838d659c9dfcc98f08d32a1c2957a8115ce8b,inv_092b5098,inv_9dc32d72,77148832,773793844,,1759367789,02-10-2025 01:16:29,1759367789,0,,,,,,,,,
0xf71b2f5171c45f537d3f7b7d30191368d51e631b4d3bc360ebcbddbd0e86b795,inv_b9b5acda,inv_b011e9de,77142617,1000000000,,1759354567,01-10-2025 21:36:07,1759354567,0,,,,,,,,,
0x0a388a06205e7a84a69a0f2c0e903f5bebcdc7c0b6991840f21a964814c9865c,inv_4f3a752a,inv_75578a1d,77140928,166464433,,1759350979,01-10-2025 20:36:19,1759350979,0,,,,,,,,,
0x736479e2783cbde23374cb237843f74e73204f81ca066f39cc9181f994a137e2,inv_9e581265,inv_c48739e9,77135577,104000000,,1759339597,01-10-2025 17:26:37,1759339597,0,,,,,,,,,
0x69727719f2512c9d421c17ede1b830231fcc561f90dfd1874e83da737c43df72,inv_5122e65b,inv_d786322a,77131681,96997521,,1759331317,01-10-2025 15:08:37,1759331317,0,,,,,,,,,
0x3ea2a14a20696d45ee08df3e51030f2e25c68ada7984c57a3a6db295627e152a,inv_88e68846,inv_4dbb0533,77130519,2261705197,,1759328847,01-10-2025 14:27:27,1759328847,0,,,,,,,,,
0x781b7c7e4a86e3581c83f1953230a04910b5c7e8c160ef466fffb2baf364b549,inv_b9b5acda,inv_b011e9de,77097138,1000000000,,1759257893,30-09-2025 18:44:53,1759257893,0,,,,,,,,,
0x841b04bb98030b362a9de10d58117d30043ec3279a79684fbd0ec0922c78fe45,inv_5122e65b,inv_c617a894,77061272,100000000,,1759181417,29-09-2025 21:30:17,1759181417,0,,,,,,,,,
0x34824f80bed9adb0605c4a65ddb0e97fba9cacc9f14394c1d5cc0299a94b5f2e,inv_5122e65b,inv_baefba0d,77037554,40391982,,1759130739,29-09-2025 07:25:39,1759130739,0,,,,,,,,,
0x56156160ed7d0fa164ec12a6b586879a5403f7518ac347523160cbb18b2d9b80,inv_dd02f503,inv_aa0be9a1,77025210,312000000,,1759104495,29-09-2025 00:08:15,1759104495,0,,,,,,,,,
0x3586e76438b7ecca850492bd816c1b36d076044d00bebb5416d8570bbaa3d164,inv_5122e65b,inv_c617a894,77007721,100000000,,1759067321,28-09-2025 13:48:41,1759067321,0,,,,,,,,,
0xb61d76e7390c6dd02691915627323957c330224e37ca1da05aa993e474b96b8a,inv_8a1f8f98,inv_bae261c9,76962044,157500000,,1758970231,27-09-2025 10:50:31,1758970231,0,,,,,,,,,
0x23d60fe24cefc14741da81f647b850cd5c275e73f39e3bd01888f644f217bc98,inv_5122e65b,inv_c617a894,76928800,70000000,,1758899359,26-09-2025 15:09:19,1758899359,0,,,,,,,,,
0x0378e7e17937479385a8e5eed08f5f2a9eb6d6d9ba3438756bde0a32a390706b,inv_88e68846,inv_8a1f8f98,76892470,59500000,,1758821846,25-09-2025 17:37:26,1758821846,0,,,,,,,,,
0x56c7dc8e7fb09fcdb23803a3040db0ee0eee96a50eab71d8cd07dea4c675a5ec,inv_d381a12e,inv_75578a1d,76887778,107000000,,1758811876,25-09-2025 14:51:16,1758811876,0,,,,,,,,,
0x81e5e3bbc0a6f6a3bd6d26b6f1da52384fd92451429a8180ff2192ffa93783c4,inv_d381a12e,inv_75578a1d,76887743,107000000,,1758811800,25-09-2025 14:50:00,1758811800,0,,,,,,,,,
0x7a84ccc48a8ef81d885b94cdd2ac92a47087dfdfc88fda487037e23e74d2de66,inv_0f580040,inv_f828c839,76845474,101500000,,1758720635,24-09-2025 13:30:35,1758720635,0,,,,,,,,,
0x87d5f4308d718364c28983e4bf81a241f0f1c83c20853481ad8fbbe2fc54b377,inv_840bdb5c,inv_570dcb9e,76812291,264046603,,1758649944,23-09-2025 17:52:24,1758649944,0,,,,,,,,,
0xebee97b1bbe4d06c4c1ebcedcb9bec9f3912a388106b343104e0f4bdd0c052e9,inv_5122e65b,inv_c617a894,76811084,100000000,,1758647378,23-09-2025 17:09:38,1758647378,0,,,,,,,,,
0xc9e289fc422136ec60ee1cf351ad0359325282cbec208a6bc180feb0c494ebe1,inv_8a1f8f98,inv_f828c839,76790486,101000000,,1758603606,23-09-2025 05:00:06,1758603606,0,,,,,,,,,
0x7210aa2bc88f1b4e88c8f061e07ffb6173a6148ef7cfabaabd6263b60bc16568,inv_5122e65b,inv_c617a894,76763011,100000000,,1758545154,22-09-2025 12:45:54,1758545154,0,,,,,,,,,
0x1f10515e895985f53d9b64597f65265b907ff49e43ee7de92c586bffa6c0880a,inv_49f8251b,inv_52d1f502,76758893,100148250,,1758536274,22-09-2025 10:17:54,1758536274,0,,,,,,,,,
0x61e7eb5e591aba8f518a63b2f135e5a9f830a8c2460efb97257144e6572e4cb4,inv_49f8251b,inv_52d1f502,76758500,201000000,,1758535440,22-09-2025 10:04:00,1758535440,0,,,,,,,,,
0xc46977e869cd42ef0301b25bf58497899cf6ddab3eaab9b89688519ca93f8def,inv_49f8251b,inv_52d1f502,76758474,281400000,,1758535384,22-09-2025 10:03:04,1758535384,0,,,,,,,,,
0x90ac625573407514f1e0b6d2daea5a6887166b7b1f74ff7b3ee2f05e4fa448ad,inv_e709a497,inv_281e98df,76725749,500000000,,1758465748,21-09-2025 14:42:28,1758465748,0,,,,,,,,,
0x583df3bc24836077f273bf039b52fb0620e6ab65d47bb58e5ae73590c663687c,inv_e709a497,inv_281e98df,76725542,1000000000,,1758465308,21-09-2025 14:35:08,1758465308,0,,,,,,,,,
0x24df7ea95444ee10a35e8ade12631012a3533d1c9de0147542eac3c231ead6d2,inv_e709a497,inv_281e98df,76725388,500000000,,1758464980,21-09-2025 14:29:40,1758464980,0,,,,,,,,,
0x4707abe0299d3f53133e3aab8d35a0c568f38b5cab7db4cef0e599ff41c6a204,inv_88e68846,inv_281e98df,76681062,400000000,,1758370786,20-09-2025 12:19:46,1758370786,0,,,,,,,,,
0x4af87c738613dbf27ac3182477a6e01979a3e5c6146653841f3b14e22728a18d,inv_092b5098,inv_75578a1d,76653160,107000000,,1758311248,19-09-2025 19:47:28,1758311248,0,,,,,,,,,
0x6f21d0328d054b2b29ced5f84f240f56a284fbbec789c6705d41bf89ed7a90c9,inv_39d0ac30,inv_dc8dd748,76651707,590000000,,1758308160,19-09-2025 18:56:00,1758308160,0,,,,,,,,,
0x981df24df098e3fcc9070eb02a22217ea6c7202ebd09014b3edd48bf47c6c8ba,inv_8a1f8f98,inv_60dcb8f6,76648924,12877001,,1758302246,19-09-2025 17:17:26,1758302246,0,,,,,,,,,
0xf900ad0ef72df6069253e49faf13a0469366c4fa7fc846844f415ec0119c440f,inv_88e68846,inv_dc8dd748,76629494,590000000,,1758260926,19-09-2025 05:48:46,1758260926,0,,,,,,,,,
0x534cc8b9595f70d2cfa568a8778d301fbdda954b196b32a3592aa33610177cf4,inv_88e68846,inv_dc8dd748,76629470,590000000,,1758260874,19-09-2025 05:47:54,1758260874,0,,,,,,,,,
0xe5f90ac31a956d32e677755499eb36f0149856b5130a01da701cd4546f0925dd,inv_8a1f8f98,inv_fc5218f7,76627809,160076,,1758257346,19-09-2025 04:49:06,1758257346,0,,,,,,,,,
0xb850c1237427060b895c05f5c124181bd53279ae36825987bb48c8e30a14f443,inv_52c8f2d1,inv_c617a894,76615895,400000000,,1758232026,18-09-2025 21:47:06,1758232026,0,,,,,,,,,
0xc3441a49ae80d74f728c3ced52531073cf43dd04445065c0558aff66c8a92ce4,inv_319dc077,inv_c617a894,76602367,300000000,,1758203248,18-09-2025 13:47:28,1758203248,0,,,,,,,,,
0x8fb825ba5984d67315b53cb05cb7082059baa64deba5969a88b6ac90f07e73ab,inv_7c6aada8,inv_ba7c4ae4,76557818,317641958,,1758107848,17-09-2025 11:17:28,1758107848,0,,,,,,,,,
0x6d7d9bceb45a2eafb52be81f2dbbbe93839135c19830b7b476d0f820ff2d5c6b,inv_7c6aada8,inv_8a1f8f98,76557406,118929661,,1758106972,17-09-2025 11:02:52,1758106972,0,,,,,,,,,
0xd6284c15da7ed1b033fbe01cf467b6fb22e887ea7199c1954a2892684f8be5e8,inv_7c6aada8,inv_ece5bd6a,76557223,595000000,,1758106584,17-09-2025 10:56:24,1758106584,0,,,,,,,,,
0x5a3b92950ba85b6bcc759b11548269ba0a32fd50c8f04213f003839a881dd42d,inv_7c6aada8,inv_baefba0d,76556980,116500000,,1758106068,17-09-2025 10:47:48,1758106068,0,,,,,,,,,
0xadf0e932cb748fc412a4dca4383a1381b01bdc0c0bbe7cfb81823bb910448da2,inv_5122e65b,inv_b9b5acda,76555839,102000000,,1758103546,17-09-2025 10:05:46,1758103546,0,,,,,,,,,
0xa05b169c4d1394b25157dae8209326d7f61d09094eed8153b337c8ec126262ef,inv_6d3c2326,inv_cc559252,76508910,962921837,,1758002612,16-09-2025 06:03:32,1758002612,0,,,,,,,,,
0x28a7aa451cf862586dad9b0bcf234f4cb52d518246be99b0a14cd3411c097b0e,inv_5122e65b,inv_84aaf22c,76495272,51500525,,1757973630,15-09-2025 22:00:30,1757973630,0,,,,,,,,,
0x34cdfbde48e9be63956a87beb1abb25f548fbb60890fd381144b2eb494d35977,inv_c617a894,inv_1cb87ece,76492259,1111500000,,1757967196,15-09-2025 20:13:16,1757967196,0,,,,,,,,,
0x87a51585791cc6b63daca0a9b602645cafc2c1af1cfea8c9320e022ba6958c91,inv_75578a1d,inv_b93eeae9,76487334,1040000000,,1757956506,15-09-2025 17:15:06,1757956506,0,,,,,,,,,
0xf7b25ef351c81a665df04f36f31dd36c5e89d7be69116dedb28619425716adfc,inv_319dc077,inv_fcef6e33,76484722,200072150,,1757950956,15-09-2025 15:42:36,1757950956,0,,,,,,,,,
0x8a50a4f686db9b82f8ec9b0cd1bc164f7c20fff77c69c91610bce52ab8bb6945,inv_d381a12e,inv_75578a1d,76481894,110000000,,1757944928,15-09-2025 14:02:08,1757944928,0,,,,,,,,,
0x266b80c3108a718b917966792d20438e3c1089d42c454284079574d7cd407b64,inv_5122e65b,inv_32b447a9,76481140,1034,,1757943326,15-09-2025 13:35:26,1757943326,0,,,,,,,,,
0x3c5e3b258221a524fdff476d5a4338c109cb466cfb6a3259fe6b99883240e975,inv_b93eeae9,inv_5b981484,76454597,500000000,,1757886146,14-09-2025 21:42:26,1757886146,0,,,,,,,,,
0x73a30b44ee2233f8bde46fed777d3a995e62495aeec4b9bbf1c67270dc23fd47,inv_88e68846,inv_b93eeae9,76447017,1040000000,,1757869812,14-09-2025 17:10:12,1757869812,0,,,,,,,,,
0x5c4f6a11495a97cf628475033fe4df27e73d72de62e345d93072bdb4f744bcac,inv_b96f21af,inv_32b447a9,76433488,69205397,,1757840838,14-09-2025 09:07:18,1757840838,0,,,,,,,,,
0x9480db3e2141e24b5f41111751f7ec9899fb684e0c11c6a2265960da9d2e6fea,inv_d381a12e,inv_b96f21af,76417234,648000000,,1757806294,13-09-2025 23:31:34,1757806294,0,,,,,,,,,
0x733a679bcb6b4a751414a1c4a3f77a578bf72c96ef598fa9f47db2934f0009e2,inv_262f6642,inv_ece5bd6a,76405500,1029206141,,1757780974,13-09-2025 16:29:34,1757780974,0,,,,,,,,,
0xc6492bef381ae05610a17d3bb8cb5d10c5dd0332060bcfad56476bbade610354,inv_262f6642,inv_eb6d3104,76405328,3238000000,,1757780578,13-09-2025 16:22:58,1757780578,0,,,,,,,,,
0xbfa112071ef10fb335e5050300d80c6d2e26c47f496c6c90e0deb76de376dddf,inv_88e68846,inv_32b447a9,76390640,170434508,,1757749103,13-09-2025 07:38:23,1757749103,0,,,,,,,,,
0xdc490cbb9fbbe67f186996ad31cdecb343dcbd3ba6335a8e662478a5efc847b4,inv_52c8f2d1,inv_75578a1d,76389667,199800000,,1757747003,13-09-2025 07:03:23,1757747003,0,,,,,,,,,
0x8fb8829bb28363dada7e11ff2f11166b2e7f5ce73558e431242319cdfbb2ac66,inv_aa0be9a1,inv_dc8dd748,76380288,587500000,,1757726881,13-09-2025 01:28:01,1757726881,0,,,,,,,,,
0xc2e6ad866368dcbfcaf12606e550097124fd3171e58a5f2a6ca643e5d2ceaa05,inv_aa0be9a1,inv_5b981484,76380068,500000000,,1757726413,13-09-2025 01:20:13,1757726413,0,,,,,,,,,
0x54083432f0e176361cab502adc64e60c01737429adc4ca766f0316d61696b6b0,inv_319dc077,inv_baefba0d,76376791,232000000,,1757719417,12-09-2025 23:23:37,1757719417,0,,,,,,,,,
0x3ce7531a80807e88855492a98eb4214bd878b661e534703048f1a1c813a66192,inv_319dc077,inv_75578a1d,76376540,206738156,,1757718851,12-09-2025 23:14:11,1757718851,0,,,,,,,,,
0x93a8d1ddbb3d381563081e2b44b1e0febbd40ac33035805698202cefedc75e40,inv_092b5098,inv_f828c839,76366619,100500000,,1757697579,12-09-2025 17:19:39,1757697579,0,,,,,,,,,
0xf5d0425232542cb21831bd6bf739d309869392196f3c31f89073aa9e554d0de6,inv_3db5e783,inv_190c7331,76356430,1953900000,,1757675575,12-09-2025 11:12:55,1757675575,0,,,,,,,,,
0xe0335dea94f13a553620e11829a2ac4568b26426ef28cb3688cbc1789b0f9b48,inv_0ce4228c,inv_092b5098,76351491,204000000,,1757664687,12-09-2025 08:11:27,1757664687,0,,,,,,,,,
0x98273b6550de37dff941dd8a9d3cff023b32649cc46f6719e56214b4c4923373,inv_0ce4228c,inv_b9b5acda,76351436,102000000,,1757664569,12-09-2025 08:09:29,1757664569,0,,,,,,,,,
0x7413b5d2c5f64308f08bdcb907c938d690374be958a632422a349fdb5158c866,inv_8a1f8f98,inv_baefba0d,76330657,116000000,,1757618723,11-09-2025 19:25:23,1757618723,0,,,,,,,,,
0xda0a44b301d1f38d4dd6fc70e500d9e1700581b2b58d8d9b6165995b2f65b34f,inv_27d9f845,inv_190c7331,76329691,1170000000,,1757616601,11-09-2025 18:50:01,1757616601,0,,,,,,,,,
0xe84678b8e0700455a8f07e73735cf231c9aaa9f70f30ff1f475b6acc5cd34fda,inv_27d9f845,inv_8a1f8f98,76329593,117500000,,1757616393,11-09-2025 18:46:33,1757616393,0,,,,,,,,,
0x9f845d1914825a20d9ba6ab799878a1018213cae71c41b4d57b865f127a3f992,inv_27d9f845,inv_1cb87ece,76329563,590000000,,1757616329,11-09-2025 18:45:29,1757616329,0,,,,,,,,,
0xd9baa5bc5473c42e26dac8ba8bee5ac93bacf3423eb3ef1a8a8ef4db57770631,inv_5425f722,inv_f828c839,76325889,100000000,,1757608171,11-09-2025 16:29:31,1757608171,0,,,,,,,,,
0x9e03a2d61ca03ecf72b15d949cd242634008486b3d28361c24179b8a9819d6ae,inv_60dcb8f6,inv_190c7331,76321284,580000000,,1757597841,11-09-2025 13:37:21,1757597841,0,,,,,,,,,
0x192ddcad44d491699d93c199655427e620b2fac71724877ed61925775284a569,inv_75578a1d,inv_bc8966e0,76317985,128806058,,1757590287,11-09-2025 11:31:27,1757590287,0,,,,,,,,,
0x2a527a01e0f170c680397bd81fa60670a019e0d97cfbcdaaee237630df893d59,inv_ff50617c,inv_3f236799,76308239,1000000000,,1757567053,11-09-2025 05:04:13,1757567053,0,,,,,,,,,
0xaf939d7e4e7a82928ebc445aa4b0c5508ffff055ffb8ebd6d6ba2672b162ca99,inv_092b5098,inv_75578a1d,76301947,224000000,,1757552839,11-09-2025 01:07:19,1757552839,0,,,,,,,,,
0x96840a4e07a592cd5d01cc1fc3ce7704be3888330ed0386db50326d2d3103044,inv_190c7331,inv_bc8966e0,76280694,107409672,,1757501779,10-09-2025 10:56:19,1757501779,0,,,,,,,,,
0x5eca4ceb7330ccff0a2a33c7d3f8bea2c7145394a36aecfb77696528a795e212,inv_faaf7db9,inv_092b5098,76262061,212000000,,1757455164,09-09-2025 21:59:24,1757455164,0,,,,,,,,,
0x3f15290dd6becaafbe8061fab45c661e2dba1bec0b62f5cbe3b0e73778b634e1,inv_5425f722,inv_baefba0d,76259824,231000000,,1757450412,09-09-2025 20:40:12,1757450412,0,,,,,,,,,
0x3235ddc10066e1ea09eb662ad2295308f9b8b3b7d535f8e39860573047b0bf16,inv_52c8f2d1,inv_0ce4228c,76255653,199999546,,1757441534,09-09-2025 18:12:14,1757441534,0,,,,,,,,,
0x059f9d5509dafe03e318bc3e89eeeac0707362cd702b3b9c01c067e3a1ce1f05,inv_5425f722,inv_bc8966e0,76255028,228596639,,1757440206,09-09-2025 17:50:06,1757440206,0,,,,,,,,,
0xecbce6d2951e1ec308808ced17965ff86aa2a042ebdad65c2c70646626e9206f,inv_5425f722,inv_bc8966e0,76255008,116991667,,1757440164,09-09-2025 17:49:24,1757440164,0,,,,,,,,,
0x34830a1f5f1370a734cd5e6f733954973d56a051a1f3238b8c65974e5b2a9bc9,inv_0ce4228c,inv_1cb87ece,76253581,1171600000,,1757437130,09-09-2025 16:58:50,1757437130,0,,,,,,,,,
0xead3b74065e97d062ee059af6877774460753d70f46e131880c6aff0b253b7a4,inv_190c7331,inv_c48739e9,76250318,101000000,,1757430196,09-09-2025 15:03:16,1757430196,0,,,,,,,,,
0xdf372d703d78ca79242250a8cbef325717a3ab1f8681867d3739c372922bf593,inv_88e68846,inv_c48739e9,76246907,98998059,,1757422948,09-09-2025 13:02:28,1757422948,0,,,,,,,,,
0xbc31dd6727b01ae57e4125fab2b7d481402ca0a319c5c0dbf19af4ee41e7a155,inv_5122e65b,inv_b9b5acda,76239839,102000000,,1757407928,09-09-2025 08:52:08,1757407928,0,,,,,,,,,
0xf90cc6f1af0bd286c9980009202fb712e5f8684c8154027924d324cc85edd410,inv_331b2f71,inv_b9b5acda,76237791,102000000,,1757403576,09-09-2025 07:39:36,1757403576,0,,,,,,,,,
0x88be61c500396fc3db5627b4892d420c12a45f68b8b002b78e0e3295073faf70,inv_5122e65b,inv_b9b5acda,76217938,102000000,,1757361168,08-09-2025 19:52:48,1757361168,0,,,,,,,,,
0x02458f22714cac1b6791765d21304bf704a356d25784a8e56834068bd515f421,inv_190c7331,inv_c48739e9,76199627,101000000,,1757322170,08-09-2025 09:02:50,1757322170,0,,,,,,,,,
0xe5e306dc660a96d54923855e93108a4accac3acebe499c37dc672b34c75fe0ae,inv_262f6642,inv_092b5098,76137806,212000000,,1757190784,06-09-2025 20:33:04,1757190784,0,,,,,,,,,
0x9b4a85d539208ef04d7a2d4b603086e2d7c24a52bf33fd6500d481f4b63f3fe4,inv_319dc077,inv_baefba0d,76136774,232000000,,1757188592,06-09-2025 19:56:32,1757188592,0,,,,,,,,,
0x35a56fa62f416b571fcf9885d815aed423e1c37d60a8c5e3bdf480a55fd3e311,inv_c617a894,inv_f828c839,76132560,100000000,,1757179638,06-09-2025 17:27:18,1757179638,0,,,,,,,,,
0x7056608e362e93c080755feca50a0689901c58011965f20597fcdac1480aefb3,inv_c48739e9,inv_cb37dbf5,76127556,283116986,,1757169004,06-09-2025 14:30:04,1757169004,0,,,,,,,,,
0x2b922d7e4b8b79a934fbe5742a797f6892f04e286932196691a3859eca7620db,inv_b9b5acda,inv_5b981484,76092704,525000000,,1757094942,05-09-2025 17:55:42,1757094942,0,,,,,,,,,
0x495a468ea9bbf766d0dfa184e7de2da573d8745d9996a5fef35d9bb213d4ed4a,inv_d76fd00b,inv_092b5098,76089361,105000000,,1757087834,05-09-2025 15:57:14,1757087834,0,,,,,,,,,
0x6dcdc80f0c247b1f348459da113bf88e8ecb18aeeecd83e342fb08ea0b7c16e9,inv_d76fd00b,inv_62fc6c1b,76088815,119112657,,1757086672,05-09-2025 15:37:52,1757086672,0,,,,,,,,,
0x29092f6bb4a53f7b00ebf22ce71b7118b2ace0dbf25250555a28554716d3a846,inv_d381a12e,inv_b93eeae9,76085393,540000000,,1757079402,05-09-2025 13:36:42,1757079402,0,,,,,,,,,
0x2c1a1d4b6bd261add0129f562c931c6b43d6d928ea8b20b08260ebc8dfe9c273,inv_65b4dd5f,inv_c48739e9,76080701,118000000,,1757069430,05-09-2025 10:50:30,1757069430,0,,,,,,,,,
0xadc74df6887015660fa25331f6ca31ddbaeace09980004e1becdca0e758e8aa6,inv_65b4dd5f,inv_dd02f503,76080677,191544681,,1757069380,05-09-2025 10:49:40,1757069380,0,,,,,,,,,
0x64833a06dd71399cea8da588bd078bf4953e106efe10c1d3795db41dae2a5014,inv_65b4dd5f,inv_e46beaa9,76080502,515000000,,1757069008,05-09-2025 10:43:28,1757069008,0,,,,,,,,,
0x6835d897f28196653868bebab4f9d4204a5e5e255377e988dd05f23bff615599,inv_65b4dd5f,inv_190c7331,76080404,1175000000,,1757068800,05-09-2025 10:40:00,1757068800,0,,,,,,,,,
0xffe8d2f9df6164be195faeb3e6c904096cdf94e7e7c5bac2f9d99416f96482d9,inv_65b4dd5f,inv_d381a12e,76080382,117000000,,1757068752,05-09-2025 10:39:12,1757068752,0,,,,,,,,,
0x75d6bf897d3ed1f849ac35e2d4b3f2044db2b21ee7a977d64ce6f9e10e4193ef,inv_65b4dd5f,inv_d381a12e,76080355,117000000,,1757068696,05-09-2025 10:38:16,1757068696,0,,,,,,,,,
0x55e18609dc14790f608dc8933efcc33ac14ce4fc286b51750ceb95b0786d47b5,inv_65b4dd5f,inv_1cb87ece,76080331,595000000,,1757068644,05-09-2025 10:37:24,1757068644,0,,,,,,,,,
0xb5bb9a836a8ccab183394346e0afb6f559f127e5d894f895a9130010b92e3963,inv_65b4dd5f,inv_d381a12e,76080302,117000000,,1757068582,05-09-2025 10:36:22,1757068582,0,,,,,,,,,
0x38151a41fd75be06f9d54af7a4f5e88c66b9c44c13605b5b465ae5e41ae16256,inv_65b4dd5f,inv_d381a12e,76080038,232671607,,1757068022,05-09-2025 10:27:02,1757068022,0,,,,,,,,,
0xa11b6bf94ffa121bf748a92c1838677a684aadabc6e2931f79e92d5cc651d8f4,inv_5122e65b,inv_f828c839,76077136,100500000,,1757061856,05-09-2025 08:44:16,1757061856,0,,,,,,,,,
0xbf07eb01c63473364135b5c600dccf783f95ecd3b91e70881594fbcda4ffc65c,inv_092b5098,inv_a8f467a6,76065324,108000000,,1757036740,05-09-2025 01:45:40,1757036740,0,,,,,,,,,
0x6551276873dd02eba1356bac2c97bc26bf43e1062cf3886e63f4b784c409d723,inv_092b5098,inv_a8f467a6,76065290,108000000,,1757036668,05-09-2025 01:44:28,1757036668,0,,,,,,,,,
0x8a352a74b5ec8715ebc4863beb7622eaaa3d8c8307ab03fdb1c8749c1733cb6b,inv_319dc077,inv_321ac255,76054065,120840680,,1757012810,04-09-2025 19:06:50,1757012810,0,,,,,,,,,
0x69a80d8db60769257611170e697bfd1bb724eb4a47277b225af201b4338650f8,inv_319dc077,inv_f828c839,76050980,100000000,,1757006254,04-09-2025 17:17:34,1757006254,0,,,,,,,,,
0x773d02662ecccbf310063a8c5c4752b4106b110948c35658b65bb8769fe3fa7f,inv_5690c297,inv_f828c839,76040414,204000000,,1756983800,04-09-2025 11:03:20,1756983800,0,,,,,,,,,
0x91ac2efa31080863ea338bc77acc8deb5e41c1e42ea6c2c6e996755ca3530098,inv_5690c297,inv_f828c839,76040394,202000000,,1756983758,04-09-2025 11:02:38,1756983758,0,,,,,,,,,
0x8b7d260e9701ecb2b8e90a0cf746f0632d45558e9ca6c5474e6299860b1cb8d6,inv_5690c297,inv_b9b5acda,76040355,309000000,,1756983676,04-09-2025 11:01:16,1756983676,0,,,,,,,,,
0xa0c8bfe0f1fc41c3317a2753faef4a89f6ee92bdb7ffbe178c29ad67e27abc4e,inv_5690c297,inv_c48739e9,76039999,117500000,,1756982918,04-09-2025 10:48:38,1756982918,0,,,,,,,,,
0x09a6065fbf8a9e8707f53639b37c84d5d344a562c3e0bd6d882e22ac2c885a48,inv_5690c297,inv_f828c839,76039945,101000000,,1756982804,04-09-2025 10:46:44,1756982804,0,,,,,,,,,
0xfc69ac9b82bc3574b3c6bcdad0977a045930c741471201f403584d8c7b80268f,inv_5690c297,inv_a8f467a6,76039738,424000000,,1756982364,04-09-2025 10:39:24,1756982364,0,,,,,,,,,
0xe9e8304e20c13f3b6ac36ff5215bf1b8a1ee744dcb0b7b865fb660da14419fd2,inv_ed1fb37d,inv_a8f467a6,76020725,108000000,,1756941958,03-09-2025 23:25:58,1756941958,0,,,,,,,,,
0xd50b3024cb119e585d7be73acc5f0c5ca72fe1d7cc23af17f909c2e3b9107667,inv_5425f722,inv_d381a12e,76016842,117000000,,1756933706,03-09-2025 21:08:26,1756933706,0,,,,,,,,,
0x0722555913c45cbc9fd5fae508de8df68dd84963ea6733b5b89c05b585c2f9b6,inv_5b981484,inv_75578a1d,76015992,327000000,,1756931900,03-09-2025 20:38:20,1756931900,0,,,,,,,,,
0xf9ca3ebd76f1d3137caee418c203462d47f371ae1b159c9aac48cb072749d9db,inv_77890d4c,inv_a8f467a6,76012251,1050000000,,1756923950,03-09-2025 18:25:50,1756923950,0,,,,,,,,,
0x3078b42aa95bd90f335c75eb4192b8fb2a971a623dd684f5f196652213917a2f,inv_56883782,inv_dd02f503,76011415,220000000,,1756922174,03-09-2025 17:56:14,1756922174,0,,,,,,,,,
0x28e517a06f37c6fa6cd14a98632d57998eaee5fa905d70039445c237032b74cc,inv_dbca2891,inv_24290cf0,76010288,886500692,,1756919722,03-09-2025 17:15:22,1756919722,0,,,,,,,,,
0x24fc155433d0d9d3bde23d77296cdc6c5cdeb9b1a3ec78ccb0e4ccf33a427f05,inv_65b4dd5f,inv_ece5bd6a,76007588,714000000,,1756913984,03-09-2025 15:39:44,1756913984,0,,,,,,,,,
0x8539eb162a3f58398c107f8c4dffabe2dc32f25cf59d098371e0a0a77f587881,inv_65b4dd5f,inv_d023727b,76007431,288950869,,1756913650,03-09-2025 15:34:10,1756913650,0,,,,,,,,,
0x796459058cd552e3d758e4961a77c3c3a7eb4e71efcd07b515e6124f240896cd,inv_65b4dd5f,inv_ece5bd6a,76006923,721566384,,1756912570,03-09-2025 15:16:10,1756912570,0,,,,,,,,,
0xaa895aae648b38f03de8ad9acfe42e8dde7d2448fd124b5ccad6a2a646afcbc3,inv_39d0ac30,inv_dd02f503,76006747,236000000,,1756912196,03-09-2025 15:09:56,1756912196,0,,,,,,,,,
0x277cde28d306f56510e3907fe6f09484598d04af7cf3153c31d960df7bc12e14,inv_65b4dd5f,inv_bae261c9,76006674,480000000,,1756912042,03-09-2025 15:07:22,1756912042,0,,,,,,,,,
0x5c3062a290a2a6fc923244094bd819cf5a1c6ec28836ff77ddf6fc012393304d,inv_65b4dd5f,inv_c48739e9,76006451,117000000,,1756911568,03-09-2025 14:59:28,1756911568,0,,,,,,,,,
0xbc6d18a91fa6d3be4a146675ef7403163f909f86953e5b50a19cd70a33c8ce40,inv_65b4dd5f,inv_c48739e9,76006352,117000000,,1756911358,03-09-2025 14:55:58,1756911358,0,,,,,,,,,
0x666cc7460aedc0313d1f2660d04d89dec5176a47a114b21cbee97b0ae2b9f282,inv_65b4dd5f,inv_dd02f503,76006325,236000000,,1756911300,03-09-2025 14:55:00,1756911300,0,,,,,,,,,
0x78c99e035dbe15340dd1cfb0fa692dc8b6ea74804ff7574b0c6882338f08895a,inv_65b4dd5f,inv_5b981484,76006226,525000000,,1756911090,03-09-2025 14:51:30,1756911090,0,,,,,,,,,
0x08a2a262dcecb202fe1ecf31a801b834dc10c9d7e63c234d482c46faadeb5bc9,inv_5122e65b,inv_f828c839,76005018,100000000,,1756908522,03-09-2025 14:08:42,1756908522,0,,,,,,,,,
0xffbea5e5640e251374a2add2b37563872eb0be50bd81d8408fc370f87ecac545,inv_aa0be9a1,inv_f828c839,76004205,200000000,,1756906794,03-09-2025 13:39:54,1756906794,0,,,,,,,,,
0xd1935d17dc1e3f395423eb9ad8a70b6ac920532ae166f9520db049ea81daec59,inv_75578a1d,inv_b93eeae9,76001970,525000000,,1756902014,03-09-2025 12:20:14,1756902014,0,,,,,,,,,
0x2130cda69656b6db5c339d36c87ef0b8f7071a658f2d0f13be5e0387c6862017,inv_5122e65b,inv_75578a1d,75979093,165351659,,1756853136,02-09-2025 22:45:36,1756853136,0,,,,,,,,,
0xef1a477e26c898dbd41f7ddf7fc69bc73030b7b1e793d90f335cf661a25a14cb,inv_b96f21af,inv_d023727b,75978481,267940528,,1756851836,02-09-2025 22:23:56,1756851836,0,,,,,,,,,
0xa0567dbe66f80b559fbf1590a8703eee69bf2281056d446bb0c0bfadb22edc99,inv_5425f722,inv_d023727b,75977647,200000000,,1756850062,02-09-2025 21:54:22,1756850062,0,,,,,,,,,
0x141c8a2dd86e52bdece12c4bb316457dca6640733eef09379f8c5e67588cc0f8,inv_b93eeae9,inv_ded00658,75976432,103714596,,1756847482,02-09-2025 21:11:22,1756847482,0,,,,,,,,,
0x96c84266b1f2db591c787d46e9fc398e85b7b9256feeea4eeb6a2c9035e3e170,inv_b93eeae9,inv_d023727b,75976376,200000000,,1756847362,02-09-2025 21:09:22,1756847362,0,,,,,,,,,
0x11a45424fc41de50beda3a534aeddc368e89c4a2f97af24be5f6f8961e65ed43,inv_6d3c2326,inv_f9361ad8,75976144,550000000,,1756846870,02-09-2025 21:01:10,1756846870,0,,,,,,,,,
0x3acb219c9f086cfcb21ffd1a278f40b602b8199efc8576af41fab7e7b2a8c425,inv_474a7d12,inv_d023727b,75973723,300000000,,1756841724,02-09-2025 19:35:24,1756841724,0,,,,,,,,,
0xdb4034bd08b966fc65902e0de58d0c354ab702525cf1da14ece33e9939639484,inv_b93eeae9,inv_0ce4228c,75972019,5000480072,,1756838104,02-09-2025 18:35:04,1756838104,0,,,,,,,,,
0xb744b37cc374db09b1e03d791fd679c411ac7369e0cc502f1b53dd7a53eeed63,inv_3db5e783,inv_0ce4228c,75971988,2400000217,,1756838038,02-09-2025 18:33:58,1756838038,0,,,,,,,,,
0x56a4c41a8398aab5f79459af743de1369ab042957d523c7484ad46dbb5bbea8c,inv_b93eeae9,inv_d023727b,75971551,200000000,,1756837108,02-09-2025 18:18:28,1756837108,0,,,,,,,,,
0xb6051501bab13cb96189b5af5fd45d7c4a6378e754ec1905b4c197e80787ba4c,inv_dbca2891,inv_092b5098,75969390,212000000,,1756832516,02-09-2025 17:01:56,1756832516,0,,,,,,,,,
0xdae860b6c697ae8343058529d27c0e89bfd1a089ec109a061f8a282a2486acf6,inv_dbca2891,inv_ed1fb37d,75969261,102999999,,1756832242,02-09-2025 16:57:22,1756832242,0,,,,,,,,,
0x6393671748b4551c0694a50ecf32ff407a5082819a87beb707c0ec00ddcc2a39,inv_65b4dd5f,inv_ece5bd6a,75964698,373673827,,1756822514,02-09-2025 14:15:14,1756822514,0,,,,,,,,,
0x97be9e22d905cee15beed2854757b8d218c85e292e9b4ae65f039ba433ae8136,inv_65b4dd5f,inv_190c7331,75964644,545000000,,1756822400,02-09-2025 14:13:20,1756822400,0,,,,,,,,,
0xc62ae097c75afd26d307d07f7bd107c9c5d32285e5bb743350ae319702b40847,inv_65b4dd5f,inv_190c7331,75964560,590000000,,1756822222,02-09-2025 14:10:22,1756822222,0,,,,,,,,,
0x109dd99663bfb925b962056a0d002eb7401bc0c92389462e5eb8313cfb50bd14,inv_65b4dd5f,inv_190c7331,75964533,590000000,,1756822164,02-09-2025 14:09:24,1756822164,0,,,,,,,,,
0x09823c1b5addf77b559fff134ca7102b5cf50c72adf506b1cbb8a76f7060a0d6,inv_65b4dd5f,inv_ece5bd6a,75964479,306000000,,1756822048,02-09-2025 14:07:28,1756822048,0,,,,,,,,,
0xa445d66f5d1b7b69fe93e18bc2f3646174344a647aae789579b91c8dd12ca704,inv_65b4dd5f,inv_c48739e9,75964439,117000000,,1756821964,02-09-2025 14:06:04,1756821964,0,,,,,,,,,
0xd47a7772cd20bdb1014a83c8af76dc38d73fbc4716caced88f503ead38304717,inv_65b4dd5f,inv_c48739e9,75964380,117000000,,1756821838,02-09-2025 14:03:58,1756821838,0,,,,,,,,,
0x20112db4e4117e747452df407fec526a28d376476a2bf69fba7b868f2f1a0dc4,inv_5122e65b,inv_0ce4228c,75958023,82181,,1756808330,02-09-2025 10:18:50,1756808330,0,,,,,,,,,
0xc6f56ae8bee9a772ecad044dadc1e067e88fda64100b700bdaa90bbf8ffea472,inv_5b981484,inv_75578a1d,75952158,342000000,,1756795861,02-09-2025 06:51:01,1756795861,0,,,,,,,,,
0x03ac5ac0b0a80127db334e68ea89303839a88743cba45199c6ee6d86d30f0a1e,inv_88e68846,inv_0ce4228c,75950106,398344,,1756791501,02-09-2025 05:38:21,1756791501,0,,,,,,,,,
0x76cb5d6758e7e37d472e0645e5ea8e0c21d95bd2bca96e499e181db3fa06379f,inv_88e68846,inv_2142dfdf,75950010,824000000,,1756791297,02-09-2025 05:34:57,1756791297,0,,,,,,,,,
0x11e68b5812989bbf10a746e4750cc38895e2a15ff38590e0f990027735cb9835,inv_d6369149,inv_b93eeae9,75936550,545000000,,1756762691,01-09-2025 21:38:11,1756762691,0,,,,,,,,,
0xfb71cf713e0a6f9ef15195c3d6741e83821812708696974e922eb5b72cba6cb8,inv_5425f722,inv_c48739e9,75935709,117000000,,1756760903,01-09-2025 21:08:23,1756760903,0,,,,,,,,,
0x3c9ff32b8ccee9c6fe3a2a0af1d1df6304078218c616cce02f2ca9d1bd4ea154,inv_0ce4228c,inv_190c7331,75934499,753323450,,1756758333,01-09-2025 20:25:33,1756758333,0,,,,,,,,,
0x7821f6d07b3ebdcf5530347b13f8b2f2fa87737b1f832e02214c51752c55e8bf,inv_d381a12e,inv_190c7331,75934194,218000000,,1756757672,01-09-2025 20:14:32,1756757672,0,,,,,,,,,
0x00046f472a36a011080ac9a4331edcf73a499015fc717a0d53dd955040a29d00,inv_5122e65b,inv_bae261c9,75933673,60000000,,1756756564,01-09-2025 19:56:04,1756756564,0,,,,,,,,,
0x430144561b1325bc5d24f31109b7e2efd2b79eb2ff78545066cf69f78c49d2f3,inv_5122e65b,inv_bae261c9,75933435,126000000,,1756756058,01-09-2025 19:47:38,1756756058,0,,,,,,,,,
0x974f005daf126b585fb70b7c5c9b8ba15fd637e4aa08999c2f0f8b2d97d36b5d,inv_5122e65b,inv_bae261c9,75933362,123339424,,1756755904,01-09-2025 19:45:04,1756755904,0,,,,,,,,,
0x1267caf7c087588d930f8f0dbdacfa6efd30b60290a134307968f91cdbab6a7a,inv_5122e65b,inv_bae261c9,75933283,52500000,,1756755736,01-09-2025 19:42:16,1756755736,0,,,,,,,,,
0x9651c842ffd6581022578746fe1402dac6a4facf57b3ee398ccd57fc32e32e23,inv_5b981484,inv_a8f467a6,75930859,648000000,,1756750584,01-09-2025 18:16:24,1756750584,0,,,,,,,,,
0x02389ecd10e93cf474d3b471797a31113811b1f933b4da1dd35d8e73a332cffa,inv_5b981484,inv_1cb87ece,75930216,600000000,,1756749218,01-09-2025 17:53:38,1756749218,0,,,,,,,,,
0x9ef577b56629870b2d311c73851a416f8029010bc6a06a449ab46cd89bd94094,inv_a721e9b2,inv_52d1f502,75925574,100044585,,1756739352,01-09-2025 15:09:12,1756739352,0,,,,,,,,,
0x770defe3525739c3f268635f7d98b159b53f5741e051c7031f67ff570190218b,inv_a721e9b2,inv_9dc32d72,75925356,773456879,,1756738888,01-09-2025 15:01:28,1756738888,0,,,,,,,,,
0xdb58711c0102912dffb1734394e97d3720eeeadff7998ad4adba0011235343a6,inv_5122e65b,inv_bae261c9,75918069,46616434,,1756723372,01-09-2025 10:42:52,1756723372,0,,,,,,,,,
0x27647a1937f90036079ace8fb202ee03c2f9ee11d3aa80ec2d5c39b0edfe98d1,inv_b93eeae9,inv_1cb87ece,75913460,1184500000,,1756713576,01-09-2025 07:59:36,1756713576,0,,,,,,,,,
0x49a3730b34dfe9b1b4b2f52381481c7a0e862d7ef02ace386b5d30d1cce0475c,inv_092b5098,inv_a91c1683,75902366,112000000,,1756690000,01-09-2025 01:26:40,1756690000,0,,,,,,,,,
0x40046db58e9e5d38eeaff26ad6abcae1a59fdabd29daca432471b3b521f7db7c,inv_319dc077,inv_ece5bd6a,75899030,344970304,,1756682912,31-08-2025 23:28:32,1756682912,0,,,,,,,,,
0x9ef43717ef165f1262c50491ac61950f1a2a3c60f63f8ef2dcd1d0b3c09faad8,inv_88e68846,inv_a16a6eca,75891384,560000000,,1756666664,31-08-2025 18:57:44,1756666664,0,,,,,,,,,
0xba41642f59eecce3022e49fc07402d274170062e78c7a04cb585577dfb57b489,inv_b9b5acda,inv_ebacd7d1,75876578,1605000000,,1756635166,31-08-2025 10:12:46,1756635166,0,,,,,,,,,
0x64581b6403ac6541f1aa7d710d0647b8accfb22798302b2e5b82ff7a452648dd,inv_3f8508c6,inv_5425f722,75874602,225854780,,1756630966,31-08-2025 09:02:46,1756630966,0,,,,,,,,,
0xb7d32264b3b57c2767232c746955383bf6c8c799989aa01606e441ed8e9fd27d,inv_c617a894,inv_bae261c9,75874483,420000000,,1756630714,31-08-2025 08:58:34,1756630714,0,,,,,,,,,
0x9fece0d87e559b3d51f29aa5b990e42f99ada30a7c0f61b2380b1dff7779b9fb,inv_3f8508c6,inv_e46beaa9,75874357,515000000,,1756630446,31-08-2025 08:54:06,1756630446,0,,,,,,,,,
0xd7a527431edef7de5bd29d699885cfae2fde6cdfd8615afb7d32e9d319067996,inv_190c7331,inv_bae261c9,75873471,189474061,,1756628562,31-08-2025 08:22:42,1756628562,0,,,,,,,,,
0x1d22f77b4b7cf7ec9b0b0531dc90b0939756d37f8fd4475ca900626b5851a886,inv_88e68846,inv_a16a6eca,75869994,1110000000,,1756621174,31-08-2025 06:19:34,1756621174,0,,,,,,,,,
0xe55c06a58e544ca59841d51f6bb8a20e241fb03c659b34ab5cbb1a287cbbd689,inv_092b5098,inv_5425f722,75862862,314885681,,1756605889,31-08-2025 02:04:49,1756605889,0,,,,,,,,,
0x6dd9c4c0d8b6120a68803a67b8e1a2a606e9d1943ccd0b5350116a595b32094a,inv_85c77913,inv_c48739e9,75861413,117000000,,1756602779,31-08-2025 01:12:59,1756602779,0,,,,,,,,,
0xeedb965238df6544ecddea6edd534607e351586bb02b1d5e6e08d8447d658c52,inv_85c77913,inv_bae261c9,75861130,149440989,,1756602145,31-08-2025 01:02:25,1756602145,0,,,,,,,,,
0x81211af903e94cbb8c0b2f496ca50677b4af7a1d1daac956e3df260ebd0011ea,inv_85c77913,inv_602ae15a,75860739,234000000,,1756601315,31-08-2025 00:48:35,1756601315,0,,,,,,,,,
0xa79eb750ece278382b1ad1ee7bb7fe445f1d3d4bdbe8b170baea7ff666f91c36,inv_85c77913,inv_190c7331,75860444,600000000,,1756600655,31-08-2025 00:37:35,1756600655,0,,,,,,,,,
0xed37cf7331900e3e59db8699a109c1527e2cefa45792af585dbe3f8cb107660b,inv_85c77913,inv_b93eeae9,75860217,595000000,,1756600173,31-08-2025 00:29:33,1756600173,0,,,,,,,,,
0x4d1a77c623972aa66341781fe437dad5be01bf39b722b54b410c463ed9c92dc1,inv_88e68846,inv_c48739e9,75829323,117000000,,1756534065,30-08-2025 06:07:45,1756534065,0,,,,,,,,,
0x6507b682b7a46cbaaeb8ae3b94a41592138e61679058bf44c139d5a82ba58c6d,inv_b9b5acda,inv_ebacd7d1,75814165,1605000000,,1756501629,29-08-2025 21:07:09,1756501629,0,,,,,,,,,
0xb439847ad131831628b8008818bd09b81f91c4d294ef515567edc9b17f85267b,inv_7c6aada8,inv_62fc6c1b,75803450,231192980,,1756478859,29-08-2025 14:47:39,1756478859,0,,,,,,,,,
0x0dc4608e96fc259f9920ac20ea90296f38f9ef42dc7fd549231e87378bb25e69,inv_c48739e9,inv_a16a6eca,75802607,1110000000,,1756477067,29-08-2025 14:17:47,1756477067,0,,,,,,,,,
0x60f0dfabb713bf7d3b94bfb9c5e49f3505c3f6a8e9cf0d3241c689c758367e1a,inv_ed1fb37d,inv_96d92bb4,75797409,157507875,,1756466003,29-08-2025 11:13:23,1756466003,0,,,,,,,,,
0xe7f9de4e4f875942410db3779f792959efdef1c32422e0f6cae2fbae0b2024f4,inv_88e68846,inv_ebacd7d1,75793314,1070000000,,1756457301,29-08-2025 08:48:21,1756457301,0,,,,,,,,,
0x75a592048c8b9201e983c067de99bf54f17cf3232b86ad154f62395b1bdf0d09,inv_60dcb8f6,inv_ece5bd6a,75792725,384892312,,1756456049,29-08-2025 08:27:29,1756456049,0,,,,,,,,,
0x07d62f7f51842f57dd8dcb15583d815a560f237aea1394e99b07bc9f1307ae9f,inv_88e68846,inv_a16a6eca,75792682,1110000000,,1756455957,29-08-2025 08:25:57,1756455957,0,,,,,,,,,
0xc50d4784a70e06ba206b7d81d2f7de671dbda0ef4fe717a3a7c73bd665154bf5,inv_88e68846,inv_bae261c9,75790698,120000000,,1756451741,29-08-2025 07:15:41,1756451741,0,,,,,,,,,
0xb0397b626e3f5e64dcef622b0a1487df604035dd2a10d00753d8950ba309ec3d,inv_68c8ac7f,inv_092b5098,75780990,112000000,,1756431045,29-08-2025 01:30:45,1756431045,0,,,,,,,,,
0xcf61650da1b6e6a61bdf9ec95c01296f1eb4a638d0752ee7bb4a022f47d052c3,inv_49de41e1,inv_a16a6eca,75775056,560000000,,1756418277,28-08-2025 21:57:57,1756418277,0,,,,,,,,,
0xde446cb3aef581e6d10fbc9b26e0f08a0b70717c35ebd40114c00f23a0f8fa5d,inv_49de41e1,inv_a16a6eca,75774924,1110000000,,1756417995,28-08-2025 21:53:15,1756417995,0,,,,,,,,,
0x83731ba7abe2b46fb5834e3849a78f7838cd845d6d732c484a1abc3610666a4f,inv_c899deb9,inv_a46597a6,75770944,130689243,,1756409501,28-08-2025 19:31:41,1756409501,0,,,,,,,,,
0xe35dad7e7c505d4e87454f09408dd042034aa484a4589448af2889ee88a469bd,inv_88e68846,inv_c48739e9,75767796,117000000,,1756402811,28-08-2025 17:40:11,1756402811,0,,,,,,,,,
0xa2c275df6171468a7e11d4dfe91b72bcfbb44b7138d8d2ee1b58e37a8b54ce4e,inv_5425f722,inv_c48739e9,75767177,117000000,,1756401495,28-08-2025 17:18:15,1756401495,0,,,,,,,,,
0x1b68fae86122d713fb7eeb90af6604f75928ff77eef3ba5e5a10be3acee9fc35,inv_b9b5acda,inv_602ae15a,75766832,661891484,,1756400763,28-08-2025 17:06:03,1756400763,0,,,,,,,,,
0x75e32cdd67556ae4359a636d4e58e2413d209edbb2df59424d6ff5da032352b1,inv_5425f722,inv_602ae15a,75766453,117000000,,1756399957,28-08-2025 16:52:37,1756399957,0,,,,,,,,,
0xd042d19ac488dfa5dbf60a50f0f0c9c9f10e0a474730dd54fb10c2c05e8ca25e,inv_5425f722,inv_c48739e9,75766369,117000000,,1756399779,28-08-2025 16:49:39,1756399779,0,,,,,,,,,
0xad1c20d9d1d3791a947d011b88cb16b05e67640156b51ff332e060a4cdfdd8e5,inv_e46beaa9,inv_034eb140,75766247,1537990731,,1756399519,28-08-2025 16:45:19,1756399519,0,,,,,,,,,
0x7261287d2bf17e5ea27d6f1c56185ab60976619a73a9550cc36a280d6c1fcc26,inv_5425f722,inv_602ae15a,75765685,575000000,,1756398325,28-08-2025 16:25:25,1756398325,0,,,,,,,,,
0x483330ca0cb05d928ab618fcbf60f444e8861d5b75ff9bc86008c5f7cec9f8e7,inv_49f8251b,inv_a46597a6,75760453,130648374,,1756387207,28-08-2025 13:20:07,1756387207,0,,,,,,,,,
0x911e715fb599f5aa47752109e50849d4956332baebd299bbddcb895a61c8900e,inv_60dcb8f6,inv_a16a6eca,75750245,560000000,,1756365515,28-08-2025 07:18:35,1756365515,0,,,,,,,,,
0xeb8c7b46e74a02a3e432d34efbce18b2ea97cba1bf93926ac08e8bfd60987634,inv_5425f722,inv_a16a6eca,75736902,1110000000,,1756337161,27-08-2025 23:26:01,1756337161,0,,,,,,,,,
0x06868f334042095ef18fac4e60f38e906b288538a389168bc48964288a4d6f2f,inv_190c7331,inv_4589a331,75727131,892550000,,1756316393,27-08-2025 17:39:53,1756316393,0,,,,,,,,,
0xae321e37781d12ae1a8d7b2922b2829ecd9a952d46516d8a39f3a291e501d6a9,inv_68c8ac7f,inv_092b5098,75721643,112000000,,1756304725,27-08-2025 14:25:25,1756304725,0,,,,,,,,,
0xdc518f00bb42c78e35e3588d57d2a8226aaa6ee276896ad0959b57827b43bac7,inv_5425f722,inv_65e1f4c5,75720769,230000000,,1756302869,27-08-2025 13:54:29,1756302869,0,,,,,,,,,
0xe812b9c6f26b8a23b17aa1f8ce8760881e9d3ba214c773e9a275e56e3e2f5d33,inv_e46beaa9,inv_ece5bd6a,75720763,360000000,,1756302855,27-08-2025 13:54:15,1756302855,0,,,,,,,,,
0x5d4327b4650004d60b108e0f015871eb80d6c9b457f8c41cf1fae0fcf2513995,inv_5425f722,inv_a16a6eca,75720734,560000000,,1756302793,27-08-2025 13:53:13,1756302793,0,,,,,,,,,
0x7108b8fccf6f7c63825e64afaa4b95da31928c13f9663f58b161b584ec8cfb20,inv_e46beaa9,inv_a16a6eca,75720691,448000000,,1756302703,27-08-2025 13:51:43,1756302703,0,,,,,,,,,
0x203257282703b8e473eb1b23ea3d4a49b5fbf6353facb9e6088cb99e993d23e2,inv_e46beaa9,inv_a16a6eca,75720479,560000000,,1756302251,27-08-2025 13:44:11,1756302251,0,,,,,,,,,
0x128246dfa4d1b5ce57dab57001bcbf590265f4a601ca0afc4b2e69119ab1dd3b,inv_5122e65b,inv_092b5098,75718813,108000000,,1756298711,27-08-2025 12:45:11,1756298711,0,,,,,,,,,
0xe2db2bc93de862f0f3b311d8b1dfb008688ec3aa062490b0c410dc4a7595353d,inv_d381a12e,inv_0ce4228c,75693323,110000000,,1756244063,26-08-2025 21:34:23,1756244063,0,,,,,,,,,
0x59657e055c47d250cd35fd47a4ea00a5a008c14cf2950330603050f4c366afdc,inv_d381a12e,inv_ece5bd6a,75693272,356052449,,1756243955,26-08-2025 21:32:35,1756243955,0,,,,,,,,,
0xbf540bcc71722a78953a4d23c8ef38d90c66b4d5e038a963d1c2e6cbda96263b,inv_2b4ec384,inv_ebacd7d1,75686439,1080000000,,1756229435,26-08-2025 17:30:35,1756229435,0,,,,,,,,,
0xaebb213778ac9a7a7efc785203728e9fb1482478b14848f499970bd39b9ce179,inv_2b4ec384,inv_ebacd7d1,75686394,1605000000,,1756229339,26-08-2025 17:28:59,1756229339,0,,,,,,,,,
0x3b09e94bbb117281d9b7cc705de758ceaeb9bd7374cf61d377cf5e79289afbe6,inv_4b22da68,inv_0ce4228c,75685860,883200000,,1756228205,26-08-2025 17:10:05,1756228205,0,,,,,,,,,
0x909fee369f977e6c6961da1d5c8f5fd1944f848377f3956debc1753e13ec9a27,inv_15e74cde,inv_0ce4228c,75685816,307000000,,1756228111,26-08-2025 17:08:31,1756228111,0,,,,,,,,,
0x89af07356863e6900acabe7e1cdb4c6149cb9cbac2b188513964bc3396261ffd,inv_75578a1d,inv_ece5bd6a,75683532,374457439,,1756223257,26-08-2025 15:47:37,1756223257,0,,,,,,,,,
0xe5fd91714ca2bb67a55c54c8e008e59b5514a11d123c7064484c6210ddf1f34e,inv_39d0ac30,inv_a16a6eca,75681681,560000000,,1756219325,26-08-2025 14:42:05,1756219325,0,,,,,,,,,
0xa15d6b4f333781cc1c87cf37c9710fed8078c6ac58dbef2918931078cffe4d68,inv_60dcb8f6,inv_a16a6eca,75678447,560000000,,1756212451,26-08-2025 12:47:31,1756212451,0,,,,,,,,,
0xeea7deb8455476ab90e24017cd552e4abce4fca06288390abe75d95608a1b375,inv_24290cf0,inv_0ce4228c,75670522,1100000000,,1756195611,26-08-2025 08:06:51,1756195611,0,,,,,,,,,
0x43260c0dc19e7daaa1ec6948f16ed1d50c47d71e33bf8f96f1419b680f7cd943,inv_24290cf0,inv_0ce4228c,75670498,1100000000,,1756195561,26-08-2025 08:06:01,1756195561,0,,,,,,,,,
0x80e5f0f0ce30a8f15eeaf99555c28f8d748c5e661e4aa1fb224d14987c5233a0,inv_24290cf0,inv_0ce4228c,75670473,1100000000,,1756195507,26-08-2025 08:05:07,1756195507,0,,,,,,,,,
0x2000036c7824fde19b0ac03fbd92b699f7c189eb73ddce05497c662a5cd641ee,inv_24290cf0,inv_0ce4228c,75670448,1100000000,,1756195455,26-08-2025 08:04:15,1756195455,0,,,,,,,,,
0xe6601de48ba2346169801729c77a28283417f396b52479259a45936696142a36,inv_0ce4228c,inv_b93eeae9,75670372,545000000,,1756195293,26-08-2025 08:01:33,1756195293,0,,,,,,,,,
0xc1435f0d3125155fb3007eb78f8d34981c184ff34585aadff1cac183e2270d3d,inv_24290cf0,inv_0ce4228c,75670211,1100000000,,1756194951,26-08-2025 07:55:51,1756194951,0,,,,,,,,,
0x532aa60ec1e80c38bb62da3aa8fefe4df1bbf7f3e497fe40fc6e3384a9d842c0,inv_75578a1d,inv_b93eeae9,75655971,708500000,,1756164663,25-08-2025 23:31:03,1756164663,0,,,,,,,,,
0x72bc93a538b08b70a85dfbcbab418c870e2b316fa18a6b9e1052ab95e5d59855,inv_d381a12e,inv_b93eeae9,75650468,545000000,,1756152967,25-08-2025 20:16:07,1756152967,0,,,,,,,,,
0x74fd749686020dba6ea1086599b16394eb653628d08f10fad672bcdd003234dc,inv_498e8beb,inv_717b3dcd,75644145,3000000000,,1756139499,25-08-2025 16:31:39,1756139499,0,,,,,,,,,
0xa6e2442e7a0ddd2dac4f634d3cc602a88b89391cbb0e8c368b43b4c4c96a3892,inv_190c7331,inv_717b3dcd,75644032,3000000000,,1756139259,25-08-2025 16:27:39,1756139259,0,,,,,,,,,
0x2429febfa62bb6caf36ecca8dbfc79d5fcc8492eb85cc3253f0249e5f6daa6e2,inv_498e8beb,inv_190c7331,75643956,2875000000,,1756139097,25-08-2025 16:24:57,1756139097,0,,,,,,,,,
0x0380b635246ca7bcbfec3fa20a689b8a5fb431953504575dff9e468971284771,inv_6d3c2326,inv_717b3dcd,75643948,3000000000,,1756139079,25-08-2025 16:24:39,1756139079,0,,,,,,,,,
0xf5708d94c42982dd174c545bd9b6242e3e8c67c31d496a5e6f9eb51537865c3d,inv_49f8251b,inv_717b3dcd,75643668,3000000000,,1756138485,25-08-2025 16:14:45,1756138485,0,,,,,,,,,
0x43315b6d4a0f2ae92ebdb389b4f2ec87d4ad906a21f9c1c3a9a3e69a27d944ef,inv_190c7331,inv_717b3dcd,75643586,2403000000,,1756138311,25-08-2025 16:11:51,1756138311,0,,,,,,,,,
0x55519a5d0fcdc36af077b0f1ecb69b889c0d951580004aaae94ac9bfc6a47b1b,inv_39d0ac30,inv_c48739e9,75643554,117000000,,1756138243,25-08-2025 16:10:43,1756138243,0,,,,,,,,,
0x89cfeb10fb8ca0e270d04bc2925a0b7238510dec16283ecb8e17e83cfeb00c3a,inv_b93eeae9,inv_717b3dcd,75643529,3000000000,,1756138189,25-08-2025 16:09:49,1756138189,0,,,,,,,,,
0xae1e8577affa12e74750d61726e311f402cf6ede7ce19d83a4ed8b6a1a1bdf68,inv_5122e65b,inv_092b5098,75641860,103000000,,1756134643,25-08-2025 15:10:43,1756134643,0,,,,,,,,,
0x8f2f5b3fdbcecf4b39a8944cce89b0a8927bd82e4fc45e07220dada7af43731c,inv_75578a1d,inv_b93eeae9,75640398,545000000,,1756131535,25-08-2025 14:18:55,1756131535,0,,,,,,,,,
0x1003250d977416b56f937948d6990602925ab763db055a4e69d82967b5be7685,inv_190c7331,inv_717b3dcd,75637942,2500000000,,1756126317,25-08-2025 12:51:57,1756126317,0,,,,,,,,,
0x7cb94058eb98acc34af642fb048c17b36d1c9fca53b3089487399f5415cd8a1a,inv_190c7331,inv_717b3dcd,75637826,6651000000,,1756126071,25-08-2025 12:47:51,1756126071,0,,,,,,,,,
0x4ef4c41f368c5d005fd137ffa8b10587aa2a4e887899436d7a14448072d9e184,inv_190c7331,inv_717b3dcd,75637783,11727000000,,1756125979,25-08-2025 12:46:19,1756125979,0,,,,,,,,,
0x5fe9a953c05819779629115d04e8342d8a7829fcdd69d44e97a08d5d678a556e,inv_190c7331,inv_717b3dcd,75637742,2490000000,,1756125891,25-08-2025 12:44:51,1756125891,0,,,,,,,,,
0xf6b26c5a4730c71941b577e29fc8bc5e845697e2165a2b3dfac0f784fec35a09,inv_190c7331,inv_717b3dcd,75637708,7695000000,,1756125819,25-08-2025 12:43:39,1756125819,0,,,,,,,,,
0xe9a1513db4e764f06190ec4e6c5fe76d700c0ad326b198c191f9b1e5dc9cd9e3,inv_b93eeae9,inv_717b3dcd,75637355,1485000000,,1756125069,25-08-2025 12:31:09,1756125069,0,,,,,,,,,
0x5bdcb1b2e4d6c3069e4ca1cfdf0028ef42cbb9ebcdca9e66b2fc7ffd254efe5c,inv_49de41e1,inv_b011e9de,75635309,2300000000,,1756120721,25-08-2025 11:18:41,1756120721,0,,,,,,,,,
0x6f3c54e2f03e1525b7548539e4d6dc82adeda2838397c7359877db0d160ceda3,inv_6d3c2326,inv_717b3dcd,75633931,59000000,,1756117793,25-08-2025 10:29:53,1756117793,0,,,,,,,,,
0x4d0716a1455be8ab69523b34f4963a15fe087cf702a1e16b4186eb44bfa2587f,inv_60dcb8f6,inv_a16a6eca,75629696,560000000,,1756108795,25-08-2025 07:59:55,1756108795,0,,,,,,,,,
0xe1a40b8714ab254573c57377fa060e729d9e50ffb6fb4d68d669bc98a59cd238,inv_b93eeae9,inv_ece5bd6a,75627795,334115356,,1756104755,25-08-2025 06:52:35,1756104755,0,,,,,,,,,
0x428faa59cabf4bed05246fb7a89728a3981b2b5715d925aa3597a025c94a0f67,inv_65e1f4c5,inv_c48739e9,75620453,117000000,,1756088877,25-08-2025 02:27:57,1756088877,0,,,,,,,,,
0xb07357e4207dafd858eaca8e350d863ea8361c2ca3bb86398086c30be2ba960e,inv_c48739e9,inv_a16a6eca,75611933,555000000,,1756070087,24-08-2025 21:14:47,1756070087,0,,,,,,,,,
0x9477737fdb28ec696377e6ec78dc854ea31ece9480f068cc88878129eb7f43d2,inv_274255ed,inv_c48739e9,75611348,117000000,,1756068845,24-08-2025 20:54:05,1756068845,0,,,,,,,,,
0xcec9c9ae4b98f06989312d06c588d9ceefe0a8fab4ad4904d980397a2600c6e7,inv_274255ed,inv_c48739e9,75609018,117000000,,1756063765,24-08-2025 19:29:25,1756063765,0,,,,,,,,,
0x90291b3b90c2de1a878b537fcf4aa263f95efaceb186c4732bc7acd341a5926f,inv_6d3c2326,inv_a16a6eca,75602646,560000000,,1756049905,24-08-2025 15:38:25,1756049905,0,,,,,,,,,
0x39f3d4ec8a636bb67d340cb21f377f8f037cda142fbb310029d0a37c846734e9,inv_6d3c2326,inv_a16a6eca,75602618,560000000,,1756049813,24-08-2025 15:36:53,1756049813,0,,,,,,,,,
0xfa60e718001d477d904006ccd79b4d79d4e269eaf35c631fe85e6c3baf68b9b0,inv_75578a1d,inv_ece5bd6a,75602413,162497635,,1756049377,24-08-2025 15:29:37,1756049377,0,,,,,,,,,
0xa5a76beadd8ed80489ae89f98f72c408fe0c0ae7f6455ca6e3b2e0e5b7f8ad5d,inv_75578a1d,inv_c48739e9,75602275,117000000,,1756049053,24-08-2025 15:24:13,1756049053,0,,,,,,,,,
0x8e6253562cd25a876d40e22df0650882132ba1c71fa8844b19753da663c295bf,inv_190c7331,inv_ece5bd6a,75600918,85328584,,1756046009,24-08-2025 14:33:29,1756046009,0,,,,,,,,,
0xd8b0e14b481c67e2e7f5da25b0d3da27630db0df51a6c9fa7270193fd04feac6,inv_c48739e9,inv_b011e9de,75598346,2200000000,,1756040223,24-08-2025 12:57:03,1756040223,0,,,,,,,,,
0x885bb391ccbb3319c9fb43c6a5a1df70acd6139be0900486cb35654fa87035b0,inv_27275bb1,inv_f828c839,75595187,1020000000,,1756032903,24-08-2025 10:55:03,1756032903,0,,,,,,,,,
0x4ed1666b00b328efcdefafa6c68ea7f1f4801e29df0201812a845605660eed16,inv_c48739e9,inv_a16a6eca,75593105,550000000,,1756027999,24-08-2025 09:33:19,1756027999,0,,,,,,,,,
0x03d7d67911dbd9e3fdde42d3c7847588ea6d0c67546690c5bd7d42c2fb91fff1,inv_c48739e9,inv_a16a6eca,75593078,550000000,,1756027941,24-08-2025 09:32:21,1756027941,0,,,,,,,,,
0xb7d67216c3bf4d62750f42ef6eaffe1d50ac73695f9dac6413344d6de8503507,inv_27275bb1,inv_75578a1d,75567822,183372287,,1755973253,23-08-2025 18:20:53,1755973253,0,,,,,,,,,
0x3d8be6aafc8ef59bc2305f27baf8a0756239cf7d41603188a0ccb0564373b888,inv_ca36451a,inv_4e1b79a4,75556777,419853168,,1755949333,23-08-2025 11:42:13,1755949333,0,,,,,,,,,
0xc95f9f1ace27b9cad4e0717c9e1a5427029a122e1bfc16b74f1c234e6a5e3413,inv_ca36451a,inv_092b5098,75556406,108000000,,1755948513,23-08-2025 11:28:33,1755948513,0,,,,,,,,,
0x02048251870ffd1ae6bc82371be7927786ecfd0e697b39acedcacc37af685a12,inv_ca36451a,inv_75578a1d,75554902,230000000,,1755945247,23-08-2025 10:34:07,1755945247,0,,,,,,,,,
0x2575ea5d7d1b60a595c01f49ba6f0aa3a6d5ceee7345b049691b39ef8d66cc5e,inv_60dcb8f6,inv_a16a6eca,75550385,990000000,,1755935211,23-08-2025 07:46:51,1755935211,0,,,,,,,,,
0x4f580b38cae1fe77e52fe4ef37d5ecc86c845cb33cdfce38deb49a24be4c0430,inv_24290cf0,inv_b93eeae9,75549576,880000000,,1755933363,23-08-2025 07:16:03,1755933363,0,,,,,,,,,
0x90622f85e58c55683651e992b4b140eaa5fa2677dbb553fcd587478de7463b52,inv_b96f21af,inv_a16a6eca,75478599,495000000,,1755779251,21-08-2025 12:27:31,1755779251,0,,,,,,,,,
0xa446f223bb60d2ca03afa4df754dad05768d0056e13b33d21d996858a583c27b,inv_b96f21af,inv_a16a6eca,75478510,495000000,,1755779061,21-08-2025 12:24:21,1755779061,0,,,,,,,,,
0x1777b070278e5e74782304f8249ecf7c81014c773764ad640aa9d0e738869f72,inv_cd41d597,inv_a16a6eca,75476561,693000000,,1755774761,21-08-2025 11:12:41,1755774761,0,,,,,,,,,
0x541bd6452cf063d5bf094e2f6ad3e1bcdc7eed36951d942cb04f962ceee29977,inv_b96f21af,inv_a16a6eca,75475137,495000000,,1755771671,21-08-2025 10:21:11,1755771671,0,,,,,,,,,
0xb7828bbb67b6fb24daab2761193bb7eff8594a92509c2fabf2190e348c2a6694,inv_88e68846,inv_a16a6eca,75467061,792000000,,1755754509,21-08-2025 05:35:09,1755754509,0,,,,,,,,,
0x7ce0fe219401829f3477075ab3233a3059ae7712667ec140c8ecc407e6312d75,inv_7c6aada8,inv_0ce4228c,75445263,216035419,,1755708187,20-08-2025 16:43:07,1755708187,0,,,,,,,,,
0x0ab0011aef03563fa83e9795890484841e912447c8e966a11bcb617f8edf3e9f,inv_498e8beb,inv_dd02f503,75444078,236000000,,1755705669,20-08-2025 16:01:09,1755705669,0,,,,,,,,,
0x6c4c35f7c2d9b46a4dd6141cc662ff945093ae0da33cc0f73bac7b70dac07655,inv_262f6642,inv_092b5098,75412108,108000000,,1755637471,19-08-2025 21:04:31,1755637471,0,,,,,,,,,
0xb4962ad65f8d9d3dd4ddf3094374b93fa7c4174e37a893acc880126bf0c9e77e,inv_e46beaa9,inv_007a4ae2,75403844,602032470,,1755619897,19-08-2025 16:11:37,1755619897,0,,,,,,,,,
0x2d1e1e1fd199b11efa1c3b4d6f13bfcf3a300288c21a26c5e0e5838c6a4fc6c3,inv_e46beaa9,inv_e960383f,75403743,256343544,,1755619681,19-08-2025 16:08:01,1755619681,0,,,,,,,,,
0x52434b4c9974373773b67d8ed8b9a5bbb2ebce98b0307f929f413c84886aa7f4,inv_262f6642,inv_092b5098,75365042,108000000,,1755537400,18-08-2025 17:16:40,1755537400,0,,,,,,,,,
0x3bd08f57be223eb48980ce038a7af0fc2fc7af694a99354c1cbc038f8c8a05ef,inv_262f6642,inv_092b5098,75365008,108000000,,1755537328,18-08-2025 17:15:28,1755537328,0,,,,,,,,,
0x76eeefd423463bb7c124f67dec726ac7242a08f3293215d8b45f5ad83dadc863,inv_88e68846,inv_64875cb2,75349584,350197377,,1755504550,18-08-2025 08:09:10,1755504550,0,,,,,,,,,
0x2554d5da73e342e32e577372479623b042631335fb00a5d4c48797c3bf2b9c95,inv_88e68846,inv_64875cb2,75348392,353684822,,1755502016,18-08-2025 07:26:56,1755502016,0,,,,,,,,,
0xf920525795068ffbec21efe2dd4ddd21e1360be69f98a7d2a952fa9b8e538951,inv_88e68846,inv_bae261c9,75347899,120000000,,1755500968,18-08-2025 07:09:28,1755500968,0,,,,,,,,,
0xfdae9f18ccf3a711fd6760e1f8e68b231e2d1ed3080933a941b711bb6f5d9f71,inv_5122e65b,inv_64875cb2,75331924,701978,,1755467022,17-08-2025 21:43:42,1755467022,0,,,,,,,,,
0xb02c65158f3d1221753d51c73f68d47053b19aa7b56e7356eec0f0c3ba3fffd2,inv_75578a1d,inv_9f0c7322,75289513,327000000,,1755376868,16-08-2025 20:41:08,1755376868,0,,,,,,,,,
0xd206800631f946d7103e71325c04f6552db2aa27f576812795ceb754f95158c7,inv_75578a1d,inv_9f0c7322,75289411,327000000,,1755376652,16-08-2025 20:37:32,1755376652,0,,,,,,,,,
0x1f212b1fc76d64821f7a7ad35355adbe1cfeffe327c8cf538aa2113c22d7a896,inv_5122e65b,inv_75578a1d,75285855,54449817,,1755369094,16-08-2025 18:31:34,1755369094,0,,,,,,,,,
0xae66f9adef62d96a38339470428f12046df3bef6ce59bc0ccb5ce48f6b4f2c8e,inv_092b5098,inv_9f0c7322,75284152,327000000,,1755365476,16-08-2025 17:31:16,1755365476,0,,,,,,,,,
0x1096fbe144054778d97e0be7c263b732408e6ea83d5b103a53bc3183f9407cc5,inv_d381a12e,inv_b93eeae9,75234373,218000000,,1755259438,15-08-2025 12:03:58,1755259438,0,,,,,,,,,
0x413891649dd3d8986c1934f8da02f329887637752578515e0cdbf957a6e53054,inv_d381a12e,inv_b93eeae9,75203318,218000000,,1755193419,14-08-2025 17:43:39,1755193419,0,,,,,,,,,
0x59b2912fa0741b09e36078a6e50cdbf85ccaa046a448cfdcb7c398b23da1820c,inv_092b5098,inv_b1452190,75203074,333820000,,1755192901,14-08-2025 17:35:01,1755192901,0,,,,,,,,,
0xeb5871c6e1d1f3cba8a890824501f0da0cdc62bda007c47d2cd0cfa849e230f5,inv_c48739e9,inv_b1452190,75201858,154422415,,1755190317,14-08-2025 16:51:57,1755190317,0,,,,,,,,,
0xa00e535c747711dd4ff34ac6ca015787a471433f949c83989b0474aa3fd0c788,inv_c48739e9,inv_b1452190,75201702,84895883,,1755189985,14-08-2025 16:46:25,1755189985,0,,,,,,,,,
0x1f544a163e429ba0e286290e4a929325c6d7171384f5b42c057eaed84deb6342,inv_6d3c2326,inv_b1452190,75200413,456750000,,1755187245,14-08-2025 16:00:45,1755187245,0,,,,,,,,,
0x3f3371bbde71e5bd49108386360713aadffeae8fa4279672abaebb46f79f69ef,inv_5122e65b,inv_f828c839,75157689,109000000,,1755095465,13-08-2025 14:31:05,1755095465,0,,,,,,,,,
0xd5c7a06ced6a52d96437dee2169e6d9fe6fb2e9fe58e3f0f896cef754245b8dd,inv_5122e65b,inv_092b5098,75157529,108000000,,1755095125,13-08-2025 14:25:25,1755095125,0,,,,,,,,,
0x8006c5b1c52556b5d2dd1e8277a7c3e42612362c81cb852c525ace124fd77ec7,inv_6d3c2326,inv_092b5098,75130717,116000000,,1755038149,12-08-2025 22:35:49,1755038149,0,,,,,,,,,
0x602e20c76b8d7a2d9385a6573faa25b34fbd34d77e4d250e3f89cb5014d81bf6,inv_6d3c2326,inv_b261c1fb,75130664,1048114935,,1755038037,12-08-2025 22:33:57,1755038037,0,,,,,,,,,
0xe90d775166e7e58ada1e62f6fdcbc25bbf312bbd27b3dd3d443e76cd9deaf9ea,inv_5122e65b,inv_64875cb2,75129354,25750000,,1755035253,12-08-2025 21:47:33,1755035253,0,,,,,,,,,
0xadd75d8c2830d76c1ae3ee9daecff19a9fa342d3fc2879a2297a82c4cd178814,inv_a53142d1,inv_75578a1d,75125102,120000000,,1755026217,12-08-2025 19:16:57,1755026217,0,,,,,,,,,
0x43980e41148e00ba36c0cf495b2c29f6d23b75f2d62df1f6506f1b7153f8f959,inv_24290cf0,inv_c19b9486,75065525,234000000,,1754899548,11-08-2025 08:05:48,1754899548,0,,,,,,,,,
0x111660301ffb7e7a392a811ed9973e1bc437a0049aac80eb19f937a0b50d4f8b,inv_75578a1d,inv_055d5186,75045140,607068000,,1754856230,10-08-2025 20:03:50,1754856230,0,,,,,,,,,
0x774fe85da29dc5fa270f5ded8df359d11a6610da63ba134a6509abb32604c9d8,inv_5122e65b,inv_bae261c9,75041582,60000000,,1754848668,10-08-2025 17:57:48,1754848668,0,,,,,,,,,
0x6d133a4fd636084be625b3d9a823239aab3b49dbb078ee45abc816059eb4c57f,inv_2089a952,inv_dd02f503,75035015,224130947,,1754834713,10-08-2025 14:05:13,1754834713,0,,,,,,,,,
0x07ad44c1c29b0f6f2a0abbb1b085d555ca3e374b81e3d66baed621a088ab93f4,inv_88e68846,inv_bae261c9,75033088,120000000,,1754830619,10-08-2025 12:56:59,1754830619,0,,,,,,,,,
0x64405f2b337369b1e463fc8d10aed65a4ea2dc17d45683859e05f3f5350b9855,inv_27d9f845,inv_c19b9486,74988736,116000000,,1754736367,09-08-2025 10:46:07,1754736367,0,,,,,,,,,
0x34b16fde37e61a2a34ff097250c8ab647aa43151cab5fb97c667e6405c427e85,inv_49de41e1,inv_dd02f503,74951423,234000000,,1754656833,08-08-2025 12:40:33,1754656833,0,,,,,,,,,
0x6c8b826bca85680fab93b7539d8e7ee40952acb08fd8b132c100720e98f00a26,inv_baefba0d,inv_62e03780,74916848,147650317,,1754583123,07-08-2025 16:12:03,1754583123,0,,,,,,,,,
0x18ce11fa790156e2ba0a6e90657573c80ff2b40865c32db7eb488e47ff181f02,inv_49de41e1,inv_b261c1fb,74887772,471704400,,1754521333,06-08-2025 23:02:13,1754521333,0,,,,,,,,,
0xd4870b826e132f309f1d611886a14d8c77369d052d3fab619a9b9c6ec5ec0409,inv_49de41e1,inv_64875cb2,74887681,409500000,,1754521141,06-08-2025 22:59:01,1754521141,0,,,,,,,,,
0x328962eac4c96f1df3570531e662aa07e3e6cff10678e1a52570ee3543bb900a,inv_49de41e1,inv_64875cb2,74887624,232000000,,1754521019,06-08-2025 22:56:59,1754521019,0,,,,,,,,,
0xfcc54ded369788de1a10fdc727aa31e027a1b42c3e7e3882b25aff3f3d44c1cb,inv_49de41e1,inv_bae261c9,74887485,234000000,,1754520723,06-08-2025 22:52:03,1754520723,0,,,,,,,,,
0x174ed84f92732aa7de8eb31b2444d12061bd01ab6c93eb75f014e2a8a98dbc59,inv_4756d229,inv_b261c1fb,74836451,444000000,,1754412043,05-08-2025 16:40:43,1754412043,0,,,,,,,,,
0x998a44bcb6b794c5f3315880b3da3aa9568d3934d38380d9c8f33d742e9d58b2,inv_d2acc402,inv_be71e186,74807259,111324564,,1754349685,04-08-2025 23:21:25,1754349685,0,,,,,,,,,
0x6ed16c27aa30e55368500350742715ae3792ce4e396f0970788602db4e6e5f67,inv_092b5098,inv_007a4ae2,74801708,500150000,,1754337761,04-08-2025 20:02:41,1754337761,0,,,,,,,,,
0x0f24ab17f01bfe8c610f8f94c442a0c9eba294d23ae43f9574b56206c312e5ec,inv_5122e65b,inv_d2ee9846,74783920,103045393,,1754299737,04-08-2025 09:28:57,1754299737,0,,,,,,,,,
0x9129b5f0e6d30f23040ce0d9694351eb1f3358793c914a4e41f4886952eecd86,inv_4292aa05,inv_007a4ae2,74781190,500150000,,1754293935,04-08-2025 07:52:15,1754293935,0,,,,,,,,,
0x71742bb1db84e0fa786b8026d8ad2baed85b6f2905156b9706073c2638dc6c39,inv_4292aa05,inv_007a4ae2,74780768,250075000,,1754293039,04-08-2025 07:37:19,1754293039,0,,,,,,,,,
0xd47254ebc98884115be554e2ebc9677d556c8cd65bce17902033397a87d4113f,inv_e81b677a,inv_c19b9486,74764051,116000000,,1754257285,03-08-2025 21:41:25,1754257285,0,,,,,,,,,
0x95a9276523e7c09209e9139179bab6706eaabf074f361c9cc9591652091d2497,inv_092b5098,inv_c19b9486,74759016,116000000,,1754246581,03-08-2025 18:43:01,1754246581,0,,,,,,,,,
0x6723624a9619818dc369e4673faa7f6b71f461b3bda169f53802e5e9ae8c958f,inv_88e68846,inv_bae261c9,74755828,120000000,,1754239807,03-08-2025 16:50:07,1754239807,0,,,,,,,,,
0x409a9bd07f76d5dd7a25964e453a5c1131382c16d850dfda06461553fc9de70a,inv_7c6aada8,inv_c19b9486,74744920,348000000,,1754216625,03-08-2025 10:23:45,1754216625,0,,,,,,,,,
0x87375ea6813c408f1372a9fe16f045f33302a7096e8734be0fc3ab907a3d09d7,inv_7c6aada8,inv_d2ee9846,74744424,84181618,,1754215568,03-08-2025 10:06:08,1754215568,0,,,,,,,,,
0xf4a0f06bdb8d6823f34bea1119d431c66e034a72d4ac0ec98790a68be37093c3,inv_8a1f8f98,inv_bae261c9,74743738,57000000,,1754214110,03-08-2025 09:41:50,1754214110,0,,,,,,,,,
0x6adc8269e30bf9532a681f5b9d6ef9045eb08dc132bb1c941826edaa4f15202f,inv_4756d229,inv_9dc32d72,74720572,761384431,,1754164844,02-08-2025 20:00:44,1754164844,0,,,,,,,,,
0x81e832cbe4575f2fcf8673ae08ea3004fff2f226aa7fa3aff16b8e758a9bdab7,inv_4756d229,inv_b9b5acda,74720524,1904000000,,1754164742,02-08-2025 19:59:02,1754164742,0,,,,,,,,,
0x5adf489e0afcb8200ee79302743bdbbf4340e1feb0d266f347ad5f0c563c8a9b,inv_65cf7f7d,inv_007a4ae2,74712599,588130000,,1754147894,02-08-2025 15:18:14,1754147894,0,,,,,,,,,
0xbfb660ab9215135ebb7d2e3a3f0891cbfeeca554070cffe26749616d04e5151e,inv_49de41e1,inv_57b0a5cc,74704914,525800000,,1754131564,02-08-2025 10:46:04,1754131564,0,,,,,,,,,
0x6860bff43e6e3ca8cf046e670383e4e6774e87b6a3a203cf11f62a6852f6428d,inv_b9b5acda,inv_7af043ee,74702106,1870000000,,1754125594,02-08-2025 09:06:34,1754125594,0,,,,,,,,,
0xd0c730f8e21f6bd40faf68419da434e5beba07452d2ff82d30cee0fd92353f28,inv_7c6aada8,inv_c19b9486,74682677,116000000,,1754084022,01-08-2025 21:33:42,1754084022,0,,,,,,,,,
0x10e94de76ff22bec4015de9c66a320bef1e3a26aee1c559f61758f2469e14e22,inv_7c6aada8,inv_d2ee9846,74677280,162568909,,1754072554,01-08-2025 18:22:34,1754072554,0,,,,,,,,,
0xd733b2270735bd06848d29f103d3ecbb7b591068dc18dd8b7477b3dbe34f13f4,inv_0ce4228c,inv_d2ee9846,74676816,170374311,,1754071568,01-08-2025 18:06:08,1754071568,0,,,,,,,,,
0xed855e727c3e4990539d981aa50b0c5c894fdf63654ad9eb7a7dacdce75d5baf,inv_39d0ac30,inv_f828c839,74671938,101000000,,1754060722,01-08-2025 15:05:22,1754060722,0,,,,,,,,,
0xad3e83418c931821549cf7769d513b99cf9351a982df4afb09ae72f49c3108eb,inv_092b5098,inv_d2ee9846,74671519,252070981,,1754059766,01-08-2025 14:49:26,1754059766,0,,,,,,,,,
0xe6338030a2933b4fff4f7e7d1bda6a84003d188e520d8a768e3c12ca5b0e0826,inv_65cf7f7d,inv_d2ee9846,74671300,49428181,,1754059238,01-08-2025 14:40:38,1754059238,0,,,,,,,,,
0x1700be7ee0997bb7b4488060a3aa4627c96ac8c96708d4444ba99fdbf1c62baa,inv_902994c1,inv_007a4ae2,74671062,500150000,,1754058700,01-08-2025 14:31:40,1754058700,0,,,,,,,,,
0xec07507ea8eb3e73938b5c92174204ff9287cdfb1aa5073bd1595b453b5cc6b7,inv_49de41e1,inv_007a4ae2,74670714,571000000,,1754057886,01-08-2025 14:18:06,1754057886,0,,,,,,,,,
0x1fce4fdcd266bf7bb466814e2d189cb4019b069298f31b879494c3e9599d5f1a,inv_49de41e1,inv_c19b9486,74670512,116000000,,1754057398,01-08-2025 14:09:58,1754057398,0,,,,,,,,,
0x92c7e02ea273bfea5c87e713e0e491fc394301138bbefe8b01bf3cc00b051aa8,inv_49de41e1,inv_007a4ae2,74670019,571000000,,1754056254,01-08-2025 13:50:54,1754056254,0,,,,,,,,,
0x8f3ec9c3d260c2dd31ca161bdd5065d243df5d68c4f7c16726bbee3c9fff6669,inv_49de41e1,inv_007a4ae2,74669879,254030253,,1754055924,01-08-2025 13:45:24,1754055924,0,,,,,,,,,
0x14b72c997c08ed9c392d47ae25b82c603838a836cea4537f54d0025c156e4cbe,inv_49de41e1,inv_007a4ae2,74669708,588130000,,1754055528,01-08-2025 13:38:48,1754055528,0,,,,,,,,,
0x00e07b7472dc543041e6de871c878a6c5002681038e0d8619f2289b0ab6e4088,inv_49de41e1,inv_007a4ae2,74669622,588130000,,1754055328,01-08-2025 13:35:28,1754055328,0,,,,,,,,,
0x04a26bdfca989f3e868e02a8d12f151696d9f8c2bd2b1be56351f265a32a675e,inv_8a1f8f98,inv_c19b9486,74638049,116000000,,1753986012,31-07-2025 18:20:12,1753986012,0,,,,,,,,,
0xa14313653df17b1e8301b4d7ff56c1c046a5019b0c6ef3bd2397018aa9decabc,inv_262f6642,inv_092b5098,74636656,110000000,,1753982924,31-07-2025 17:28:44,1753982924,0,,,,,,,,,
0x9f6de6603680c7fde76174af8c085f8cad5ffb4576f23dc27479ba045570e776,inv_902994c1,inv_b9b5acda,74633812,294000000,,1753976656,31-07-2025 15:44:16,1753976656,0,,,,,,,,,
0x9609c1ac23ad4f60ca13937aaddadc624976d18fbc040ba7a0d88e71211f978d,inv_df64ca46,inv_b9b5acda,74605817,196000000,,1753911226,30-07-2025 21:33:46,1753911226,0,,,,,,,,,
0x31df28d9dd43e58fcc2435255822f3a487d08f9813d762e1745ebeb46bbb2771,inv_b34079a7,inv_b9b5acda,74604095,196000000,,1753906615,30-07-2025 20:16:55,1753906615,0,,,,,,,,,
0x5e5055909901137c219496a0b185965c6c9fccdb17ff7e47fabd12af6bec5630,inv_5122e65b,inv_b93eeae9,74602864,218000000,,1753903265,30-07-2025 19:21:05,1753903265,0,,,,,,,,,
0x3be3976ed804d3ca6d76cf2dc60707441da09ac3e5f08d6687480d9d30c8e648,inv_5122e65b,inv_092b5098,74602740,80514544,,1753902873,30-07-2025 19:14:33,1753902873,0,,,,,,,,,
0xf5faf6bce8553fe2b39ca6daca576d1fe7cbea9eab1f5eecd7f37db9bb4760be,inv_4756d229,inv_9dc32d72,74602400,1110000000,,1753901959,30-07-2025 18:59:19,1753901959,0,,,,,,,,,
0x9f280a7c9c80d9bedad394add1115891dabe80996955ded82924903885a6f33b,inv_df64ca46,inv_b9b5acda,74597293,294000000,,1753888106,30-07-2025 15:08:26,1753888106,0,,,,,,,,,
0x218ac033c67eef0cd3d690c517d65219f4e5455c011e19eb63c4a746d0f62f66,inv_092b5098,inv_b9b5acda,74572496,297100251,,1753831131,29-07-2025 23:18:51,1753831131,0,,,,,,,,,
0xe43bfb558a178ca06dac3c72184cc723bb7aed7aad92174c23648e5b8de81ed0,inv_65e1f4c5,inv_c19b9486,74567854,234000000,,1753821265,29-07-2025 20:34:25,1753821265,0,,,,,,,,,
0x62b9fe16e286dbaceb1a0ac99e2c08fd4b0acc2117b433e8fb9aea3a350c001c,inv_902994c1,inv_b9b5acda,74561320,490000000,,1753807379,29-07-2025 16:42:59,1753807379,0,,,,,,,,,
0xcbbdc8e17cbb21badc862407b44b18213ba9befb6482cad076863ad9e41e3415,inv_5122e65b,inv_dd02f503,74551847,41994789,,1753787249,29-07-2025 11:07:29,1753787249,0,,,,,,,,,
0xefa5bfc035adb5d3ab4b9d075731ce6fb48adbf2888e6d9021d1428fa680adc8,inv_092b5098,inv_b9b5acda,74531141,199000000,,1753743239,28-07-2025 22:53:59,1753743239,0,,,,,,,,,
0x1717d62b1fb29efda07133ab5be920c84f10aa8497d9eb2f1a755022ad0dc2d3,inv_75578a1d,inv_b261c1fb,74512103,206150000,,1753702695,28-07-2025 11:38:15,1753702695,0,,,,,,,,,
0x6a7cc124a4bb275a3ce16d731c6a30bd73b9a08ee5edcc1c06035cf2f071ecf3,inv_65e1f4c5,inv_c19b9486,74495848,399934102,,1753668151,28-07-2025 02:02:31,1753668151,0,,,,,,,,,
0x8c9853c4e251029ac335f1b4dae7ab3a40a2f7f3435fa2d099d66697a85adf67,inv_27d9f845,inv_cfcad916,74484192,729024421,,1753643349,27-07-2025 19:09:09,1753643349,0,,,,,,,,,
0x1a32fa6781ce3c789f04fe7c568b7c3de6cf4f5e88bf3abc885ab10fbcb4a0e7,inv_39d0ac30,inv_0ce4228c,74474308,102966686,,1753622121,27-07-2025 13:15:21,1753622121,0,,,,,,,,,
0xb6053eb8302bc9f21c806933b7a7f65dec6d4757773247a102365d114db604e6,inv_dd02f503,inv_b261c1fb,74453013,194466549,,1753576785,27-07-2025 00:39:45,1753576785,0,,,,,,,,,
0xdcbf823c0b5ece681dabeb8299f0d926518b47c18ec4c11e7546ed75e82f2b53,inv_dd02f503,inv_c19b9486,74452830,118000000,,1753576395,27-07-2025 00:33:15,1753576395,0,,,,,,,,,
0x35a01836978b9864ceacab05d082e4059c80b370594e07e50a4905d0cc4f826b,inv_dd02f503,inv_75578a1d,74452617,232000000,,1753575943,27-07-2025 00:25:43,1753575943,0,,,,,,,,,
0x4ffaffcb710b483935da58612eb4b0e38b48e9eb480d441592baefa25912c712,inv_65e1f4c5,inv_c19b9486,74373876,236000000,,1753408058,25-07-2025 01:47:38,1753408058,0,,,,,,,,,
0x5fd88884b0893d4f035c927c32f8194b5477075ebb78b14aecf34abaa5e7febe,inv_c48739e9,inv_675b5b57,74360028,490000000,,1753378628,24-07-2025 17:37:08,1753378628,0,,,,,,,,,
0x97c43facbc8752479d891805fe8862db04d964fbad8fc3664f7da24407393b59,inv_0ea3cbed,inv_007a4ae2,74355250,120017547,,1753368476,24-07-2025 14:47:56,1753368476,0,,,,,,,,,
0x30a0228c0b77761418c8292857b52e7a00bc947ef9cd7ceb46fc91c1f63731c0,inv_75578a1d,inv_b93eeae9,74354683,220000000,,1753367270,24-07-2025 14:27:50,1753367270,0,,,,,,,,,
0xc235edaf3c3fcb16135de733eee7cad6f5987503e00fc41cd4f32c9c61437f2f,inv_5122e65b,inv_dd02f503,74347252,74244794,,1753351474,24-07-2025 10:04:34,1753351474,0,,,,,,,,,
0xf9509b01c0669b603bbc702be957c836a8111f6102e21fb5b115c3490f7588ff,inv_4756d229,inv_9dc32d72,74344479,1080000000,,1753345580,24-07-2025 08:26:20,1753345580,0,,,,,,,,,
0x7edd9334ab82d0dd66c80f23c02be39d5835ece03e19a592e4698b223bb72654,inv_dd02f503,inv_9dc32d72,74327333,545000000,,1753309124,23-07-2025 22:18:44,1753309124,0,,,,,,,,,
0xc657cb9b58c7987ccf041f96d0377a9f446ea4d2e7cbd600fef0340458c5e100,inv_27d9f845,inv_007a4ae2,74325245,304528244,,1753304657,23-07-2025 21:04:17,1753304657,0,,,,,,,,,
0xc5ca282b9c134671261ce9282b7b1ec947b444a2a3de21b9fd5e81d2aac3eff7,inv_8a1f8f98,inv_4c44c0bc,74320579,48088760,,1753294615,23-07-2025 18:16:55,1753294615,0,,,,,,,,,
0x3925efb1ab3fbec5c584910c569e4226d040a79b87f6a5ad06d5b9cea78231ca,inv_ca36451a,inv_b93eeae9,74319382,218000000,,1753292039,23-07-2025 17:33:59,1753292039,0,,,,,,,,,
0xed624f4bed115ad3f80b98a22d290048bbaced62851851f47b0e95cdf5c565ec,inv_190c7331,inv_007a4ae2,74318701,124111701,,1753290559,23-07-2025 17:09:19,1753290559,0,,,,,,,,,
0x69cfaf10911afa85fe90068d4eee75a77f308e389b1f59ef7e8d3cc4d82163df,inv_e46beaa9,inv_007a4ae2,74318233,110017369,,1753289553,23-07-2025 16:52:33,1753289553,0,,,,,,,,,
0xc9345493d858e9957671bc214690c3aa432c9b4acf3464ffc6d0dc1fe9f6018f,inv_e46beaa9,inv_007a4ae2,74318192,126894822,,1753289447,23-07-2025 16:50:47,1753289447,0,,,,,,,,,
0x8ffc0e526d215d19ea833fe005df1e20f628147fc1aa1e541e3ad0602d686855,inv_8a1f8f98,inv_4c44c0bc,74316607,16141996,,1753286077,23-07-2025 15:54:37,1753286077,0,,,,,,,,,
0x792e86facb5f0144a6a46f908b7b78dec39d3938c9c226fd6af20d1f1f48af08,inv_c48739e9,inv_4c44c0bc,74315924,15389315,,1753284627,23-07-2025 15:30:27,1753284627,0,,,,,,,,,
0xdca83a7c44a53fd2880c6eabddb3de486f1fab49642131efe1ae9704537a0a2b,inv_c48739e9,inv_cfcad916,74315845,100064464,,1753284459,23-07-2025 15:27:39,1753284459,0,,,,,,,,,
0xdae92c1e7828a4eef177e3d5c800d4c192bc826dd03622a883696991f38d6e76,inv_092b5098,inv_cfcad916,74315784,174550503,,1753284329,23-07-2025 15:25:29,1753284329,0,,,,,,,,,
0xe981992331ab9050c2eaafa43636e20e50a7b550d04ecb0934929c23163efd53,inv_c48739e9,inv_4c44c0bc,74314460,38264437,,1753281509,23-07-2025 14:38:29,1753281509,0,,,,,,,,,
0x1f9ec89dfbb5d67640b39f700fa8b0ab0d2027c6043c0dd8e959105d55fd40f7,inv_7c6aada8,inv_190c7331,74308871,193050000,,1753269633,23-07-2025 11:20:33,1753269633,0,,,,,,,,,
0x381e500affee262303adfc356c371aff3ba1fedaea1a1869d1cf06409952e685,inv_4b22da68,inv_75578a1d,74308321,232000000,,1753268465,23-07-2025 11:01:05,1753268465,0,,,,,,,,,
0x683cea39bd815d1668d385d9e7b54f7e73015e6000d4acbd2ea4256cf5923c00,inv_4b22da68,inv_75578a1d,74308269,348000000,,1753268353,23-07-2025 10:59:13,1753268353,0,,,,,,,,,
0xadb884e956fff7b45dcb39b8a48aebc07bc8e41752f19ddcf87a4b3709428281,inv_4b22da68,inv_75578a1d,74308168,232000000,,1753268139,23-07-2025 10:55:39,1753268139,0,,,,,,,,,
0x2770ce98eca1cf039f6a5b6baf3615329a1ac58d89ffc749ceb1c6d12228668c,inv_4b22da68,inv_190c7331,74308081,990000000,,1753267955,23-07-2025 10:52:35,1753267955,0,,,,,,,,,
0x425a50bf78d2bad4a0efd2590edc94a1ead4ccf634333d700460f2107b0c5036,inv_4b22da68,inv_190c7331,74308036,990000000,,1753267859,23-07-2025 10:50:59,1753267859,0,,,,,,,,,
0x792fc0c77cfbb5e989ffadb9a0ed6daf85f11b6797930ecc01cc5198ee1bda65,inv_5690c297,inv_dd02f503,74308033,110000000,,1753267853,23-07-2025 10:50:53,1753267853,0,,,,,,,,,
0x729cc9286d15d750d60a63b6eeec6f5a962a2a5def6bd16b8ce968d88a955bbb,inv_4b22da68,inv_190c7331,74307986,495000000,,1753267753,23-07-2025 10:49:13,1753267753,0,,,,,,,,,
0x29d9712d1ddb19d89182ab9a9d5b7c9a1cfffac39b764b1a73966e0e571f0e1d,inv_0ce4228c,inv_b93eeae9,74306478,220000000,,1753264547,23-07-2025 09:55:47,1753264547,0,,,,,,,,,
0x16a4965debddd3d1386899ff5cef9ee456d582faa77816716927a0c0f4fce911,inv_4292aa05,inv_190c7331,74306228,495000000,,1753264017,23-07-2025 09:46:57,1753264017,0,,,,,,,,,
0xde9514211b0a834ae53f9ab984d237f0554a2c2900342ba654b3f9cbf5d080e5,inv_8a1f8f98,inv_b261c1fb,74304080,112000000,,1753259453,23-07-2025 08:30:53,1753259453,0,,,,,,,,,
0x339532ce73899c1079bb4bd0338cb1aa2931bddeaae06c8cde1b323f48c048f9,inv_e81b677a,inv_602ae15a,74285430,454476293,,1753218898,22-07-2025 21:14:58,1753218898,0,,,,,,,,,
0xc87feb9b663f5ab7f6a5326e56dc66b53110616b993dae61a7178788c373fb73,inv_e81b677a,inv_602ae15a,74285397,702000000,,1753218828,22-07-2025 21:13:48,1753218828,0,,,,,,,,,
0xafaabc865606b90fe30ba3443f1b7c75b08ab78b7ae8890a654cb2c5f18d6fa8,inv_0ce4228c,inv_b93eeae9,74264275,220000000,,1753173846,22-07-2025 08:44:06,1753173846,0,,,,,,,,,
0x76307aacd05b50b25d65a69afeef695097d364d5fd5cd329392fe023b62ba382,inv_5690c297,inv_c48739e9,74264001,116500000,,1753173264,22-07-2025 08:34:24,1753173264,0,,,,,,,,,
0xfbc197f8e6f3be80a785fa3d8285c5e5709652f3bf6114e454fd8d5fba39073f,inv_75578a1d,inv_b93eeae9,74248626,220000000,,1753140176,21-07-2025 23:22:56,1753140176,0,,,,,,,,,
0x95d7f8367eaa811ac6badb0e485777799144d6598d4609f856df4bafcadb8ef2,inv_34a800be,inv_9dc32d72,74229075,757309284,,1753098300,21-07-2025 11:45:00,1753098300,0,,,,,,,,,
0xec19bf6c966babd5494d841a13dcae4555cb934229421e490806a945d73d87c9,inv_d381a12e,inv_b93eeae9,74227603,220000000,,1753095171,21-07-2025 10:52:51,1753095171,0,,,,,,,,,
0xe1109ecba389e4ad0e635d93ac6ab10b70635c061633a79de17b3f2ba90abfb0,inv_4292aa05,inv_b93eeae9,74223736,218000000,,1753086953,21-07-2025 08:35:53,1753086953,0,,,,,,,,,
0x454effa84a4cdedefc0d55ac7df0c4793fc9811cdee07cf08461e8f35804a6fb,inv_5122e65b,inv_602ae15a,74204529,240280283,,1753046095,20-07-2025 21:14:55,1753046095,0,,,,,,,,,
0xcc5c1df5d96732c171bcf43a4f2de8593a8f6aba20df0026f8e9904c1183e1ca,inv_d381a12e,inv_b93eeae9,74202854,218000000,,1753042535,20-07-2025 20:15:35,1753042535,0,,,,,,,,,
0x1c9b5a65a977ea763d66e559857cfdd865be7dedc74bfa9b0f657eb18aa8077f,inv_902994c1,inv_64875cb2,74201753,208000000,,1753040195,20-07-2025 19:36:35,1753040195,0,,,,,,,,,
0x6036127f91038660e9492fcb62f2544829088da2b7528ca71b659aae71b53a22,inv_902994c1,inv_64875cb2,74201726,210000000,,1753040137,20-07-2025 19:35:37,1753040137,0,,,,,,,,,
0xf2ce1782b31cd2d3d898fb9c70a4518d6bbba8b4637516d91422d709c0ca5365,inv_65e1f4c5,inv_602ae15a,74197216,585000000,,1753030555,20-07-2025 16:55:55,1753030555,0,,,,,,,,,
0x3170ca9d47744ba3e7d18bf3a81543553fa218aebb5b0de88557ccb816f1b2d9,inv_240af523,inv_9dc32d72,74196627,1080000000,,1753029303,20-07-2025 16:35:03,1753029303,0,,,,,,,,,
0xba22624c4c909dbe914b30154d9eeeeec25483744593fb9bfba5bb64bd33fee5,inv_e3c01d39,inv_190c7331,74196094,995000000,,1753028169,20-07-2025 16:16:09,1753028169,0,,,,,,,,,
0x4c98d3c59cc933739640726114e4188622d6446d4ed64e762bd18dedd4ccd5b8,inv_65e1f4c5,inv_602ae15a,74191775,585000000,,1753018989,20-07-2025 13:43:09,1753018989,0,,,,,,,,,
0xdf9f50b9305db2e5369005f25ef3c38548344d7d282ae6fcf46cae4ad70c50d0,inv_d381a12e,inv_b93eeae9,74187160,218000000,,1753009183,20-07-2025 10:59:43,1753009183,0,,,,,,,,,
0x46726fed1fee3bb6dddd37d0da90c9194f9e34a77afc6fd00719384bffbdd90b,inv_d381a12e,inv_602ae15a,74167836,342332284,,1752967944,19-07-2025 23:32:24,1752967944,0,,,,,,,,,
0xa21da0d2f728e53120a0c95b3be96f3139aad19c9d850a125785e4da81cf57ce,inv_240af523,inv_d9986373,74164584,2300040180,,1752960746,19-07-2025 21:32:26,1752960746,0,,,,,,,,,
0x985471247ff935e5a8ec38984bf0a8d508050a89881e3b6687ce042019bc402f,inv_d1e999d9,inv_190c7331,74163048,990000000,,1752957386,19-07-2025 20:36:26,1752957386,0,,,,,,,,,
0x608887b2c982a503c05d4292a0d13155bc55be7f2cd543b8e2ccf0b94fae6ba3,inv_5b981484,inv_5ad8c59d,74159211,238000000,,1752948940,19-07-2025 18:15:40,1752948940,0,,,,,,,,,
0xf6b72c3ae598a3d2b5bb643550d408d1d6c0d448eb3b9e85d63fdfa3547128f3,inv_5b981484,inv_c19b9486,74159183,354000000,,1752948880,19-07-2025 18:14:40,1752948880,0,,,,,,,,,
0x1e2a5b7c28846ed7f0a83a445f5b0b44cc384740c17a8bf3163bb9fee810edbf,inv_49de41e1,inv_05130980,74159171,261226800,,1752948856,19-07-2025 18:14:16,1752948856,0,,,,,,,,,
0xe77125c138bee337b1630b03cd682727dcdd884bffab8d1d7b682039c22eea78,inv_49de41e1,inv_c48739e9,74159113,116000000,,1752948700,19-07-2025 18:11:40,1752948700,0,,,,,,,,,
0xd45241037442f7fa523f20aa4c4e4c474a9685b6f323e324c8e1da6ba1b7f7e7,inv_5b981484,inv_c19b9486,74159000,513630000,,1752948460,19-07-2025 18:07:40,1752948460,0,,,,,,,,,
0x68b9e12284e4912d061fb627e2b8405bec06cf5f835eb7ba7ffb1498a7fb515d,inv_5b981484,inv_2ed4b668,74158969,670529113,,1752948394,19-07-2025 18:06:34,1752948394,0,,,,,,,,,
0x696203dc4489887814c394441cb71c3c5c648144c8b8bc4384a336f296a6977e,inv_d381a12e,inv_b93eeae9,74145040,218000000,,1752918336,19-07-2025 09:45:36,1752918336,0,,,,,,,,,
0xfb0eac57d48ee527ff332cffb548dd71df076722533f7071d137c0fe1a4958d9,inv_d381a12e,inv_be24eee0,74144832,194441653,,1752917894,19-07-2025 09:38:14,1752917894,0,,,,,,,,,
0xab037bd1a61cf34e29fa023123b6541e7fa6c052b865e4090a7c31e53f652095,inv_190c7331,inv_4c0173b7,74120353,4831350000,,1752865601,18-07-2025 19:06:41,1752865601,0,,,,,,,,,
0xd9ee62450d88062036ac4b7ca96c2adc60cee15a9cebbbcbe76af804bfd27315,inv_65e1f4c5,inv_05130980,74120158,261174087,,1752865185,18-07-2025 18:59:45,1752865185,0,,,,,,,,,
0x12194165487335a1e94a56e8dfd4d63661666727516da04f7ad4dab12f7c819a,inv_75578a1d,inv_b93eeae9,74114498,218000000,,1752853056,18-07-2025 15:37:36,1752853056,0,,,,,,,,,
0xd633855d2877891f16d529cb903cbf0ad3a912081263c37d33d40bab47b867ad,inv_b261c1fb,inv_9dc32d72,74112040,540000000,,1752847832,18-07-2025 14:10:32,1752847832,0,,,,,,,,,
0x7a3d114af25ac2a81247f4119f1cbb824ce50a9e90b2a21f12d910b09c84e91f,inv_c48739e9,inv_092b5098,74100737,58236198,,1752823536,18-07-2025 07:25:36,1752823536,0,,,,,,,,,
0xb4f0bb0fd4b42ce52c4afe105177abee5006a00a6b375ffc1cdb00b407d5cab1,inv_262f6642,inv_190c7331,74099355,2260000000,,1752820566,18-07-2025 06:36:06,1752820566,0,,,,,,,,,
0x5d5798f26f14eefa4c77930b1dfa6cad7213970794a42de3b059112e1773805f,inv_5122e65b,inv_be24eee0,74078880,117492788,,1752776832,17-07-2025 18:27:12,1752776832,0,,,,,,,,,
0x6eea5f401854ce4c8242f4c7b81660fe6d29d16f80df6977f81afd380adb12fc,inv_d381a12e,inv_b93eeae9,74076864,218000000,,1752772548,17-07-2025 17:15:48,1752772548,0,,,,,,,,,
0x2359802eb50de3988efe7a1745a7925c08e6d9024f8ac443680240f77438abff,inv_65e1f4c5,inv_c48739e9,74074711,116000000,,1752767970,17-07-2025 15:59:30,1752767970,0,,,,,,,,,
0xb7754d752cded2543477ad1d0c503ca5c83e074f0663721c6d1b8074fedbbb9f,inv_5122e65b,inv_816e27fa,74070198,105796652,,1752758378,17-07-2025 13:19:38,1752758378,0,,,,,,,,,
0x215a5b12515a41bb597fa32e2a7b1ca24a53d584d4bd2cf58bb5cec9e52c9a18,inv_5122e65b,inv_b93eeae9,74070040,218000000,,1752758042,17-07-2025 13:14:02,1752758042,0,,,,,,,,,
0x46f1d06b4ef42042bcea7d8c50947ec2e94e284631b88d969a9d3365be9654ed,inv_902994c1,inv_64875cb2,74063533,210000000,,1752744054,17-07-2025 09:20:54,1752744054,0,,,,,,,,,
0xc382e039991b269c6f79f8e9be3c49dd0b41b5c8a5f34792f9f31c501f51a17a,inv_262f6642,inv_be24eee0,74061945,760500000,,1752740552,17-07-2025 08:22:32,1752740552,0,,,,,,,,,
0x5e29df6ca86305418e93f6ba44e4c323032588389e59e4003eb7f604577c373b,inv_262f6642,inv_c48739e9,74060395,111000000,,1752737226,17-07-2025 07:27:06,1752737226,0,,,,,,,,,
0x55f1bde6f1cdbb133338cdd0d271ace8b96ed9434550317ce4a6c9a7c0147a4e,inv_262f6642,inv_092b5098,74060281,216000000,,1752736984,17-07-2025 07:23:04,1752736984,0,,,,,,,,,
0xd92b26db54cf2309357dc2bd2bc2fdaa25d9ab676d7767359a071c8444f1196a,inv_75578a1d,inv_64875cb2,74047061,464000000,,1752708842,16-07-2025 23:34:02,1752708842,0,,,,,,,,,
0xb42e3d6597ddd9cc8440318f60a2dfb139b269d2c421947d9d014f8b974443f7,inv_b34079a7,inv_092b5098,74038567,104000000,,1752690472,16-07-2025 18:27:52,1752690472,0,,,,,,,,,
0x92e987dc73ce63ce27397349e143ec573fc38bef4ec6b1ac9cff7a0cfb42096b,inv_d381a12e,inv_b93eeae9,74037334,218000000,,1752687820,16-07-2025 17:43:40,1752687820,0,,,,,,,,,
0x70d323c069d1183fbdc7685f1294f49990474597586c3ea0f3ee03b108543706,inv_65e1f4c5,inv_0ea3cbed,74037314,115999770,,1752687752,16-07-2025 17:42:32,1752687752,0,,,,,,,,,
0x345e67950b76191563ee730133bd59c9f64a579131d9b71e52efb957ec66a372,inv_88e68846,inv_be24eee0,74035630,5350000000,,1752684134,16-07-2025 16:42:14,1752684134,0,,,,,,,,,
0x6a3f86f15e66cdb119051a60ae41640816de454bec85a64432e6830a0bef14dd,inv_39d0ac30,inv_c19b9486,74034095,131583819,,1752680872,16-07-2025 15:47:52,1752680872,0,,,,,,,,,
0x7d05840d34008e8cb5294845dbb2a366be51ea822c4c640159224dbd07c5835f,inv_39d0ac30,inv_c19b9486,74033962,236000000,,1752680590,16-07-2025 15:43:10,1752680590,0,,,,,,,,,
0x5ebef797f8749c8f8b66c4f2a8d78552d475ee6db228405aac8e3119e7493687,inv_896c26d9,inv_d023727b,74018164,212000000,,1752645977,16-07-2025 06:06:17,1752645977,0,,,,,,,,,
0xbd42d1aee6e638d318dece5b26d4d89e3ad9446c2a453e0b7294143bb5f0c018,inv_b96f21af,inv_b261c1fb,73987226,215796568,,1752578515,15-07-2025 11:21:55,1752578515,0,,,,,,,,,
0xd1f74d3f6d05892e37df5728fb7d6e8934a0bd0434fa2858a331f99ebbc0e57a,inv_b261c1fb,inv_c48739e9,73983056,207670337,,1752569419,15-07-2025 08:50:19,1752569419,0,,,,,,,,,
0xcbe3a95848f687dbbba8f5dd7cccca6c88fd0396e3999deb8da89535d52c24e2,inv_65b4dd5f,inv_be24eee0,73963775,31141138,,1752527044,14-07-2025 21:04:04,1752527044,0,,,,,,,,,
0xdb0b18c6f94d683944e4d4d0c3385acfcf87b6b4fbbbd4103f4d6f0d2e562294,inv_c48739e9,inv_9e7775ec,73963603,207670337,,1752526674,14-07-2025 20:57:54,1752526674,0,,,,,,,,,
0xb564cd7c785a1ec18ad35e5372384c9c23bd1ab96a296b5c2c150250eb21e096,inv_c48739e9,inv_68926941,73953054,270153304,,1752502453,14-07-2025 14:14:13,1752502453,0,,,,,,,,,
0x5384269a0d608bb262ea2dbb2cf00ed79f50329d576dba41b8142ccaad8d6dfe,inv_c48739e9,inv_c7ee8281,73927968,99500000,,1752446785,13-07-2025 22:46:25,1752446785,0,,,,,,,,,
0xa9ad911fd6f053cabb5489c7bde1480feb7032507872ebb08b6275b1a3a34b32,inv_5122e65b,inv_ba7c4ae4,73924998,57015476,,1752440061,13-07-2025 20:54:21,1752440061,0,,,,,,,,,
0x2486f48950febf0c0736d573f09595ee74851169caa7ca0294526744166edc00,inv_5122e65b,inv_ba7c4ae4,73924900,17700000,,1752439853,13-07-2025 20:50:53,1752439853,0,,,,,,,,,
0x32626de413e283ba0d8758bb4f406e0367c787a000fafc733f517ed66bd4ce32,inv_e81b677a,inv_ba7c4ae4,73918238,153400000,,1752424479,13-07-2025 16:34:39,1752424479,0,,,,,,,,,
0xd7bdcf982249d83fba4c9365adf37826948d3eee6eb89574edb684ed44ec63aa,inv_e81b677a,inv_ba7c4ae4,73918194,59000000,,1752424361,13-07-2025 16:32:41,1752424361,0,,,,,,,,,
0xcdc6f9d2a08f09d43553f6fb2dc3b232505f29d7b201e54cd3a1684058d25979,inv_e81b677a,inv_c48739e9,73918180,116000000,,1752424303,13-07-2025 16:31:43,1752424303,0,,,,,,,,,
0x334ae82e2687076c3a808afd5a1cc0ce5397c5120b7ec1b96e985aa13f6cee7a,inv_e81b677a,inv_ba7c4ae4,73918141,413000000,,1752424209,13-07-2025 16:30:09,1752424209,0,,,,,,,,,
0x434a0c4730a7f9f2029fdede8922f79d29b1a18bd042df1083ea04b050407595,inv_e81b677a,inv_ba7c4ae4,73918097,165200000,,1752424089,13-07-2025 16:28:09,1752424089,0,,,,,,,,,
0x1d66510595f411d5be5022de4d5419ae444e78a125fd225af4662de1bc68b18a,inv_e81b677a,inv_05130980,73918081,351090000,,1752424051,13-07-2025 16:27:31,1752424051,0,,,,,,,,,
0x5837c50a0ffd4adc3ef38d19ef68dc762e125fc5b73e95d209b755b2b3b0a930,inv_e81b677a,inv_05130980,73918030,235434109,,1752423909,13-07-2025 16:25:09,1752423909,0,,,,,,,,,
0x0ca631144bd40a4c5fcd3f5a12875a16e4e89a0fb9b2c052d24ddfeb903a798a,inv_e81b677a,inv_b261c1fb,73917993,113700000,,1752423831,13-07-2025 16:23:51,1752423831,0,,,,,,,,,
0xf1112ff0154431c488a2876878364838241488e5140e614b38b2a6fd3921fe13,inv_e81b677a,inv_190c7331,73917852,1130000000,,1752423499,13-07-2025 16:18:19,1752423499,0,,,,,,,,,
0x20314a811108617fd5b87abf159c1201c8f99bd370f4fb751653e5e6b389e8b8,inv_cd41d597,inv_b93eeae9,73914256,218000000,,1752414899,13-07-2025 13:54:59,1752414899,0,,,,,,,,,
0x19a55a55efe8d400640361f2697d1d16f8e6916c5fe5ebda4ea39658ef062310,inv_0ce4228c,inv_ba7c4ae4,73903452,28076772,,1752389312,13-07-2025 06:48:32,1752389312,0,,,,,,,,,
0x649d7073407291bd2dfbd65a0e584d67ae7fdd21fff9ce940a4de7affdf4e69d,inv_e81b677a,inv_190c7331,73891218,570000000,,1752360344,12-07-2025 22:45:44,1752360344,0,,,,,,,,,
0x54e5b33b037a238141898cc06d21e6f1f16990d0d1894a3685963b16b140b133,inv_e81b677a,inv_b261c1fb,73882592,229400000,,1752341343,12-07-2025 17:29:03,1752341343,0,,,,,,,,,
0xd89ff141db1b9bdb7a6cb2b5c7a48c094332e04406bdf25ec7edbc51ee382fd9,inv_e81b677a,inv_b261c1fb,73882531,572500000,,1752341213,12-07-2025 17:26:53,1752341213,0,,,,,,,,,
0x60891ba721f4bb14dd629e5733e2c0f49e9a99bafeeb2281217b91472ec4668e,inv_e81b677a,inv_190c7331,73882406,1695000000,,1752340851,12-07-2025 17:20:51,1752340851,0,,,,,,,,,
0x15c9d84855acce1da23692efcfd57769a55d496d92dbde4ef59733ac658f0dae,inv_e81b677a,inv_ba7c4ae4,73882340,118000000,,1752340711,12-07-2025 17:18:31,1752340711,0,,,,,,,,,
0xa3fcfdc208d103d386dba2b5151b90c33e56a6ba92492fd2574f49b4cae7624a,inv_e81b677a,inv_c48739e9,73882313,116000000,,1752340653,12-07-2025 17:17:33,1752340653,0,,,,,,,,,
0x98f5aa22d23bb68b9b4c4056614f0f0272b95a20f681f74d063306b33b2b46c7,inv_e81b677a,inv_ba7c4ae4,73882276,118000000,,1752340543,12-07-2025 17:15:43,1752340543,0,,,,,,,,,
0x0b41bb6694c4527b82127c58bcf920e12ed6bd52351906448056e259f51ed53b,inv_e81b677a,inv_05130980,73882255,303161933,,1752340490,12-07-2025 17:14:50,1752340490,0,,,,,,,,,
0x12159888e6019311747d580bea0be52d554f098309e5c0584398b68c9838a042,inv_27d9f845,inv_05130980,73881571,627014484,,1752338886,12-07-2025 16:48:06,1752338886,0,,,,,,,,,
0xc58e64e6a728115617e227e5e22bc7c701ee86f68368a8316b48416760291cf4,inv_27d9f845,inv_ba7c4ae4,73881351,484800000,,1752338404,12-07-2025 16:40:04,1752338404,0,,,,,,,,,
0xc26704c378037319c1e344f5bf77468e1756ed29a4182f017f2d7f1ed23011ef,inv_190c7331,inv_83a23010,73878797,4950000000,,1752332399,12-07-2025 14:59:59,1752332399,0,,,,,,,,,
0x0accf013ad1fe5502d912a87f0ff044c9d86a8528614a97da972b3ccac3772e2,inv_190c7331,inv_83a23010,73875896,1586970000,,1752325229,12-07-2025 13:00:29,1752325229,0,,,,,,,,,
0x955257749938a86872d2a32c0be9386906d45253e88eaaa030c8e925d3363720,inv_4292aa05,inv_cfcad916,73839908,1107312000,,1752246326,11-07-2025 15:05:26,1752246326,0,,,,,,,,,
0x7e0d5725f526cb70ca33d13e858a5b54c42b8ebc00e5d0a07761d5569d00b9d5,inv_092b5098,inv_b93eeae9,73820561,218000000,,1752188845,10-07-2025 23:07:25,1752188845,0,,,,,,,,,
0xd7c286f93331366378b18f5908e6d2140abfed7c785b9c3c6eb8acb47558400b,inv_262f6642,inv_05130980,73813785,639013513,,1752157520,10-07-2025 14:25:20,1752157520,0,,,,,,,,,
0x306daacd3f6b2148dab22007766404e6b72483d89f2298ed4ddfc3cf6e1d431b,inv_0ce4228c,inv_b93eeae9,73813372,218000000,,1752156474,10-07-2025 14:07:54,1752156474,0,,,,,,,,,
0x3af3709832a500b03a80acd93520fa5959d676b527f24a1cd9fc68e112d3e219,inv_5122e65b,inv_092b5098,73800121,78902584,,1752128275,10-07-2025 06:17:55,1752128275,0,,,,,,,,,
0x07e8206adcaaedef7c32a19f7bb61dab80e2b8c87caccf1f49c729c435d6114a,inv_262f6642,inv_cfcad916,73786177,1112126400,,1752098635,09-07-2025 22:03:55,1752098635,0,,,,,,,,,
0xdc49f824272f8eb123bcddbe0633f104cbbef6acd9c8623ca517fc7f8a483ff5,inv_262f6642,inv_cfcad916,73786036,1077417500,,1752098334,09-07-2025 21:58:54,1752098334,0,,,,,,,,,
0x6bde7404b29931b0ba9459c7a5109ef9e4a6158feb117d9babdf5ceb130cb64a,inv_896c26d9,inv_b93eeae9,73775416,218000000,,1752075765,09-07-2025 15:42:45,1752075765,0,,,,,,,,,
0x6be9438b71847a70e94ee1715f97231958c9bfa9aabf9a6144b00cf4ebad569a,inv_e3c01d39,inv_b93eeae9,73767583,218000000,,1752058766,09-07-2025 10:59:26,1752058766,0,,,,,,,,,
0x0aab2e29586349cb76735245b3b36f6dfdce3b205905283f60f57f4d25642c97,inv_0ce4228c,inv_05130980,73767204,489541238,,1752057930,09-07-2025 10:45:30,1752057930,0,,,,,,,,,
0x23a6ed4c6d259c7f52eaf5d75332df1006c5a9962efb2e2aba1cf3ea15a901af,inv_896c26d9,inv_b93eeae9,73762256,218000000,,1752047189,09-07-2025 07:46:29,1752047189,0,,,,,,,,,
0x67607d5db82a983e5c3606a1bc5a569226730dbf6cde1cbbf510a325d2c9f2ea,inv_65e1f4c5,inv_b261c1fb,73737153,229600000,,1751993521,08-07-2025 16:52:01,1751993521,0,,,,,,,,,
0xb714a6a74b3ea2251c859a8b49e8bcffe87b1be206bf2954959f6423e398362f,inv_df64ca46,inv_9dc32d72,73735193,1080000000,,1751989355,08-07-2025 15:42:35,1751989355,0,,,,,,,,,
0x407114a1db16b6d1bbf3e0208fca955dcf905ed28c5939a7c6f954c4b6237d2f,inv_65e1f4c5,inv_c48739e9,73733918,116000000,,1751986645,08-07-2025 14:57:25,1751986645,0,,,,,,,,,
0x0aff662ae6b72cb3069317a22556649eddd0d871d4b6cfd04471571ddaba8924,inv_df64ca46,inv_05130980,73706041,38256608,,1751927407,07-07-2025 22:30:07,1751927407,0,,,,,,,,,
0x2a198069e64890edd31a80c49aab12a2bd0ab7bf3f7e6345ba992605a4845d96,inv_896c26d9,inv_dd02f503,73705843,110000000,,1751926987,07-07-2025 22:23:07,1751926987,0,,,,,,,,,
0x2fb9e80f609f0195bc3083d80b59c9acd97d0c10d372d56249f7481e60ac8754,inv_092b5098,inv_05130980,73704521,41915211,,1751924177,07-07-2025 21:36:17,1751924177,0,,,,,,,,,
0x45bf430a1a6139f985a739f52804191111ee920ec9a12500caf5291c1942b025,inv_092b5098,inv_05130980,73704465,168667200,,1751924059,07-07-2025 21:34:19,1751924059,0,,,,,,,,,
0xb12a47e7ff7828e9b5f43d41f10bd32f466823949c3765b9576c902eb1d2710c,inv_b93eeae9,inv_05130980,73703370,200000000,,1751921730,07-07-2025 20:55:30,1751921730,0,,,,,,,,,
0x4897f5b7a90dc77823648114e08d5191d29db0df44221479f44680df89610f68,inv_b93eeae9,inv_05130980,73703336,221000000,,1751921658,07-07-2025 20:54:18,1751921658,0,,,,,,,,,
0x10a69cd203444c484fe5e027a6b5f6a2dbdbe7329e8a619ba088762146b82609,inv_b93eeae9,inv_05130980,73703291,761905368,,1751921562,07-07-2025 20:52:42,1751921562,0,,,,,,,,,
0x15a9b416dd34ad0fcc6be79935fa8d19458377479769bb623a0f91d0a04d3a12,inv_dd02f503,inv_05130980,73700628,575606010,,1751915904,07-07-2025 19:18:24,1751915904,0,,,,,,,,,
0x5fb3eaf4da268ae25c974e221e0582f78e3eae418fb521552b67c47d87d265e5,inv_c48739e9,inv_05130980,73700455,301329638,,1751915536,07-07-2025 19:12:16,1751915536,0,,,,,,,,,
0x50f23035bbe2f2907f278535e6a3a3339c154e9e609eac53e8aba69a680e505c,inv_2b4ec384,inv_6ffe0638,73682272,1238445874,,1751876876,07-07-2025 08:27:56,1751876876,0,,,,,,,,,
0x5d66b23199db5bb54298ae2d0010018d97a7322e77fc0b2e62da25a29a169d58,inv_2b4ec384,inv_cfcad916,73682243,1429293024,,1751876814,07-07-2025 08:26:54,1751876814,0,,,,,,,,,
0x11e2f03804b1af445e90459ad9ccfc8f61178b4de15c34efcb3467b94ca38c90,inv_5122e65b,inv_c48739e9,73663694,115000000,,1751837387,06-07-2025 21:29:47,1751837387,0,,,,,,,,,
0xacd26ed936e3f68723bde80032c2813e01323cf1effd708088adad2ad2487c31,inv_5122e65b,inv_092b5098,73663361,103000000,,1751836681,06-07-2025 21:18:01,1751836681,0,,,,,,,,,
0xe9cf458a29e5f6bf958f2ccb0fe02312c448a75ef00111c24c4c79e68e3d00c3,inv_c48739e9,inv_18ab33de,73656151,123351430,,1751821359,06-07-2025 17:02:39,1751821359,0,,,,,,,,,
0xed3cea25d5591c75341d6dd1e751a0d447d53a0b4788380e5726c633fdcc2f60,inv_319dc077,inv_9dc32d72,73652352,550000000,,1751813286,06-07-2025 14:48:06,1751813286,0,,,,,,,,,
0xa056e7ee3850d4008bc9d4f8e5a64c808894abdd34e208f0ad1fe53b57890c4f,inv_c48739e9,inv_f828c839,73645688,95122856,,1751799077,06-07-2025 10:51:17,1751799077,0,,,,,,,,,
0x03e2fc766bce52743a81d0cb91149b221278adf3cf8c245e56fd70ea42f96b2f,inv_b261c1fb,inv_18ab33de,73624960,525000000,,1751755029,05-07-2025 22:37:09,1751755029,0,,,,,,,,,
0x90929e6b41fff31420beb1a90a9c20ea71024e7256017d309ce32539fc38d9e2,inv_b261c1fb,inv_18ab33de,73624916,520000000,,1751754935,05-07-2025 22:35:35,1751754935,0,,,,,,,,,
0x5ed7337459b3b41319e3bd0e5932644ae476fbf4d9edf7e9996361a7900d1e0c,inv_e3c01d39,inv_75578a1d,73622497,167817686,,1751749795,05-07-2025 21:09:55,1751749795,0,,,,,,,,,
0x910cc79dfd49bfd614140b546c2dcbdb26d32476609b1dc7bd122af4e376bcd2,inv_319dc077,inv_18ab33de,73574767,220168195,,1751648348,04-07-2025 16:59:08,1751648348,0,,,,,,,,,
0x33fabf904cbc7d1ff9572786b3e399cf6925ec8cfdeb65a013bd044ceefc44c7,inv_68926941,inv_18ab33de,73571717,297000000,,1751641865,04-07-2025 15:11:05,1751641865,0,,,,,,,,,
0xe8db18db8b0483d852e5d08f6c229e20f22b8ae21951738cc66473282c5a1733,inv_e3c01d39,inv_75578a1d,73564978,114000000,,1751627492,04-07-2025 11:11:32,1751627492,0,,,,,,,,,
0x2e7805255345616ff8900795290829167c32e3e297e4df16be5574c794471a8f,inv_c48739e9,inv_602ae15a,73563024,202000000,,1751623336,04-07-2025 10:02:16,1751623336,0,,,,,,,,,
0xbfa9040e84a85fba43cf640ce78aecd9c22df1b65954f09a270ccbf104331d10,inv_262f6642,inv_cfcad916,73562608,713735811,,1751622452,04-07-2025 09:47:32,1751622452,0,,,,,,,,,
0xac5a5a9cd09838b42b7d81e6507e21d6f017039a994d867f97b1ebd492ebe075,inv_262f6642,inv_cfcad916,73560629,1808383657,,1751618241,04-07-2025 08:37:21,1751618241,0,,,,,,,,,
0x35c51e1bcbbe2a6e596770d5451cc753cec9cc3f3730cf0913b283a671c06a27,inv_c48739e9,inv_18ab33de,73557629,720860126,,1751611819,04-07-2025 06:50:19,1751611819,0,,,,,,,,,
0x71f7a0f6f0eda06a23a7a37bb728734eb1584ac796a2061b6e7701e3a62541aa,inv_5425f722,inv_18ab33de,73534085,840000000,,1751561618,03-07-2025 16:53:38,1751561618,0,,,,,,,,,
0x16a2b44840114806a8553ff500e8f2b35c451a5be8661de0366497fa1992e53a,inv_27d9f845,inv_cfcad916,73533115,1322359276,,1751559546,03-07-2025 16:19:06,1751559546,0,,,,,,,,,
0xc10e155d7ca50d6217be14ccec4a43ca44a1d45d6ee3286946c7a9d73e2fb669,inv_5122e65b,inv_b261c1fb,73531121,34556590,,1751555290,03-07-2025 15:08:10,1751555290,0,,,,,,,,,
0xd7663cbf6894f042b66f78dfb013e52d906eaebcc8cf8361f79fda2b884b2083,inv_902994c1,inv_18ab33de,73522991,334984638,,1751537926,03-07-2025 10:18:46,1751537926,0,,,,,,,,,
0xfc6925500f2ad7509e2bb789edef626ad182cc33589e23deb228b7b8324f6ced,inv_3f8508c6,inv_18ab33de,73500326,297000000,,1751489201,02-07-2025 20:46:41,1751489201,0,,,,,,,,,
0xd2d700b05a1271c133ffff5d0ded6fa19c233b3a880e72489e6c9595d8de45dc,inv_3f8508c6,inv_18ab33de,73500082,390897542,,1751488683,02-07-2025 20:38:03,1751488683,0,,,,,,,,,
0x5fd94b8a9ea70e9b1d1fba9f35fa439c4041354d70625d3f747cbbb88ef50918,inv_e81b677a,inv_18ab33de,73498987,749000000,,1751486355,02-07-2025 19:59:15,1751486355,0,,,,,,,,,
0x27a9651542cd96286963cfa5953a0d5f267483d06dc4c3921850b699c1bf66dc,inv_e81b677a,inv_18ab33de,73498748,309000000,,1751485845,02-07-2025 19:50:45,1751485845,0,,,,,,,,,
0x127aa00113282eb54bc34c4af65be8ef61a1a64f3ca5374d59ee80098a418b1b,inv_27d9f845,inv_5ad8c59d,73498413,600970238,,1751485133,02-07-2025 19:38:53,1751485133,0,,,,,,,,,
0xb49c973a63cd2b35f11b1cd1858fdf0cce0b9463a644ab1a2ebe88fbcda5d807,inv_613e0688,inv_b93eeae9,73492281,218000000,,1751472101,02-07-2025 16:01:41,1751472101,0,,,,,,,,,
0xfec2fbb59b4f6379733a1d201b5a043d8fac662051f5c65a9a097de5336316b2,inv_613e0688,inv_c48739e9,73492145,115000000,,1751471813,02-07-2025 15:56:53,1751471813,0,,,,,,,,,
0x847c85ac5b49d83001f317063fa6be6cba8a8153e9eb94a597838dfa2107780b,inv_613e0688,inv_18ab33de,73491980,735000000,,1751471461,02-07-2025 15:51:01,1751471461,0,,,,,,,,,
0x8fd7ea2e7737ee086a9a81ff9e7ccdd99cda864407b56562b8bc63c59a10ca5e,inv_e3c01d39,inv_190c7331,73483774,375530162,,1751453977,02-07-2025 10:59:37,1751453977,0,,,,,,,,,
0x96e96c9c8761f7de05ab9b459c24a31c76001696554be81f728b2358c47f8c62,inv_5122e65b,inv_19e59e50,73480548,92951885,,1751447116,02-07-2025 09:05:16,1751447116,0,,,,,,,,,
0x18f29b147866a701c4e5fedc59f59215410c1125f68f8cf4379d61ee3b230319,inv_5425f722,inv_18ab33de,73462495,1050000000,,1751408628,01-07-2025 22:23:48,1751408628,0,,,,,,,,,
0x309854f6825373f940c9dbca3bb09e0b76071409dfb60ee54d749d9014e88168,inv_d2dda6a9,inv_18ab33de,73460531,752244388,,1751404428,01-07-2025 21:13:48,1751404428,0,,,,,,,,,
0x4fb5fc1652c028884b537f310138fa2bae103516f967d84f8faab597f0c1debf,inv_c48739e9,inv_18ab33de,73459782,529200000,,1751402823,01-07-2025 20:47:03,1751402823,0,,,,,,,,,
0x6d1b068e0391f5d71b51254d1914c761773c43c5cd8c10e57c0f7ef4925561d1,inv_231fbe29,inv_18ab33de,73459173,420000000,,1751401525,01-07-2025 20:25:25,1751401525,0,,,,,,,,,
0xa82388c4c5354721ac006b67dce235f9d45e986903e6afe6e76110dcee4b2534,inv_5122e65b,inv_19e59e50,73457221,90953130,,1751397375,01-07-2025 19:16:15,1751397375,0,,,,,,,,,
0x1d92830a0f19943c3a3b96844f25d08d3ebcc8a8bf19b3f4d1ad516a84392d0f,inv_27d9f845,inv_83a23010,73448174,2213253148,,1751378061,01-07-2025 13:54:21,1751378061,0,,,,,,,,,
0x781e9a097c366e23a55259888426cd9d95d49ddb489df822b0a1b8b18d963337,inv_5122e65b,inv_19e59e50,73446670,63680000,,1751374751,01-07-2025 12:59:11,1751374751,0,,,,,,,,,
0x1674b49173602349ab3aa03b8e21edc4766e8a375927aeec975625b83ec60c4d,inv_5122e65b,inv_19e59e50,73446585,42376192,,1751374571,01-07-2025 12:56:11,1751374571,0,,,,,,,,,
0x98f2a4e419b824b1e0b23be7c5a3fa84d3343ecb7f9ea9cd08983e339f0a371e,inv_ca36451a,inv_18ab33de,73445066,447285641,,1751371043,01-07-2025 11:57:23,1751371043,0,,,,,,,,,
0x36052d4a324014f7e191ae12ce36a4e526414044ab3d85783d2020e6beb5362e,inv_b93eeae9,inv_18ab33de,73444767,1601654465,,1751370321,01-07-2025 11:45:21,1751370321,0,,,,,,,,,
0x5d52e1e9f7c3f7117fb82c82f85e101ecf851a125f7bf34867c6fceb6164c98d,inv_c48739e9,inv_19e59e50,73439361,208790894,,1751357811,01-07-2025 08:16:51,1751357811,0,,,,,,,,,
0xd0d8601b1d443dc19ad5dcdfefc65e796863cd0441410bfdf78f190c30f76490,inv_231fbe29,inv_19e59e50,73438856,99748144,,1751356721,01-07-2025 07:58:41,1751356721,0,,,,,,,,,
0x504aecf86378cb476bd268c73c64f0fcba82ef7307d9ecb38d8522cd4d48fb09,inv_4292aa05,inv_092b5098,73438609,106081173,,1751356197,01-07-2025 07:49:57,1751356197,0,,,,,,,,,
0x9b887232301a285821dde848ce8825de62ef22f7b930e893447bb26f7efd856d,inv_5122e65b,inv_6ffe0638,73435127,22446161,,1751348769,01-07-2025 05:46:09,1751348769,0,,,,,,,,,
0xd99c62f2690d672e61def6126c0a2e05417aa30e996f92e60ecffbd48aa15630,inv_ed1fb37d,inv_092b5098,73420284,105000000,,1751317196,30-06-2025 20:59:56,1751317196,0,,,,,,,,,
0x820081d7b96d6e86f1715ca16eaf3fd39b92273b1145c503df22729663117eee,inv_092b5098,inv_b93eeae9,73416140,218000000,,1751308390,30-06-2025 18:33:10,1751308390,0,,,,,,,,,
0x54ec23171ad756568d911212ebca1f4aa11f30381f1428923d55d782b60d8c46,inv_9f92a21d,inv_092b5098,73401205,105000000,,1751276602,30-06-2025 09:43:22,1751276602,0,,,,,,,,,
0x11726879a908c253c21ee2596a75a0c05585f0bffb39b05816bc55319dded34d,inv_c617a894,inv_602ae15a,73363356,168319885,,1751195916,29-06-2025 11:18:36,1751195916,0,,,,,,,,,
0x7f120097e77e0521b560bb1a5f596e7e7d40800f34db13dc0d03d8cc6437fdd8,inv_c617a894,inv_9dc32d72,73359767,1915012800,,1751188290,29-06-2025 09:11:30,1751188290,0,,,,,,,,,
0xe552569689eec9372c9847115497df66cd5491dcc4d8ad02088594a7036d61a4,inv_319dc077,inv_092b5098,73255365,73186994,,1750965682,26-06-2025 19:21:22,1750965682,0,,,,,,,,,
0x4232472e539663d799e8b9e0714ec00bcf51b915dc341fe03cc295fcb47bbc33,inv_319dc077,inv_092b5098,73255335,80399275,,1750965618,26-06-2025 19:20:18,1750965618,0,,,,,,,,,
0x6f490bea7aa1a337a23d1de7b0da89d4f24f1761c126ad2b9ecad8252683f7ed,inv_262f6642,inv_1823fdd7,73245550,738617390,,1750944820,26-06-2025 13:33:40,1750944820,0,,,,,,,,,
0xcc653d619c562d0cc8b042244d351ff8fce1dc48687aa14d63fda3cd72b1a244,inv_75578a1d,inv_034eb140,73210252,357064387,,1750869413,25-06-2025 16:36:53,1750869413,0,,,,,,,,,
0xa82a06488ae28a5c046099da536ff20ea7ad26dea7d535ccf31bb131c2e892b1,inv_4292aa05,inv_6ffe0638,73205256,210000000,,1750858793,25-06-2025 13:39:53,1750858793,0,,,,,,,,,
0x143c350565d96cfaed60fcc78d79e1c5d7c0fc72c139903db9a42b62409659ee,inv_4292aa05,inv_190c7331,73205160,375196076,,1750858589,25-06-2025 13:36:29,1750858589,0,,,,,,,,,
0x9c1558f33c1cf1cefb6c7acb289afdecdb1ebae696fb66c271a0f48be5beb86d,inv_b9b5acda,inv_602ae15a,73205147,532480000,,1750858561,25-06-2025 13:36:01,1750858561,0,,,,,,,,,
0x67ee39521b79b21775356bc0873d1c36890d503bd662f80fbee2693b4ca09301,inv_4292aa05,inv_b93eeae9,73204880,216000000,,1750857995,25-06-2025 13:26:35,1750857995,0,,,,,,,,,
0xf46973a9a88d24c6c16d4b9ac051b34092e86e2844908c8cea637204bc109aea,inv_65e1f4c5,inv_dd02f503,73171965,102000000,,1750787813,24-06-2025 17:56:53,1750787813,0,,,,,,,,,
0x929e2a364ea44cdd5f0040f1a9dd57702ebbc9771f70a4fbb760dc4452f5bc01,inv_75578a1d,inv_6ffe0638,73166121,174094979,,1750775393,24-06-2025 14:29:53,1750775393,0,,,,,,,,,
0x58bc70c505826aeb60e718764943b24a61d1fd8b153e90b2c91baa57734a22d3,inv_902994c1,inv_bb43ecbb,73165596,219120148,,1750774277,24-06-2025 14:11:17,1750774277,0,,,,,,,,,
0xa71bd5e9df96d98ac9ba5526b0219e059622f4f08ac212e876a3be34ec1b02b0,inv_c48739e9,inv_d6ec6a60,73162310,525000000,,1750767295,24-06-2025 12:14:55,1750767295,0,,,,,,,,,
0x73cadc1ff2fc8fe6159b90dd886e65be3f4c0d920ec779c62dc98472662f3a2e,inv_65e1f4c5,inv_15e74cde,73145699,182964408,,1750731983,24-06-2025 02:26:23,1750731983,0,,,,,,,,,
0xb481140c9b1b76be3bcd12ccecf69fa95a40342595289b018b69c732dd8a2129,inv_65e1f4c5,inv_15e74cde,73144523,180902761,,1750729483,24-06-2025 01:44:43,1750729483,0,,,,,,,,,
0x5ada59786b36ad245b73aceeae31037f28849daaf11ab561fac12ce3d753f68d,inv_262f6642,inv_092b5098,73131308,141819085,,1750701399,23-06-2025 17:56:39,1750701399,0,,,,,,,,,
0xff14290a6ede3c8f35c758179f22a863efd833ca48a001103db6fb4c0d5d938d,inv_65e1f4c5,inv_034eb140,73126095,49258087,,1750690191,23-06-2025 14:49:51,1750690191,0,,,,,,,,,
0xbad26d4dd20ffd94082d252c686b23c75641eba14e5f2a74975791a9ce3aaeda,inv_39d0ac30,inv_4e1b79a4,73125744,100000000,,1750689441,23-06-2025 14:37:21,1750689441,0,,,,,,,,,
0xd578a5c55ccb74e0cf8813900b675a90d87ab1ddd7eeb17a04e81ba5b13bbb57,inv_262f6642,inv_034eb140,73125717,113617186,,1750689383,23-06-2025 14:36:23,1750689383,0,,,,,,,,,
0x34f1dc417603922c165295a60af88c1ada881208b24e75816e5a932c11e8b14a,inv_b34079a7,inv_092b5098,73123939,146124737,,1750685541,23-06-2025 13:32:21,1750685541,0,,,,,,,,,
0x2ca07f96dba7d26dae731651e14b641fdf568d6f5d20c707d067b42f4ed72fe6,inv_b34079a7,inv_bb43ecbb,73123881,216967073,,1750685417,23-06-2025 13:30:17,1750685417,0,,,,,,,,,
0x0f1a343b47610f5f957074dd0185f05e23dec9d06cc5a41b7fe96f169360c8fd,inv_319dc077,inv_092b5098,73085437,220000000,,1750603579,22-06-2025 14:46:19,1750603579,0,,,,,,,,,
0xbeba6285ed1a7f347738fcba5376684ef0c700c42ef89ee5e07e322caa59da50,inv_65e1f4c5,inv_64875cb2,73052211,347700000,,1750532091,21-06-2025 18:54:51,1750532091,0,,,,,,,,,
0xf792510a669b0c71c36d6e87d41f6440ae63c3409f21337a738f4d68612baf69,inv_319dc077,inv_092b5098,73040703,219332592,,1750507574,21-06-2025 12:06:14,1750507574,0,,,,,,,,,
0x9fc10f05efad63504647c96ae3e281edaa7f9e831093618a29a16d0f252f65a6,inv_65e1f4c5,inv_bb43ecbb,73015697,212069700,,1750453966,20-06-2025 21:12:46,1750453966,0,,,,,,,,,
0xd183008323d81c24c9ec7e0cfff9b88bb164295d4faa63497a50e1e219cc9b84,inv_5122e65b,inv_b261c1fb,73001704,34207445,,1750424223,20-06-2025 12:57:03,1750424223,0,,,,,,,,,
0x91dd2664a6ee3135db7debbd91d5ebcad2e775868b2aebec47b95d2646f0176f,inv_6d3c2326,inv_40641fc9,72976172,678632747,,1750369762,19-06-2025 21:49:22,1750369762,0,,,,,,,,,
0x051b41e9682ed535ec46a7cff822e58ec75958c778183330dfb020cac6ed3253,inv_ca36451a,inv_092b5098,72965397,230000000,,1750346866,19-06-2025 15:27:46,1750346866,0,,,,,,,,,
0x71b216d4a400aae287ad976771d3c7e9ea584e70b8112dee3419b561bba1fdeb,inv_262f6642,inv_602ae15a,72962539,1012000000,,1750340791,19-06-2025 13:46:31,1750340791,0,,,,,,,,,
0xd73cc35530a38e1c00d18108b70f02b11b778d5b831c3f4a81719bb6e8ff5044,inv_27d9f845,inv_bb43ecbb,72962059,352090681,,1750339771,19-06-2025 13:29:31,1750339771,0,,,,,,,,,
0xeb12aaa2daabe1dca2844f33c6afd2df71282ce1d1a6894255c73ebb5e4cedb1,inv_68c8ac7f,inv_b93eeae9,72958432,216000000,,1750332059,19-06-2025 11:20:59,1750332059,0,,,,,,,,,
0xfdda146e0f4b410dbf3c756e02eddaa950226570b7f0509c0a5fbe55f5af3f69,inv_68c8ac7f,inv_b93eeae9,72936680,216000000,,1750285760,18-06-2025 22:29:20,1750285760,0,,,,,,,,,
0x46bbd1737c91c6820f2a33c5d5f64b202f149b7a59eb913c5531021ebd060709,inv_24290cf0,inv_b93eeae9,72916027,440640000,,1750241698,18-06-2025 10:14:58,1750241698,0,,,,,,,,,
0xfac351e04a535aba31e6b5674d13897da37cd1f46263a4568508675ea491bb54,inv_65e1f4c5,inv_dd02f503,72898179,230000000,,1750203766,17-06-2025 23:42:46,1750203766,0,,,,,,,,,
0xc8e88f6d55339b7b11781d40a3de642b8523951663a374e6eb8daad3b47aa1f8,inv_ed1fb37d,inv_b93eeae9,72895131,213000000,,1750197288,17-06-2025 21:54:48,1750197288,0,,,,,,,,,
0x48ba8eccae2a4a548932325fe8e697a6996cdc35407efc86decbf92c877ca97a,inv_68c8ac7f,inv_b93eeae9,72889551,212000000,,1750185421,17-06-2025 18:37:01,1750185421,0,,,,,,,,,
0x0891225f68dcfabe840ae48d431d2ae55a0eb8a9c7cb85d901775099f1b4a10d,inv_0ce4228c,inv_dd02f503,72887047,224000000,,1750180001,17-06-2025 17:06:41,1750180001,0,,,,,,,,,
0x6008d360cc8b760d7875410a57e2644b271779e1f818662db3f88db7fa62705d,inv_68c8ac7f,inv_b93eeae9,72886213,220000000,,1750178197,17-06-2025 16:36:37,1750178197,0,,,,,,,,,
0x3068b2266186b297d12c46d9cb320b010a61e9fab3156d349bc4c9df88c6e390,inv_27d9f845,inv_b93eeae9,72885335,212000000,,1750176299,17-06-2025 16:04:59,1750176299,0,,,,,,,,,
0x56318ee7299691226aa03c7fcc28a4bfefb549c9adac48758d6f25f99329b613,inv_0ce4228c,inv_b93eeae9,72881901,210000000,,1750168918,17-06-2025 14:01:58,1750168918,0,,,,,,,,,
0x26d1f34864740c967fddb4b64c444fe11d85e2aa9532a7f2c931e17743e72cab,inv_68c8ac7f,inv_b93eeae9,72878491,220000000,,1750161590,17-06-2025 11:59:50,1750161590,0,,,,,,,,,
0xa10dbcde48d2249e6895a8fac2e2a406c3d2d31b8ba233cd0a6ed0675680a75b,inv_68c8ac7f,inv_75578a1d,72847250,236000000,,1750094917,16-06-2025 17:28:37,1750094917,0,,,,,,,,,
0x51a0b9a5e5af97f13a88e4df7d1d0554c9b2328442ec10839f9b79c27e216e76,inv_68c8ac7f,inv_b93eeae9,72847142,220000000,,1750094687,16-06-2025 17:24:47,1750094687,0,,,,,,,,,
0x38e83366d9284dcae7033a80106eaead2af6aa09b5edf5f11e1ad34a51eda338,inv_319dc077,inv_dd02f503,72841889,224000000,,1750083387,16-06-2025 14:16:27,1750083387,0,,,,,,,,,
0xc75e1131f9dd28987f65cd05dc49152243c4f5cc674ca5b04231543deb52185c,inv_68c8ac7f,inv_64875cb2,72806607,563880000,,1750008099,15-06-2025 17:21:39,1750008099,0,,,,,,,,,
0x05169bf7e37e96ecbfb722a4633b1be15ada25c6cbbb54d09b18ff1355a08fd5,inv_896c26d9,inv_9854cde5,72800763,472724642,,1749995679,15-06-2025 13:54:39,1749995679,0,,,,,,,,,
0x968b88f99c23461cb59e61fa0d01de8350e5b182211487327ede06f47aee7be9,inv_68c8ac7f,inv_262f6642,72761104,728224870,,1749911334,14-06-2025 14:28:54,1749911334,0,,,,,,,,,
0xabed6fa3765441ffad9a65b0950ccfdf1062adb66e8ba8a95c7858645967f1fd,inv_ca36451a,inv_6ffe0638,72753077,159982960,,1749894186,14-06-2025 09:43:06,1749894186,0,,,,,,,,,
0xbf800a08d5864a7c0a364b5895aca6d1f6d2c98581d8fc35fac96a44d62c2faa,inv_a8f467a6,inv_262f6642,72731551,515000000,,1749848132,13-06-2025 20:55:32,1749848132,0,,,,,,,,,
0x05f493a7186348b71d6e9f8457b216f70161b4a7f971b6b3dea41c63fa67c260,inv_0ce4228c,inv_b93eeae9,72720500,218000000,,1749824388,13-06-2025 14:19:48,1749824388,0,,,,,,,,,
0x01876161010dea01d194873c9567331705522fa7b2d0e8dc212dc6de70975f1e,inv_0ce4228c,inv_b93eeae9,72718659,220000000,,1749820461,13-06-2025 13:14:21,1749820461,0,,,,,,,,,
0x93423e85101c820999c84a64e389dc292b0b0ed6d26bc374b30a3f521b318502,inv_262f6642,inv_9dc32d72,72715945,773528760,,1749814684,13-06-2025 11:38:04,1749814684,0,,,,,,,,,
0x3f0537c2fe655a8dab9df74b857c226abec89d7eada66fd714aa1f2e24b71529,inv_0ce4228c,inv_b93eeae9,72709252,222000000,,1749800449,13-06-2025 07:40:49,1749800449,0,,,,,,,,,
0x09121f52f8d66c56e81ca8941dc609ae7a49867724f77ba89c600b614f782211,inv_75578a1d,inv_bb43ecbb,72696043,305872845,,1749772317,12-06-2025 23:51:57,1749772317,0,,,,,,,,,
0x62e497d1d79084198e31eb7fe3408ba086e28c4b804f10901da6686d15644adb,inv_d2dda6a9,inv_bb43ecbb,72691980,158088108,,1749763553,12-06-2025 21:25:53,1749763553,0,,,,,,,,,
0x4873bcc121666fadbd61eb3cddaf25d8a0a51153c5e4ee6df993c9545dc87083,inv_1e9be07e,inv_b93eeae9,72685593,216000000,,1749749949,12-06-2025 17:39:09,1749749949,0,,,,,,,,,
0xfb4d33ff39768b43bb92210b8ba1db9d00509b925a5dfc266d637d8a925d99ed,inv_1e9be07e,inv_6ffe0638,72685531,342469599,,1749749817,12-06-2025 17:36:57,1749749817,0,,,,,,,,,
0x4705bda949ae5ddba3a575935a945011aa581f35bffd347b89096e64d899bce5,inv_262f6642,inv_64875cb2,72681217,160443323,,1749740651,12-06-2025 15:04:11,1749740651,0,,,,,,,,,
0x2e55f279844fb206d0db830e60b5135f320b7d0452e05b105c551d030ea99f32,inv_262f6642,inv_64875cb2,72680671,421533433,,1749739489,12-06-2025 14:44:49,1749739489,0,,,,,,,,,
0x91672fc9c9ed46c29c12c1b6dc917c6d7afa6450bd549c1291745618ab20c8de,inv_262f6642,inv_fa70e5ad,72652427,227833369,,1749679100,11-06-2025 21:58:20,1749679100,0,,,,,,,,,
0xede17500030be6c533c0e141c59837ff2e5ce8b48a95c76733809fbb1fbce6ab,inv_5122e65b,inv_6ffe0638,72640129,19752922,,1749652956,11-06-2025 14:42:36,1749652956,0,,,,,,,,,
0xce1c8900f6e0e988ab669e3be843cf48d5bd5b4a73b578f13c22644985f15238,inv_190c7331,inv_034eb140,72639494,665190332,,1749651606,11-06-2025 14:20:06,1749651606,0,,,,,,,,,
0xbd53cc2ccb04c435405833f35d9ade0f90e39953bf4d50c90fb9569e8fe7eeea,inv_27d9f845,inv_64875cb2,72637437,338870000,,1749647234,11-06-2025 13:07:14,1749647234,0,,,,,,,,,
0x12db447fe28be61595b4e89cf9f30b821e67a8163fe212f76d1bf5fa47fb0bc7,inv_27d9f845,inv_6ffe0638,72637331,252515655,,1749647010,11-06-2025 13:03:30,1749647010,0,,,,,,,,,
0x9fb2485a4161b3d1e3ef4b1e39f4fd8676a146df94b98463974f4471e1c9569f,inv_27d9f845,inv_6ffe0638,72637126,202000000,,1749646574,11-06-2025 12:56:14,1749646574,0,,,,,,,,,
0x7e8e40d557c7e95316b6a300faf99ca95227b17c5bc806265eee3688fa3d005a,inv_b9b5acda,inv_64875cb2,72598580,640506373,,1749564133,10-06-2025 14:02:13,1749564133,0,,,,,,,,,
0x95ccc5b6b51662e83da86a88e7ceaa7c8f3318f3070d2a808b03b40c16a8bc8e,inv_d1e999d9,inv_fa70e5ad,72588826,260898214,,1749543399,10-06-2025 08:16:39,1749543399,0,,,,,,,,,
0x566a8144469c9f8129144eba26dbb72d1f1bb5f999d38a00326d3e6aedef00fd,inv_a8f467a6,inv_e9535c7e,72579765,550000000,,1749523863,10-06-2025 02:51:03,1749523863,0,,,,,,,,,
0xc9c8609604bf891be573292ab44f9b843e715272b21b2ed92aafd9c9830769fe,inv_5122e65b,inv_262f6642,72568549,528945254,,1749500029,09-06-2025 20:13:49,1749500029,0,,,,,,,,,
0x94ff6f787f0c8c76bbbf405a2d54034594d8d7c9b09d4d9cff613bb4403ba5e5,inv_5122e65b,inv_fa70e5ad,72565755,199860000,,1749494091,09-06-2025 18:34:51,1749494091,0,,,,,,,,,
0x155ccafe14f90b4e3f742be97a5c05bf704af2c61492e5cb98d440acbc274a25,inv_49de41e1,inv_e9535c7e,72565241,1042684900,,1749492999,09-06-2025 18:16:39,1749492999,0,,,,,,,,,
0xd7e1b48b3d749656f9a32ca48af3ad1ae2879a1f3c6ac0dc58160b4a3adf4309,inv_262f6642,inv_e9535c7e,72555481,510000000,,1749472254,09-06-2025 12:30:54,1749472254,0,,,,,,,,,
0xcb7defadea7846912c84816ec238df487da0f32bf34ec282a2b0f4c5d8945c0a,inv_262f6642,inv_e9535c7e,72555390,505000000,,1749472060,09-06-2025 12:27:40,1749472060,0,,,,,,,,,
0xba377b35a99c2c9d6b14ccc3c3a42d14638b5a7bed25ec785746e861764563a5,inv_262f6642,inv_e9535c7e,72555368,500000000,,1749472014,09-06-2025 12:26:54,1749472014,0,,,,,,,,,
0x863b0786d206f8d75e671796c206fe56ec4cbaec9cfd4be256f59aa642e16931,inv_262f6642,inv_e9535c7e,72555345,495000000,,1749471966,09-06-2025 12:26:06,1749471966,0,,,,,,,,,
0x819e2c58fa6d53a891f90a2ac6acc17fb50bfcbc12cc897a55f01d349a5ecc03,inv_b96f21af,inv_e9535c7e,72545988,490000000,,1749452013,09-06-2025 06:53:33,1749452013,0,,,,,,,,,
0x8b38e659e92fc83dda80631a0a0ed56535d8f4f2330d01f15f0b71e76349cc7b,inv_5122e65b,inv_75578a1d,72477673,31995586,,1749306496,07-06-2025 14:28:16,1749306496,0,,,,,,,,,
0x73ded203ce6533770f5b2c0c8b058b0d6c7d0786696c8362ace83b39089f0784,inv_262f6642,inv_fa70e5ad,72447528,227000000,,1749242361,06-06-2025 20:39:21,1749242361,0,,,,,,,,,
0x4ead9253309eca710db0ae25850d17e9dabb18f3efe6c12527fbdf7b748a78c7,inv_b96f21af,inv_fa70e5ad,72441425,199860000,,1749229349,06-06-2025 17:02:29,1749229349,0,,,,,,,,,
0x02158c9155d4115001a6776c587f94844cb5c90075df86ae8e282cb5585a11bf,inv_b96f21af,inv_fa70e5ad,72441322,199860000,,1749229125,06-06-2025 16:58:45,1749229125,0,,,,,,,,,
0x1ba8f4fe221b86e3f52fb39cce786414b04c33bbb9594d74ab2c010b6fb3c48b,inv_0ce4228c,inv_b93eeae9,72433342,224000000,,1749212166,06-06-2025 12:16:06,1749212166,0,,,,,,,,,
0x6a2f352fd06f7ff624a04725494180b1a722a3b4d3fe6a129b8a7f7bec67dce3,inv_0ce4228c,inv_b93eeae9,72433293,216000000,,1749212062,06-06-2025 12:14:22,1749212062,0,,,,,,,,,
0xdf8730b738aae9b14b57c0d0d433598772f285b6b1a64dd53f195317535f40c5,inv_88e68846,inv_2ed4b668,72424773,819000000,,1749193958,06-06-2025 07:12:38,1749193958,0,,,,,,,,,
0x783f5380e999d7f70532ff45a0f613a0e961d0f131b1906a875a3f459301fc45,inv_5122e65b,inv_75578a1d,72423557,205997415,,1749191374,06-06-2025 06:29:34,1749191374,0,,,,,,,,,
0xe479ea0f8fccd4bfdfeeae8669c0668dc0deadb0e77a88a7b9e2a5d2b7493510,inv_262f6642,inv_67362450,72407688,216000000,,1749157646,05-06-2025 21:07:26,1749157646,0,,,,,,,,,
0x67bfef3b72a5a4a58077743565c5b729b7c1be0598753e1d9b0708d00458181a,inv_262f6642,inv_dd02f503,72407658,540000000,,1749157582,05-06-2025 21:06:22,1749157582,0,,,,,,,,,
0x4f569a79783973c46ebc7980a24bfac6a43d09c3b8ba9de6e44ccead3eb00dbd,inv_49de41e1,inv_9dc32d72,72405518,784958637,,1749153034,05-06-2025 19:50:34,1749153034,0,,,,,,,,,
0xc2db5f939b5eac385a588f85610c3c4d3b84f098d785f18c001af22bf8c7b7c4,inv_49de41e1,inv_fa70e5ad,72405384,226480000,,1749152750,05-06-2025 19:45:50,1749152750,0,,,,,,,,,
0xd382adaee8de09fbe6232addf914ae726243374e70d5413ca6a11e33198eb11f,inv_5122e65b,inv_092b5098,72382724,206000000,,1749104205,05-06-2025 06:16:45,1749104205,0,,,,,,,,,
0x98fd90e969d59aeb595a2bcd8eb93d863a9842e6d14d58893b0f761ab8de380a,inv_49de41e1,inv_be24eee0,72366250,572435506,,1749069042,04-06-2025 20:30:42,1749069042,0,,,,,,,,,
0xf6279202a7351b5052d019cd2d155fa2333b2c20e3bfa620091b99b59fde1760,inv_b96f21af,inv_be24eee0,72352904,102015101,,1749039592,04-06-2025 12:19:52,1749039592,0,,,,,,,,,
0xfc525d5b30209dfc23c51fabe6bb5787014c0662a726ebad78482b8b89836b48,inv_5122e65b,inv_fa70e5ad,72328312,199900000,,1748986794,03-06-2025 21:39:54,1748986794,0,,,,,,,,,
0xc91db18fc095108e7b6801e364af486c4b081f980a8b931798423ca507de901f,inv_b96f21af,inv_092b5098,72320388,306000000,,1748969956,03-06-2025 16:59:16,1748969956,0,,,,,,,,,
0x2194f9e91976f6723dc5a8cc3796d8fcdc42200acfa3cd3eaf812b380801cc06,inv_092b5098,inv_fa70e5ad,72319230,199900000,,1748967494,03-06-2025 16:18:14,1748967494,0,,,,,,,,,
0x9703e0106b590cd5cf5df97c62f1f69b55b49a37a38296f8cf79dc83e0b5ffc7,inv_b96f21af,inv_262f6642,72311046,515000000,,1748950104,03-06-2025 11:28:24,1748950104,0,,,,,,,,,
0xe27db7414ec2179533fdb2f2cf4db4de43d1730e20ddc134ba2bf08dc2b4c0a8,inv_262f6642,inv_fa70e5ad,72307601,199900000,,1748942784,03-06-2025 09:26:24,1748942784,0,,,,,,,,,
0xcb9c43d6c3d446f56b2308ba9266c924922250f8df5c672d74966f5a94db843b,inv_0ce4228c,inv_661ac1bf,72306860,570000000,,1748941208,03-06-2025 09:00:08,1748941208,0,,,,,,,,,
0xfc846342140075704d3127b14d00c98a8e61a9dd1576cf499d37719ed87ec499,inv_b96f21af,inv_b93eeae9,72303033,218000000,,1748933044,03-06-2025 06:44:04,1748933044,0,,,,,,,,,
0x48638c2309a11e195232d3c5a0535124dec8061f881978cb55e12da1bd15ca38,inv_262f6642,inv_9854cde5,72287971,505000000,,1748900483,02-06-2025 21:41:23,1748900483,0,,,,,,,,,
0x824a2ac1cdea4fba7555a09e0582a845bb2d4149b8e7f618df1624ac68c251bb,inv_baefba0d,inv_b93eeae9,72287195,218000000,,1748898725,02-06-2025 21:12:05,1748898725,0,,,,,,,,,
0x514cda164c9cb5c2c636c8462a11de854217b18128a3683028841d56f1f08bfe,inv_5122e65b,inv_9854cde5,72287167,100998929,,1748898665,02-06-2025 21:11:05,1748898665,0,,,,,,,,,
0x60710a2075ce1981c22cf466ee49bb446979ab082be910863ce3a54a6164f68a,inv_896c26d9,inv_9854cde5,72286993,138841150,,1748898297,02-06-2025 21:04:57,1748898297,0,,,,,,,,,
0xb444fbc0f58219f170a6e4589cc135a7c914dd4f351571f1d44902b3d103d3c7,inv_baefba0d,inv_b93eeae9,72283537,214000000,,1748890773,02-06-2025 18:59:33,1748890773,0,,,,,,,,,
0xa42ff856ba278f9d8107cd0694379b1d0112db94857cd984d374483cbefdb268,inv_6d3c2326,inv_9dc32d72,72282238,1296000000,,1748887975,02-06-2025 18:12:55,1748887975,0,,,,,,,,,
0xdbac8db95c385554a91f5630c61ed6899c720092f5d7a73682c6312b9e204161,inv_5122e65b,inv_092b5098,72279374,206000000,,1748881887,02-06-2025 16:31:27,1748881887,0,,,,,,,,,
0x29c8124d2a757d0714ff4bd98625f851192ee209c51df575c20363b7d98e5081,inv_896c26d9,inv_092b5098,72274801,544267500,,1748872171,02-06-2025 13:49:31,1748872171,0,,,,,,,,,
0xc08c5a2083f5ad61480f9b0f39d7bbc5965a9136acd4fa80a76e3c89d9329cc5,inv_c617a894,inv_9dc32d72,72274229,1070000000,,1748870955,02-06-2025 13:29:15,1748870955,0,,,,,,,,,
0x740b2959bbe2aedc58dc14ee35d28b57c0f6a13b09515bedcca04808747b7fdb,inv_5122e65b,inv_b96f21af,72202753,124020000,,1748718269,31-05-2025 19:04:29,1748718269,0,,,,,,,,,
0x048c039f08a680531675cc45ffe94e32795e2907d370fadae76b6233a98a023f,inv_75578a1d,inv_9f0c7322,72160689,520000000,,1748628539,30-05-2025 18:08:59,1748628539,0,,,,,,,,,
0x7b818cec6d567ea74e15d77271714eabc45f29c5fc71bbe21c3aca9163523344,inv_262f6642,inv_2ed4b668,72160637,665600000,,1748628427,30-05-2025 18:07:07,1748628427,0,,,,,,,,,
0x6239a267156610253d583407fa090fca12a8bca843fe399b69d6d7946d8678cb,inv_5122e65b,inv_092b5098,72154731,141440000,,1748615877,30-05-2025 14:37:57,1748615877,0,,,,,,,,,
0x135572109ddb505db3f5282fd0d38c3401baeeda1334e864bb80cb33ad8c2af1,inv_5122e65b,inv_fa70e5ad,72154605,199960000,,1748615609,30-05-2025 14:33:29,1748615609,0,,,,,,,,,
0xc48ef774ad2d3ef2128f85a03e82f1098883f6fed8fcad38d8f72a99d412fdb7,inv_5122e65b,inv_fa70e5ad,72154501,199960000,,1748615389,30-05-2025 14:29:49,1748615389,0,,,,,,,,,
0x9c774ac12aeb9b9be39b2f50413d4342867a91c66a33d02905ed353e1052197f,inv_5425f722,inv_9dc32d72,72152666,1590000000,,1748611489,30-05-2025 13:24:49,1748611489,0,,,,,,,,,
0x7cd50e443d3b52ec58e5d8994962aec6e146de54df7613f61163b326981117d6,inv_092b5098,inv_9f0c7322,72128875,624370574,,1748560721,29-05-2025 23:18:41,1748560721,0,,,,,,,,,
0xe42f8fbd5e20ec7fcffd0adde286989c38b607bf610643c01364183374281a66,inv_262f6642,inv_32b447a9,72123360,1008601206,,1748549003,29-05-2025 20:03:23,1748549003,0,,,,,,,,,
0x775e5aacde14e08bac554ed26fe3fd1c704fa58edb4b0b8d5df0f862fab8c796,inv_0ce4228c,inv_9f0c7322,72122478,416000000,,1748547127,29-05-2025 19:32:07,1748547127,0,,,,,,,,,
0x6166d3eacdb528af654c45c9e3ce2c577833cf9185b894ac8375ad158143cd70,inv_cd41d597,inv_262f6642,72119231,1030000000,,1748540227,29-05-2025 17:37:07,1748540227,0,,,,,,,,,
0x72a80cd10adc9cd253e422db009181b9973fac74f1aef234e3dd201383fad03f,inv_cd41d597,inv_262f6642,72118834,520000000,,1748539385,29-05-2025 17:23:05,1748539385,0,,,,,,,,,
0xc3784d06c8c1b28a32feb6fef61bfd8f2ec6588ec365739e6539f5e34e035c7c,inv_896c26d9,inv_a714227e,72112716,510000000,,1748526383,29-05-2025 13:46:23,1748526383,0,,,,,,,,,
0x296e448b430a11a2fe11a5db081b403e5e2cdf20fdeaca28aa13ea8ee5cffb6d,inv_27d9f845,inv_b261c1fb,72109996,444811436,,1748520603,29-05-2025 12:10:03,1748520603,0,,,,,,,,,
0x8da9bb32069e0c4de699447a6c7f96961b8558fe753e440f61deccb6079e2a9f,inv_896c26d9,inv_32b447a9,72109827,1000259000,,1748520245,29-05-2025 12:04:05,1748520245,0,,,,,,,,,
0x009f02f4e82cbd08c72e0b6539f9c0b65286a15917a0b633c4194b58cf6fccfb,inv_27d9f845,inv_9f0c7322,72109471,432000000,,1748519487,29-05-2025 11:51:27,1748519487,0,,,,,,,,,
0xc9ee2658a2f4b1f8767bff59d8172bc0f1df4f090d948c7a493e4347051a3006,inv_5122e65b,inv_092b5098,72106579,115117207,,1748513247,29-05-2025 10:07:27,1748513247,0,,,,,,,,,
0x207c328f97adbe6f6655bcc05c530bae30b55ce1cc974d0bbd00eb60dfa22a32,inv_092b5098,inv_9f0c7322,72089344,416000000,,1748476380,28-05-2025 23:53:00,1748476380,0,,,,,,,,,
0x972e8511ff5d6cf492d0efd9a223cb1c115764fa23296bdf572a73e8eacb9ec2,inv_49de41e1,inv_fa70e5ad,72079324,226320000,,1748454892,28-05-2025 17:54:52,1748454892,0,,,,,,,,,
0xaef15d00fc5f16e0972c87f3a61881436883ac8e649e356e4f355d6131f64083,inv_a8f467a6,inv_262f6642,72069075,515000000,,1748433114,28-05-2025 11:51:54,1748433114,0,,,,,,,,,
0xd52ccc12d06b3ba16b25bea4b7e2b648dc34c90638f2728f0101455b94f5cd47,inv_b96f21af,inv_fa70e5ad,72067209,199920000,,1748429143,28-05-2025 10:45:43,1748429143,0,,,,,,,,,
0x5ac3e259141237948e8fac162c2e70c2d3a744f50fe2ac6156f8e3a46fdeafa6,inv_b93eeae9,inv_b96f21af,72066870,108000000,,1748428423,28-05-2025 10:33:43,1748428423,0,,,,,,,,,
0xa16c5c4f8fbe4043a63c4ddd2555e4dfd52bcc6c62a7491687160ae28f4de06d,inv_ae4174d7,inv_fa70e5ad,72063666,199920000,,1748421615,28-05-2025 08:40:15,1748421615,0,,,,,,,,,
0xab7741f0e06cd45b55edba77dec4e2442ec7e6c616de95f763a5b256a2e33159,inv_5122e65b,inv_a714227e,72059464,19207182,,1748412685,28-05-2025 06:11:25,1748412685,0,,,,,,,,,
0x628d60e607aaaf6289b26430b02ee5b17d4f0cf732d6a2cb656146423bc2b950,inv_49de41e1,inv_a714227e,72043665,560000000,,1748379049,27-05-2025 20:50:49,1748379049,0,,,,,,,,,
0x181fdfa217a8d08ea1d05eebf5fa390ada7c45ed8c6cc7a5420576e02fe37167,inv_49de41e1,inv_cb1a2b17,72043614,644999259,,1748378939,27-05-2025 20:48:59,1748378939,0,,,,,,,,,
0x7addcdc971d076322f2d839d028e9f6d7023592514fcedc3396faf034214935a,inv_49de41e1,inv_a714227e,72043585,116675067,,1748378879,27-05-2025 20:47:59,1748378879,0,,,,,,,,,
0x92e63b5466189682d8dd2540570e6918117f0a94ca9a9998b068b3467809a376,inv_49de41e1,inv_fa70e5ad,72043537,228000000,,1748378777,27-05-2025 20:46:17,1748378777,0,,,,,,,,,
0x94177775097b905fa588e27a8868103768b1a411e641321447eef709800b48fc,inv_e3591c23,inv_b93eeae9,72042802,220000000,,1748377215,27-05-2025 20:20:15,1748377215,0,,,,,,,,,
0x3bb509fbf947f0be8034fc30f7b80380332caf00ee6f8d3f2738363aac07dc45,inv_6d3c2326,inv_32b447a9,72040912,559555964,,1748373199,27-05-2025 19:13:19,1748373199,0,,,,,,,,,
0xb7540ec42b01635505f379217f6fbacc542342eceafee97f2dbfcb2336826c38,inv_5425f722,inv_2ed4b668,72040219,665600000,,1748371725,27-05-2025 18:48:45,1748371725,0,,,,,,,,,
0xe7ecda66674fae7b4bae5df434f956e0ddb32f60ebc1a609156770a45b93bcab,inv_5425f722,inv_a714227e,72040167,101000000,,1748371615,27-05-2025 18:46:55,1748371615,0,,,,,,,,,
0x679acbe70e5458ab9c4406fb512375c5d67bdf3cf26108f7c6b3dd3fdd2e2cf3,inv_b96f21af,inv_a714227e,72027511,218420570,,1748344703,27-05-2025 11:18:23,1748344703,0,,,,,,,,,
0x0a3afeb92a64fedefc06810ee5d2fa932971a19683fd46927a95263e1279e078,inv_27d9f845,inv_cb1a2b17,71996867,686923236,,1748279163,26-05-2025 17:06:03,1748279163,0,,,,,,,,,
0x29ba53dc377fe362c1d16bff8453829d1476dc654fe2614210b4b3335ee42085,inv_5122e65b,inv_fa70e5ad,71988936,266319800,,1748262201,26-05-2025 12:23:21,1748262201,0,,,,,,,,,
0x6866d57e3a977084bf911a590c5cf031fede14d5f843a6f3a5fea346971b5f0a,inv_5122e65b,inv_fa70e5ad,71988819,301456476,,1748261953,26-05-2025 12:19:13,1748261953,0,,,,,,,,,
0x83398be6bbb683fea963ae96d117ab2965e0e8a635fc25cfc9b24c882d28c9fc,inv_5122e65b,inv_fa70e5ad,71985430,200000000,,1748254683,26-05-2025 10:18:03,1748254683,0,,,,,,,,,
0x734908573f915fd81672e26e47216fa4fbef5f75b7dde6b31a9b6aae6495052d,inv_231fbe29,inv_c186501e,71983745,24998375,,1748251089,26-05-2025 09:18:09,1748251089,0,,,,,,,,,
0x8a9fa6514f0b1db9d459b35cef73d926d8524692527d996c680e891e540ff4cd,inv_dd02f503,inv_fa70e5ad,71981061,200000000,,1748245384,26-05-2025 07:43:04,1748245384,0,,,,,,,,,
0x85b40081658416701264871a00e8160094aeb6e4153dace38b87c84d8608609c,inv_b96f21af,inv_fa70e5ad,71950673,199960000,,1748180529,25-05-2025 13:42:09,1748180529,0,,,,,,,,,
0x5631e6e1f0715b82d1dd78dbc7dd973b2964e35976b6025539ba24b525dce352,inv_b96f21af,inv_fa70e5ad,71950499,199960000,,1748180159,25-05-2025 13:35:59,1748180159,0,,,,,,,,,
0xe0205d96658b5701aa359b10744603a441d5f36e6100e1057b2bc01b476c1989,inv_b96f21af,inv_fa70e5ad,71950145,199960000,,1748179404,25-05-2025 13:23:24,1748179404,0,,,,,,,,,
0x2478e455a0711e0090885a32f3d9e31cee5a3605bbc61f943e8631c697f7ae7d,inv_b96f21af,inv_fa70e5ad,71950061,199960000,,1748179224,25-05-2025 13:20:24,1748179224,0,,,,,,,,,
0x455eadb0b2197e93bb26359375c1d895230bd8b47068bdafff15a7736e7347eb,inv_0ce4228c,inv_b93eeae9,71909273,220000000,,1748091883,24-05-2025 13:04:43,1748091883,0,,,,,,,,,
0x89d8fe1af86d89861c5a80d394f4b51db4ed54844cf4fa55e3706abece30c2b8,inv_c48739e9,inv_7a100e90,71883829,17467490,,1748037421,23-05-2025 21:57:01,1748037421,0,,,,,,,,,
0x46bfd9066d533e5f36fd0466046b92abe4759335094ac83317f886f5e1bbf341,inv_5122e65b,inv_68926941,71877932,105001522,,1748024825,23-05-2025 18:27:05,1748024825,0,,,,,,,,,
0xf432b64548f4207db9a12ac88d720dd003a60b8930a46e7d9b2882176b40a299,inv_5122e65b,inv_62fc6c1b,71877020,12448868,,1748022887,23-05-2025 17:54:47,1748022887,0,,,,,,,,,
0x89a34b79921098cf0359fe8cb7d394a3da9ebdf5e79710a6b0985edc9c137658,inv_0ce4228c,inv_b93eeae9,71876693,220000000,,1748022185,23-05-2025 17:43:05,1748022185,0,,,,,,,,,
0xc325d16a2d1cd6402c56afc22a145d054d8729c9658a1c191628bce8f79f8561,inv_0ce4228c,inv_b261c1fb,71861401,585096676,,1747989330,23-05-2025 08:35:30,1747989330,0,,,,,,,,,
0x2be423a840c476e0db11eb4c2f4a73ea092712832b742c9f3c9a40f5d2aeb0e0,inv_0ce4228c,inv_b261c1fb,71861343,513710633,,1747989174,23-05-2025 08:32:54,1747989174,0,,,,,,,,,
0x502ae4e00ad34ddf73bd20806061feccf12328a49d08d6a912e2d1c53263a930,inv_e3591c23,inv_68926941,71840691,104999999,,1747944612,22-05-2025 20:10:12,1747944612,0,,,,,,,,,
0x56c66d42afce3b19debbfc5826a0b2c5094c00aed6c64fb6da8c1fa54fdfa879,inv_e3591c23,inv_68926941,71840617,104966039,,1747944442,22-05-2025 20:07:22,1747944442,0,,,,,,,,,
0x415691799741bd561940facf3a5d01c80319d3036c863a6138ed0855d19efd8b,inv_e3591c23,inv_75578a1d,71840568,240000000,,1747944318,22-05-2025 20:05:18,1747944318,0,,,,,,,,,
0xa952ea2d34b4e27c7c965e72be8377c0c6f9e8866d80332cbb4504afe1960038,inv_4b22da68,inv_0ce4228c,71839380,5029781857,,1747941728,22-05-2025 19:22:08,1747941728,0,,,,,,,,,
0x50155273f18263830d0fcad81ad456999526c835c5852d29049f34c06ecf3dce,inv_e81b677a,inv_0ce4228c,71838637,1861144689,,1747940084,22-05-2025 18:54:44,1747940084,0,,,,,,,,,
0xf054da2ca0a38ce8c516d55f4be0a48f83d504cca79319c638a8b5fc3ceaef81,inv_e81b677a,inv_a40d63cd,71838363,260055800,,1747939470,22-05-2025 18:44:30,1747939470,0,,,,,,,,,
0x6595476c5958bde7ebae88fd033e2baae6ad7358420c5b19116651c98cab76bd,inv_5122e65b,inv_62fc6c1b,71828732,76132958,,1747917935,22-05-2025 12:45:35,1747917935,0,,,,,,,,,
0x7902e31bff9b649ee97e4636103fc77cb59322b4e68d6f579d6a043f4f52de1a,inv_b96f21af,inv_87319526,71802937,100000000,,1747860231,21-05-2025 20:43:51,1747860231,0,,,,,,,,,
0xe9d5978776ce2b435b7c4ec3076f02f024bc7b76ee3d74663f71dbed24d71bf1,inv_5122e65b,inv_62fc6c1b,71799373,161465375,,1747852416,21-05-2025 18:33:36,1747852416,0,,,,,,,,,
0xa7d00d98fe3c5fefecd586590d3f0fc44e616aa84516ef1075894df72c1fef3b,inv_b96f21af,inv_8ab0deb6,71797624,109564626,,1747848700,21-05-2025 17:31:40,1747848700,0,,,,,,,,,
0xab1a4f3227cfc48068184ebd43dc305b95cc22c86eb46f66e6aee59d572ac621,inv_5690c297,inv_68926941,71765839,209999579,,1747781096,20-05-2025 22:44:56,1747781096,0,,,,,,,,,
0x4264556ad8487afdd941656cfe51818231529ad7073e0cd45b1cf19eeea0699a,inv_190c7331,inv_cfcad916,71755694,566130000,,1747759340,20-05-2025 16:42:20,1747759340,0,,,,,,,,,
0x9a764807227300f94b23df03a5ab956e089ad517fbf01838fdb0b47b50719d57,inv_092b5098,inv_68926941,71754241,210000000,,1747756190,20-05-2025 15:49:50,1747756190,0,,,,,,,,,
0x6ff3cd5f3497b47eb68a5aa31e72f194bdb7e235fbbe3188012165e336a5a6b3,inv_092b5098,inv_cfcad916,71754161,510000000,,1747756020,20-05-2025 15:47:00,1747756020,0,,,,,,,,,
0x0147da0a9fd8ef479d373f603fa2d7eadb3c093fc519162655ae5846474c690d,inv_b96f21af,inv_fa70e5ad,71746445,199960000,,1747739330,20-05-2025 11:08:50,1747739330,0,,,,,,,,,
0xa6b5c6a4bddbd0f973b3b9b1f853d6d4ccd6e13f23031723a216ee81e1b3ed43,inv_b96f21af,inv_fa70e5ad,71746383,199960000,,1747739198,20-05-2025 11:06:38,1747739198,0,,,,,,,,,
0x1a43d05fdf5b1eb65a2352c2c9fc0973def5bedf39fba5a9367dd8e81fd8aac5,inv_b96f21af,inv_fa70e5ad,71723640,199960000,,1747690698,19-05-2025 21:38:18,1747690698,0,,,,,,,,,
0x7b4103224f82a23353babbf8f76568a35ec319371de5274a6b6e872e9f25f566,inv_b96f21af,inv_fa70e5ad,71723588,199960000,,1747690588,19-05-2025 21:36:28,1747690588,0,,,,,,,,,
0x5b5d96750bf0c94b3387877e6e47054f7aa6416ade9f1e9f0a535f530438ace7,inv_e81b677a,inv_5e01e954,71720228,804054483,,1747683426,19-05-2025 19:37:06,1747683426,0,,,,,,,,,
0xc9c2d1c0970ddb6935e89eb16541102bab53ff509c5d25068fdd51e67a841377,inv_0ce4228c,inv_75578a1d,71717467,235800000,,1747677522,19-05-2025 17:58:42,1747677522,0,,,,,,,,,
0x53a58221dd26beb6d7ff50b87a4e46aa85d79bef4c5e63997c6c918eb95481c3,inv_e81b677a,inv_b93eeae9,71684562,205850000,,1747606975,18-05-2025 22:22:55,1747606975,0,,,,,,,,,
0x7496897c6f5e307e1e4773816753bfba7097a938a85196480c4f848602fbde83,inv_c48739e9,inv_fa70e5ad,71678106,199960000,,1747593228,18-05-2025 18:33:48,1747593228,0,,,,,,,,,
0x7baf8e30ad7df7e1ccf33d212f9c8583934c8cb19506661a95c979bea2537846,inv_c48739e9,inv_fa70e5ad,71672976,151630,,1747582295,18-05-2025 15:31:35,1747582295,0,,,,,,,,,
0x08838021878d9f6464e1b170fae208e5abb57f6eca212cf871da9008ab0ace79,inv_c48739e9,inv_fa70e5ad,71672940,205781,,1747582217,18-05-2025 15:30:17,1747582217,0,,,,,,,,,
0x566384b8c0f13c38401f04023fe59e1452bee0d2aa659d28552668586dc2c011,inv_c48739e9,inv_fa70e5ad,71672833,199960000,,1747581991,18-05-2025 15:26:31,1747581991,0,,,,,,,,,
0x7bc18b302373e0c36477f9f474fdf26bc525fe4ba1aff00f42873220fbfc3369,inv_5425f722,inv_0ce4228c,71670140,111963775,,1747576267,18-05-2025 13:51:07,1747576267,0,,,,,,,,,
0x47e36e2b949c922235d6e409c01f1f267c5f4e10bab206837c611961a3d968cf,inv_0ce4228c,inv_092b5098,71621390,106069333,,1747472251,17-05-2025 08:57:31,1747472251,0,,,,,,,,,
0x16a63f1228a5652d008487aee75bf3666c20ea41a73154667112024315e17e53,inv_5425f722,inv_08626014,71563074,202617220,,1747347211,15-05-2025 22:13:31,1747347211,0,,,,,,,,,
0x34ecaf4c0d139ad39c9f4fcbfae467e8448e8c5ffacdb69aa90de2da5455407b,inv_c48739e9,inv_08626014,71558026,210096205,,1747336482,15-05-2025 19:14:42,1747336482,0,,,,,,,,,
0x12c3e41266ad8aba55fbfd8293ca69fb138a3d30831c6d1861d4641f01b79b3c,inv_c48739e9,inv_08626014,71557895,132288168,,1747336204,15-05-2025 19:10:04,1747336204,0,,,,,,,,,
0x5cefbd60afa2e5dda2f14e06e13605d09248cf8ed233a0ebb94659ded00c5924,inv_5122e65b,inv_08626014,71555827,32079837,,1747331810,15-05-2025 17:56:50,1747331810,0,,,,,,,,,
0xa5743052e872ab32489a830e88e9f0edc516baf18f80ff82682beafa49297981,inv_092b5098,inv_82c25271,71523702,101018412,,1747263108,14-05-2025 22:51:48,1747263108,0,,,,,,,,,
0x845861c41038377b9a5e0b08d5827b591c16080b6aac7e662f66589ca8a4e31b,inv_c48739e9,inv_82c25271,71515318,49993308,,1747245287,14-05-2025 17:54:47,1747245287,0,,,,,,,,,
0x61b6b15a951f0a6a28bca311e5bd9902c01647e7335bf503bd251577d995050c,inv_5122e65b,inv_b261c1fb,71502917,55977566,,1747218748,14-05-2025 10:32:28,1747218748,0,,,,,,,,,
0xa70d616eb76c7416a902777d3b5f19a6c53f5b775b323c48bcea167c2c8fb63e,inv_c48739e9,inv_e7339c4b,71497376,48057885,,1747206915,14-05-2025 07:15:15,1747206915,0,,,,,,,,,
0x047cc0c333152585f9f54be2dcce146617f39307a23e752e5cc59f97122027c4,inv_5122e65b,inv_b261c1fb,71475510,195585000,,1747160182,13-05-2025 18:16:22,1747160182,0,,,,,,,,,
0x59ad5f38a5663413c3a6fd70c43be4a0c3bf23444ab9a573a2d4c6af99744b27,inv_27d9f845,inv_83a23010,71462789,392000000,,1747133149,13-05-2025 10:45:49,1747133149,0,,,,,,,,,
0x1a6ab973fc549fda1ef8d7453bbd1aea1c075710e9d0dbc52193faf2f348506e,inv_27d9f845,inv_83a23010,71462745,490000000,,1747133055,13-05-2025 10:44:15,1747133055,0,,,,,,,,,
0xd4a2d6cfa8cb141be820d6fd7e51ea0c723bf0f5d0ee7a2bca50df84487b25a3,inv_5122e65b,inv_092b5098,71455436,110636595,,1747117489,13-05-2025 06:24:49,1747117489,0,,,,,,,,,
0x2431f654884109cfb4ee62a1a37c48cf18851b8dcf9e503d4d3e68fd087661ad,inv_0e50bf41,inv_281e98df,71435270,498750000,,1747074407,12-05-2025 18:26:47,1747074407,0,,,,,,,,,
0x9705436d678650b0a4cb335008f21331d3e4803e150d45ca1363bf0c0d32c4b2,inv_0e50bf41,inv_3f236799,71401277,543703443,,1747002079,11-05-2025 22:21:19,1747002079,0,,,,,,,,,
0x4f39045458ed91bb93bf64514e06b48f01facb77d75547014c2130f34e930815,inv_0e50bf41,inv_281e98df,71401186,847891312,,1747001887,11-05-2025 22:18:07,1747001887,0,,,,,,,,,
0xfa416e71a843691ed48787366076a4ab5a00f2070638f4e6d368bad080c5675f,inv_0e50bf41,inv_281e98df,71401150,995000000,,1747001806,11-05-2025 22:16:46,1747001806,0,,,,,,,,,
0x42f824221b6929bc8459021132a9ccc10cb9c5875492326eeebd3f6440059a09,inv_c48739e9,inv_7a100e90,71397541,22884895,,1746994091,11-05-2025 20:08:11,1746994091,0,,,,,,,,,
0x4dececde940fe5affb3c66587e7f417a4ab8ae065adc2920b46cda11e4a04b3f,inv_c48739e9,inv_7a100e90,71397437,40842256,,1746993865,11-05-2025 20:04:25,1746993865,0,,,,,,,,,
0x678cb94ec49d4438df975acfdb337b01c3a9f6cba05843c6510fcdb0655ce546,inv_c48739e9,inv_7a100e90,71397260,43711236,,1746993489,11-05-2025 19:58:09,1746993489,0,,,,,,,,,
0xd1f9c96d6e64acbfa7f97fe1e8e2571839a9666ce6ebd1255729b7aa142c88c0,inv_5122e65b,inv_4be1ac45,71358876,25472,,1746911555,10-05-2025 21:12:35,1746911555,0,,,,,,,,,
0x38f13d022cd43ea18f3571eea92f2653ac50f0d1fce6ad4ae39e1927e64b26ad,inv_0ce4228c,inv_68926941,71349273,104966039,,1746891139,10-05-2025 15:32:19,1746891139,0,,,,,,,,,
0x262008c3b7ba2921f7b8ee5841123f187cc0e6e47959622b08d0d15574f52896,inv_68926941,inv_4be1ac45,71348018,99967656,,1746888473,10-05-2025 14:47:53,1746888473,0,,,,,,,,,
0xdca79115c31cc9bcfee4667ceadd420fff998c252f357cc79288a1e88730c089,inv_68926941,inv_4be1ac45,71347992,99998091,,1746888417,10-05-2025 14:46:57,1746888417,0,,,,,,,,,
0xbb98a2817ba0aff0af8959f3c7b6e11bf4b73c4b5a9499097ef9915babdc30cb,inv_68926941,inv_4be1ac45,71347961,99999999,,1746888351,10-05-2025 14:45:51,1746888351,0,,,,,,,,,
0xfd28cc517e1c7673b7e4ddeb14895919fdfd254804aee98d987fe218b2a13b60,inv_0ce4228c,inv_4be1ac45,71347453,100000217,,1746887271,10-05-2025 14:27:51,1746887271,0,,,,,,,,,
0x2ed186df7b4ff4791ca70fc96d94dca4084acdc5302a8d32da9b80def395a057,inv_0ce4228c,inv_4be1ac45,71347334,109964422,,1746887019,10-05-2025 14:23:39,1746887019,0,,,,,,,,,
0xf964a0727ee986b1f1379666ef71bee9dfe7ed1740cc6f276e440ed4a2052b6f,inv_092b5098,inv_8da3f0a7,71324896,108467250,,1746839051,10-05-2025 01:04:11,1746839051,0,,,,,,,,,
0xa07113d5a211eb13a44f00d2593c3719db342b5edc4cc5b56b93ba3d021cd54b,inv_c48739e9,inv_8da3f0a7,71320866,227817588,,1746830453,09-05-2025 22:40:53,1746830453,0,,,,,,,,,
0x4c4f8db112c4965cf2e7a4c08168fd9982048ac0fe5d9989854c8b60dbf5bf41,inv_197b14fd,inv_281e98df,71272709,995000000,,1746727881,08-05-2025 18:11:21,1746727881,0,,,,,,,,,
0x1e35e512c82dcbfbcd902cc263cb4d7dbdb1bc0f0b01f0933e98b5d85378e60a,inv_49de41e1,inv_262f6642,71271697,2040000000,,1746725731,08-05-2025 17:35:31,1746725731,0,,,,,,,,,
0x929028f684aba62fcc924305a81bff2dd2a6874cd4ea62c2aa5e7bf54d373f65,inv_b9b5acda,inv_190c7331,71267777,510000000,,1746717396,08-05-2025 15:16:36,1746717396,0,,,,,,,,,
0xb020ab34b00cf6517e8e1950faf0654ac8018c2fd548fe7d99c7f6b66ae6ad20,inv_b9b5acda,inv_190c7331,71267570,1020000000,,1746716956,08-05-2025 15:09:16,1746716956,0,,,,,,,,,
0x2338e95a3283e73fb0cb16e27b7dfc0d9269a07a941303ce0d33cd9196f76e7e,inv_0ce4228c,inv_092b5098,71231247,340430564,,1746639458,07-05-2025 17:37:38,1746639458,0,,,,,,,,,
0x717d3af2ca5afa3710c1bd21b5d3e2d2a01f0ca80c419b5c062701e1f127d530,inv_1e9be07e,inv_190c7331,71185996,510000000,,1746543228,06-05-2025 14:53:48,1746543228,0,,,,,,,,,
0x921e8625e5039abf461785516f71fd945e5ac2de42788fc689b7d3a6bb7fe990,inv_b261c1fb,inv_994b2ba5,71180496,488370646,,1746531540,06-05-2025 11:39:00,1746531540,0,,,,,,,,,
0xfd3bf2add4be8e370d16f8222dd9c04aa5fa063d285802f73e67dbf86840f6c4,inv_5b3a8491,inv_75578a1d,71148335,208000000,,1746463127,05-05-2025 16:38:47,1746463127,0,,,,,,,,,
0xfbbbdcb84a24cfe5a0acf68ee021929d390c8417842da47d0bce229d2ca2b93f,inv_b261c1fb,inv_9dabac94,71134294,553469829,,1746433214,05-05-2025 08:20:14,1746433214,0,,,,,,,,,
0x90499c4b3333fff5ea42ff8c817e16e48db366fb3564b0b90d00d7b32f91af81,inv_5122e65b,inv_9dabac94,71111557,67535408,,1746384613,04-05-2025 18:50:13,1746384613,0,,,,,,,,,
0xbf8670eb5fb924d71eaa6388118b97dbc5c62c9e0b40240e591395d90b5dfde9,inv_092b5098,inv_53d18258,71083270,102000000,,1746324223,04-05-2025 02:03:43,1746324223,0,,,,,,,,,
0xbbd6de76f8d0cc73b674031c99af2e57a64de4a06db00af954fd66b3cdf6ccbd,inv_231fbe29,inv_dfc1ed44,71034984,116042811,,1746220951,02-05-2025 21:22:31,1746220951,0,,,,,,,,,
0x7795bf7e521279c4c6407ce08ac27713900cf55a85f6bafe7a46b42339041ced,inv_5122e65b,inv_b9b5acda,70991906,126170579,,1746128902,01-05-2025 19:48:22,1746128902,0,,,,,,,,,
0xf37d983fa1a9456bf0b75de8693088cb292d3796eb03a991006984a9b6262d6f,inv_231fbe29,inv_cec7eea7,70989307,107245539,,1746123378,01-05-2025 18:16:18,1746123378,0,,,,,,,,,
0xd8d5d3c848a5dcabf3aa60627b6059bb4db7d6fb124d16e055fbd516ccb89053,inv_18ab33de,inv_32b447a9,70983680,571737600,,1746111419,01-05-2025 14:56:59,1746111419,0,,,,,,,,,
0x4317fc8a9df8b268f49a263ffc0c24eb4a36fa847a342071c4e7d38f77d05a88,inv_0e50bf41,inv_b261c1fb,70976490,1408256394,,1746096139,01-05-2025 10:42:19,1746096139,0,,,,,,,,,
0xd8e1a6b227dd22599c04defdd1fab153b017ab05025b995989ab1926cff3f7da,inv_0ce4228c,inv_b261c1fb,70971847,613250000,,1746086273,01-05-2025 07:57:53,1746086273,0,,,,,,,,,
0x058976a2f5591e799d983074a90ee4522e20531af633f466409913ecce8f32fe,inv_0ce4228c,inv_62fc6c1b,70971806,230000000,,1746086185,01-05-2025 07:56:25,1746086185,0,,,,,,,,,
0x08633491f2b94d70ccc48817017cfe14025c107d35917fb445dccdcce06377a4,inv_6d3c2326,inv_68926941,70952025,209983641,,1746044116,30-04-2025 20:15:16,1746044116,0,,,,,,,,,
0x725a380a864485aa2471c4a8c20c3bf7f65394d410c6498ff82a5dde6af0b3b5,inv_5122e65b,inv_fbd0fe7a,70945742,114000000,,1746030764,30-04-2025 16:32:44,1746030764,0,,,,,,,,,
0x94f7842e6666b901f2b1b977e665ff62b4f1416f4beda52c5020312fbe8713b9,inv_5122e65b,inv_b261c1fb,70945468,141620571,,1746030182,30-04-2025 16:23:02,1746030182,0,,,,,,,,,
0x9c98e588ae64f0956a8c51f12d4db42d48072fb632541a8e1be2925eee010f60,inv_0ce4228c,inv_fbd0fe7a,70928659,121800000,,1745994187,30-04-2025 06:23:07,1745994187,0,,,,,,,,,
0x1ade1ad0b0919c8e84f5bc0f9eaee20f4ae4e87cfac5bab9f36a95ebf25cfe7f,inv_49de41e1,inv_0ce4228c,70904902,2086845241,,1745943673,29-04-2025 16:21:13,1745943673,0,,,,,,,,,
0x89c39146c9b396f7143cb349135c0cf40209d95e6670585682ff0a336ceee23f,inv_092b5098,inv_7a100e90,70837212,197000000,,1745799290,28-04-2025 00:14:50,1745799290,0,,,,,,,,,
0x3b0f47cfed41bf144e19431cd52b8b8c2d69d54b985928dbcf99de20be494b81,inv_5122e65b,inv_7a100e90,70827824,72264605,,1745779330,27-04-2025 18:42:10,1745779330,0,,,,,,,,,
0xa3720bbce7ee8b9bba339569f7c2ebe74e6f4a51862ab2120ebd825bb040ec2a,inv_896c26d9,inv_7a100e90,70782424,99000000,,1745682351,26-04-2025 15:45:51,1745682351,0,,,,,,,,,
0xde64a0db5f0597acde8039ec1378142301d635c3402a46d947ac4092c2112d7b,inv_c48739e9,inv_146ba16e,70770210,210000000,,1745656374,26-04-2025 08:32:54,1745656374,0,,,,,,,,,
0x0398c0888b76767cb9ad3ac204d60c285923808e3770dcb07db1526b485a1026,inv_b261c1fb,inv_9f0c7322,70759895,228000000,,1745634419,26-04-2025 02:26:59,1745634419,0,,,,,,,,,
0x48f08740f2b1596a0dfa4a24adb05e343f89ea22a2766ee75d29e70ead238f97,inv_b261c1fb,inv_9f0c7322,70759829,213327273,,1745634279,26-04-2025 02:24:39,1745634279,0,,,,,,,,,
0x21fd4b175976b5a39f3ace305254f16408deb5f420aa49657d240630c143e45a,inv_27d9f845,inv_68926941,70753003,210000000,,1745619763,25-04-2025 22:22:43,1745619763,0,,,,,,,,,
0xe468c8c608692c29c826fb862c5a1bbcd6fcf3fab6b509a82bfc68aa78d55b2d,inv_d381a12e,inv_190c7331,70752481,309000000,,1745618655,25-04-2025 22:04:15,1745618655,0,,,,,,,,,
0x4aa1a3dc5dee81aef6c8038f800e5ad851c7e5b31126a87e59c2adf17d9abcb1,inv_092b5098,inv_9f0c7322,70748015,204000000,,1745609158,25-04-2025 19:25:58,1745609158,0,,,,,,,,,
0x14fc04b4200ac4927fcc1d0127d6dd13e933acdf8d1096512ac76ba99cbed500,inv_190c7331,inv_9f0c7322,70747033,303000000,,1745607071,25-04-2025 18:51:11,1745607071,0,,,,,,,,,
0x710d6ac9187bcac28dd385f4005e83f268396dc37c7297782ca7895a961d940f,inv_68926941,inv_9f0c7322,70743385,202000000,,1745599316,25-04-2025 16:41:56,1745599316,0,,,,,,,,,
0x59b17b713d8ab57ef2f1ee097ec69d048ec8b4d2aa72347b52f225b11ac5885c,inv_a91c1683,inv_7a100e90,70687802,100000000,,1745480708,24-04-2025 07:45:08,1745480708,0,,,,,,,,,
0xc615a6945666e21633194f59a3b3982dc840696dae39436a11da7245eac03578,inv_5122e65b,inv_7a100e90,70658646,39625295,,1745418689,23-04-2025 14:31:29,1745418689,0,,,,,,,,,
0x49cc14f7633c7d4d0df02b98d68d01e72ce5c6b2f79f895a0a57a23116539ab0,inv_b261c1fb,inv_bc9cd3f7,70574322,116498854,,1745238991,21-04-2025 12:36:31,1745238991,0,,,,,,,,,
0x34281f809ae3aeed7de9a9ee72f8074381c6db8ed6a7876e3c468d974b5b5166,inv_0e50bf41,inv_2bf62e32,70571724,545003476,,1745233469,21-04-2025 11:04:29,1745233469,0,,,,,,,,,
0xdde5a9fa9de2ff3360d9fdc636293086fe75befbfa4252d68a709b9ede8d76c5,inv_231fbe29,inv_2bf62e32,70533801,1100000000,,1745152821,20-04-2025 12:40:21,1745152821,0,,,,,,,,,
0x6b5d979729aaf9b5b143e2e32dddd2c27dc92ebe513b844dabbf2934c92cc6cb,inv_e81b677a,inv_87d2c033,70465762,115000000,,1745007849,18-04-2025 20:24:09,1745007849,0,,,,,,,,,
0x9c53097fb114de8d046ac77702ea8e7efc856d0820502ad5b7c4fe6de3334b08,inv_0ce4228c,inv_75578a1d,70340047,228000000,,1744738777,15-04-2025 17:39:37,1744738777,0,,,,,,,,,
0x3812dc6c28092d3a3e6fe7a8060e5db918a0a0205f7fb24ef02c43fbc9342048,inv_0ce4228c,inv_75578a1d,70326658,224000000,,1744709877,15-04-2025 09:37:57,1744709877,0,,,,,,,,,
0x39bf7017fbb23febeed35055b48f7f652b6286c0750b33219ccb20db16472f93,inv_190c7331,inv_60dcb8f6,70323622,49000000,,1744703423,15-04-2025 07:50:23,1744703423,0,,,,,,,,,
0x8d26fa6cfd53adaa7cc5ee2f4def7e17b493f869de0aec022fc2369dfaba7008,inv_6d3c2326,inv_fa70e5ad,70312172,112702548,,1744679091,15-04-2025 01:04:51,1744679091,0,,,,,,,,,
0xfe10cef6939712337f1448fca2f57e426dec2f91739cf66459fcb9799504372b,inv_6d3c2326,inv_fa70e5ad,70312133,112999776,,1744679009,15-04-2025 01:03:29,1744679009,0,,,,,,,,,
0xf281bb6705629d2a1e4a8431ee4327f48460b2dddfc479f94161690cc60beb45,inv_27d9f845,inv_df7f66b7,70294576,525000000,,1744641683,14-04-2025 14:41:23,1744641683,0,,,,,,,,,
0x61bca403376a176d193716e3e3c9ef2d7b794c66b7c6f9d78b337fe227368397,inv_5690c297,inv_fa70e5ad,70281066,112534935,,1744612500,14-04-2025 06:35:00,1744612500,0,,,,,,,,,
0xefef13152c6cd95946b8673f2b4781ebd5dda8819c174ff7238247a5c1d97e51,inv_5690c297,inv_75578a1d,70281009,28107,,1744612380,14-04-2025 06:33:00,1744612380,0,,,,,,,,,
0x7731dfef99388bbef78480878c82152518a0f29b60ccf6398f602acf5cc3beda,inv_5690c297,inv_fa70e5ad,70280835,99588438,,1744612010,14-04-2025 06:26:50,1744612010,0,,,,,,,,,
0x86cb66a5f5a03571819d42dbd580dd6c669615f9aec9be12c8b70343689845ed,inv_5425f722,inv_7a100e90,70267947,19276485,,1744584539,13-04-2025 22:48:59,1744584539,0,,,,,,,,,
0x98156d3ea728cf0c442f92a117baf8addca6609fd4c12e72fc15520a1c1a8ff4,inv_5425f722,inv_fa70e5ad,70267649,112534935,,1744583907,13-04-2025 22:38:27,1744583907,0,,,,,,,,,
0x8b4d80bc92ce780f00691be6ff9415b015b3ed93f5688349d683a5d7c4dcc8d1,inv_5425f722,inv_fa70e5ad,70267612,124655940,,1744583827,13-04-2025 22:37:07,1744583827,0,,,,,,,,,
0x89eee5346eb6e599535cd73d28c3d91d0ce4fac2e83a804199fd6152363c6603,inv_6d3c2326,inv_fa70e5ad,70266172,113000000,,1744580767,13-04-2025 21:46:07,1744580767,0,,,,,,,,,
0x5d499df0db1480d5956416c857c86406e2ae001239460ae959514c24f8b6f39b,inv_c48739e9,inv_fa70e5ad,70265025,99928678,,1744578331,13-04-2025 21:05:31,1744578331,0,,,,,,,,,
0xd2e4705651121ecc9d386481dd93b24a55955bef73357663ab4c574995526f34,inv_231fbe29,inv_fa70e5ad,70264823,100440796,,1744577901,13-04-2025 20:58:21,1744577901,0,,,,,,,,,
0x702be447e62803895b056a446e9d179513f60acaa7567320fbd483cc4fadd604,inv_a8f467a6,inv_75578a1d,70259741,226000000,,1744567091,13-04-2025 17:58:11,1744567091,0,,,,,,,,,
0x67215f448e6d5552b40960c16464d5b76c0d3cf0413a732e94a11b37c0dff58b,inv_5425f722,inv_7a100e90,70247404,109000000,,1744540815,13-04-2025 10:40:15,1744540815,0,,,,,,,,,
0xf3d6adf6a76e075976a4fdbf2178acfdfa3ef429a7bb82836a219080ad1b3c8e,inv_5425f722,inv_7a100e90,70247386,109000000,,1744540777,13-04-2025 10:39:37,1744540777,0,,,,,,,,,
0xdf1b5ad23a276b1bd55f985f3eae6c5821dc6d9621cfa86e6f0a9f97fa211e2f,inv_5425f722,inv_7a100e90,70247366,218000000,,1744540735,13-04-2025 10:38:55,1744540735,0,,,,,,,,,
0x45cac1902486a9f0f35b5b895e13efca27e232c930d57f6f76ead79d65c99fb7,inv_e46beaa9,inv_fa70e5ad,70227903,163520000,,1744499340,12-04-2025 23:09:00,1744499340,0,,,,,,,,,
0x4deb99990cce39e08dc8db8c25d42aa521d2a1411a24caddef31e41f4e8d36b5,inv_e46beaa9,inv_fa70e5ad,70227851,113000000,,1744499230,12-04-2025 23:07:10,1744499230,0,,,,,,,,,
0x20b4f273b1820ec2d4bc5ec7f46a94498c821efcba6fc45697957cefc2a9859e,inv_e46beaa9,inv_fa70e5ad,70227797,115360000,,1744499116,12-04-2025 23:05:16,1744499116,0,,,,,,,,,
0x6dac83d108137bc80e33dd862ca97c0ed0174c475ba41bc2c4748214d8421fa5,inv_5122e65b,inv_f14d82a5,70227473,3435,,1744498426,12-04-2025 22:53:46,1744498426,0,,,,,,,,,
0x443c4c3518a79d07186b787de0dc622c86ca3a4eb9cb0bcd7422b9c3cf170d03,inv_c48739e9,inv_fa70e5ad,70206354,128700000,,1744453468,12-04-2025 10:24:28,1744453468,0,,,,,,,,,
0x72951bb09916bb18ebd1b9b3bf7d8915f53e83a1695a4b2470e533598838cd2e,inv_231fbe29,inv_fa70e5ad,70206335,100000000,,1744453426,12-04-2025 10:23:46,1744453426,0,,,,,,,,,
0x5fe437322960e513ec48375e895df22ea06b07e6279fe6dd2b89f5db64f45327,inv_231fbe29,inv_fa70e5ad,70206239,100000000,,1744453222,12-04-2025 10:20:22,1744453222,0,,,,,,,,,
0x89f477900eaa0ece3bdab442d715825e4fe534bb0c307af68bc62a61b0558a91,inv_231fbe29,inv_fa70e5ad,70206193,100000000,,1744453126,12-04-2025 10:18:46,1744453126,0,,,,,,,,,
0x448360dce7e077af113b7c5f761293c5065518d3e18f4bea8a870629e2687910,inv_fa70e5ad,inv_c48739e9,70205406,64073318,,1744451452,12-04-2025 09:50:52,1744451452,0,,,,,,,,,
0xf67a16b7cce64e12f77982c723cb3087897f1312753f4dd8c3325f60e148d41f,inv_0ce4228c,inv_eceec56b,70202239,113259302,,1744444722,12-04-2025 07:58:42,1744444722,0,,,,,,,,,
0xfe0dd0e30f6ece452d803bb344838194ea04aea9b2f243f0bc74e4600f9a7717,inv_9f92a21d,inv_68926941,70167914,105000000,,1744371711,11-04-2025 11:41:51,1744371711,0,,,,,,,,,
0x80b01851f50a26a8fe6e60dbd32d38abe9dcabb7b27a8994e8b43c89de5d5db4,inv_896c26d9,inv_68926941,70163898,210000000,,1744363131,11-04-2025 09:18:51,1744363131,0,,,,,,,,,
0xdc7b1c4a63d4adadb4f67e8f8e425f5bf496f33dfc3a4e223a5562bd4d6c3c19,inv_5690c297,inv_7a100e90,70162647,109000000,,1744360469,11-04-2025 08:34:29,1744360469,0,,,,,,,,,
0x950fa6122d1cce9b8ae9ed3815686bc97822cd28f793c94b25627c61e3753295,inv_5690c297,inv_fa70e5ad,70162553,203830000,,1744360269,11-04-2025 08:31:09,1744360269,0,,,,,,,,,
0x8e8730cce80a141bc9898229430489201c93c132f5595f78b43d438cc73e4bec,inv_5690c297,inv_68926941,70162194,105000000,,1744359507,11-04-2025 08:18:27,1744359507,0,,,,,,,,,
0x96204355c3a8cc2dc94fc9ae05902401523dddb80dd412f303ca449fa93755f2,inv_5690c297,inv_68926941,70161579,106848185,,1744358199,11-04-2025 07:56:39,1744358199,0,,,,,,,,,
0x9d87f530d816b11fd44124bb1e94c16878dfb1041477b3a992d9d1073df19b05,inv_231fbe29,inv_773b86c1,70121937,100000000,,1744273813,10-04-2025 08:30:13,1744273813,0,,,,,,,,,
0x3bbb9d1490bd75ec113b406cc51b9fdb557e39305a98bb5ab3f157a4cc5d9441,inv_e46beaa9,inv_f791168a,70098693,705250000,,1744224385,09-04-2025 18:46:25,1744224385,0,,,,,,,,,
0x52b8e5302b70bb4b717e6acf9fbace88399422661715dfeb0ed5f03070a7e597,inv_27d9f845,inv_e7339c4b,70041472,306577963,,1744101981,08-04-2025 08:46:21,1744101981,0,,,,,,,,,
0xc244a9ee750336ebaeb374d4d32727d63832e200956a918160d991b15df9e1df,inv_27d9f845,inv_eceec56b,70041332,109000000,,1744101683,08-04-2025 08:41:23,1744101683,0,,,,,,,,,
0xc04dc61b1c811b9e88200ab7c61091291d5c276a0479d5ab19348d9b6b6e43c7,inv_27d9f845,inv_f14d82a5,70041243,98151505,,1744101493,08-04-2025 08:38:13,1744101493,0,,,,,,,,,
0x1805d2b4aa220e89663c5bb36b428ef2f9c85a3b295a22906d198dd9d66076da,inv_27d9f845,inv_fa70e5ad,70041133,156885300,,1744101259,08-04-2025 08:34:19,1744101259,0,,,,,,,,,
0x01c43cf96462b6951cda3f33b91d6fd532bb60b3ca450255392ad23c52775830,inv_18ab33de,inv_fa70e5ad,70017912,109000000,,1744051351,07-04-2025 18:42:31,1744051351,0,,,,,,,,,
0xe4935a9787f7403d938aa50938db8525f79ff56c4eebe2bdf4927741c76a6774,inv_18ab33de,inv_f791168a,70017831,540000000,,1744051179,07-04-2025 18:39:39,1744051179,0,,,,,,,,,
0x3f271b1c2a94485680e248bf68c08e26eb8b7283c250a7cd89b4ec68e42832cb,inv_85287263,inv_f14d82a5,70015615,744838467,,1744046437,07-04-2025 17:20:37,1744046437,0,,,,,,,,,
0xc251000cd07957d649c6150f2612c7e0de55e1db5b1a212ff7042ccbea781c69,inv_27d9f845,inv_fa70e5ad,70006379,928333981,,1744026809,07-04-2025 11:53:29,1744026809,0,,,,,,,,,
0x0241fae4b0c2f0e25e3146cb532985194397cd7fe78ddfd3b0fbe85a50a78a2f,inv_27d9f845,inv_eceec56b,70006209,109000000,,1744026449,07-04-2025 11:47:29,1744026449,0,,,,,,,,,
0x4724396a4b8878e5054c0b4a3ac04d5816ee9ad83907cb94368329ea64d98734,inv_5690c297,inv_f14d82a5,70006049,216000000,,1744026109,07-04-2025 11:41:49,1744026109,0,,,,,,,,,
0x84fd94b171fa2ac70f697165da022e3e3e32f646341bc1261fe88af4652933da,inv_5690c297,inv_f14d82a5,70005794,108000000,,1744025567,07-04-2025 11:32:47,1744025567,0,,,,,,,,,
0x929dcb181a14f1d7e91af52127149a7101220bf8d198c9af41a7df5f0f1f34c3,inv_092b5098,inv_fa70e5ad,69988497,136000000,,1743988519,07-04-2025 01:15:19,1743988519,0,,,,,,,,,
0xe50b94d96ebdb66f10b0caa705e515021c0b2b76fa453dca90fedcc3f5437d18,inv_5122e65b,inv_75578a1d,69983675,26373339,,1743978219,06-04-2025 22:23:39,1743978219,0,,,,,,,,,
0x40906fbef90a83343098a410ee56eca4fd4f6413c1a3ef87ec156c134f4a2dcd,inv_5425f722,inv_eceec56b,69983396,109000000,,1743977627,06-04-2025 22:13:47,1743977627,0,,,,,,,,,
0x69340668f8a07108fb89cad3ee7d9aa1184897525b28e575cb9e3b5ac6520d27,inv_c48739e9,inv_eceec56b,69983394,109000000,,1743977623,06-04-2025 22:13:43,1743977623,0,,,,,,,,,
0x3b5d7acccf4ba4c4f35f3f88ea0f1b68a56ea527c9dfa7b56aa6e796d21120d9,inv_5425f722,inv_eceec56b,69983368,109000000,,1743977567,06-04-2025 22:12:47,1743977567,0,,,,,,,,,
0x18d182bd7e42b129daccdd4ac736c8346814440ffb2b293ee796dfcec13b53f3,inv_5425f722,inv_fa70e5ad,69983341,109000000,,1743977509,06-04-2025 22:11:49,1743977509,0,,,,,,,,,
0xbf2e01e162c5934e0f600709577f40f942d6fec40392aec337c8ad8006490ee9,inv_5425f722,inv_eceec56b,69982901,218000000,,1743976575,06-04-2025 21:56:15,1743976575,0,,,,,,,,,
0xab63461994c2c38e4afc7ca3a5b756b90dba03b5e1fe043e20ae7775e1c9bcdb,inv_5425f722,inv_eceec56b,69982582,109000000,,1743975897,06-04-2025 21:44:57,1743975897,0,,,,,,,,,
0x8b117b374feb8de38e5fb45ca40ddf6d7685ab2db9ddcef2c2af1903bb9e0782,inv_5425f722,inv_eceec56b,69982560,109000000,,1743975851,06-04-2025 21:44:11,1743975851,0,,,,,,,,,
0x9e8388c269c6a57cc9ec56b33be947bec2daba7cce3a6ce7b16a3fe6e55b8ea5,inv_896c26d9,inv_fa70e5ad,69982235,100000000,,1743975159,06-04-2025 21:32:39,1743975159,0,,,,,,,,,
0xc00d97dd130215eef05a917ec507595072201c1e2caa8bd4287f9d515e00e480,inv_896c26d9,inv_fa70e5ad,69982078,138000000,,1743974825,06-04-2025 21:27:05,1743974825,0,,,,,,,,,
0xf3abf24ff565cf41cd146ca12f12f50fca493efbb157e595fd55509ae9089e3c,inv_68926941,inv_fa70e5ad,69978713,100000000,,1743967674,06-04-2025 19:27:54,1743967674,0,,,,,,,,,
0xa7813146e24828221bfb849d2dacdd330e1eb85405edf93cf0c44da687696616,inv_75578a1d,inv_eceec56b,69976311,218000000,,1743962506,06-04-2025 18:01:46,1743962506,0,,,,,,,,,
0x4c6bdbee72377cb3f8408b651d6560609028361064233e7d04246af37344b700,inv_75578a1d,inv_eceec56b,69976268,109000000,,1743962414,06-04-2025 18:00:14,1743962414,0,,,,,,,,,
0x9be8f160cfc678d0e03b7d818164b832a1e8f3c5dc4c81484509dc6f0417aca4,inv_0ce4228c,inv_75578a1d,69928461,230000000,,1743860013,05-04-2025 13:33:33,1743860013,0,,,,,,,,,
0x01442f30c6b0befd5711730c74c044401e7b1c94a43e3393a719cebe8e4cb11a,inv_d381a12e,inv_75578a1d,69923918,220000000,,1743850292,05-04-2025 10:51:32,1743850292,0,,,,,,,,,
0x488b4a45993709bc4c5cdfdf15c49e17049607d549e092b7920d4c37bde129bf,inv_5122e65b,inv_faaf7db9,69903554,116760650,,1743806869,04-04-2025 22:47:49,1743806869,0,,,,,,,,,
0x77ef10ff2471a58cad5c356823b2eb8f863a319e2f70d30f81b29d6441d23df4,inv_5690c297,inv_d381a12e,69901270,115362863,,1743802011,04-04-2025 21:26:51,1743802011,0,,,,,,,,,
0x8161bf7cd38f14f6838ed75b985c374565d638cd30fc64b5219aee79757bb0fe,inv_0ce4228c,inv_75578a1d,69891553,110000000,,1743781119,04-04-2025 15:38:39,1743781119,0,,,,,,,,,
0xd71cfaf8f24a3496ee86bae709ac639682e05fd5be0ecb167140ec89906cfc65,inv_49f8251b,inv_75578a1d,69890448,215646889,,1743778769,04-04-2025 14:59:29,1743778769,0,,,,,,,,,
0x9bb93d5e67c8da66ca2d7b80003dee095db0e7e38fccc4efb490931120635374,inv_231fbe29,inv_9dc32d72,69888400,3180000000,,1743774417,04-04-2025 13:46:57,1743774417,0,,,,,,,,,
0x6d517f3dd2365facf121e73f03db27034313a7425606dff62f77aac535ae1279,inv_27d9f845,inv_75578a1d,69884040,152740001,,1743765145,04-04-2025 11:12:25,1743765145,0,,,,,,,,,
0x4d13d5a07d950fa602d524535094e2a18d2015ac03743c25d8143f7ef8403985,inv_5690c297,inv_b12e744b,69883185,11969948,,1743763329,04-04-2025 10:42:09,1743763329,0,,,,,,,,,
0xc8ab89790a50f3ec7cbf2023541d4920928f4ecb2df0d485f8121b853ce10668,inv_5690c297,inv_b12e744b,69882862,214854552,,1743762641,04-04-2025 10:30:41,1743762641,0,,,,,,,,,
0x5f45ab2037b582171ae534cc10245c80fe1c9dff4e8e5b67f2951e160c6bfe91,inv_5690c297,inv_b12e744b,69882789,30007885,,1743762487,04-04-2025 10:28:07,1743762487,0,,,,,,,,,
0x0f6c68db7c2a1b020cd88152f13e13426c3d6de8386968238496eab94d7459f2,inv_c48739e9,inv_b12e744b,69878897,200040000,,1743754089,04-04-2025 08:08:09,1743754089,0,,,,,,,,,
0x6ad74c930db957429941e9a852d5db2e7c53e8a14847480a8af7ace8961fe0a6,inv_a45c6ade,inv_d381a12e,69863134,105000000,,1743720486,03-04-2025 22:48:06,1743720486,0,,,,,,,,,
0xc27b19f6058a5fe57fb65ff2384a523688f7bd447832b710e02571aa38c418e4,inv_a45c6ade,inv_5a770fe8,69862097,320612383,,1743718284,03-04-2025 22:11:24,1743718284,0,,,,,,,,,
0x7cd86c92d28dd480b59741443cb643d75e53f259c0eb0a96f1e61dc63bcc5677,inv_d381a12e,inv_b9b5acda,69850132,106000000,,1743692838,03-04-2025 15:07:18,1743692838,0,,,,,,,,,
0x31c857213bdd574bc2629998e65c738e68624e26ec2ae1e4b73fbd7f1ec0b7e4,inv_c0280f56,inv_f791168a,69848547,1060000000,,1743689468,03-04-2025 14:11:08,1743689468,0,,,,,,,,,
0xf5da7ca214724353c86754e9c8a2340adb5afecd8fa542a1bb212802979c8335,inv_c48739e9,inv_2428cde7,69817098,218086903,,1743622482,02-04-2025 19:34:42,1743622482,0,,,,,,,,,
0xc401ea8878ee26220d0c9796d7b1589e179f89f286c71226a32c411ce923acc2,inv_18ab33de,inv_f81d59ac,69812547,20953417,,1743612812,02-04-2025 16:53:32,1743612812,0,,,,,,,,,
0xd2e7bc1af4a952e6d6733370af342f339ad7f09a701826ce6adc3ebc8c16b558,inv_092b5098,inv_d381a12e,69788133,103000000,,1743560902,02-04-2025 02:28:22,1743560902,0,,,,,,,,,
0x0b2499d08722a8b419b3b504ab8786cfd01c89ce7b8ee4b79dbce81d7393b540,inv_18ab33de,inv_f791168a,69786106,1055000000,,1743556584,02-04-2025 01:16:24,1743556584,0,,,,,,,,,
0x59cdf39eb73336855ac749be730ff504d846b6c37315fbcb5ca410552fbab68f,inv_5122e65b,inv_b6e4ce95,69779689,32368,,1743542925,01-04-2025 21:28:45,1743542925,0,,,,,,,,,
0xe28487a2cf0485274bec18657be71aa958eba3fdcafdf1fbbdf8e9604b960744,inv_5122e65b,inv_e510b8b3,69779661,97783160,,1743542865,01-04-2025 21:27:45,1743542865,0,,,,,,,,,
0xdfd04fcb72b2df75ad15701eb87093fa771ed3ef9a3747ae24e7cb6796bf30b8,inv_ae4174d7,inv_190c7331,69775790,211246086,,1743534502,01-04-2025 19:08:22,1743534502,0,,,,,,,,,
0xc4d388aea089c65e28e46222d2c9a059d29ce49cc7091ea1ed3d439172f97145,inv_ae4174d7,inv_9dc32d72,69775768,776159848,,1743534456,01-04-2025 19:07:36,1743534456,0,,,,,,,,,
0xb1e9df48a698edecf6fecb83ffa8ae8821805778fe3530f97bd6ceb85f125a28,inv_5690c297,inv_fa70e5ad,69736794,130786861,,1743451467,31-03-2025 20:04:27,1743451467,0,,,,,,,,,
0x2e7b8c809d6102c54707d55d22491cd6713600f9e6ce0d8ba4169d9684f03063,inv_5690c297,inv_ebacd7d1,69736719,206000000,,1743451307,31-03-2025 20:01:47,1743451307,0,,,,,,,,,
0x7995f680fee5b6d4787d97d6cffca8daaba47cf1a138d74841534d2bf32b0647,inv_5690c297,inv_c48739e9,69736607,108500000,,1743451069,31-03-2025 19:57:49,1743451069,0,,,,,,,,,
0x13523f2cf752035c114899a67cc67d587807ca9e8477c4a29970378f9b8ceb07,inv_5690c297,inv_fa70e5ad,69736427,216700000,,1743450687,31-03-2025 19:51:27,1743450687,0,,,,,,,,,
0xf1af2ef8649213f95a64e5de840fd87a7789de9ea8f4b0d0abec387a4b607460,inv_5690c297,inv_fa70e5ad,69685446,216000000,,1743340855,30-03-2025 13:20:55,1743340855,0,,,,,,,,,
0x6556359649e5ce6b250e4902d7aa7a472d82da4958ebf41a2273c7b5c7e5a075,inv_5425f722,inv_fa70e5ad,69678517,216700000,,1743325993,30-03-2025 09:13:13,1743325993,0,,,,,,,,,
0xfa8f12a847d975169c853e760a58b3837d880b8149c4d675bc541191776bd744,inv_092b5098,inv_b9b5acda,69659505,108000000,,1743285474,29-03-2025 21:57:54,1743285474,0,,,,,,,,,
0x786620f6e197d839c77490a217c76ded06866f662f94a5ce13bc8905b72e79dd,inv_092b5098,inv_fa70e5ad,69659403,200080000,,1743285256,29-03-2025 21:54:16,1743285256,0,,,,,,,,,
0x17bf19f74e1464c94c918e9fc00a6c671de9e4e479b15c59512ff470a865ed49,inv_68926941,inv_fa70e5ad,69649941,200080000,,1743265120,29-03-2025 16:18:40,1743265120,0,,,,,,,,,
0x85df391bf16375c2d73c69dbb590c2e30b765df3e74db93d316117580c0730a2,inv_75578a1d,inv_fa70e5ad,69649440,216000000,,1743264056,29-03-2025 16:00:56,1743264056,0,,,,,,,,,
0x2c1e896cc6f9e4d83711db72814aee374ff77c88582ca46c3f843b73b410133f,inv_5425f722,inv_fa70e5ad,69649356,216000000,,1743263876,29-03-2025 15:57:56,1743263876,0,,,,,,,,,
0xa6813ecb7c4ade1b52f98b309c96c2eb4f4380ab130249f4bc211642b0678465,inv_5425f722,inv_fa70e5ad,69649270,200000000,,1743263694,29-03-2025 15:54:54,1743263694,0,,,,,,,,,
0xd3daaa96d2240a93f7363e631b5b2848d9fb4228304393eb09b7ea0b28fd6c01,inv_5425f722,inv_f14d82a5,69617722,540000000,,1743196548,28-03-2025 21:15:48,1743196548,0,,,,,,,,,
0x42210bf6f13ab35d2166633bb10578961cb5a54b5bf90982f2a708d4c80901d4,inv_5425f722,inv_fa70e5ad,69617329,155880848,,1743195714,28-03-2025 21:01:54,1743195714,0,,,,,,,,,
0x49d0639adcd1d2af5a4dc9d68dc2ab347b2327622e89c8d2bb1ee405474c849a,inv_dd02f503,inv_75578a1d,69609272,103000000,,1743178488,28-03-2025 16:14:48,1743178488,0,,,,,,,,,
0x01d01a0200acc61472a879efe065a80756b5e18ed5edb26d4f8664e7b9f7c46e,inv_75578a1d,inv_dd02f503,69604811,214000000,,1743168944,28-03-2025 13:35:44,1743168944,0,,,,,,,,,
0xb7d60f97e7e85a23b629d28024bbe31ba1e47e22a5d544c96f6b084938c494eb,inv_5690c297,inv_75578a1d,69604170,309660396,,1743167550,28-03-2025 13:12:30,1743167550,0,,,,,,,,,
0xee539d0fef2d0e22e8bed9c0c8ec6eeae1b95cbd744f8b4315ecaf28f59c27dd,inv_df7f66b7,inv_a115b931,69573462,1250000000,,1743101876,27-03-2025 18:57:56,1743101876,0,,,,,,,,,
0x8100e6c077b1e9220e685fc9185ece726bd9ef6a3824d3f49b4f2c7cfa64cca3,inv_197b14fd,inv_dd02f503,69566847,1060000000,,1743087816,27-03-2025 15:03:36,1743087816,0,,,,,,,,,
0x0048522bd49e57c099b7f56cf84951453082916ab70927bf4045e36a57598ad8,inv_197b14fd,inv_bad312f1,69566492,1612500000,,1743087062,27-03-2025 14:51:02,1743087062,0,,,,,,,,,
0xb5fecb06a9f6970b01c7b24e8525f1800b436be0abfb3b48148e8bf0108bc04d,inv_0ce4228c,inv_fa70e5ad,69556640,67713980,,1743066112,27-03-2025 09:01:52,1743066112,0,,,,,,,,,
0x54218d2be1aeeec451507cbd2772a50f36da9ecfca959da3be0b14830e1fc7eb,inv_ae4174d7,inv_fa70e5ad,69556435,161125921,,1743065674,27-03-2025 08:54:34,1743065674,0,,,,,,,,,
0x762f16dc0b1c6420bbc00f8a9d6c129e857efe46956edf60eb14acb644a09ed0,inv_0ce4228c,inv_fa70e5ad,69556308,34067867,,1743065404,27-03-2025 08:50:04,1743065404,0,,,,,,,,,
0xff21f99a909181f6864c4c1485565f51e95974d0777d307b8e9cce98b14ead8a,inv_5690c297,inv_dd02f503,69554192,216000000,,1743060888,27-03-2025 07:34:48,1743060888,0,,,,,,,,,
0x94035123545534fee00ec62327c236dab731cc043bd1bd4b47091be110ffba2b,inv_5690c297,inv_dd02f503,69553757,216000000,,1743059958,27-03-2025 07:19:18,1743059958,0,,,,,,,,,
0x372282bb709e2d6aedf6908fe9064db79e322fa97688fb5087a86a5c12772435,inv_092b5098,inv_87d2c033,69536894,114000000,,1743022911,26-03-2025 21:01:51,1743022911,0,,,,,,,,,
0xd756117a74228e9e7972c323d71054e2db8b634408d733039a57da1af20501fb,inv_092b5098,inv_87d2c033,69536797,112000000,,1743022705,26-03-2025 20:58:25,1743022705,0,,,,,,,,,
0x3210161938305627d16bd5b05a39fb9533e1fd782a5ce62f6f6f9f8e2ab11a7b,inv_0ce4228c,inv_b9b5acda,69526937,218000000,,1743001254,26-03-2025 15:00:54,1743001254,0,,,,,,,,,
0xf188eea91e35d73e45addbac16b2a1ebc64977d21b821f897d09ca0ce8a5bf6d,inv_0ce4228c,inv_b9b5acda,69512618,109000000,,1742970739,26-03-2025 06:32:19,1742970739,0,,,,,,,,,
0xd4f219104f795f32aa0e95b61d28b0bcb50e4e9401cc4cfb9a82c9f30adf7b97,inv_0ce4228c,inv_b9b5acda,69499179,108000000,,1742942128,25-03-2025 22:35:28,1742942128,0,,,,,,,,,
0x071bcc6da086706e0adfa6b63c230bb02e799034c8496a468729fd7eeddb3440,inv_5690c297,inv_f14d82a5,69493438,540000000,,1742929922,25-03-2025 19:12:02,1742929922,0,,,,,,,,,
0x041001b32c22c168dea456bda86d485e6e45c97fb45296c91976c8b2091c0a37,inv_0ce4228c,inv_b9b5acda,69490673,108000000,,1742923994,25-03-2025 17:33:14,1742923994,0,,,,,,,,,
0xd438d580ceae488ba121ec0c751c44897724ecc997b65e03a7a4fd86b5276095,inv_5690c297,inv_dd02f503,69476764,216000000,,1742894132,25-03-2025 09:15:32,1742894132,0,,,,,,,,,
0x082c878dce3b0343f6ec56dcc03134c0c58b6e1f8feaabc162cf381f78fa3731,inv_5690c297,inv_f14d82a5,69458686,535000000,,1742855706,24-03-2025 22:35:06,1742855706,0,,,,,,,,,
0x33d7412bec5523fd945af2b33d1562624bcf1d5fe56dfc3f578ee26ee376ef3d,inv_0ce4228c,inv_b9b5acda,69458235,107000000,,1742854748,24-03-2025 22:19:08,1742854748,0,,,,,,,,,
0xce3984564d6dd51d5fad56fb869b296abcd442c78d1ffb62aee906316c5255f7,inv_0ce4228c,inv_b9b5acda,69452209,212000000,,1742841944,24-03-2025 18:45:44,1742841944,0,,,,,,,,,
0x7bd592e0017892b097b221b66ded573804b223e624dd576645e52a7946a7d647,inv_0ce4228c,inv_b9b5acda,69448358,525000000,,1742833756,24-03-2025 16:29:16,1742833756,0,,,,,,,,,
0x4405ab47301e0021407734697f040ce00f1304fd2806c0fa7a5b4e48d05d4074,inv_5122e65b,inv_7ad414f4,69444918,51000000,,1742826410,24-03-2025 14:26:50,1742826410,0,,,,,,,,,
0x3c5b9097ec497ea7916fe54f7ca8cdb59ffc0bdee43d492a334104bf2a314fd0,inv_0ce4228c,inv_68926941,69444062,105000000,,1742824577,24-03-2025 13:56:17,1742824577,0,,,,,,,,,
0x74214297003b29cfc95097d7b0c39b6a56bc3060a0ee1c7572048dbac9b51174,inv_5690c297,inv_c48739e9,69434180,108400000,,1742802787,24-03-2025 07:53:07,1742802787,0,,,,,,,,,
0x07d9669a688ab8096d0d257a70716b3c5dd2ae49aa1c2036c8cd484d5f4bdaf9,inv_5690c297,inv_c48739e9,69433702,108500000,,1742801771,24-03-2025 07:36:11,1742801771,0,,,,,,,,,
0xe04c12e75a3109d306c89ca67d67d313701354b6cd2553aaf75f25bb3064376f,inv_5690c297,inv_c48739e9,69433621,108000000,,1742801599,24-03-2025 07:33:19,1742801599,0,,,,,,,,,
0x68d10db0d5408773cf340fd68dfc504da3444bd032c0efa11bbf9653ec489253,inv_0ce4228c,inv_b9b5acda,69433581,525000000,,1742801513,24-03-2025 07:31:53,1742801513,0,,,,,,,,,
0x1cdc6f1f1adc6d01b1f4a854a212a2bf6184f9b1579023b64c54e4ed0fc52fa3,inv_03a9285b,inv_87d2c033,69424555,224000000,,1742782243,24-03-2025 02:10:43,1742782243,0,,,,,,,,,
0xdd2d3666fb71d849e00f2c62d708acaffb654cdebf90b1f842eb7f8d600e423a,inv_5690c297,inv_dd02f503,69398992,216000000,,1742727651,23-03-2025 11:00:51,1742727651,0,,,,,,,,,
0xfc72784f089c2400ceab13fab65180d32e3935a893bfd06a01b21f5c5224e247,inv_5690c297,inv_f14d82a5,69398864,530000000,,1742727379,23-03-2025 10:56:19,1742727379,0,,,,,,,,,
0xa7b47efa08c37b5d692d9fc6a7265688e61c74f532bd348afb39f973009fa7c1,inv_68926941,inv_c48739e9,69394304,101811056,,1742717653,23-03-2025 08:14:13,1742717653,0,,,,,,,,,
0x986823c08bb0136bd039848ab4456912996b883295fdb121be7aedb0a9a6f3b3,inv_c48739e9,inv_dd02f503,69375120,216000000,,1742676806,22-03-2025 20:53:26,1742676806,0,,,,,,,,,
0x4c0e3af67fab9bf3822499ef71a0877a1b1d5cb3f3dd1bb3f6ee9122fb3392bd,inv_197b14fd,inv_9dc32d72,69371805,1613600737,,1742669760,22-03-2025 18:56:00,1742669760,0,,,,,,,,,
0x569f9cf62fe1b7d0d8b83c4b4c0f124b0d9d57b2509064f841b0870eb7c15040,inv_dd02f503,inv_7ad414f4,69371408,51000000,,1742668918,22-03-2025 18:41:58,1742668918,0,,,,,,,,,
0x137b26bafabda1ed83f844333740d52c9fc51e1997cdeb7f4fa611ca36a03a70,inv_0ce4228c,inv_092b5098,69370854,568840686,,1742667740,22-03-2025 18:22:20,1742667740,0,,,,,,,,,
0xf3e9ef33b5936b5d79c7b09562944c0c94a65a6c8e9c1317ebaeff0439c2803c,inv_5690c297,inv_dd02f503,69320293,216000000,,1742560003,21-03-2025 12:26:43,1742560003,0,,,,,,,,,
0x38d8a606694e61c1d120ded7b587b0f6dd8818cd197a8bc367c535c165ab9386,inv_5690c297,inv_c48739e9,69320243,108400000,,1742559897,21-03-2025 12:24:57,1742559897,0,,,,,,,,,
0x186c85cec26e31cd80d1f004793ceb78c88493a900b606334ec4c7240eb19c25,inv_0ce4228c,inv_092b5098,69314099,324000000,,1742546565,21-03-2025 08:42:45,1742546565,0,,,,,,,,,
0x366d790dab26f57076fdd8cfa130f83084a0ff749092b860f9f08de8da5d61ba,inv_c48739e9,inv_dd02f503,69312515,216000000,,1742543135,21-03-2025 07:45:35,1742543135,0,,,,,,,,,
0x5d1400c4bfedbe380226edb11f2a019e5f5a6b28d892d0a9f642de5d52d29bbf,inv_5690c297,inv_dd02f503,69297573,216000000,,1742511313,20-03-2025 22:55:13,1742511313,0,,,,,,,,,
0xf103b6589b5fe345227f0c8b4d025ee8854f3a6ae173cd3f90db981552cd75d0,inv_5690c297,inv_dd02f503,69297484,216000000,,1742511123,20-03-2025 22:52:03,1742511123,0,,,,,,,,,
0x8b8ba9c0cb2a9d9bfee7a85541c59623a8ff0782d929bd370ed73f19e45bcf3a,inv_5425f722,inv_dd02f503,69296452,108000000,,1742508931,20-03-2025 22:15:31,1742508931,0,,,,,,,,,
0xaf35754bcd39a99c3eda08930ca5421398a4db25fb9a368b206d7205b4a1f13d,inv_5690c297,inv_c48739e9,69288768,108000000,,1742492595,20-03-2025 17:43:15,1742492595,0,,,,,,,,,
0xfa76ed7b187a9f8b2cd8780b59b937a231ef6d5f4868cdda4de1604a79d183ea,inv_5690c297,inv_b0153096,69288728,545000000,,1742492509,20-03-2025 17:41:49,1742492509,0,,,,,,,,,
0x295f705ce750674ca866d1743b50b5585b78546ab8092c3847ee7ebeaa49415e,inv_5690c297,inv_f14d82a5,69288701,428000000,,1742492451,20-03-2025 17:40:51,1742492451,0,,,,,,,,,
0x44dc713688a5b0dedeef09e9ef990080444978d8aa02183909e4e575b3f68710,inv_5690c297,inv_f791168a,69288316,1065000000,,1742491628,20-03-2025 17:27:08,1742491628,0,,,,,,,,,
0x418f46d3662ec0d4d4da8ed00d2756875c1caf741ee12d39a6e7cfc7dac00ce6,inv_5690c297,inv_3db5e783,69281283,109480000,,1742476425,20-03-2025 13:13:45,1742476425,0,,,,,,,,,
0xbb8ee69b950b85a13d1562c5eef7a2c1f04af73f8092dc0f85ec0c57012483f6,inv_5690c297,inv_60be2b0d,69273310,510000000,,1742459393,20-03-2025 08:29:53,1742459393,0,,,,,,,,,
0x3a217e442c9046931d23f7b9afe60785ed0bd8f4f850dc222453c3f2fa94db1d,inv_5690c297,inv_c48739e9,69273078,109000000,,1742458901,20-03-2025 08:21:41,1742458901,0,,,,,,,,,
0xcf537a4f7566cded2f1b47ccfbf412f96d3a20508ae923dbd5695aed90fa6495,inv_5690c297,inv_c48739e9,69273038,108200000,,1742458815,20-03-2025 08:20:15,1742458815,0,,,,,,,,,
0xe2e980ee3b6ad75dc9f54c1531b03b7c6033e4aa720bbcf6422b2485974acfd7,inv_5690c297,inv_f14d82a5,69273001,321000000,,1742458737,20-03-2025 08:18:57,1742458737,0,,,,,,,,,
0xb382664bba1e330f1597ce320c1c82018beecf54a8163863b8bec040c3712705,inv_62fc6c1b,inv_72ff80df,69253890,129492000,,1742418071,19-03-2025 21:01:11,1742418071,0,,,,,,,,,
0xd03f8b7a2987f2a35a5e41826ca76d0627a463c81e61a175dfcb8d3e2ed758e9,inv_49f8251b,inv_5a7c5af4,69246749,196272457,,1742402702,19-03-2025 16:45:02,1742402702,0,,,,,,,,,
0x2a2bbae5b2b34e460bed4940179765c048329127b055d5be75f2fc6129bb38e3,inv_e20535c7,inv_68926941,69222139,105001050,,1742349653,19-03-2025 02:00:53,1742349653,0,,,,,,,,,
0x675e2b12b41ad43cc4c8c5e475679a11bfa42ef5282d66972df6f9095c36af60,inv_5425f722,inv_b0153096,69221294,463304617,,1742347820,19-03-2025 01:30:20,1742347820,0,,,,,,,,,
0x6485556503d9523c48490066e3edc7057662d82eb8f528d1f1aae09601f5abd1,inv_231fbe29,inv_f14d82a5,69205345,318000000,,1742313606,18-03-2025 16:00:06,1742313606,0,,,,,,,,,
0xfe9af5be2791b4e03433f760ea3d7531aecf46a3170ddb228c39ade74df75c5a,inv_231fbe29,inv_8c3b1ce8,69199959,2261406640,,1742301974,18-03-2025 12:46:14,1742301974,0,,,,,,,,,
0xc1ee6f7eb76d8bb23631aaf57358209c08be76f63f2b76427a039bbb784f6e15,inv_896c26d9,inv_8c3b1ce8,69199362,1122000000,,1742300674,18-03-2025 12:24:34,1742300674,0,,,,,,,,,
0xc9bf209c7f24c9f6899ef8b0621dc783f4573261b72a7a9ecb36d88bb0e3933b,inv_231fbe29,inv_f14d82a5,69167378,212000000,,1742231636,17-03-2025 17:13:56,1742231636,0,,,,,,,,,
0xe6f1e63006ef8ab7eedf6d388c6a14136e11ab45e5c3030d85a0920fc487249d,inv_231fbe29,inv_9dc32d72,69167036,1060000000,,1742230908,17-03-2025 17:01:48,1742230908,0,,,,,,,,,
0xcace5b39521530b1ba8e50b88ede2cb6d98efcdcb9bbf8e543b69aa014446e0a,inv_3db5e783,inv_f791168a,69164807,1582500000,,1742226141,17-03-2025 15:42:21,1742226141,0,,,,,,,,,
0x8b6394104025b3d5353df9e1e0a9f9fb30c10f264bf36e11dcfa3490f595a869,inv_27d9f845,inv_b0153096,69155031,540000000,,1742204961,17-03-2025 09:49:21,1742204961,0,,,,,,,,,
0x1713ffd7c3ebcd95661cc61dad0e995691179882ac45d7e7488cbf7571059a83,inv_27d9f845,inv_b0153096,69154973,540000000,,1742204837,17-03-2025 09:47:17,1742204837,0,,,,,,,,,
0x5d585dc681f0d57ff9230660d3498193e30e48d2310ee8f1b8dc746c76e4c299,inv_0ce4228c,inv_9dc32d72,69122878,334577775,,1742135750,16-03-2025 14:35:50,1742135750,0,,,,,,,,,
0xbda3844f332feb7b0e4318a2cfa70b69f7eb3b0258bb3d66fb8247f8af62e754,inv_0ce4228c,inv_8e1f770c,69122755,648000000,,1742135490,16-03-2025 14:31:30,1742135490,0,,,,,,,,,
0x04a06a7a9b5e5599b619d289ec64c1c4a5a084f3284d7bfee715720be647860a,inv_369be355,inv_cba2bab1,69094360,1000000000,,1742075016,15-03-2025 21:43:36,1742075016,0,,,,,,,,,
0xa450269a08a262d7b4772a545fbc93feb92aa5bfc86117473a13390936adcbc8,inv_d2dda6a9,inv_cba2bab1,69035101,1048400000,,1741948097,14-03-2025 10:28:17,1741948097,0,,,,,,,,,
0xf6e783c0817fa8b9b7a225b49a36277dc6ca052253365b4de1446b3c83517a11,inv_5122e65b,inv_1c2c7f27,69016327,78472556,,1741907997,13-03-2025 23:19:57,1741907997,0,,,,,,,,,
0xd5dc389277708a99d022e8883897070ebe01df3e3cc16448b8679bdd86039181,inv_49de41e1,inv_dd02f503,69013649,206459896,,1741902292,13-03-2025 21:44:52,1741902292,0,,,,,,,,,
0x3f0cf5eb4821e851a86be1ef51de7c146a1c6203e668584accdd5afa79bb0356,inv_49de41e1,inv_dd02f503,69013529,216000000,,1741902036,13-03-2025 21:40:36,1741902036,0,,,,,,,,,
0xd576ae96eca1ee1ed1b1e8a41509d4acaa797840733e83da0a6918c827471f3b,inv_49de41e1,inv_b0153096,69013326,540000000,,1741901576,13-03-2025 21:32:56,1741901576,0,,,,,,,,,
0x1f31d2e2f48139065810f20badbeba00fdd93f171b5b30f3e86fd75005d21915,inv_49de41e1,inv_dd02f503,69013231,216000000,,1741901374,13-03-2025 21:29:34,1741901374,0,,,,,,,,,
0x8bfc0bb577723e465a8f8930b06a93deb81496d9fe5169f48d51be5398eefb7d,inv_5425f722,inv_f14d82a5,69011893,424000000,,1741898532,13-03-2025 20:42:12,1741898532,0,,,,,,,,,
0xac72aad376a9ce724fca339e6fc698b4d86850a4989f817b5a2260111808e0af,inv_0ce4228c,inv_60be2b0d,69008269,128273030,,1741890822,13-03-2025 18:33:42,1741890822,0,,,,,,,,,
0x079ff4528608e58451066e78b6fedfa8e6719d16f569ef2e29ddb9b9db670fac,inv_dd02f503,inv_7ad414f4,69008262,51000000,,1741890808,13-03-2025 18:33:28,1741890808,0,,,,,,,,,
0xa46e6305892fb09a3c8a046347aabc0c751528f103a75a4f2c66bde645ce3b12,inv_0ce4228c,inv_cec7eea7,68994615,102803037,,1741861739,13-03-2025 10:28:59,1741861739,0,,,,,,,,,
0x9b1d04131ecbaf8852ad5e2e8f2ea3360fc448d1618f12343aeaaf22c2552099,inv_24290cf0,inv_cec7eea7,68991559,102704524,,1741855178,13-03-2025 08:39:38,1741855178,0,,,,,,,,,
0x2c203be7eb3ebd31556aa9601b9a6712e0c6d7d4e4c7e282a85e416119effacf,inv_092b5098,inv_33ea2714,68974289,540000000,,1741818089,12-03-2025 22:21:29,1741818089,0,,,,,,,,,
0xd4bee86397a4bcd604716f7a8f6b344898b515672dc39875f15dabc0ba0e09df,inv_27d9f845,inv_b261c1fb,68958640,287011372,,1741784523,12-03-2025 13:02:03,1741784523,0,,,,,,,,,
0x0b90477eab2c4e4f7e474be324171281ff352ac377d3aca0a06afa39ebdc9f69,inv_5425f722,inv_46bac7f7,68934531,292917063,,1741732756,11-03-2025 22:39:16,1741732756,0,,,,,,,,,
0xf71402f4d517a64afadbf1ecb7d552c4b261c6e423a27f2def1b5c558436e382,inv_5425f722,inv_fc5218f7,68928925,394318691,,1741720358,11-03-2025 19:12:38,1741720358,0,,,,,,,,,
0xcf8f3756804c213cb16dc89989d9b3fe82cf49a78230979176dd06922ac7a430,inv_896c26d9,inv_75578a1d,68919431,309103000,,1741700165,11-03-2025 13:36:05,1741700165,0,,,,,,,,,
0x9b06f2debd2ce83736b39005aa3ba6493ce0e0eea8d5e7f73146ac8a85a21b63,inv_75578a1d,inv_7ad414f4,68919088,51000000,,1741699405,11-03-2025 13:23:25,1741699405,0,,,,,,,,,
0x69049c5713e84fd475b511c77bdfa619742ac741a1b635a142843db8933525e2,inv_27d9f845,inv_33ea2714,68916152,540000000,,1741693140,11-03-2025 11:39:00,1741693140,0,,,,,,,,,
0x12d59110fe4fb13edd2285eaf8ba8f5fa5007c3b945d2c3942a3b52d8c05f79b,inv_27d9f845,inv_cba2bab1,68916100,990000000,,1741693030,11-03-2025 11:37:10,1741693030,0,,,,,,,,,
0x00960f8771462f2797e011347322eac6b4cff3047079ea3483a7091efe5c959d,inv_c48739e9,inv_7ad414f4,68915303,51000000,,1741691333,11-03-2025 11:08:53,1741691333,0,,,,,,,,,
0xd3fd1b37ed6940488c0d7763e5fe52db7e57ca8698ecd798a3227fa018c1d2b6,inv_c48739e9,inv_7ad414f4,68914744,64260000,,1741690136,11-03-2025 10:48:56,1741690136,0,,,,,,,,,
0xd88447e5c08fd2eb123da6ec646177980893dcb45264fcdce0178e3eaa144341,inv_5690c297,inv_2214d954,68909912,99995573,,1741679690,11-03-2025 07:54:50,1741679690,0,,,,,,,,,
0x3e0dd8061e7ea13e2ed9f6ef1ba55c3ea88cd27f54f23873b373d175e989a41b,inv_5425f722,inv_c48739e9,68894834,107900000,,1741647403,10-03-2025 22:56:43,1741647403,0,,,,,,,,,
0x9edb89cf0ce482f3ef1669f3ff78fbc3ee6830a7ffc5c98eb8eac6238966952a,inv_bad312f1,inv_fc5218f7,68894499,618517602,,1741646691,10-03-2025 22:44:51,1741646691,0,,,,,,,,,
0xfa0b2d407704a6c4c293cd97a0e7a2f29c608351f9c09b7eec344076014aa768,inv_0ce4228c,inv_c48739e9,68890113,107600000,,1741637077,10-03-2025 20:04:37,1741637077,0,,,,,,,,,
0x0b4f7cf548e47b2a29e3058ba38314ddda62b8752f356e0b71b1d2ad777aaa04,inv_896c26d9,inv_7a04f164,68889930,709844900,,1741636685,10-03-2025 19:58:05,1741636685,0,,,,,,,,,
0xb8e9b11e3a5dbeff4f5368174d94f02ef86780f40d5e809ca6b0547f01682606,inv_5425f722,inv_7a04f164,68889594,199000000,,1741635947,10-03-2025 19:45:47,1741635947,0,,,,,,,,,
0x7a8c0ee6b819078326fe51445cc2da30e9e99f4b858e8bbb9d303a051d3749d2,inv_c48739e9,inv_7a04f164,68887696,199980000,,1741631887,10-03-2025 18:38:07,1741631887,0,,,,,,,,,
0x0d12fc51ccaf7fa62131d93a602196e49c68110d7d37fb9a861071220356e6a4,inv_c48739e9,inv_7a04f164,68887294,201000000,,1741631029,10-03-2025 18:23:49,1741631029,0,,,,,,,,,
0x3535a5fc9b91f1f869b8b53682124767700b7f50e3301bafc54aeec39e587bb1,inv_0ce4228c,inv_c48739e9,68880161,107500000,,1741615780,10-03-2025 14:09:40,1741615780,0,,,,,,,,,
0xb80c93918654d81542844a31b41fb7d70cc4c5dc262ca5c50d0b4da150d5ea7c,inv_9f0c7322,inv_0853de88,68857700,244510200,,1741567812,10-03-2025 00:50:12,1741567812,0,,,,,,,,,
0xec2355016e83b2ae6fbe5eddb288e4a14c24f3fc5c6158c4921fbb965e3815ad,inv_092b5098,inv_7a04f164,68853618,199980000,,1741558944,09-03-2025 22:22:24,1741558944,0,,,,,,,,,
0xf2f6ea16d8cc9bf6baba1222b9e9160b90b86432c2752000976d9b487374be6c,inv_092b5098,inv_c48739e9,68853579,107000000,,1741558860,09-03-2025 22:21:00,1741558860,0,,,,,,,,,
0xb1086a66110158503e6c9141246855ef0b061eae69adf4d289293af48dbdecec,inv_fc1f8fe9,inv_0853de88,68853497,495000000,,1741558686,09-03-2025 22:18:06,1741558686,0,,,,,,,,,
0x1c73e4c4577e08d78cfc4efacdfcb272060a5ad387a279cdb74f048c65555ee7,inv_5425f722,inv_7a04f164,68850028,211935000,,1741551213,09-03-2025 20:13:33,1741551213,0,,,,,,,,,
0xfdd2b6a4c1c66cb12de6bced1c3eab4d3fb1ecad49fe84388620beace3a819c5,inv_0ce4228c,inv_0853de88,68849713,495000000,,1741550545,09-03-2025 20:02:25,1741550545,0,,,,,,,,,
0x0a3878b34e8871b6f8c22dd1232c145a9fbb07440279b005631091df76a37c22,inv_c48739e9,inv_0853de88,68848410,495000000,,1741547767,09-03-2025 19:16:07,1741547767,0,,,,,,,,,
0xb5138d9f65e9f2f98e4b77811c147677565640d785e8bd8df8745cd81ce5d3ab,inv_49f8251b,inv_0853de88,68844886,495000000,,1741540270,09-03-2025 17:11:10,1741540270,0,,,,,,,,,
0xcc38da864fcc3a457097bb1f0b9300a1f83cb2ca1a3b946c0c825a148aa293a1,inv_c48739e9,inv_0853de88,68842782,495000000,,1741535794,09-03-2025 15:56:34,1741535794,0,,,,,,,,,
0xfc613386a9b457d2edbd28badaa884f77c6b5998ce93a8db8d4e07e545130ef2,inv_c0280f56,inv_0853de88,68840945,495000000,,1741531892,09-03-2025 14:51:32,1741531892,0,,,,,,,,,
0xea06b1608e21ca59bbe6dc35dc3ff5a11f023059ff626ff0df6336a233865858,inv_a8fdaee5,inv_dd02f503,68836244,214000000,,1741521898,09-03-2025 12:04:58,1741521898,0,,,,,,,,,
0x23b21b1a95617df1e63eca9e2255d6e63d0a5fd7a06d929aa3c2303c3fe66f9d,inv_49de41e1,inv_dd02f503,68817308,215944867,,1741481528,09-03-2025 00:52:08,1741481528,0,,,,,,,,,
0x0837ea25c592d10a37d08c720e5fca758f5b8fe06d6815fc971d7f22beef154d,inv_49de41e1,inv_9dc32d72,68817237,820220348,,1741481378,09-03-2025 00:49:38,1741481378,0,,,,,,,,,
0xf0a3a4f395d69e85687d2709527e55deb7e39670f6f6ddf8f7d6fbf1a74fd51b,inv_49de41e1,inv_33ea2714,68815925,1080000000,,1741478567,09-03-2025 00:02:47,1741478567,0,,,,,,,,,
0xad881fba8d064ae871a96037adf93e1982d2a8c56d1cb50db81495e4e9229f6b,inv_d2dda6a9,inv_9f0c7322,68814583,198000000,,1741475707,08-03-2025 23:15:07,1741475707,0,,,,,,,,,
0x302ddda5af9ac48cbdd7b1236146f0de031e824a73043616c0618db40a30974c,inv_bad312f1,inv_9ef9f612,68807917,3126850300,,1741461451,08-03-2025 19:17:31,1741461451,0,,,,,,,,,
0x17da9ca9949a72dc633aa0f4a3d00fb25906195753f9fbc7654e51868df3efd9,inv_d2dda6a9,inv_9f0c7322,68806883,210776524,,1741459253,08-03-2025 18:40:53,1741459253,0,,,,,,,,,
0x3e45599043618e02792dac7524401dbeed4bb3bd8b796ff02af3690116114c12,inv_18ab33de,inv_dd02f503,68802007,216000000,,1741448684,08-03-2025 15:44:44,1741448684,0,,,,,,,,,
0x3ef312cec190894e362865ac8dc87246693b11a11af36b772dd721448a23f507,inv_18ab33de,inv_c48739e9,68801970,107500000,,1741448604,08-03-2025 15:43:24,1741448604,0,,,,,,,,,
0x03fc3402eec0969cf18765cf5ad1bde2db03e43cf206d8a49320f8406396c252,inv_dd02f503,inv_67362450,68781459,103000000,,1741403757,08-03-2025 03:15:57,1741403757,0,,,,,,,,,
0xaeac529fce1476c4b137f70c3d66b31870023e22d74bd04c7a4568ce636b917a,inv_18ab33de,inv_b0153096,68773740,838023334,,1741387214,07-03-2025 22:40:14,1741387214,0,,,,,,,,,
0x8897e32deb3f017c46a0ee09d20953e8f49718b2f7eb0bb63b43608a593f981a,inv_18ab33de,inv_f791168a,68773663,1060000000,,1741387049,07-03-2025 22:37:29,1741387049,0,,,,,,,,,
0x48a40b00bfee17b462a756c2c2d4952d2a85437c9a3ab8356d07346a680f67d7,inv_c48739e9,inv_d1e999d9,68768174,535000000,,1741375379,07-03-2025 19:22:59,1741375379,0,,,,,,,,,
0xd898c8d87a8f44d999259b96abbbb49612d5fda17ca72e0fe35ceed3bfb5d31c,inv_5425f722,inv_f14d82a5,68729006,210000000,,1741291874,06-03-2025 20:11:14,1741291874,0,,,,,,,,,
0x8721cbbb5f4e6a81efaf9b86b50612b66dff9dfc83cd4108798da939b8ddaf15,inv_ed1fb37d,inv_c48739e9,68708009,107500000,,1741246793,06-03-2025 07:39:53,1741246793,0,,,,,,,,,
0xbcaaf50d1461e03eb209950fccbb783eef340fb77ae67abae65f9d59fa7ca71a,inv_b261c1fb,inv_b0153096,68694028,432000000,,1741216523,05-03-2025 23:15:23,1741216523,0,,,,,,,,,
0xcdef599e083194ecafd24b361d59ef78887cb56898f728e06011c3f8a85c34a0,inv_c48739e9,inv_f791168a,68688787,309000000,,1741205127,05-03-2025 20:05:27,1741205127,0,,,,,,,,,
0xb3c1f2bc9a6affeed124adba928a5b525c70738361479e794937cd9a276d7c1f,inv_5122e65b,inv_8e1f770c,68680838,87333878,,1741187994,05-03-2025 15:19:54,1741187994,0,,,,,,,,,
0xa677df8c932f2c96ce33b23440a97025d1d64e6b9a3053efab54057cb5f33ffc,inv_c48739e9,inv_1aef7571,68674600,660597343,,1741174738,05-03-2025 11:38:58,1741174738,0,,,,,,,,,
0x63db1cb624feec4b00455a8251c259a6d9ad4d896fdc9e8d1e1700af4b09942d,inv_acb0426d,inv_ed1fb37d,68650161,102000000,,1741121875,04-03-2025 20:57:55,1741121875,0,,,,,,,,,
0x49a9b22daa2207345d872156ac06bcb32fcf6f2426c050004860ada3cf54cb2a,inv_18ab33de,inv_dd02f503,68646658,107000000,,1741114351,04-03-2025 18:52:31,1741114351,0,,,,,,,,,
0x06a6663f1475d4a3e86b1e767113e2bce7b6c16181e466ebfbbb6b8d85a3491e,inv_18ab33de,inv_b0153096,68646622,312000000,,1741114273,04-03-2025 18:51:13,1741114273,0,,,,,,,,,
0xd0f571e8bd2c4e8f5425d79bef10750a3b69a3d68ed4da95dea2f33838b03e3c,inv_18ab33de,inv_b0153096,68646593,329080155,,1741114213,04-03-2025 18:50:13,1741114213,0,,,,,,,,,
0x886fb0a39a1ff33de2ab22f8b7a317db706acb7cd72cbb559909844f6fe398eb,inv_18ab33de,inv_f14d82a5,68646322,210000000,,1741113637,04-03-2025 18:40:37,1741113637,0,,,,,,,,,
0x80c98c4fe968aa6b544a0d2cfcab688f12a43987a4001ea436959a40c5c94e05,inv_18ab33de,inv_8687c563,68645903,509290661,,1741112745,04-03-2025 18:25:45,1741112745,0,,,,,,,,,
0x8bd950091aa51652d7eb675d4856bdd8f799894756615c38c5055ed647e30c6f,inv_18ab33de,inv_c48739e9,68645877,104000000,,1741112691,04-03-2025 18:24:51,1741112691,0,,,,,,,,,
0x4de5b6ca336d75563797f13670c709c7e5befa3c38b81c2c4d335dbc960cc66e,inv_75578a1d,inv_83a23010,68638392,392000000,,1741096132,04-03-2025 13:48:52,1741096132,0,,,,,,,,,
0xc0e9a16536b291eb96ad6a7a10459d2f65504639aaf71b958497ad94d47c3bac,inv_88e68846,inv_2428cde7,68591484,226241046,,1740995019,03-03-2025 09:43:39,1740995019,0,,,,,,,,,
0x5e704bbc1d286bad9994ca8169415db1f667d75199b43e3d867f39a086393517,inv_c48739e9,inv_ffae6b00,68567120,682510296,,1740942057,02-03-2025 19:00:57,1740942057,0,,,,,,,,,
0x760a548cea0be573c036c7ab1fc3655297f488c2da4c9f1566aee63c99d5d49a,inv_5b981484,inv_b0153096,68565937,1050000000,,1740939229,02-03-2025 18:13:49,1740939229,0,,,,,,,,,
0xf1d09971b755a687489aadee4d399a34a2923495e2fedcdad31ea57d533736a1,inv_b9b5acda,inv_ffae6b00,68564819,719028849,,1740936609,02-03-2025 17:30:09,1740936609,0,,,,,,,,,
0x45b6589404aaaf0b48ab65bb21f235d1641823b66a4e9ce360408d092ab4116e,inv_ed1fb37d,inv_c48739e9,68557330,104500000,,1740920556,02-03-2025 13:02:36,1740920556,0,,,,,,,,,
0x587a274727ba943cea235272420c9a723024c90170de310c47c656bd966a10c5,inv_85c77913,inv_f14d82a5,68543491,210000000,,1740890222,02-03-2025 04:37:02,1740890222,0,,,,,,,,,
0x8342fde96410d2610d81b7436f0ca0a04e39cee8449c442effcb46e07c3adc37,inv_896c26d9,inv_19e59e50,68512561,1038097653,,1740824144,01-03-2025 10:15:44,1740824144,0,,,,,,,,,
0x32e0117ca9fdff6bee745195db1c23b72fd394c6fe4e852aae32e2851c2a39a5,inv_27d9f845,inv_b5019bac,68512173,214917338,,1740823317,01-03-2025 10:01:57,1740823317,0,,,,,,,,,
0x17530f69891e96deaac413856fba0a8ffdc8dfca42b4e01448403f0eb470e16b,inv_dd02f503,inv_190c7331,68506584,211200315,,1740811437,01-03-2025 06:43:57,1740811437,0,,,,,,,,,
0xa1e52c0f51aa69f552247b312cd203409c358beff6c8a811c54385692c688f76,inv_896c26d9,inv_e2bc72f2,68486775,99000000,,1740768841,28-02-2025 18:54:01,1740768841,0,,,,,,,,,
0x494c730dcc00d2ae5615af4aca0410233d3b5dd8755f10339cea5ac31eed2420,inv_896c26d9,inv_75578a1d,68484425,204000000,,1740763843,28-02-2025 17:30:43,1740763843,0,,,,,,,,,
0xebee79b44eb0e4a8d7f2cd034831071e004fee80abcbc2a7f4f2e2407872830b,inv_896c26d9,inv_75578a1d,68484352,203800000,,1740763689,28-02-2025 17:28:09,1740763689,0,,,,,,,,,
0x69144d8b68acef7d6a26e63a4a8de2123a1ddf22b3e9531ab1e0c2fec0bc8d7a,inv_5122e65b,inv_7ad414f4,68480705,53900000,,1740755935,28-02-2025 15:18:55,1740755935,0,,,,,,,,,
0xf5e6b4ff187e1e111ce6ae374f984b8d6410b88c561a025368c2976c59ba280c,inv_5122e65b,inv_7ad414f4,68480539,55000000,,1740755581,28-02-2025 15:13:01,1740755581,0,,,,,,,,,
0x0c89be6bc999c2428a260bbee5e60889550ebf27fb20f616048515427fc58e14,inv_5122e65b,inv_7ad414f4,68479967,55000000,,1740754365,28-02-2025 14:52:45,1740754365,0,,,,,,,,,
0x823c48405ebded8956bb1ca52e7ef387d1cf0d6e4eb5e74243b3997a4dd44e61,inv_dd02f503,inv_c48739e9,68434197,104500000,,1740656726,27-02-2025 11:45:26,1740656726,0,,,,,,,,,
0xa4ccdfcaffd1753bb305e629e7a1767d00327192d1ecc8956baceb356c3497a9,inv_27d9f845,inv_5a7c5af4,68430455,206000000,,1740648745,27-02-2025 09:32:25,1740648745,0,,,,,,,,,
0x104864e052b36deeacb2f0217936cf332cb179f40ca2abca2022ec66c2352a3a,inv_db513678,inv_cec7eea7,68398785,256384768,,1740581157,26-02-2025 14:45:57,1740581157,0,,,,,,,,,
0x5591394f9ab0106cf9ca5b26ecede13d99ba7e39b859d7a163c104155d4be18d,inv_46967523,inv_3db5e783,68395690,130000000,,1740574477,26-02-2025 12:54:37,1740574477,0,,,,,,,,,
0xec8cee3b7d917c32fcea94d2692d06d275c9a438bf0e1193b0b1f800e50abd3e,inv_ae4174d7,inv_379603b9,68391646,100000000,,1740565554,26-02-2025 10:25:54,1740565554,0,,,,,,,,,
0xe7cc9c1b2e31f716f3d3a3db834e1c8d98c9f11bca34e9d73a913153c1abea91,inv_27d9f845,inv_cec7eea7,68391467,262021289,,1740565142,26-02-2025 10:19:02,1740565142,0,,,,,,,,,
0x8109de1ecb22112f5ff38b3bbe8ad71145d4183a4710adec07fe8d5ef06fe84c,inv_c48739e9,inv_5a7c5af4,68369164,206000000,,1740517653,25-02-2025 21:07:33,1740517653,0,,,,,,,,,
0xc9ef7a926598a014ac47c84713931672106056634c2e3a7adfcbde39f1ad6c2a,inv_b96f21af,inv_ffae6b00,68365543,706115,,1740509869,25-02-2025 18:57:49,1740509869,0,,,,,,,,,
0x2a30d741dfe7ec7fe599f155deb4d7bc9e6045bd84ea9b66fe5d4b137cac4530,inv_bae261c9,inv_dd02f503,68362934,214000000,,1740504248,25-02-2025 17:24:08,1740504248,0,,,,,,,,,
0x25acf9bd97c7a67f9dc1b2940a64c9c9213b17168ff3f9a7ad4eaf11127f36f4,inv_27d9f845,inv_f14d82a5,68350501,315000000,,1740477417,25-02-2025 09:56:57,1740477417,0,,,,,,,,,
0xa9455055c9600a56c65e1c2e226bb9f27417d7cb18674c47c3e100d40edaa3d0,inv_c48739e9,inv_ffae6b00,68349326,368862051,,1740474887,25-02-2025 09:14:47,1740474887,0,,,,,,,,,
0x6f898d6c8ff04feee4bff9efcf8440ea21fbc933651843213ec2b9091e3f41c1,inv_27d9f845,inv_f14d82a5,68326393,210000000,,1740425910,24-02-2025 19:38:30,1740425910,0,,,,,,,,,
0x749c6189e0535b7cedbf648969cbcc54ab9b43794ae421190ba8bfe0cd2fa67f,inv_ae4174d7,inv_ffae6b00,68316767,412500000,,1740405404,24-02-2025 13:56:44,1740405404,0,,,,,,,,,
0x57ce12608718c8971b2a88c3245860cdde440a8ce680f916a4482b30bcaefabe,inv_27d9f845,inv_379603b9,68316153,105000000,,1740404100,24-02-2025 13:35:00,1740404100,0,,,,,,,,,
0xc7c19ff28a0b9479d1e89a388e517db287f4c074e14a509628aa2ab3fba90b72,inv_27d9f845,inv_ffae6b00,68316009,412500000,,1740403794,24-02-2025 13:29:54,1740403794,0,,,,,,,,,
0xb8aeee0ec2466860dfafd43e1aca442b6dee235ad10f0daf68dc8db351a0f0e9,inv_27d9f845,inv_379603b9,68315836,210000000,,1740403426,24-02-2025 13:23:46,1740403426,0,,,,,,,,,
0x162dcd1b81ec419a11116196c97330bf455772e3f178dee1a6d85721d2e6ba3c,inv_27d9f845,inv_f14d82a5,68315777,312000000,,1740403302,24-02-2025 13:21:42,1740403302,0,,,,,,,,,
0xa85c03c45c1d111dc90b8569d31c9ba08211056cc47639f7c1b65ea56722a671,inv_f791168a,inv_77211f57,68310433,6964817608,,1740391803,24-02-2025 10:10:03,1740391803,0,,,,,,,,,
0xfa99ba16c318dcf9b28134c7b2dd4139b506ad2e0cb5b83f1f6a82f67a1c710f,inv_e95bcb9a,inv_bae261c9,68294392,31500000,,1740357050,24-02-2025 00:30:50,1740357050,0,,,,,,,,,
0x93fd2ee6d75f7e9f4ab010c9a2e15568d5363e5a485fb1352b101d192da2662b,inv_e95bcb9a,inv_bae261c9,68294357,42000000,,1740356976,24-02-2025 00:29:36,1740356976,0,,,,,,,,,
0xcf3f2201e10a9b0607dab60e9682d45bbe25f034c4e24616e2128568bea28f9a,inv_e95bcb9a,inv_bae261c9,68294308,52500000,,1740356872,24-02-2025 00:27:52,1740356872,0,,,,,,,,,
0x846ab6ad95cd949ab409f619540a46a36a475eb77710196a764d0c6cb44711ea,inv_e95bcb9a,inv_bae261c9,68294265,42000000,,1740356768,24-02-2025 00:26:08,1740356768,0,,,,,,,,,
0xbfc787dd5714356f1db78fedaccf970aed7e94491d3b5d78e5280d55a6b39635,inv_0ce4228c,inv_7ad414f4,68267410,55000000,,1740298872,23-02-2025 08:21:12,1740298872,0,,,,,,,,,
0x9ccd53a0ec28ec92c06cde45b1053a08cf173dd74d51a4bf31e7370cd161c490,inv_0ce4228c,inv_c48739e9,68266840,523172981,,1740297638,23-02-2025 08:00:38,1740297638,0,,,,,,,,,
0xe55a3cf6d56019d3127fe17f28113cdd7f1630cf162c4a9557ff9f03de89c998,inv_c48739e9,inv_5a7c5af4,68252317,206000000,,1740266254,22-02-2025 23:17:34,1740266254,0,,,,,,,,,
0xeca436434479e9347938b6ab4eab93c289e86a9b1ff2f85bfac79885527f026b,inv_0ce4228c,inv_c48739e9,68248718,104500000,,1740258548,22-02-2025 21:09:08,1740258548,0,,,,,,,,,
0x95ef1eb853160f5e4cf6e5e389b24d784c835cad398613672727ff961dcd6554,inv_896c26d9,inv_7ad414f4,68248660,52800000,,1740258426,22-02-2025 21:07:06,1740258426,0,,,,,,,,,
0xfad4055a6f72fe23d0380666067c47615373fb24595246474d9e92d4df72ae41,inv_0ce4228c,inv_c48739e9,68242525,181482000,,1740245304,22-02-2025 17:28:24,1740245304,0,,,,,,,,,
0x428621a2def6fb4144b6a6618f8c6cde0d1d1017623bdfffd0a5d8036719e5e9,inv_0ce4228c,inv_c48739e9,68238212,104600000,,1740236080,22-02-2025 14:54:40,1740236080,0,,,,,,,,,
0xda3c5a29af42bf9e704303adac6fab4d20c7389c5f851e7bf8819e4cf9d9456d,inv_0ce4228c,inv_c48739e9,68237949,209000000,,1740235518,22-02-2025 14:45:18,1740235518,0,,,,,,,,,
0xe751152738bfd95d0dde7701d3b30bba9fbe081e8f382de72c6a1c7b43b12715,inv_0ce4228c,inv_bae261c9,68237517,42000000,,1740234600,22-02-2025 14:30:00,1740234600,0,,,,,,,,,
0x69d80e0df39ce2a8db9fe36e94087f5bc8a95905602e40b82f39fd29e22e9449,inv_0ce4228c,inv_bae261c9,68237476,31500000,,1740234514,22-02-2025 14:28:34,1740234514,0,,,,,,,,,
0x8a68a3148b5b55aba781e51d4e37b1b7bf87650a302fef1a8a54a5f78439373c,inv_0ce4228c,inv_f828c839,68237406,105000000,,1740234364,22-02-2025 14:26:04,1740234364,0,,,,,,,,,
0x99f5f17d6b520d489b09c9b1a2385ef16c3bc9b79e4c41b08fc4c9b4f3772dfe,inv_0ce4228c,inv_f828c839,68237356,104000000,,1740234258,22-02-2025 14:24:18,1740234258,0,,,,,,,,,
0x07a394e4cf92b5da4effeef22f8bff089f3e409ccd8bb42ca0c62d21b5a5b918,inv_0ce4228c,inv_7ad414f4,68237296,55000000,,1740234132,22-02-2025 14:22:12,1740234132,0,,,,,,,,,
0x34143633cbe25158efb3ec7ed244fcdcbb60e9cc303960da073772e85d44687b,inv_0ce4228c,inv_c48739e9,68237242,104200000,,1740234016,22-02-2025 14:20:16,1740234016,0,,,,,,,,,
0x87eff9b350c805990bedfbd2cb6699f770eaffe249440b6f54117f7789826c6b,inv_5425f722,inv_f14d82a5,68231649,208000000,,1740221883,22-02-2025 10:58:03,1740221883,0,,,,,,,,,
0xcc6e4e23b0177ed8382db4f61ec0a0fb8f441fa95c5e2423194608a4965c5860,inv_c48739e9,inv_5a7c5af4,68228296,309000000,,1740214376,22-02-2025 08:52:56,1740214376,0,,,,,,,,,
0xcee25777564ab3b0f163b56a1f105a069b7962699cccfc565e5f5982dc22830e,inv_092b5098,inv_7ad414f4,68217138,55000000,,1740190126,22-02-2025 02:08:46,1740190126,0,,,,,,,,,
0x7fa9deb66f47228f59a46b1c06551adb245d143dbfae5ec3045ff186f8d6e050,inv_092b5098,inv_7ad414f4,68217083,55000000,,1740190008,22-02-2025 02:06:48,1740190008,0,,,,,,,,,
0xcab09c6574dd042c8c973ab8576d280cd67a9b9043ba163c8f5ba3ebf7940488,inv_34a800be,inv_b0153096,68195063,735000000,,1740143126,21-02-2025 13:05:26,1740143126,0,,,,,,,,,
0x265e5884363a1515a1365caac7f7bcacfd09a2af86813d5c62b4b68a7d731de0,inv_ea6884da,inv_7ad414f4,68177450,55000000,,1740105335,21-02-2025 02:35:35,1740105335,0,,,,,,,,,
0x64ce7849e87839e2a2a46a1fee037a46211a6b421b4160819a41f25f691d2b2b,inv_896c26d9,inv_379603b9,68165940,210000000,,1740080571,20-02-2025 19:42:51,1740080571,0,,,,,,,,,
0xfcb132b543ccc5506c402593880c0b3ca8463c6e7ded51e7267007a6106e30c2,inv_896c26d9,inv_7ad414f4,68165434,93500000,,1740079431,20-02-2025 19:23:51,1740079431,0,,,,,,,,,
0x3c4f21237f84d1d17f4f1e6407f3187b077e792668c7a3404206212203465b8b,inv_896c26d9,inv_7ad414f4,68156138,55000000,,1740059453,20-02-2025 13:50:53,1740059453,0,,,,,,,,,
0x83bb701036888ea75d4eff2522d1e7883227655c25254e48e68d82bdd39a6b3d,inv_896c26d9,inv_7ad414f4,68154787,55000000,,1740056549,20-02-2025 13:02:29,1740056549,0,,,,,,,,,
0x99b73f783b44bad25f8ec83c8e53190a310bde6690dccd1734f7d575f70d2609,inv_0ce4228c,inv_7ad414f4,68153654,54450000,,1740054141,20-02-2025 12:22:21,1740054141,0,,,,,,,,,
0x9c29f21b23cd4ae51ced709a037f9c3d785be1134e0235358f6eff3b86b01c97,inv_0ce4228c,inv_7ad414f4,68153585,55000000,,1740053995,20-02-2025 12:19:55,1740053995,0,,,,,,,,,
0x91c59a37258bd318effd3c20bed56144b7117565d6c0707f9dd5b73799220577,inv_75578a1d,inv_c48739e9,68153306,208000000,,1740053401,20-02-2025 12:10:01,1740053401,0,,,,,,,,,
0xdf12166e1263ba53f49d6c0d3434e601753850732e6c945dcf01c3f16d9c7ad7,inv_75578a1d,inv_f14d82a5,68153204,208000000,,1740053185,20-02-2025 12:06:25,1740053185,0,,,,,,,,,
0xcdc9fb8015c159b43f7ddcf2197eb387e3d95e632d9b42d52d17593d7e11f969,inv_75578a1d,inv_689ed18d,68153015,103000000,,1740052783,20-02-2025 11:59:43,1740052783,0,,,,,,,,,
0x829bfbd51d3f2d8aaa3aad3888712082bc777b6f4a2bdfa7ef118078253044a4,inv_092b5098,inv_689ed18d,68137033,100000000,,1740017959,20-02-2025 02:19:19,1740017959,0,,,,,,,,,
0xc38582471bf93ffda930aee25c7fadb25c8c7c084fdffda6263939d4aa8e24f3,inv_fc1f8fe9,inv_ed1fb37d,68130633,100987389,,1740003885,19-02-2025 22:24:45,1740003885,0,,,,,,,,,
0xfd3abf027eb21e4483263d4d95b2880e56eadbf02cb1438abd674efbb138d768,inv_e95bcb9a,inv_c48739e9,68114067,104000000,,1739967838,19-02-2025 12:23:58,1739967838,0,,,,,,,,,
0x73fd54781e63f9ef1d308f78c477de645737070ee47f2ba5919d39afbd2d948e,inv_0ce4228c,inv_379603b9,68086377,105085896,,1739908675,18-02-2025 19:57:55,1739908675,0,,,,,,,,,
0xf066cd0f1334f95ee3d74ab30b8d8fac96e0376da2fd2699291b0ebe5577c22e,inv_7a04f164,inv_8c3b1ce8,68082924,452673209,,1739901305,18-02-2025 17:55:05,1739901305,0,,,,,,,,,
0x0a53b09437521ecbe24707905c88cfa2d8589161fe5cfa872d2f3e62967b1990,inv_0ce4228c,inv_379603b9,68075086,52508459,,1739884155,18-02-2025 13:09:15,1739884155,0,,,,,,,,,
0x0e2c1c8b9cee93436c8b4f3dbca242c0d1f053ce14f06b34131a38f93e0f1e17,inv_5122e65b,inv_bae261c9,68052748,31500000,,1739836168,17-02-2025 23:49:28,1739836168,0,,,,,,,,,
0xec24fc7ecd25e83243bb2e82abc12ff048c36799b91b9586358a1804ad3af69e,inv_5122e65b,inv_bae261c9,68052716,42000000,,1739836100,17-02-2025 23:48:20,1739836100,0,,,,,,,,,
0x114f7d58cbb61b259affffa74ecd09bba1d877312952b239b2f52b20b0bf9868,inv_c48739e9,inv_cba2bab1,68049716,100000000,,1739829714,17-02-2025 22:01:54,1739829714,0,,,,,,,,,
0xde50db4bc2c662cb4cc552fa93fde00c71abfcbbf0b003abcab699983884fb52,inv_bd421670,inv_c48739e9,68045476,208000000,,1739820704,17-02-2025 19:31:44,1739820704,0,,,,,,,,,
0xb70d5ee7926f276bd9ce1fa0e536d446c30a9e1cad50330d3c54751b865fd810,inv_88e68846,inv_f14d82a5,68001793,2551664845,,1739727116,16-02-2025 17:31:56,1739727116,0,,,,,,,,,
0xc6daa4882680706c661dc45de73ffe377b69b89aa67a6ca29e64044c20639174,inv_092b5098,inv_f14d82a5,67963361,535000000,,1739644680,15-02-2025 18:38:00,1739644680,0,,,,,,,,,
0xe35c760ee5bb23c2fb68a6f18f43ad87f3b07c071bc20d281672da1314a4b8f9,inv_5690c297,inv_5a7c5af4,67960208,104000000,,1739637790,15-02-2025 16:43:10,1739637790,0,,,,,,,,,
0x81ae8081bc60943d1e458b928820360fe2988f29cfc9f6e2605cceb1b97596b3,inv_88e68846,inv_5a7c5af4,67918207,100880000,,1739547802,14-02-2025 15:43:22,1739547802,0,,,,,,,,,
0x3787a49b4385b07e12ee2a2490d754950b25f36f5e8240bc83080b07d7ccbb07,inv_b93eeae9,inv_f14d82a5,67909762,642000000,,1739529715,14-02-2025 10:41:55,1739529715,0,,,,,,,,,
0xc40a60b2466849cb8750aab644dfaac1259f3d29dbabc51f6503da173b98696e,inv_75578a1d,inv_c48739e9,67887138,104000000,,1739480201,13-02-2025 20:56:41,1739480201,0,,,,,,,,,
0x64e7b12639abd348adcd2aa91e930513cd6438e78252848989a1536a9c2f0b80,inv_75578a1d,inv_5a7c5af4,67886768,208000000,,1739479383,13-02-2025 20:43:03,1739479383,0,,,,,,,,,
0xfc173b046cbeb8700a6cd5c58c7e350c2f9d7be2e98c32324af4b78b7549cab0,inv_a91c1683,inv_aa6f2f11,67886495,93009399,,1739478801,13-02-2025 20:33:21,1739478801,0,,,,,,,,,
0x0b0d3740d7ac7478d93af889e374735f3026973965760124f9aa7a5a5afab9bb,inv_88e68846,inv_f14d82a5,67884922,312000000,,1739475427,13-02-2025 19:37:07,1739475427,0,,,,,,,,,
0xb777dc1010a508a84f6650d352f52395ad29907f5af0dc41dc77e3c0e52fba63,inv_c48739e9,inv_ffae6b00,67883923,500000000,,1739473271,13-02-2025 19:01:11,1739473271,0,,,,,,,,,
0xf4fee55e50ad3884b2895adfb9ec51184ff6758734338d5774234a696cca3e99,inv_a4b99e6c,inv_8687c563,67879671,309000000,,1739463927,13-02-2025 16:25:27,1739463927,0,,,,,,,,,
0x6f5ef30e8e0c92d16fa5f407eb18ff5fa36d3ffb30515ec7a11f7f8830096e00,inv_9f0c7322,inv_f14d82a5,67877987,530000000,,1739460349,13-02-2025 15:25:49,1739460349,0,,,,,,,,,
0x3ad3176b35d59f18ee78e1d6940b7e775ab8875040e50304fd3c45dae10b9a96,inv_75578a1d,inv_f14d82a5,67877749,208000000,,1739459811,13-02-2025 15:16:51,1739459811,0,,,,,,,,,
0xedbe3d28a07effd6c6523fa722ba80bc51155e01f6ca5a02ffe77b70f0f14f89,inv_5690c297,inv_5a7c5af4,67868295,104000000,,1739438969,13-02-2025 09:29:29,1739438969,0,,,,,,,,,
0x47638af2c356a8bba1601382d61d8bd27558948edece362bd9b5912748130e3a,inv_88e68846,inv_f14d82a5,67865834,428000000,,1739433437,13-02-2025 07:57:17,1739433437,0,,,,,,,,,
0x95643e9819893fbc71eb880347675e6513592c006f7f6f4d04461fa24c310e70,inv_88e68846,inv_5a7c5af4,67865691,312000000,,1739433101,13-02-2025 07:51:41,1739433101,0,,,,,,,,,
0x155c0e1be5425eb247a03de910706074e051ac07ac9479313a155e416888b04d,inv_c48739e9,inv_5a7c5af4,67851886,208000000,,1739402235,12-02-2025 23:17:15,1739402235,0,,,,,,,,,
0x9128a67a699c432a8e521f51411cf6a4bd2531ad36008684cb6e897a7c20c775,inv_6d3c2326,inv_cec7eea7,67809241,311823678,,1739305028,11-02-2025 20:17:08,1739305028,0,,,,,,,,,
0xdad74d8de313b584eb40049ec8ebd70daec9a8ee6066972b709c4f62a5e4c583,inv_b26c0352,inv_c48739e9,67770578,103500000,,1739216959,10-02-2025 19:49:19,1739216959,0,,,,,,,,,
0x68fc7e029f5588e2de94108c2159f1337f10ee6862dcf8399e242db2c1ef1dbb,inv_5122e65b,inv_dd02f503,67770005,99177586,,1739215637,10-02-2025 19:27:17,1739215637,0,,,,,,,,,
0xcda3149590bc21a4a3c23177c36402cba9425ae8d06f7f12f37bf52232689b25,inv_714f33f8,inv_e5efe3c9,67766640,516725330,,1739207710,10-02-2025 17:15:10,1739207710,0,,,,,,,,,
0x73e45ea66f9270c5b480f478d5d2dc0ffb86a079fcaeda99113e7e8515c7abf8,inv_714f33f8,inv_6ffe0638,67766536,200000000,,1739207392,10-02-2025 17:09:52,1739207392,0,,,,,,,,,
0x621aa85dc85fc197364800b2bb69ea5e8aa5df23c047e85bc540120c16f23c89,inv_5690c297,inv_c48739e9,67754602,103500000,,1739179809,10-02-2025 09:30:09,1739179809,0,,,,,,,,,
0x411e5375629026668e491e2f940da06f6811c6f0bcda9883371576d1798c1c1d,inv_5690c297,inv_5a7c5af4,67754218,105000000,,1739178929,10-02-2025 09:15:29,1739178929,0,,,,,,,,,
0x18eed5304111f9ddb378e0004cc0492419bceae455781c2f4c55f2706c76a043,inv_092b5098,inv_75578a1d,67706887,170971590,,1739069777,09-02-2025 02:56:17,1739069777,0,,,,,,,,,
0x611ce1900c34e2a81292cbafe6e4731f85a72f311cfd8c8fb2879264e358f0e7,inv_88e68846,inv_ffae6b00,67676765,285615626,,1739000805,08-02-2025 07:46:45,1739000805,0,,,,,,,,,
0x6a548fd00c35b28c63a87a99dd3fc99218a844ede91b9339ea88c52454837485,inv_3ffe9aed,inv_8687c563,67652332,128537836,,1738946338,07-02-2025 16:38:58,1738946338,0,,,,,,,,,
0xa4f22056101cf95963fad9276a06c105bc9fefd315464a849134492ff3d56dd0,inv_88e68846,inv_ffae6b00,67646513,344755709,,1738933612,07-02-2025 13:06:52,1738933612,0,,,,,,,,,
0x57ff3208946b718b5515a2bf7bf9d4949b0bde5952ef5db3827f63a05351223a,inv_9aa7c128,inv_f14d82a5,67618292,163049467,,1738870464,06-02-2025 19:34:24,1738870464,0,,,,,,,,,
0xda999c36f8da8b378fef37384151f16e1ed0db862e3247b345ddca172d8736f2,inv_e46beaa9,inv_1aef7571,67614151,392350198,,1738861137,06-02-2025 16:58:57,1738861137,0,,,,,,,,,
0x8b57fa6cd20712b53c97d84538c59361eaaaced490f4351e1f14dd39c2b16b2e,inv_e46beaa9,inv_8c3b1ce8,67613732,2181358293,,1738860151,06-02-2025 16:42:31,1738860151,0,,,,,,,,,
0xd3e5ddda102aff34dd434dea380ca372f039bcd914a1ef04d78b97bc93138a38,inv_75578a1d,inv_40b64f92,67606117,100000000,,1738843175,06-02-2025 11:59:35,1738843175,0,,,,,,,,,
0xd0cfbc8826714e44ce5af409b2b58249d6ef0af742cfe84ab1328c2c765ff09e,inv_c48739e9,inv_40b64f92,67597049,100000000,,1738823874,06-02-2025 06:37:54,1738823874,0,,,,,,,,,
0xab926ea15cebe768954c4bff97cc29ca8707ef8e240cdc2f94dfb4b343907adb,inv_092b5098,inv_8e1f770c,67590049,547206260,,1738808719,06-02-2025 02:25:19,1738808719,0,,,,,,,,,
0xe942229d11a3120651c6ab063c003a73bad919792d226ef738039ecba8d1de36,inv_092b5098,inv_24290cf0,67589316,275821152,,1738807091,06-02-2025 01:58:11,1738807091,0,,,,,,,,,
0x10678493c71f164cba0c4aae3cf25c582bc63afa9655408354f9acb70ecb10ef,inv_b96f21af,inv_1aef7571,67580049,401996492,,1738786297,05-02-2025 20:11:37,1738786297,0,,,,,,,,,
0xf691d93006977dcecc7d5dbf2a4aaee82a3a4ad4a8a04d9f1c6de75b08312168,inv_bae261c9,inv_2428cde7,67577287,244396604,,1738780347,05-02-2025 18:32:27,1738780347,0,,,,,,,,,
0x3750521df8202e8c747415eb132bd1a2857a84504601084e974bebaa94fea4bf,inv_5c119617,inv_f14d82a5,67577009,1070000000,,1738779757,05-02-2025 18:22:37,1738779757,0,,,,,,,,,
0x86cafaa708208866fff6aa81da81299aff443408e163318d4fba6446a67d4261,inv_5b981484,inv_5a7c5af4,67575506,525000000,,1738776556,05-02-2025 17:29:16,1738776556,0,,,,,,,,,
0xf2489af7a30e5fc05bdf1bd5d131fd5cae1e10f6b474fd8f71b9a8d148dcd2e9,inv_5122e65b,inv_bae261c9,67562034,69836086,,1738747664,05-02-2025 09:27:44,1738747664,0,,,,,,,,,
0x9725575c58d58c85cbb4366b82c5638a46acb6d49f47d82ee3e58106da0fd8e7,inv_88e68846,inv_f14d82a5,67540428,1177000000,,1738699995,04-02-2025 20:13:15,1738699995,0,,,,,,,,,
0xab1f19a922da4e8bb947f1be9d2f6511d15705b873e1a42170dfab6809915340,inv_88e68846,inv_5a7c5af4,67540088,630000000,,1738699273,04-02-2025 20:01:13,1738699273,0,,,,,,,,,
0xabb66ebf6578d61018e71bc0934debc3af1a9ef4837247e2b50135fecb4a2a17,inv_62fc6c1b,inv_00dc3a16,67529405,47940000,,1738676320,04-02-2025 13:38:40,1738676320,0,,,,,,,,,
0x86a0f45c1c1089743ab730ef4760d66e08a6bf80b8d4cfb3ce2030983361f689,inv_11878f2d,inv_a980ba61,67528983,83636988,,1738675424,04-02-2025 13:23:44,1738675424,0,,,,,,,,,
0x9f33b70e010933574ea48d1d5d1a66e430ddded3bf4b9adab5c06a62ed7e49ab,inv_11878f2d,inv_dd02f503,67528715,210178500,,1738674854,04-02-2025 13:14:14,1738674854,0,,,,,,,,,
0x97d2a53d7f11bc3fead4ba18ec44de8c7aebf602d9c5d031a9871e35acbcdb45,inv_11878f2d,inv_bae261c9,67528665,105000000,,1738674748,04-02-2025 13:12:28,1738674748,0,,,,,,,,,
0x8e578a8c11a46184bc3e1a478b94759ef12a4c7422cc4b14fbb66f2d877f1bed,inv_11878f2d,inv_c48739e9,67528619,103900000,,1738674650,04-02-2025 13:10:50,1738674650,0,,,,,,,,,
0xd2db8c946a1574781db57863d3d0eefa5bf45eb9613346cdeb0f9661322b1a3d,inv_b96f21af,inv_00dc3a16,67527307,102000000,,1738671830,04-02-2025 12:23:50,1738671830,0,,,,,,,,,
0x8e5eb30118836fa3db4d85c7fc6e478b85c50cf1e0335f442d7c4cb60c393779,inv_a714227e,inv_bae261c9,67524962,105000000,,1738666846,04-02-2025 11:00:46,1738666846,0,,,,,,,,,
0xc3ac22c47810ac0fc9820b46cc664eecc2a04541a0ff6901c21f81309755e1c9,inv_9aa7c128,inv_5a7c5af4,67523942,105000000,,1738664660,04-02-2025 10:24:20,1738664660,0,,,,,,,,,
0x2c56521743139a1d11c9a193a76f3f46cdb129672e5bf0a1841ee94eecddaa6a,inv_5b3a8491,inv_5a7c5af4,67492017,105000000,,1738594324,03-02-2025 14:52:04,1738594324,0,,,,,,,,,
0xc3f8d16fe63c96b51a6831bd4c8e58696005dcf15aaff4ecbc0157567ac11390,inv_1e9be07e,inv_a980ba61,67462190,276781968,,1738529018,02-02-2025 20:43:38,1738529018,0,,,,,,,,,
0x5822fa4cd1c96aaae136888fee9fc924526331e323db83548f427f749deae9d9,inv_5b981484,inv_5a7c5af4,67459792,424000000,,1738523924,02-02-2025 19:18:44,1738523924,0,,,,,,,,,
0xcde15eb43347ff8a110c9d700f5ae87617121cdccebaf7b4b17119ba88602488,inv_5b981484,inv_f14d82a5,67459129,963000000,,1738522514,02-02-2025 18:55:14,1738522514,0,,,,,,,,,
0x69cb436e2f1340f70fa6cf39c294a0f3551ee4a69e993c9b3b6c45cfc1ce9746,inv_0ce4228c,inv_a980ba61,67452946,89200093,,1738509368,02-02-2025 15:16:08,1738509368,0,,,,,,,,,
0x52b2a733620c456fa15ad654d2bcfb619039e40cbe172d3e317aac8ebcbd78ed,inv_dd02f503,inv_5a7c5af4,67452935,101000000,,1738509344,02-02-2025 15:15:44,1738509344,0,,,,,,,,,
0x9825e9c37d8690d43d11f23255a3e2ac2bb906ce0a00399cb412d7e790fac5bf,inv_fc1f8fe9,inv_a980ba61,67452602,28404973,,1738508636,02-02-2025 15:03:56,1738508636,0,,,,,,,,,
0x6b7955df1105da8cd6dba8c65c119da76e0e3a0b7ea3177942bea46652a95f79,inv_fc1f8fe9,inv_a980ba61,67452568,34596556,,1738508564,02-02-2025 15:02:44,1738508564,0,,,,,,,,,
0x15cb320f223b67a7623ff0c8bedca8a1edb6490b29906c556d6645f7f6e8bd80,inv_88a38437,inv_5a7c5af4,67442488,189366809,,1738487064,02-02-2025 09:04:24,1738487064,0,,,,,,,,,
0x5e328d6fcf70280a47295f73db5a8120d16a868a2a10c520c3daa510f579be75,inv_b96f21af,inv_5a7c5af4,67424894,101000000,,1738449309,01-02-2025 22:35:09,1738449309,0,,,,,,,,,
0x08311a9015e6f9a70c0375b545c997c6a739996b349dc45a04fd707ee0e69734,inv_18ab33de,inv_75047e1e,67418677,620189276,,1738436077,01-02-2025 18:54:37,1738436077,0,,,,,,,,,
0x272ef4b75324432be8727307f4487f7612fd013ababffb5020d852ab73f88e57,inv_092b5098,inv_c48739e9,67418204,104000000,,1738435071,01-02-2025 18:37:51,1738435071,0,,,,,,,,,
0xdd5cd881e6f0b7042dd28fe9bf065662793175f576178ea53214366fec9b10bb,inv_092b5098,inv_c48739e9,67418169,103700000,,1738434997,01-02-2025 18:36:37,1738434997,0,,,,,,,,,
0xa540cf9195ff900ac3d99173be8464b681c0803e3f93d58366093b1c45f61347,inv_18ab33de,inv_5a7c5af4,67418082,202000000,,1738434813,01-02-2025 18:33:33,1738434813,0,,,,,,,,,
0xcc863b165b98fa752088ef2d422726feb0ed6e354f59fb54a180adc85f2482c0,inv_092b5098,inv_5a7c5af4,67418076,101000000,,1738434799,01-02-2025 18:33:19,1738434799,0,,,,,,,,,
0xa12a8778f9db892deec1587a560832341d9c84a079234fae878c4575c06b6a81,inv_6d3c2326,inv_13689dc6,67416941,339295013,,1738432372,01-02-2025 17:52:52,1738432372,0,,,,,,,,,
0x3b848d619b26e96aea276749dd264baf2c462a9290ac8144d38e6e97e5d242e2,inv_18ab33de,inv_5a7c5af4,67388719,306000000,,1738371499,01-02-2025 00:58:19,1738371499,0,,,,,,,,,
0x41adf2dc22d7566f4fd62ea0481096119af74adcf6e0ea1ef0dabb5331d5976d,inv_dd02f503,inv_5a7c5af4,67388094,101000000,,1738370107,01-02-2025 00:35:07,1738370107,0,,,,,,,,,
0xd5bf657c058f164c2a527829fbd0bdb01b17e6ce96d0bb16b74f6840475eb2a6,inv_dd02f503,inv_5a7c5af4,67388054,94499398,,1738370023,01-02-2025 00:33:43,1738370023,0,,,,,,,,,
0x599355f4747965df018df7c27b6695fdc959b7c993c783a3d669b806f7ad1733,inv_dd02f503,inv_190c7331,67384197,211979433,,1738361629,31-01-2025 22:13:49,1738361629,0,,,,,,,,,
0x4daf6d7a7e686c9b6e3f8cbb438a92dbddf9e00c7e6a7cdccd4ec53765793584,inv_dd02f503,inv_5a7c5af4,67384144,202000000,,1738361517,31-01-2025 22:11:57,1738361517,0,,,,,,,,,
0xe6f1afd328736fa5dc67a2ef582e0f7e9c4c93fc0172a7816a89d5434ca57837,inv_5690c297,inv_f828c839,67346372,105000000,,1738279392,30-01-2025 23:23:12,1738279392,0,,,,,,,,,
0xe6907c8c4b70f83f0cf334906a9b2ffcce941fab06500e4bab91e522a6ddf352,inv_18ab33de,inv_5a7c5af4,67344401,306000000,,1738274852,30-01-2025 22:07:32,1738274852,0,,,,,,,,,
0x3933ccdd4cd31e6708c7cae6f4809820b9be514aa3ccf8c722d03db41c333d85,inv_c48739e9,inv_5a7c5af4,67344131,306000000,,1738274278,30-01-2025 21:57:58,1738274278,0,,,,,,,,,
0xe29dc2276d8c515fe2b16a595e38ec0188a7b4d7e24187b44b42c3f80095e1a3,inv_18ce5642,inv_c48739e9,67336434,104300000,,1738257509,30-01-2025 17:18:29,1738257509,0,,,,,,,,,
0x25a98f16ed2bcd10ea2c66313127e8099ff60c764d2bb54e88975ade3678fe66,inv_18ab33de,inv_5a7c5af4,67333941,102000000,,1738252053,30-01-2025 15:47:33,1738252053,0,,,,,,,,,
0x40c76961e7cf7b5b196b6b2a5a0c867f92db6e64ae8c77df78bafbd1a612ef49,inv_5690c297,inv_5a7c5af4,67319760,106000000,,1738221700,30-01-2025 07:21:40,1738221700,0,,,,,,,,,
0xa7fbfd8788573801dd2bf154b47d93d780b2692b36f4d6bf601f4c89faecff2f,inv_0ce4228c,inv_c48739e9,67305609,104500000,,1738191260,29-01-2025 22:54:20,1738191260,0,,,,,,,,,
0x6bcf3e8ac23b2aab211bcfa2d58e203ee45bc2c068ea362ba99e702af7aef078,inv_24290cf0,inv_f14d82a5,67304514,954000000,,1738188934,29-01-2025 22:15:34,1738188934,0,,,,,,,,,
0x54627f6df18e0d28cb439434dbef48dac559bd5673fffc4cf738872f8e88b864,inv_0ce4228c,inv_c48739e9,67296909,104500000,,1738172771,29-01-2025 17:46:11,1738172771,0,,,,,,,,,
0x16ccfbed6c2275cdabdfc9d602196e375d026ea9b79143c843d99b27ba507c27,inv_1e9be07e,inv_5a7c5af4,67295502,204000000,,1738169781,29-01-2025 16:56:21,1738169781,0,,,,,,,,,
0xd6602e33a9d813b97acdf941d83357e2f0f93a19ca534439421d53fa3a11794c,inv_ed1fb37d,inv_c48739e9,67293902,104250000,,1738166381,29-01-2025 15:59:41,1738166381,0,,,,,,,,,
0x9f9281e3284e1ea51e867896cc44d66200cda5548fdf3ae19b2043d71f771d09,inv_9aa7c128,inv_5a7c5af4,67287398,101000000,,1738152508,29-01-2025 12:08:28,1738152508,0,,,,,,,,,
0x8943aa0166c3adace3cbd4656b484edc6df4fcd734a6e7ef9d495efd2eeba58a,inv_9aa7c128,inv_c48739e9,67287266,104500000,,1738152228,29-01-2025 12:03:48,1738152228,0,,,,,,,,,
0x39ea719b86be2f5d5da9669e1fa3ec9778a37471663a076ad31c2835f136a1a7,inv_18ce5642,inv_24290cf0,67286721,115500005,,1738151070,29-01-2025 11:44:30,1738151070,0,,,,,,,,,
0x360416c3c884efc8d27c873ab0ca8ba11ae6aa68f11de36b08d942457bb8fb31,inv_18ab33de,inv_ffae6b00,67274904,638368321,,1738125831,29-01-2025 04:43:51,1738125831,0,,,,,,,,,
0x1954c3c94d62b932d4b5adfbdc78c78f37319e01eaaf15113b267c042b973afa,inv_9aa7c128,inv_392a4dec,67257098,18770791,,1738087505,28-01-2025 18:05:05,1738087505,0,,,,,,,,,
0x1c15cc27c235a2505d93fa082ac1fa542e859b53643664bdf82a1717c227f08c,inv_88e68846,inv_f14d82a5,67253957,636000000,,1738080828,28-01-2025 16:13:48,1738080828,0,,,,,,,,,
0x62ca77c7f1f9aea016de31dd5d4e51d63fde26a0fc6174e75f495d793ac05904,inv_d1e999d9,inv_392a4dec,67252414,949212707,,1738077548,28-01-2025 15:19:08,1738077548,0,,,,,,,,,
0xc3c54cd50a436f2cd10200c662731125fb25f6b0762651fd79625fa590523f09,inv_5425f722,inv_392a4dec,67252301,20214645,,1738077308,28-01-2025 15:15:08,1738077308,0,,,,,,,,,
0xc7bada66a35fc3ce3ece35dc31eb79f2a041751d13a895ce8eeb442124970c01,inv_5425f722,inv_392a4dec,67251824,20203032,,1738076272,28-01-2025 14:57:52,1738076272,0,,,,,,,,,
0xcb41767c442da9ee068b9b6cae926f7e27b4ba8e960a959ae4f7869e0eb8c188,inv_c48739e9,inv_392a4dec,67250722,280464174,,1738073898,28-01-2025 14:18:18,1738073898,0,,,,,,,,,
0x2993f821e003b533dd30301951b9a230ebdd2241392e33e0fb280667cf0b1f60,inv_c48739e9,inv_392a4dec,67249633,918707627,,1738071456,28-01-2025 13:37:36,1738071456,0,,,,,,,,,
0x3d6398d5d8985f1efad1d2d790db2d122d18162caa3a16fce7655ddcd4080d8e,inv_ae4174d7,inv_392a4dec,67249553,40211833,,1738071286,28-01-2025 13:34:46,1738071286,0,,,,,,,,,
0xb5186c75ec6660eb155538084b8f13b654f5ab418c5aa8ede40fd100c3686186,inv_b96f21af,inv_392a4dec,67248092,15622519,,1738068052,28-01-2025 12:40:52,1738068052,0,,,,,,,,,
0xb3d7f0e2a09798ade17f276c165aa9cdb1e22a2ba9dfc24e9469b18ed5ef1192,inv_2f282682,inv_dd02f503,67238991,210000000,,1738048520,28-01-2025 07:15:20,1738048520,0,,,,,,,,,
0x1116c48db3e31bc9ed59e41b331090bfce3f93c7392a991f59a194a8ca5bc26c,inv_b96f21af,inv_1c2c7f27,67222749,103020395,,1738013936,27-01-2025 21:38:56,1738013936,0,,,,,,,,,
0xd73db17b6e2be2f9979fccc350b34a4b547b305fcbca66dfff5ce34ed447b749,inv_c48739e9,inv_1c2c7f27,67213601,429037013,,1737994411,27-01-2025 16:13:31,1737994411,0,,,,,,,,,
0x08c66c2c9f94589f72f951bfbceba9bafa128ddd689ee730014fd1ca88b490d8,inv_0ce4228c,inv_c48739e9,67204688,105000000,,1737974973,27-01-2025 10:49:33,1737974973,0,,,,,,,,,
0x5c16f31e42a3e7ff2231ddf4795ba3c9ca7cf0d70aec6db0482fb0f5845dde3d,inv_0ce4228c,inv_c48739e9,67204637,130111638,,1737974863,27-01-2025 10:47:43,1737974863,0,,,,,,,,,
0xa6c0d38f1b3352efb2712cb53d6b734abc4c179f511bff392c9b3bbd33d31e61,inv_0ce4228c,inv_c48739e9,67204372,176378570,,1737974301,27-01-2025 10:38:21,1737974301,0,,,,,,,,,
0x2b15e2751f8a4bb803fe1d9a2fe890eafe15dcb03b4dfe9199507f0ca000c83a,inv_24290cf0,inv_e3726866,67203167,1019994766,,1737971686,27-01-2025 09:54:46,1737971686,0,,,,,,,,,
0x225c09a2bd481a44927e47ef3196d8a887ca93c548c7f97bd35179270b9891b2,inv_6d3c2326,inv_e3726866,67179423,398970372,,1737920919,26-01-2025 19:48:39,1737920919,0,,,,,,,,,
0x88073a12d1bdbd2084b72e7dcd99e73a4f817da1840b9872a9b73a92a4b1ad35,inv_88e68846,inv_24290cf0,67164013,144908370,,1737887762,26-01-2025 10:36:02,1737887762,0,,,,,,,,,
0x3a49cf8cbbe933ad8a03f3e161991d96f625ddaa6eaa3a684063016c0a1bd5f3,inv_5690c297,inv_dd02f503,67148262,210000000,,1737853633,26-01-2025 01:07:13,1737853633,0,,,,,,,,,
0x4195d5cd31c907a15cf26e7a77328eadaed9338bb26c33667a19dc925c49a552,inv_b96f21af,inv_5a7c5af4,67144876,198800000,,1737846281,25-01-2025 23:04:41,1737846281,0,,,,,,,,,
0xe677c2ff678fe1f89c8ec4bb4952c2f2d4db6e5548b4a03ae419bbe081d221bf,inv_b96f21af,inv_5a7c5af4,67144519,98000000,,1737845489,25-01-2025 22:51:29,1737845489,0,,,,,,,,,
0xc63cb4405d2c32913b18528c1e0e74c47426fe68855ba2dfa00cfed499b8485e,inv_0ce4228c,inv_c48739e9,67129588,105000000,,1737813332,25-01-2025 13:55:32,1737813332,0,,,,,,,,,
0x6daa2147ee1f400d5cd1bab29daa2987a5958be13d7e126830add0de91961b69,inv_5690c297,inv_bae261c9,67122226,23885818,,1737797673,25-01-2025 09:34:33,1737797673,0,,,,,,,,,
0x32a7e20fb4a377b83c179397f9cb193f007122c8549d2bae18a222ed3c2461c6,inv_5690c297,inv_bae261c9,67122190,105000000,,1737797595,25-01-2025 09:33:15,1737797595,0,,,,,,,,,
0xee041c02065fdfc96b89bd9eebad90f2861daaed343f2fd3fd78816c6a2763aa,inv_55931fd7,inv_bae261c9,67095758,42000000,,1737740704,24-01-2025 17:45:04,1737740704,0,,,,,,,,,
0xb0753e0597ab30b637a5110a5e00df448de427b4cefee37f3882c4447381ae1a,inv_55931fd7,inv_bae261c9,67095596,31500000,,1737740360,24-01-2025 17:39:20,1737740360,0,,,,,,,,,
0x5100ccc7796ff3ccd1740483f479362d5b28a10d04a3aba1ebbd2f1c651776ad,inv_55931fd7,inv_bae261c9,67095519,21000000,,1737740196,24-01-2025 17:36:36,1737740196,0,,,,,,,,,
0x35e1e599a17c053dc0433cea84681bc254f8ae0fec979591a0348dda2061866b,inv_55931fd7,inv_bae261c9,67095388,104000000,,1737739918,24-01-2025 17:31:58,1737739918,0,,,,,,,,,
0x44da0ef0266d7fbdd22bcfc28f540beb714a6051a396833fc066a27aa0f905ff,inv_55931fd7,inv_bae261c9,67095189,105000000,,1737739496,24-01-2025 17:24:56,1737739496,0,,,,,,,,,
0x45d650a2805821752519ca63223e94350dc9b4767c1850adeb1d758393f76268,inv_0ce4228c,inv_bae261c9,67084478,21000000,,1737716494,24-01-2025 11:01:34,1737716494,0,,,,,,,,,
0xadcb8eacd715739445c781fdb0e5aec02dc138f53477a93c90abbb7df21201fe,inv_d381a12e,inv_bae261c9,67062957,41200000,,1737670230,23-01-2025 22:10:30,1737670230,0,,,,,,,,,
0xae8c3248851ebe66ea759d3afa2548e7f751a47c30c82b4ce8518e12d5c4637e,inv_5690c297,inv_bae261c9,67059905,157500000,,1737663746,23-01-2025 20:22:26,1737663746,0,,,,,,,,,
0x7bbc12cc4827bbea7402e014ca8e539efcb950e606f9d43b8b60f54024187656,inv_1e9be07e,inv_f14d82a5,67055097,636000000,,1737653306,23-01-2025 17:28:26,1737653306,0,,,,,,,,,
0x4c0d1de5cf9c52b5b00b8c657bdf6626fdf1f4ec86e22ca5b6b1f621027ef51f,inv_5690c297,inv_5a7c5af4,67047237,204000000,,1737636507,23-01-2025 12:48:27,1737636507,0,,,,,,,,,
0xbcd2acb1db471f96871bfab77800c6d03089866c9afd936c7b3c767daa96c588,inv_5690c297,inv_5a7c5af4,67047077,102000000,,1737636167,23-01-2025 12:42:47,1737636167,0,,,,,,,,,
0xb89f7b5377632ff82c8b900fa9443e1c40f794fd7dabb45b734d94a020e23cb0,inv_5690c297,inv_c48739e9,67046676,132529038,,1737635315,23-01-2025 12:28:35,1737635315,0,,,,,,,,,
0x478f69cad4d06909d7e55844667f60fb79984a86350480e2dd92b2060b26f4cc,inv_3db5e783,inv_63db307c,67046653,3839600000,,1737635265,23-01-2025 12:27:45,1737635265,0,,,,,,,,,
0x9870e8e7ed41381da55a03a288fc93037a7b15e310326f555a367cd7e281d85d,inv_5690c297,inv_5a7c5af4,67046438,107000000,,1737634791,23-01-2025 12:19:51,1737634791,0,,,,,,,,,
0x0c47a01912ea6df6920d464bfeaef05f29bfc374ae97fa34ad550559880618b4,inv_9aa7c128,inv_5a7c5af4,67023301,212819925,,1737584671,22-01-2025 22:24:31,1737584671,0,,,,,,,,,
0x16c528810cc18664d9bd41c81b756d79416383d28a390492149e8a57ab896c89,inv_5690c297,inv_5a7c5af4,67007786,294000000,,1737551330,22-01-2025 13:08:50,1737551330,0,,,,,,,,,
0xed61000827ad0ab5f5fd97545f8d8f11df19a065e6306c6ff32d3527686dd447,inv_9aa7c128,inv_5a7c5af4,66974937,99400000,,1737479430,21-01-2025 17:10:30,1737479430,0,,,,,,,,,
0x7ee8643c6073329ff6f57a4612e68d470ff4ebad09fab828a767ae29d76325ec,inv_5690c297,inv_7ad414f4,66967496,53000000,,1737463206,21-01-2025 12:40:06,1737463206,0,,,,,,,,,
0x779b46179655883a630da873170d49d4cb5cfec4be316b370e66f15741814388,inv_5690c297,inv_dd02f503,66967341,210000000,,1737462876,21-01-2025 12:34:36,1737462876,0,,,,,,,,,
0xade474f2ef0ff3dc82d0b27c844161bcf0f2cbe3ec110825a88863f2ffb24244,inv_3f8508c6,inv_f14d82a5,66965735,636000000,,1737459463,21-01-2025 11:37:43,1737459463,0,,,,,,,,,
0x947c547020136d0a6a0e5293eff0bb6ead963108e2ce5f54337215cbc03e6f8d,inv_5690c297,inv_7ad414f4,66964692,53000000,,1737457242,21-01-2025 11:00:42,1737457242,0,,,,,,,,,
0x82ef3b805fd9b3a3c7f92c8b8bf0a9e1d1ed5bdf3e678afe023685f7d2d61ff0,inv_5690c297,inv_7ad414f4,66964128,53000000,,1737456044,21-01-2025 10:40:44,1737456044,0,,,,,,,,,
0xba853f0c9f6348cc3e36109f3b4f1416d29bf3e32baafa3797d9d26a6aa39db1,inv_5690c297,inv_dd02f503,66964060,212000000,,1737455898,21-01-2025 10:38:18,1737455898,0,,,,,,,,,
0xb5b509ce889beacae5aef5e64f0e5541b8ea0f4164d43fa24727d8f31df61529,inv_5690c297,inv_bae261c9,66964011,105000000,,1737455794,21-01-2025 10:36:34,1737455794,0,,,,,,,,,
0x5ede2e536182bdaab582b971091852caac259ceff107aa9e3089f1e6cea3fe67,inv_5690c297,inv_bae261c9,66963812,19822796,,1737455372,21-01-2025 10:29:32,1737455372,0,,,,,,,,,
0xa55bcdca9f63b5d71b50b7a3bbe572688227946e2a1978db6baafbd9b7009d6d,inv_5690c297,inv_aa0be9a1,66963780,321000000,,1737455304,21-01-2025 10:28:24,1737455304,0,,,,,,,,,
0x1653e7a219c0c78347b559a9b29de0c2d4979084b702fc6097e30e63f64dd883,inv_c7fe603f,inv_bae261c9,66934925,19318950,,1737391617,20-01-2025 16:46:57,1737391617,0,,,,,,,,,
0xd7e9dc6799743d0dfeec39af06a184d092ca35dde3f5a7f4a903c9489d951603,inv_c7fe603f,inv_dd02f503,66934675,208000000,,1737390989,20-01-2025 16:36:29,1737390989,0,,,,,,,,,
0x5f4ad1229f7dac5070ff79af88951c29167dbede5bc295f8fda5fd1401c8b039,inv_c7fe603f,inv_bae261c9,66934559,104000000,,1737390697,20-01-2025 16:31:37,1737390697,0,,,,,,,,,
0x25c13357c937685ae85ac7216b1d7052acd55b50a7a614b90929371783b83fec,inv_0ce4228c,inv_7ad414f4,66925955,53000000,,1737370102,20-01-2025 10:48:22,1737370102,0,,,,,,,,,
0x33cc860affffc6c02e1c4d3e679402f2a9466281bef8b455af35a10db06769b9,inv_75578a1d,inv_24290cf0,66907522,351720114,,1737329836,19-01-2025 23:37:16,1737329836,0,,,,,,,,,
0x9c98933f997d48bdb1301f92d1b680077915474148bb2efc72c812a95878cf44,inv_05130980,inv_75047e1e,66896193,460363547,,1737305479,19-01-2025 16:51:19,1737305479,0,,,,,,,,,
0x33f1f0aff9c7472f1b64335f4d5d7ca016f6a62eff25c691a91b1612e886eaa0,inv_05130980,inv_75047e1e,66896005,207227083,,1737305072,19-01-2025 16:44:32,1737305072,0,,,,,,,,,
0x079dd02e5f069300789157d6cfa3d6750a4a25270c670f362250332284203f1a,inv_05130980,inv_75578a1d,66895533,227250000,,1737304031,19-01-2025 16:27:11,1737304031,0,,,,,,,,,
0x3c1eb7267f5ff9ec1373b168decffd2d8f96375cb6435951dd59489ef51345cd,inv_05130980,inv_ffae6b00,66895184,556850733,,1737303240,19-01-2025 16:14:00,1737303240,0,,,,,,,,,
0xa4e419ff2f201411cd1424a8fd7e78782006ee9962cd437874b98c7d33811bc6,inv_0ce4228c,inv_bae261c9,66882901,42000000,,1737277019,19-01-2025 08:56:59,1737277019,0,,,,,,,,,
0x392b1a5983e99a1bd0fd34b0718b9ed9836d250a1ddb850e75d20eaaff2a92b9,inv_0ce4228c,inv_bae261c9,66844298,27366606,,1737193760,18-01-2025 09:49:20,1737193760,0,,,,,,,,,
0xe5410ad0ee057216274f6059c3b0b369b5bb62854cb4730c81303a0f80c14c68,inv_88e68846,inv_f14d82a5,66843216,525000000,,1737191447,18-01-2025 09:10:47,1737191447,0,,,,,,,,,
0xb10cdc1cbecdeb787727935166d60eb6ac2fb9265599c86e5e03727728166416,inv_fc1f8fe9,inv_f14d82a5,66830747,525000000,,1737164899,18-01-2025 01:48:19,1737164899,0,,,,,,,,,
0x77979c5ba83ef1a0258f5c84ed2437c18ea7f4f6151c588b5f1aa2edc64d5017,inv_5425f722,inv_f14d82a5,66812019,525000000,,1737124475,17-01-2025 14:34:35,1737124475,0,,,,,,,,,
0x092e8e52b8f3b9bea74343a801d590fe79e60ae9eebc43225af902cbe6dc0f0f,inv_7ad414f4,inv_62fc6c1b,66811062,66654967,,1737122377,17-01-2025 13:59:37,1737122377,0,,,,,,,,,
0xf139770ec88a0d7fed6fcc72feee80e5ef7aba3264c39ba1a154fa2dbbb65441,inv_7ad414f4,inv_75578a1d,66810769,85850000,,1737121691,17-01-2025 13:48:11,1737121691,0,,,,,,,,,
0x2329833a4c666b84279ac16117653c85aa8ec7695136a08715c30326d52a9d40,inv_3db5e783,inv_63db307c,66808618,3879600000,,1737117043,17-01-2025 12:30:43,1737117043,0,,,,,,,,,
0x1f59ba2e9fb3fad1431725cf89697bfbff3678774dbea5ce369f29e82237d7c5,inv_3db5e783,inv_63db307c,66808390,4567050000,,1737116536,17-01-2025 12:22:16,1737116536,0,,,,,,,,,
0x2328d3695a084d1654e99b331903355ff71194bc105e3524a41bda26523a975b,inv_3db5e783,inv_63db307c,66808360,7080270000,,1737116472,17-01-2025 12:21:12,1737116472,0,,,,,,,,,
0x6d380edfccaa9b45893ebe431eabdff4bea8b8490d3861fec45ddf3509ed6638,inv_092b5098,inv_dd02f503,66791693,210000000,,1737080563,17-01-2025 02:22:43,1737080563,0,,,,,,,,,
0x4e83490d39cfe0ae77b8438d7415ad743a91f04f216682a27224703a6c64f23f,inv_092b5098,inv_cee27490,66791613,139521520,,1737080393,17-01-2025 02:19:53,1737080393,0,,,,,,,,,
0xd6fbac75b5484cd58eb673a117dda1eca18533844e766b886ba114c9c3e5af7a,inv_b8ade1f6,inv_75578a1d,66785879,238605560,,1737068065,16-01-2025 22:54:25,1737068065,0,,,,,,,,,
0x8b782e6c392a41b49d01df82d0a6f208eb39d58421a4fbe0dac11f319ef25932,inv_b8ade1f6,inv_773b86c1,66782161,101000000,,1737060148,16-01-2025 20:42:28,1737060148,0,,,,,,,,,
0x94560938ce38f4244d3e15bcdfc19b391ca11582fdba33f40290d54440a00d1d,inv_5690c297,inv_dd02f503,66775825,210000000,,1737046502,16-01-2025 16:55:02,1737046502,0,,,,,,,,,
0xb581b802ed2bb32409163a2670c5ea92663124452d0e7ec9d7ef8bd28635c93b,inv_e7b53af2,inv_63155b68,66771137,143982393,,1737036378,16-01-2025 14:06:18,1737036378,0,,,,,,,,,
0x22bfd8faa9121955cdd556cd131286dc1ac87791952d906fd9ac509effda7139,inv_75578a1d,inv_24290cf0,66747034,440403760,,1736984823,15-01-2025 23:47:03,1736984823,0,,,,,,,,,
0xb953978627d9787870fdcb1d5fe6404b60ff3dbc3f7056a7a8bc5fb0ba46204a,inv_5425f722,inv_dd02f503,66738734,208000000,,1736967132,15-01-2025 18:52:12,1736967132,0,,,,,,,,,
0x487c6b68dfefcd8888997d9a883d185a6041cd774310bb57ada3bea7cb99bcd9,inv_773b86c1,inv_eeef8db6,66736743,105000000,,1736962889,15-01-2025 17:41:29,1736962889,0,,,,,,,,,
0xbbf7bcf5d7a64f4cee3aa48bdf2ad9287248377a4c143e0ed1e187f1a6b073e6,inv_3f8508c6,inv_dd02f503,66699627,234356176,,1736883207,14-01-2025 19:33:27,1736883207,0,,,,,,,,,
0xd5a3cd8ddd3e0a0e51b67894ee646fe75dc9c5f5f9b7c7ff0fbf76cf994d6510,inv_3f8508c6,inv_cee27490,66699604,350900000,,1736883159,14-01-2025 19:32:39,1736883159,0,,,,,,,,,
0xc9d378f52975f2bef2c21849ce4859156e8cf2ec551c9173bda331d10fce3efb,inv_5ad8c59d,inv_dd02f503,66697414,212000000,,1736878487,14-01-2025 18:14:47,1736878487,0,,,,,,,,,
0x2d782cd614e83e4996b32d84c3e3351864b29ee9f608d026951f774264871c52,inv_5ad8c59d,inv_dd02f503,66697354,214000000,,1736878327,14-01-2025 18:12:07,1736878327,0,,,,,,,,,
0x213a6cd76db4fa7bfe5d69ceb86b6ba6a2a9cc2648e1f7a1735e9ff089338c27,inv_0ce4228c,inv_190c7331,66695663,91048651,,1736874723,14-01-2025 17:12:03,1736874723,0,,,,,,,,,
0xb23f00bf254f80d7a202a850362f60eeabb2e6ca97b0eb4eab318e78e92471f3,inv_75578a1d,inv_df7f66b7,66689615,282150000,,1736861525,14-01-2025 13:32:05,1736861525,0,,,,,,,,,
0x811520abc48aaf51a24cc52956da8461c0b42b3d92a3d056aeb374958941d4c7,inv_75578a1d,inv_df7f66b7,66689473,420750000,,1736861225,14-01-2025 13:27:05,1736861225,0,,,,,,,,,
0x811be0d14345f3958854d9fa9d26fd24569e566d70c1cfdfd82259eea4264402,inv_490baf8c,inv_df7f66b7,66661265,495000000,,1736799303,13-01-2025 20:15:03,1736799303,0,,,,,,,,,
0x6eaee58564a703b108c361b92fcd9d940ba69f80129b818b7b906fdf0d11ee5f,inv_88e68846,inv_bae261c9,66617582,10500000,,1736705445,12-01-2025 18:10:45,1736705445,0,,,,,,,,,
0xde35afe3e9195df7ab2cf19507eb9eac25d9f3407a56bcab541fd8ecfb39b1ef,inv_0ce4228c,inv_77211f57,66601700,136010802,,1736670254,12-01-2025 08:24:14,1736670254,0,,,,,,,,,
0xcccf6aa8b6704dd80da69b6ee471f1e2a37376aaa2126b49d92475399609a569,inv_b1b6eed2,inv_d381a12e,66547698,102000000,,1736552141,10-01-2025 23:35:41,1736552141,0,,,,,,,,,
0xc5aa4032b3a71e478f17864079f72ce6bb9bd73cdbdda58e59db4de35e510fbc,inv_b1b6eed2,inv_d381a12e,66547660,102000000,,1736552053,10-01-2025 23:34:13,1736552053,0,,,,,,,,,
0x282a09c5c71d3044ec21daeff7e192492f9f1be40bd858b41e5f1e84f45da685,inv_ae4174d7,inv_19e59e50,66533078,986879057,,1736519721,10-01-2025 14:35:21,1736519721,0,,,,,,,,,
0x6f0d5dce0eb2e34a0a45ee554d17204e43cfb51669c556b9064ae2d7e636bc37,inv_9aa7c128,inv_392a4dec,66522721,425967413,,1736497697,10-01-2025 08:28:17,1736497697,0,,,,,,,,,
0x153b50b2c64753da159334a3b6fd571cda6e511dc109b73f2243ef132bdaf6ca,inv_9aa7c128,inv_67362450,66499527,104000000,,1736447650,09-01-2025 18:34:10,1736447650,0,,,,,,,,,
0xe3efb41b36c19dbb6202f7bb59172a1dbff4b9f94056f2d8cadc4355452dfbd0,inv_e46beaa9,inv_190c7331,66495308,130147695,,1736438495,09-01-2025 16:01:35,1736438495,0,,,,,,,,,
0x428b72d74fb4b2585fe8d46d11d1afac591ea8d0705b9530a22df246b1c9f892,inv_9aa7c128,inv_dd02f503,66481455,195056592,,1736408799,09-01-2025 07:46:39,1736408799,0,,,,,,,,,
0xb36e32d006514afc1e698785bf1a24fc73cbc5d7228434b32620b5d294a7deb5,inv_9aa7c128,inv_fdaf6c70,66481346,66300000,,1736408568,09-01-2025 07:42:48,1736408568,0,,,,,,,,,
0x61ccbcbe7e1fa60154a56514e7b809b962578fee387676af106d7b05e52a37ec,inv_9aa7c128,inv_fdaf6c70,66481293,102000000,,1736408454,09-01-2025 07:40:54,1736408454,0,,,,,,,,,
0x4bbcaa7703f1df18251a54492314c3f86ca0d2f1b04e3f51222f42860cb16c1a,inv_092b5098,inv_d381a12e,66471413,101000000,,1736386813,09-01-2025 01:40:13,1736386813,0,,,,,,,,,
0x3468a7142446c54eac708834cdc4504e1108282f460c8666dba017b6c7fb3000,inv_490baf8c,inv_63155b68,66468815,99990000,,1736380966,09-01-2025 00:02:46,1736380966,0,,,,,,,,,
0x1496e2642e777e4693088bd326d10c9f909d072bba4da5d317a7d6026bc7eeb9,inv_490baf8c,inv_24290cf0,66467688,408000000,,1736378540,08-01-2025 23:22:20,1736378540,0,,,,,,,,,
0xa9d149916894971e50f5d77ca6f5ca783ca2e862cbe2e2e5d6eb0a67d317fbdb,inv_c8a59739,inv_63155b68,66463947,99000000,,1736370539,08-01-2025 21:08:59,1736370539,0,,,,,,,,,
0xc2714dde8ba806505b2feea7f8dbd97b132cef45cd357074201a9557a7885e58,inv_a91c1683,inv_190c7331,66460801,495000000,,1736363609,08-01-2025 19:13:29,1736363609,0,,,,,,,,,
0xa208675fdc27adf951df417549f481aec8267bacda6cce26d0ca0c57d4e87b12,inv_0ce4228c,inv_dd02f503,66454666,330000000,,1736350379,08-01-2025 15:32:59,1736350379,0,,,,,,,,,
0xc91c87981369bbc4b4e4db008399854d0a668c12e725d3d3b1f4699110f56b6c,inv_5425f722,inv_ffae6b00,66453217,70709030,,1736347194,08-01-2025 14:39:54,1736347194,0,,,,,,,,,
0xe4d0fa9da1d2eeb72d28868a5f9e85c8bcf90c414793cc0bfb594307545c2564,inv_5690c297,inv_7ad414f4,66452213,105000000,,1736345028,08-01-2025 14:03:48,1736345028,0,,,,,,,,,
0xc9a9661c97fae10e2019047440028228767b8bd2e679ea2879dbe8a23a0885b4,inv_5690c297,inv_67362450,66451765,105000000,,1736344076,08-01-2025 13:47:56,1736344076,0,,,,,,,,,
0x66de8aa112a885e2342c2200ee71b63c661d4571eca4b8e318e6ce165cea33d3,inv_5690c297,inv_f14d82a5,66451620,315000000,,1736343768,08-01-2025 13:42:48,1736343768,0,,,,,,,,,
0x6325807290b2870aab8e3cf8035dd065f4df153c3f35426b03e882e7862d1eb0,inv_5690c297,inv_f14d82a5,66451485,525000000,,1736343480,08-01-2025 13:38:00,1736343480,0,,,,,,,,,
0xd029003ebee84023b7f27219ea0ac1b5cf5cb6215217cf686023c6880b6ba9a8,inv_5690c297,inv_87d2c033,66451359,52500000,,1736343212,08-01-2025 13:33:32,1736343212,0,,,,,,,,,
0x0f319d9a147ed8333c3b5df0965205b696e7c0cc6b13193257be4fe005271d23,inv_5690c297,inv_b261c1fb,66451298,105768466,,1736343082,08-01-2025 13:31:22,1736343082,0,,,,,,,,,
0x5813d396d31b1fdc5796433a3ed97fd0a66918f6896e8f7c2650ca204c07c237,inv_5690c297,inv_87d2c033,66451258,123750000,,1736342996,08-01-2025 13:29:56,1736342996,0,,,,,,,,,
0xaded72a2243d872dec404ecd4cfb1827ac4d7c4d6ede2468ba83f5283bdfc3e8,inv_0ce4228c,inv_dd02f503,66443657,212000000,,1736326782,08-01-2025 08:59:42,1736326782,0,,,,,,,,,
0x1ba59462b4a6ed77400b645b8d285cf3dd0547df4341df956feead75e4fc0f6e,inv_0ce4228c,inv_dd02f503,66420414,212000000,,1736276470,07-01-2025 19:01:10,1736276470,0,,,,,,,,,
0xdfc65131622686190744aff652c7ae41994113ff876424e2e2f6682f73716145,inv_0ce4228c,inv_dd02f503,66420287,210000000,,1736276168,07-01-2025 18:56:08,1736276168,0,,,,,,,,,
0xd05ba1b56647700b78b861aa511d086e6bc01d0ccdd5012c1581f95ba51a69dc,inv_0ce4228c,inv_9a41869a,66420188,105042000,,1736275958,07-01-2025 18:52:38,1736275958,0,,,,,,,,,
0x6b61b3a23959e211e287340aab29b666499a30e4b95a1357435ac8196627b73c,inv_1b9c5f68,inv_19e59e50,66413900,944604070,,1736261427,07-01-2025 14:50:27,1736261427,0,,,,,,,,,
0x4538355b9ad98c7d2adb0026cf1b7cd7f4532872c6103446009c3f783c43c36c,inv_0ce4228c,inv_eeef8db6,66403027,105000000,,1736238053,07-01-2025 08:20:53,1736238053,0,,,,,,,,,
0x8ee112a256c93ba2dba1d05c01234e17813c908210c758e2597547a7a3d11408,inv_0ce4228c,inv_789c25e1,66379221,206000000,,1736184998,06-01-2025 17:36:38,1736184998,0,,,,,,,,,
0x93de43334c3b06f4d50767da5ca675903974b05e133fced7aeb6f02313d36527,inv_0ce4228c,inv_789c25e1,66379023,99900000,,1736184510,06-01-2025 17:28:30,1736184510,0,,,,,,,,,
0xdc6fe08e062fda083963f5d20c5361d0b1ee71a212a0c8693710143351d4ec95,inv_0ce4228c,inv_dd02f503,66376450,168651750,,1736178342,06-01-2025 15:45:42,1736178342,0,,,,,,,,,
0x8b8eff220e148f43b124e7cce8f637ab828eb761bb277dcac418b7ed096af4dc,inv_0ce4228c,inv_dd02f503,66376354,215310449,,1736178106,06-01-2025 15:41:46,1736178106,0,,,,,,,,,
0x7597beb3f9ef3fd7881712a94f87c77c1c197336c8fb38c7752fa39ba6e2baf8,inv_c7fe603f,inv_d381a12e,66369221,105000000,,1736161398,06-01-2025 11:03:18,1736161398,0,,,,,,,,,
0x5dade6d02d524e28a12c266f0f280ec0b43deb363e9c44655ee8c9b666c97071,inv_c7fe603f,inv_63155b68,66369169,99000000,,1736161256,06-01-2025 11:00:56,1736161256,0,,,,,,,,,
0x6118adf1dac00038e4a14aaa133fec1b9e34f92dc2b21ee30b992a6651d89562,inv_c7fe603f,inv_f14d82a5,66369136,420000000,,1736161186,06-01-2025 10:59:46,1736161186,0,,,,,,,,,
0x92238656db59fe0a0dc884e2fe2104038d49b61d77e25d1c36fc1651de574b11,inv_490baf8c,inv_63155b68,66317287,199980000,,1736043941,05-01-2025 02:25:41,1736043941,0,,,,,,,,,
0x9c813f10417ae1c34909b6768886321ee7d99d194c1dde7db9a21bcfe4aa53bb,inv_87d2c033,inv_ffae6b00,66304102,250000000,,1736014502,04-01-2025 18:15:02,1736014502,0,,,,,,,,,
0x43a4677c52cec6df285b9c9aea1442b0888c2bc6ae967dd70f0a92c68f54de87,inv_cf10d6d5,inv_63155b68,66300049,99000000,,1736005669,04-01-2025 15:47:49,1736005669,0,,,,,,,,,
0x7002ab76effb6ed0bacea29f4242be67d4218ccfe88ce248c253e492d65594cd,inv_dd02f503,inv_464429cc,66253848,868855267,,1735901753,03-01-2025 10:55:53,1735901753,0,,,,,,,,,
0xe881c0d6ecf31e01764b44aea2a5d7d8995aa8c76cbb7d8b5c5c029aa98d8368,inv_aa0be9a1,inv_63155b68,66240287,99000000,,1735871416,03-01-2025 02:30:16,1735871416,0,,,,,,,,,
0xf5f9881b23cbb413eccd968c7c929f9fdffc30aeeb4124dcbc4aa086e6b1bc43,inv_aa0be9a1,inv_63155b68,66240225,100000000,,1735871286,03-01-2025 02:28:06,1735871286,0,,,,,,,,,
0x51928b6fcdb31013d9292a6100e365dffbf5b8ea3c1b42577a5adc9620520c04,inv_aa0be9a1,inv_464429cc,66240198,475000000,,1735871228,03-01-2025 02:27:08,1735871228,0,,,,,,,,,
0x620e9c38145950a66eaab31a9060fcefadbfa1aa44fc9be5d9b8b166516293f9,inv_aa0be9a1,inv_63155b68,66240145,21994161,,1735871116,03-01-2025 02:25:16,1735871116,0,,,,,,,,,
0x26cd700d256651ba361be9b45a85e99d5af3e32dab227e2488585b3aa9d04ac2,inv_5425f722,inv_190c7331,66238262,495000000,,1735866927,03-01-2025 01:15:27,1735866927,0,,,,,,,,,
0xfbf520cc569e51eb75db729606b906bf900e0b665d047d8d8ca1cf89957a6f34,inv_5425f722,inv_b93eeae9,66236403,162000000,,1735862825,03-01-2025 00:07:05,1735862825,0,,,,,,,,,
0x354ec6287f6b4bd3e5e72679d19e0974cd7dc9f7148ae95186c19a18cfd4f8b1,inv_5425f722,inv_63155b68,66236096,241371415,,1735862140,02-01-2025 23:55:40,1735862140,0,,,,,,,,,
0xf339fdf16694acd7e4ac15e6976b7c98884ee1547ae82c1c2fd651d9814012a7,inv_7ad414f4,inv_67362450,66225294,104000000,,1735838160,02-01-2025 17:16:00,1735838160,0,,,,,,,,,
0x006ca1efb4df81aded8b30eac99e62fee5a73df2d2cc61c5aa449cea4965328a,inv_aa0be9a1,inv_df7f66b7,66219961,515000000,,1735826141,02-01-2025 13:55:41,1735826141,0,,,,,,,,,
0x8bb7863e84e8e80e61470ab8460e23c32af0919202613220e6080d2ad78d368e,inv_0ce4228c,inv_eeef8db6,66216301,105000000,,1735817946,02-01-2025 11:39:06,1735817946,0,,,,,,,,,
0xc4ce6da3c51b8d67c75aa42caeb0c87b2b1779b05f09687f5d06ca2b5fb0ad37,inv_9aa7c128,inv_fdaf6c70,66194574,206000000,,1735768497,01-01-2025 21:54:57,1735768497,0,,,,,,,,,
0x107bc35e77ad2079940ac90a76a8e0d2dcc4805f0371eee2c7743310bf68a40f,inv_0ce4228c,inv_ffae6b00,66187185,115175628,,1735752044,01-01-2025 17:20:44,1735752044,0,,,,,,,,,
0x8b76cf4639ed1564589ffe01432325db159c0aa1d4407fb5a6587fa87c208761,inv_c7fe603f,inv_fdaf6c70,66185505,103000000,,1735748346,01-01-2025 16:19:06,1735748346,0,,,,,,,,,
0xb5442bd2534206dc48e455d756ada5e0222d30a60e8c72742da94801d5e1ae10,inv_c7fe603f,inv_fdaf6c70,66185374,103000000,,1735748034,01-01-2025 16:13:54,1735748034,0,,,,,,,,,
0x5c228ac2558a4a81575725101b71706c81f85cb4043ee3691885274c353a6b40,inv_490baf8c,inv_5a7c5af4,66120248,297000000,,1735603042,30-12-2024 23:57:22,1735603042,0,,,,,,,,,
0xc65b29439b529ea14bc845e7c62362d51faaa9e9db1d5fe2f5e6511e803ed4f8,inv_7fe5bf33,inv_f14d82a5,66117403,420000000,,1735596918,30-12-2024 22:15:18,1735596918,0,,,,,,,,,
0xf866b8bd9f567b886d90f89797a4d0322258da827cb85157fb957039642cabc8,inv_b0153096,inv_dd02f503,66116548,318000000,,1735595102,30-12-2024 21:45:02,1735595102,0,,,,,,,,,
0x0fe63ef7f1f3b57d70969b45addd9980077c573317f9acaedd8c6fc82573f149,inv_b261c1fb,inv_190c7331,66112567,495000000,,1735586527,30-12-2024 19:22:07,1735586527,0,,,,,,,,,
0x229d01f9c8694d5e4c9edd0a4a8600bc9b1e09404562ba2fa2fee0ffa8c2ea23,inv_5425f722,inv_dd02f503,66074477,203520600,,1735500264,29-12-2024 19:24:24,1735500264,0,,,,,,,,,
0x137eb922288fd4289e1ca9ad6bf9f70e1e59134778b3bb9e47e58a14394f29ab,inv_b1b6eed2,inv_baefba0d,66069884,207000000,,1735490018,29-12-2024 16:33:38,1735490018,0,,,,,,,,,
0x0f16c1881c8ea3f0c93bb37e160f5d476e1a5d7f9f8d34ca9990ce8159ca0b73,inv_aa0be9a1,inv_baefba0d,66058433,207000000,,1735464868,29-12-2024 09:34:28,1735464868,0,,,,,,,,,
0x28cdc98656fb8e98291801740fb65bec5b865b687820061ffa8796fd541fcd3c,inv_b0153096,inv_dd02f503,66032928,212000000,,1735408830,28-12-2024 18:00:30,1735408830,0,,,,,,,,,
0xaee0ae128dcc6aa63ae1d6d52b99dbde964747e75df32454821b5ccee0b962bc,inv_b0153096,inv_dd02f503,66032841,212000000,,1735408644,28-12-2024 17:57:24,1735408644,0,,,,,,,,,
0xd5b55d15bb3a9c6b9cc7c8cf944e3f542037f3b73200bd5158044d4a2164285a,inv_b0153096,inv_dd02f503,66002246,213877176,,1735340476,27-12-2024 23:01:16,1735340476,0,,,,,,,,,
0xf1296b0faada7913f88142075c105ef9c8a537ac16b04a85d6c65eeab5db8863,inv_c48739e9,inv_6da2c274,65997675,93398613,,1735330376,27-12-2024 20:12:56,1735330376,0,,,,,,,,,
0x0292c4935f01f5ff33adf242a7efeb21a6624dfedc8ee3c177f04332016daae0,inv_0ce4228c,inv_6da2c274,65990495,117986851,,1735314241,27-12-2024 15:44:01,1735314241,0,,,,,,,,,
0xfcf2d006b89dbf6d90fb2e76583094066b2a4be5c8ab474d3a966986d3dda4f0,inv_613e0688,inv_2488121e,65983052,1106213178,,1735297940,27-12-2024 11:12:20,1735297940,0,,,,,,,,,
0xc9fed74eafcb2612f8091c81f8be6cc4f21e5fb00572df6ef127e08e7578d5a9,inv_8c3b1ce8,inv_fdaf6c70,65981956,208000000,,1735295612,27-12-2024 10:33:32,1735295612,0,,,,,,,,,
0x0b7a26039ad8087beaa47ce00d7e2076e39ff39266808b540bd0be50dd4c9da9,inv_8c3b1ce8,inv_19e59e50,65979313,1041700000,,1735289996,27-12-2024 08:59:56,1735289996,0,,,,,,,,,
0x4238e3dc949ec44d5720bd231347fee28cceb30e677dc31520cfbc350854c98f,inv_8c3b1ce8,inv_5a7c5af4,65979237,208000000,,1735289834,27-12-2024 08:57:14,1735289834,0,,,,,,,,,
0xd29a0a1c790e6907685f70d01d3d4debdf1d481e89585c24afb30131efb5b772,inv_8c3b1ce8,inv_fdaf6c70,65978699,208000000,,1735288690,27-12-2024 08:38:10,1735288690,0,,,,,,,,,
0x6a85a717dceb6ff323af6f1593d4df3ba630395b7c498dbee60765c1a865927d,inv_8c3b1ce8,inv_5a7c5af4,65978475,520000000,,1735288214,27-12-2024 08:30:14,1735288214,0,,,,,,,,,
0x76d407367d28c6fb6cf154f2b005f9cb8121ff6b9687e8d0a56b4024ffab2fa0,inv_092b5098,inv_5a7c5af4,65943863,123041700,,1735210288,26-12-2024 10:51:28,1735210288,0,,,,,,,,,
0x33685207fe13d2fc862ad56702aed3c599fdb8550fc4aecc920bee28e4011350,inv_9aa7c128,inv_ffae6b00,65874121,300000000,,1735052485,24-12-2024 15:01:25,1735052485,0,,,,,,,,,
0xd27a71608b968a057e5f9563417d2855bf04d442b657d25e674573cd894dfaa3,inv_88e68846,inv_f14d82a5,65864161,945000000,,1735030329,24-12-2024 08:52:09,1735030329,0,,,,,,,,,
0x9f1016875aab54a65645cbaa4bd4c95b12e51565520ab793333f80d321b2decc,inv_87d2c033,inv_ffae6b00,65851959,412500000,,1735002616,24-12-2024 01:10:16,1735002616,0,,,,,,,,,
0x47b8d0e169f6f92b9636f3b51809d2c26a322881c8f8e3a73807502362cf1844,inv_190c7331,inv_19e59e50,65843228,2313561255,,1734983305,23-12-2024 19:48:25,1734983305,0,,,,,,,,,
0xc4c194ccce5eba7815790287451fe9ef49f3af311129241567aec6fbc00cf025,inv_3f8508c6,inv_5a7c5af4,65841148,200000000,,1734978865,23-12-2024 18:34:25,1734978865,0,,,,,,,,,
0x2d66de54f0ea739bc24c6dc57ae40143dbea2ee813ec5db4243d2060dc1b05db,inv_24290cf0,inv_ffae6b00,65839892,111704230,,1734976194,23-12-2024 17:49:54,1734976194,0,,,,,,,,,
0xd3fd090f22052624ee9f1b70ccb1c44a3ce302bc982acc1ae892f7d9723f65b4,inv_62fc6c1b,inv_ffae6b00,65839720,563480920,,1734975828,23-12-2024 17:43:48,1734975828,0,,,,,,,,,
0x9106fd8cb2178efb868f62b5756b5ef2fb3481069df033f3f72a93c7df649f5b,inv_aa0be9a1,inv_ffae6b00,65839637,548000000,,1734975652,23-12-2024 17:40:52,1734975652,0,,,,,,,,,
0xe68f9a2a308a7d3695a1611bea0bcec4d98dc358e6c7c4d5fbaecfd219c1d126,inv_aa0be9a1,inv_ffae6b00,65836879,300000000,,1734969787,23-12-2024 16:03:07,1734969787,0,,,,,,,,,
0xfc45b1ad3b3ed289d36ccbfcbb2cac1c35aa91a8fc73bafc0831bdc91d56f4c5,inv_b6e4ce95,inv_dd02f503,65828676,26704,,1734952133,23-12-2024 11:08:53,1734952133,0,,,,,,,,,
0x6973223b0b0391d2878e5b3ef44ca950177a1f2585c2b3e506c3cf49b23e5ca7,inv_6ffe0638,inv_53636801,65827835,417163524,,1734950249,23-12-2024 10:37:29,1734950249,0,,,,,,,,,
0xc4d5089d71c8f594c3715b29e0a156d7cf830642c5468a5bad5e7fbcc31d1b97,inv_d1e999d9,inv_ffae6b00,65826795,300000000,,1734947911,23-12-2024 09:58:31,1734947911,0,,,,,,,,,
0x873d2f69d500d73ba8c894571bdcf339a78c2ac27ca4f95b6a1f4fb2e88134ba,inv_9aa7c128,inv_ffae6b00,65787919,476382354,,1734862071,22-12-2024 10:07:51,1734862071,0,,,,,,,,,
0xc55cb4926a4239c36f1d183edd214939f4227f0e021e6f6d5959008e42416226,inv_6d3c2326,inv_ffae6b00,65763217,500000000,,1734806678,21-12-2024 18:44:38,1734806678,0,,,,,,,,,
0x6bf8e7bde5869d88dfba5fb540fa3a388bfd64bacf6fa7002d1c0521f59ef015,inv_aa0be9a1,inv_ffae6b00,65754993,534802808,,1734789075,21-12-2024 13:51:15,1734789075,0,,,,,,,,,
0x9e24b1d65542a38f0f12d4f054819a59d63779cc877e76cac7997e81cc66ab9e,inv_0ce4228c,inv_ffae6b00,65752599,118559722,,1734783970,21-12-2024 12:26:10,1734783970,0,,,,,,,,,
0x8030ff0db2d9cfc0fcc28e2fe64cebd576bc68a706c7b14890d3462deb48a110,inv_9aa7c128,inv_ffae6b00,65750384,279877109,,1734779244,21-12-2024 11:07:24,1734779244,0,,,,,,,,,
0x349dfe3e998b95dfb599b8221464548fa6657c05b1501ed19aded6de0f10410f,inv_57d0cdaf,inv_4791ac5c,65718000,417420000,,1734710041,20-12-2024 15:54:01,1734710041,0,,,,,,,,,
0x8887a368f577a43e3ee45f9665c9803b8c5e5d3323ff93bc8008461fba8014c6,inv_0ce4228c,inv_f828c839,65708579,212000000,,1734689929,20-12-2024 10:18:49,1734689929,0,,,,,,,,,
0xbdd126fffc166ff69383ea6fb30460c81f16e9e625ceb2c39fb9845bed70abe4,inv_0ce4228c,inv_f828c839,65708329,105000000,,1734689397,20-12-2024 10:09:57,1734689397,0,,,,,,,,,
0x24c67b6a9dc5c8525894646c6bf175c93300be03dcbbde5e94d2771b4702d33e,inv_0ce4228c,inv_eeef8db6,65706958,105000000,,1734686483,20-12-2024 09:21:23,1734686483,0,,,,,,,,,
0x84a668a5f7da6e0d996658ccec4f9e1c5bb3d2bb1a836203d5b4d969dba156bb,inv_0ce4228c,inv_e522824e,65706830,105000000,,1734686211,20-12-2024 09:16:51,1734686211,0,,,,,,,,,
0xdf81be7ca8c70327e0114ac72fb0a61a17e6ca014be44ec6f21e489c60550c66,inv_65b4dd5f,inv_fc5218f7,65683209,411617640,,1734634913,19-12-2024 19:01:53,1734634913,0,,,,,,,,,
0xee765dc6839d49aab3f2ca09b708dfbb69b1ed22c1a20237832f7d057eab2190,inv_0ce4228c,inv_dd02f503,65682876,184575482,,1734634194,19-12-2024 18:49:54,1734634194,0,,,,,,,,,
0xc447a5a21cc73f6659ef4f199b4bffb8bd6a4a241f1fedc751ddaa6e5cad4f89,inv_0ce4228c,inv_ffae6b00,65682798,235848361,,1734634028,19-12-2024 18:47:08,1734634028,0,,,,,,,,,
0x2c58b583a46bd4de32c0cd9a6863475fece71761e42ac9f6f69c8bbe0c1ac4fb,inv_c48739e9,inv_e522824e,65664183,90000000,,1734593896,19-12-2024 07:38:16,1734593896,0,,,,,,,,,
0x2a154eb5d9184ccae91b13e2bde92567c0383acb1c6dd62446242789b6ee7137,inv_d381a12e,inv_dd02f503,65647441,3205030,,1734557198,18-12-2024 21:26:38,1734557198,0,,,,,,,,,
0x2f6de9c99ebe925e92b656435ed9c2057f49b808542596ebf635ce5b7a6cd4b4,inv_0ce4228c,inv_53636801,65643280,116541820,,1734548218,18-12-2024 18:56:58,1734548218,0,,,,,,,,,
0x7989c8246f532923d2e3932a4453d70f65f671d43fec94da7b3cedc492d6e96b,inv_e46beaa9,inv_53636801,65639594,278200000,,1734540299,18-12-2024 16:44:59,1734540299,0,,,,,,,,,
0xf9f1293f714e3f9b3cedd50e776eb6132f11b8c0a0135a749563b3e8e77d5b15,inv_e46beaa9,inv_53636801,65639505,578160000,,1734540111,18-12-2024 16:41:51,1734540111,0,,,,,,,,,
0xa99dbd1482c8fdadadebc40cf52efaa601893204d3bb1e09545dec04bd992053,inv_c617a894,inv_2a943348,65632665,1374420000,,1734525515,18-12-2024 12:38:35,1734525515,0,,,,,,,,,
0xeb402792b36c511cb1774fc8fd416ea093760ea93005caa6f27b347f1bb3836c,inv_fcef6e33,inv_53636801,65630580,617874144,,1734521046,18-12-2024 11:24:06,1734521046,0,,,,,,,,,
0xf9104598cad8642056928c19da34f5c26e5ff1d4bfafe099a63ab76960819f0c,inv_c617a894,inv_53636801,65626110,396000000,,1734511372,18-12-2024 08:42:52,1734511372,0,,,,,,,,,
0x545568281c837284f9b5da596a5f04f7ab1ae38a6709e601e7628613f7d32a8e,inv_d1e999d9,inv_53636801,65625322,520000000,,1734509696,18-12-2024 08:14:56,1734509696,0,,,,,,,,,
0x271f383653e90f53906020176525e727b95c7fd6c0e13b5d9ea83f9850d315b4,inv_c617a894,inv_53636801,65623589,479885659,,1734506008,18-12-2024 07:13:28,1734506008,0,,,,,,,,,
0xa2a18d0d7f6f798f74c0dd8ecef56dec614261e0fd6fbe7a5a2ea60862d9f845,inv_dd02f503,inv_baefba0d,65613175,25625,,1734483328,18-12-2024 00:55:28,1734483328,0,,,,,,,,,
0x4e76d6ea2905c475039f6f81d54717bfe87dcdbe73897ace0b5a91b0516b1c65,inv_5425f722,inv_dd02f503,65569724,206000000,,1734389905,16-12-2024 22:58:25,1734389905,0,,,,,,,,,
0x8c77738c8dd99d32264043e0dc8b5abe27b5d974c00655623583ec3c2890d6b4,inv_5425f722,inv_dd02f503,65569698,250382700,,1734389851,16-12-2024 22:57:31,1734389851,0,,,,,,,,,
0x5e2c9ea36469ee0c88e5700d8d10f9667a40ba08dd42e37b65054b335941cb9c,inv_d381a12e,inv_baefba0d,65568284,4145,,1734386837,16-12-2024 22:07:17,1734386837,0,,,,,,,,,
0xc8e7fd4d08a3f54fdc2d95b3d7ec536191b5373a32ffe9a100728a47f898f92a,inv_e46beaa9,inv_ffae6b00,65561254,629414300,,1734371522,16-12-2024 17:52:02,1734371522,0,,,,,,,,,
0xb72cbbf80ed8567a480fd5caf1a828cea90b44118f4c56defdca7054c2089763,inv_d48957d8,inv_dd02f503,65520769,218000000,,1734284374,15-12-2024 17:39:34,1734284374,0,,,,,,,,,
0xd9cdf358af9793b4fb2ba4e526711854394d659866a0447d1b9d8d8cc578528e,inv_e46beaa9,inv_ffae6b00,65509307,913599232,,1734259246,15-12-2024 10:40:46,1734259246,0,,,,,,,,,
0x219e2f544d9565f11bc417443834f97981dd69bbab58a3cde707600f85567a07,inv_e46beaa9,inv_a91c1683,65480058,247355662,,1734196326,14-12-2024 17:12:06,1734196326,0,,,,,,,,,
0x5ed73cd9374ff9100b0a636ecbee2ccae3f74c04de99ddf77ebb0854ee3446f9,inv_19ec6a20,inv_5a7c5af4,65479452,300000000,,1734195006,14-12-2024 16:50:06,1734195006,0,,,,,,,,,
0x7c9ca2aaa6395c1afbe7c32090d89333b93c20779d7ea0479631769599efa24c,inv_9aa7c128,inv_ffae6b00,65467313,734208033,,1734168900,14-12-2024 09:35:00,1734168900,0,,,,,,,,,
0x9e39a26bdbc9b405a685d659b46f45ea3b947390ed00a1b8405043c6bf990e0d,inv_7a04f164,inv_63db307c,65433883,7918400000,,1734096774,13-12-2024 13:32:54,1734096774,0,,,,,,,,,
0xfa588fa709bc6188d57137885bdc89edab2f1a5815d6295389901f3ce7d2b717,inv_c19b9486,inv_dd02f503,65407996,218000000,,1734041102,12-12-2024 22:05:02,1734041102,0,,,,,,,,,
0x70ddc1717300204167023ff8069c222ee40cd378ab45a57b063b24c1de173736,inv_092b5098,inv_f8d73caf,65402254,205731698,,1734028820,12-12-2024 18:40:20,1734028820,0,,,,,,,,,
0x5280171c7c9d7c34d6ca253067e93f043543164b986ff8b148433d2405edb0c8,inv_0ce4228c,inv_a4a365b3,65383636,1189840000,,1733989087,12-12-2024 07:38:07,1733989087,0,,,,,,,,,
0xe3d704bdd38b442b147a19031d5c550e29dec3f22fd29a564d340bff67a67569,inv_092b5098,inv_dd02f503,65368996,216000000,,1733957723,11-12-2024 22:55:23,1733957723,0,,,,,,,,,
0xc8d0b7a048e6ccf98b03ca7dbf40bfbdfc7c19165d90c4bc95e5f880eba24503,inv_c8a59739,inv_5a7c5af4,65366603,133779255,,1733952599,11-12-2024 21:29:59,1733952599,0,,,,,,,,,
0xa245d3373b5c7f5a0e19e3c974c3974c1e69af3495ceb4d73139e354de1f95be,inv_5690c297,inv_f14d82a5,65360928,630000000,,1733940411,11-12-2024 18:06:51,1733940411,0,,,,,,,,,
0x6cf8e4ce2c295a3e5e9664170b077b81e78f15123ac1e0a96b37bfe2ddc4354b,inv_5690c297,inv_f828c839,65360889,105000000,,1733940327,11-12-2024 18:05:27,1733940327,0,,,,,,,,,
0xc00c93b93d14c5250a7ed33bffa779d1489a2e28c729597270cd9547c6f58865,inv_5690c297,inv_f828c839,65360832,104780456,,1733940207,11-12-2024 18:03:27,1733940207,0,,,,,,,,,
0xc7e9e8aa775db63992e370fe62d57ff1bd08d25fdcabe3b9cc63783000fe188b,inv_5425f722,inv_5a7c5af4,65325409,200000000,,1733863880,10-12-2024 20:51:20,1733863880,0,,,,,,,,,
0x8296d366f87d2b6ece906951bb97b99313fe70d29318e351a8c1c85a552cc08b,inv_5425f722,inv_5a7c5af4,65325395,200000000,,1733863850,10-12-2024 20:50:50,1733863850,0,,,,,,,,,
0x5ed6c74fc6dd4e84b29178897d8f2082815e2b945c71517d45c48150d4de4447,inv_fcef6e33,inv_5a7c5af4,65318088,115000000,,1733848012,10-12-2024 16:26:52,1733848012,0,,,,,,,,,
0xd811d336f5324cdbdbadf4be84b87e0ab816cf7fd7385cffb2c181cc29778080,inv_0ce4228c,inv_62e03780,65317779,131010833,,1733847353,10-12-2024 16:15:53,1733847353,0,,,,,,,,,
0x4a6ea5a4fc4a67a702049c4f08bc22a1a6d4c21fc201160542a8322f4a723c38,inv_c19b9486,inv_dd02f503,65288546,216000000,,1733784774,09-12-2024 22:52:54,1733784774,0,,,,,,,,,
0x58bcc2004dc9b9aa74269c80232be56422af32ce3643cc038d74c423f7fe0550,inv_5425f722,inv_dd02f503,65287043,210000000,,1733781541,09-12-2024 21:59:01,1733781541,0,,,,,,,,,
0x1527468f0a2e2d0aab128c9e41326a06c35c463fd81b80ce42072d168cb4c326,inv_9aa7c128,inv_baefba0d,65277221,212000000,,1733760367,09-12-2024 16:06:07,1733760367,0,,,,,,,,,
0xa91a54b7e0f9df4338d17906529f43426ae245fea713f56b1365cc4ec915a507,inv_e46beaa9,inv_d46e9726,65241309,597390000,,1733682232,08-12-2024 18:23:52,1733682232,0,,,,,,,,,
0x5b565d0ebf402b1e3d6ef078573167326749b0685cc906ff5688b1c02a9ecca9,inv_c48739e9,inv_3ffe9aed,65237568,100000000,,1733673852,08-12-2024 16:04:12,1733673852,0,,,,,,,,,
0xedf636facb5b852a79beca89e7518d087ca5da5c270e8391e0b36ca64a3640b0,inv_5b981484,inv_62fc6c1b,65233929,109000000,,1733665808,08-12-2024 13:50:08,1733665808,0,,,,,,,,,
0x6ff466a1330b0028400328c46e0af48bbc083feeb9773e9393d8429ff2490171,inv_df64ca46,inv_f14d82a5,65198092,735000000,,1733586396,07-12-2024 15:46:36,1733586396,0,,,,,,,,,
0x0f3baa493b3e5373e017c15a2d794cabdb1731b397e40f8990887b9609d546a1,inv_d2dda6a9,inv_63db307c,65173851,3464650000,,1733532955,07-12-2024 00:55:55,1733532955,0,,,,,,,,,
0x8d008e39e3e619a30b5702a405ae2e2ccfe26b95f2e0df87d484e2615cdfe1ce,inv_c19b9486,inv_baefba0d,65172990,212000000,,1733531026,07-12-2024 00:23:46,1733531026,0,,,,,,,,,
0x227efd6d462de1f35e6386d38c784576cf5c7d5dfaca72ddd3ae101d01499209,inv_025ce67f,inv_5a7c5af4,65170115,264863294,,1733524671,06-12-2024 22:37:51,1733524671,0,,,,,,,,,
0x1e03b73ac1d687f6682b433b31a7b74959962cd2f922ada53bab19ddb3b43047,inv_c48739e9,inv_190c7331,65166514,155396539,,1733516953,06-12-2024 20:29:13,1733516953,0,,,,,,,,,
0x1c104d35b703c66ea1b1b540ccec2f897acd8fe9bb5a432e01043e9f3cbdbc1d,inv_49de41e1,inv_dd02f503,65155273,530000000,,1733492516,06-12-2024 13:41:56,1733492516,0,,,,,,,,,
0x4cd91dc324d096b1d4cf573f8f37cc6d9c69b74bfc2fff88190df53482bd838d,inv_c19b9486,inv_bae261c9,65153217,110000000,,1733488123,06-12-2024 12:28:43,1733488123,0,,,,,,,,,
0x599424321d206c393626de0ff6a863ffa3e5b3e57e7d9b5dd5b4f6f10cd74aae,inv_c19b9486,inv_5a7c5af4,65152787,155598470,,1733487207,06-12-2024 12:13:27,1733487207,0,,,,,,,,,
0x1c797c9a5814997f116dd8d0fc06e1ed4c0ca03b353c1afba6f531498e25c5a3,inv_c19b9486,inv_dd02f503,65152587,369510000,,1733486775,06-12-2024 12:06:15,1733486775,0,,,,,,,,,
0x1c366886e94d7b3174c1f12952db9b76bd45dd0bd7b8aa3fb20a97cde329e03a,inv_c19b9486,inv_5a7c5af4,65152499,333000000,,1733486589,06-12-2024 12:03:09,1733486589,0,,,,,,,,,
0x78ba41f3a8fe5a59d7070e2b8e0b585d1a22ba04fe5f16a53253849a4b0f51ac,inv_ff0b4972,inv_24290cf0,65148548,140336894,,1733478121,06-12-2024 09:42:01,1733478121,0,,,,,,,,,
0xb2c0336d171ce9ed58104c89d9fc1770f5970c90addcd36a6929f6a0e606c14f,inv_9aa7c128,inv_dd02f503,65147619,168540000,,1733476139,06-12-2024 09:08:59,1733476139,0,,,,,,,,,
0xef74d7b21ead272ef3dfc0ac0c8dae438052b8383f1e40677cfad37c183cbd62,inv_7a04f164,inv_9ae2ae67,65131154,593886010,,1733440624,05-12-2024 23:17:04,1733440624,0,,,,,,,,,
0x90c7746ade20d15f481b23b6e785ed0534d637a15c334dc653c1bb0f06563742,inv_c48739e9,inv_e557f5e1,65124028,91584159,,1733425186,05-12-2024 18:59:46,1733425186,0,,,,,,,,,
0x6a595cd251c08262965cece022798fcd87d1c8dd7837a42a6842af3a67f54f30,inv_7a04f164,inv_5a7c5af4,65121341,252757000,,1733419250,05-12-2024 17:20:50,1733419250,0,,,,,,,,,
0x9262bfc75f9f2eb56ca3954e8f76cf4df1c7026fff3d73dc9fa8d0f3184d50ef,inv_7a04f164,inv_5a7c5af4,65120996,298456193,,1733418518,05-12-2024 17:08:38,1733418518,0,,,,,,,,,
0x861cb55d985fb121b71979b821ee2286f944e4613dd0446ed74b65407893f618,inv_7a04f164,inv_5a7c5af4,65120848,402400000,,1733418204,05-12-2024 17:03:24,1733418204,0,,,,,,,,,
0xa6adac2c5474491c18676647725a1d8fd6340cbae7b840c8968b5353d2cc78b4,inv_df64ca46,inv_f14d82a5,65116931,1050000000,,1733409872,05-12-2024 14:44:32,1733409872,0,,,,,,,,,
0xcd095599757082e218d19ecc213345a653e727ae4065498472bd3648d681e16c,inv_f828c839,inv_5a7c5af4,65109800,202000000,,1733394605,05-12-2024 10:30:05,1733394605,0,,,,,,,,,
0xf0732ea6bfb6424508613d11eda3b2f2974643aa3a2300f18517818978352f5b,inv_9aa7c128,inv_f828c839,65089121,105000000,,1733350527,04-12-2024 22:15:27,1733350527,0,,,,,,,,,
0xe01204ef03d45a329175aa23306c4d09efc797cd9277b49817f6dfb19e41c322,inv_6d3c2326,inv_a4a365b3,65088790,2140000000,,1733349821,04-12-2024 22:03:41,1733349821,0,,,,,,,,,
0x3c684b8dec23654faf8a2c9c567445b56b1f5a37e40911997c32d836eb332df7,inv_9aa7c128,inv_f828c839,65088707,105000000,,1733349645,04-12-2024 22:00:45,1733349645,0,,,,,,,,,
0xf9cbd60e37a87cbd6e1e16f8fa1d5b94d801ac6ddd7abade8e33d3d758185f21,inv_e46beaa9,inv_63db307c,65082334,1979800000,,1733335836,04-12-2024 18:10:36,1733335836,0,,,,,,,,,
0x02126402c17f74b9501e97911b3e39cc794d7dc21a4727bfdfa2700b4deb03db,inv_e46beaa9,inv_63db307c,65082268,2672730000,,1733335693,04-12-2024 18:08:13,1733335693,0,,,,,,,,,
0x7d5c9300ba4dccea08be92945ad5027cd11c8a93207db6865fc6c694c72b9d2d,inv_dc044913,inv_63db307c,65079558,11958850000,,1733329930,04-12-2024 16:32:10,1733329930,0,,,,,,,,,
0x293a02012d6335eee24273dc6748d6a40c4eaa688fe087b456539bb063d8b029,inv_2b37dacc,inv_dd02f503,65058625,101000000,,1733285070,04-12-2024 04:04:30,1733285070,0,,,,,,,,,
0x4fd72c1874cfc15741934f4dcee981a15d020ae91d72d60ae1dff59a3f3c8e01,inv_5425f722,inv_75047e1e,65049942,103037370,,1733266484,03-12-2024 22:54:44,1733266484,0,,,,,,,,,
0x076855c2c0292a6f0fb9af8231d6a57f6056ee86db59525d8291bc35e99bcb1b,inv_49f8251b,inv_f14d82a5,65048696,1272000000,,1733263826,03-12-2024 22:10:26,1733263826,0,,,,,,,,,
0x2ddd9235658f97b9ba799a492d96f32ec3e17839e02a00bbe479a58c8027da56,inv_0ce4228c,inv_a40d63cd,65042880,59115262,,1733251283,03-12-2024 18:41:23,1733251283,0,,,,,,,,,
0x6f5fae04c7606af9cb589cc71d46d7486507ad2c637c823878ef410f198fc0f1,inv_96d92bb4,inv_2428cde7,65026172,57181196,,1733215366,03-12-2024 08:42:46,1733215366,0,,,,,,,,,
0x69a44c34deb0047ba9b098eabd4ab38c9e27f6b6356f89154851e4cf97373063,inv_5425f722,inv_dd02f503,65022129,210000000,,1733206689,03-12-2024 06:18:09,1733206689,0,,,,,,,,,
0x4f474f92f2a4706abde09b4d95049c07f546eec0dfee2df59067d7cd98ad83b7,inv_5425f722,inv_dd02f503,65009829,210000000,,1733179486,02-12-2024 22:44:46,1733179486,0,,,,,,,,,
0xf5404775732eae7a47befe4b9ea2dac3a21e8e3c389abec48b94fcc3d99dcffd,inv_0ce4228c,inv_b9b5acda,65003900,168457613,,1733166354,02-12-2024 19:05:54,1733166354,0,,,,,,,,,
0xc19b5ed270a63767cec52d36c3578bdc783243a3e024471fb672d0a859244d0e,inv_e46beaa9,inv_2428cde7,65003663,479254453,,1733165783,02-12-2024 18:56:23,1733165783,0,,,,,,,,,
0x79325940003137db430a2f8bc7ca237552bf7140984c2fbad40c5414b433dd00,inv_e46beaa9,inv_f14d82a5,65003556,1260000000,,1733165557,02-12-2024 18:52:37,1733165557,0,,,,,,,,,
0x4203559786b34bb8875278ca184c468b3a87d20bdde3e1f52905b4669a2577f7,inv_b9b5acda,inv_bae261c9,65002055,14220307,,1733162240,02-12-2024 17:57:20,1733162240,0,,,,,,,,,
0x55ca03e21bed9319d5d3e53530f9410b8dd176de4c79cdae52b2a17529de28da,inv_b9b5acda,inv_d381a12e,65002011,151250621,,1733162146,02-12-2024 17:55:46,1733162146,0,,,,,,,,,
0xd24df8ab5e33333a9072fcaddf13e2c15c3def8e335a997f5957aea81eb0d615,inv_9aa7c128,inv_dd02f503,64987458,367500000,,1733130905,02-12-2024 09:15:05,1733130905,0,,,,,,,,,
0x43847aeb980285d27dd2dac4a482e1844d0d92f09f7aefc1841c56c5f69c704e,inv_0e50bf41,inv_f14d82a5,64985556,1260000000,,1733126863,02-12-2024 08:07:43,1733126863,0,,,,,,,,,
0x870a2ec5bb56589a36e13edcb1d54725ec6ee5710f8866bd2258b75e97efaeac,inv_88e68846,inv_1aef7571,64965217,119720008,,1733082329,01-12-2024 19:45:29,1733082329,0,,,,,,,,,
0x0de2f086dadfc503dda4a29e91bee13fcbbec3df48413ca223bb2f678db58283,inv_6ffe0638,inv_dd02f503,64963526,198000000,,1733078657,01-12-2024 18:44:17,1733078657,0,,,,,,,,,
0x4b7ca240e4827ede328d354a0f03f3e6be7dcc693b6533279121616fabbb52ce,inv_df64ca46,inv_f14d82a5,64953882,1040000000,,1733057621,01-12-2024 12:53:41,1733057621,0,,,,,,,,,
0x727df15dfcfd0440fa2c4d7b244ad5467d488dcd3665844fdede52c9d22e37de,inv_dd02f503,inv_f14d82a5,64929804,1040000000,,1733005658,30-11-2024 22:27:38,1733005658,0,,,,,,,,,
0x1e022f5872ec0a7006ebddfa47943c0791eed7ac521315f239d859aec8891948,inv_24290cf0,inv_5a7c5af4,64923063,137657735,,1732991206,30-11-2024 18:26:46,1732991206,0,,,,,,,,,
0x676e0bf763ef1c1fd2f031d9010f34196f093e616dfc620e7d8f78e9e5c993c4,inv_24290cf0,inv_dd02f503,64922852,212000000,,1732990758,30-11-2024 18:19:18,1732990758,0,,,,,,,,,
0x343a861f50c945f208996a9d8dac46a6007bcf305b9ac2da99133262f6b136a0,inv_9aa7c128,inv_f14d82a5,64920824,1030000000,,1732986408,30-11-2024 17:06:48,1732986408,0,,,,,,,,,
0xc28e83892a44e7c0fdb75c0160f0d87f34fcb862c20214ddd18247cbce44336d,inv_e81b677a,inv_7ad414f4,64912688,55000000,,1732968919,30-11-2024 12:15:19,1732968919,0,,,,,,,,,
0x204a1bfe7e0f21a95860f9739f6dc809ce52b82bd1560afd2b5b58a7827a34c3,inv_e81b677a,inv_5a7c5af4,64912605,112000000,,1732968741,30-11-2024 12:12:21,1732968741,0,,,,,,,,,
0x3f65bdec44804c3051406fccbeeb145f680cbe7e0e32bcf76a7f17de59687a07,inv_e81b677a,inv_75047e1e,64912442,505152783,,1732968395,30-11-2024 12:06:35,1732968395,0,,,,,,,,,
0x970b7bd218aadf5200a8fa2a1ccb054d4e9f1b25c2b4bf4fdb1a4fd379918e7f,inv_e81b677a,inv_75047e1e,64911988,990890802,,1732967399,30-11-2024 11:49:59,1732967399,0,,,,,,,,,
0x6449c9fc70ec2e26fc87c9607048965273a94b65a5f0c8a6ea245ed3738ba9c5,inv_e81b677a,inv_aa0be9a1,64911582,324000000,,1732966535,30-11-2024 11:35:35,1732966535,0,,,,,,,,,
0x74934b8d763d46ce10b52d1ef273d4d584108d68c007f907192d949c7a0b0fc3,inv_a91c1683,inv_75047e1e,64882513,598164587,,1732903261,29-11-2024 18:01:01,1732903261,0,,,,,,,,,
0xb28b318ff0978e2f08eea5350e866c9c053f28133da0de67090cc39ee776ff5b,inv_aa0be9a1,inv_06c73c25,64868326,1049400000,,1732872998,29-11-2024 09:36:38,1732872998,0,,,,,,,,,
0x403fb3c81dba1ead70b24df9091fa51ee9a576fcff0c9fa3d7860e4927bfffc4,inv_5425f722,inv_5173d53b,64836660,315000000,,1732804830,28-11-2024 14:40:30,1732804830,0,,,,,,,,,
0xa835e4efc11505b51927cbb5478f0832c5900ff34c707dd12872560abd0a2e5c,inv_baefba0d,inv_5173d53b,64831061,164388732,,1732792911,28-11-2024 11:21:51,1732792911,0,,,,,,,,,
0x86b7d1333e0c4139d7b777da10c027252407c222f3a0602880c001b8307c1a1d,inv_7ad414f4,inv_5a7c5af4,64825722,100800000,,1732781469,28-11-2024 08:11:09,1732781469,0,,,,,,,,,
0xb56bd671808e7c918afe9f66322ae5324de4263b2bb1f0f06c69db6949f61d3e,inv_7ad414f4,inv_baefba0d,64825649,210000000,,1732781312,28-11-2024 08:08:32,1732781312,0,,,,,,,,,
0x486585baa075e28f01e0517d084466ad8ace968f44552cab3d75ee16d1e2de67,inv_7ad414f4,inv_baefba0d,64825609,210000000,,1732781226,28-11-2024 08:07:06,1732781226,0,,,,,,,,,
0x6c03b237ba8bae8149ec5d04dfeb9d9d82c22fae5d90c6bb593ae6742779916d,inv_9aa7c128,inv_f14d82a5,64807272,918000000,,1732741837,27-11-2024 21:10:37,1732741837,0,,,,,,,,,
0xdcb629f7870673d4c648f85c1d540508ab9c31a79402b8e2ed574b22b2745da2,inv_e46beaa9,inv_88e68846,64799161,1248628769,,1732724449,27-11-2024 16:20:49,1732724449,0,,,,,,,,,
0xb9dfad8a3f5f0db070286b4d7c95e4a759a9b9cb6b58c2b020155eeb566003b3,inv_dd02f503,inv_5173d53b,64796848,105000000,,1732719513,27-11-2024 14:58:33,1732719513,0,,,,,,,,,
0xbc8571d9549f35411ac809a681cfff15d193cf68368c2987061f8c1e780b8d4e,inv_dd02f503,inv_5173d53b,64796814,105000000,,1732719439,27-11-2024 14:57:19,1732719439,0,,,,,,,,,
0x2f72bb993abe8b924756f3124f666ad89914e27a27a9e35c22c68d19875666c2,inv_dd02f503,inv_5173d53b,64796775,105000000,,1732719357,27-11-2024 14:55:57,1732719357,0,,,,,,,,,
0x021c8302e99cafcdc93d36f1a836b96bae49774b3d6fbba900534b82997b84bd,inv_dd02f503,inv_5173d53b,64796687,105000000,,1732719169,27-11-2024 14:52:49,1732719169,0,,,,,,,,,
0x86d35977ddb81b2f7afd97bf3d41782d5ebf7d7516a540dde422a3529620eeb7,inv_dd02f503,inv_5173d53b,64796263,105000000,,1732718237,27-11-2024 14:37:17,1732718237,0,,,,,,,,,
0x8a2c3c8ac283d53fc13994f465185acc1f62863c1b5a4ee505090cbebb790798,inv_dd02f503,inv_5173d53b,64796230,105000000,,1732718167,27-11-2024 14:36:07,1732718167,0,,,,,,,,,
0x5d1f4e9a4a5638f4708cb3d5b1a0b850a8ce409cc97e25d2f91e1325ab456213,inv_dd02f503,inv_5173d53b,64796203,105000000,,1732718108,27-11-2024 14:35:08,1732718108,0,,,,,,,,,
0x1d3e6c368e3b3fab31374cc94985da7ab018fdad0407a69a044bdad87eefb681,inv_9aa7c128,inv_eeef8db6,64795418,105000000,,1732716424,27-11-2024 14:07:04,1732716424,0,,,,,,,,,
0x47b6405c1c61302f86bb8076cc2b59e0ed75c96de820462ef0890ffc762ece4c,inv_5b981484,inv_5a7c5af4,64792410,109000000,,1732710005,27-11-2024 12:20:05,1732710005,0,,,,,,,,,
0x315d23c3fc03a3ede8d48a8c026043f251ba68190543d1e04880ec5936710341,inv_5b981484,inv_dd02f503,64791745,212000000,,1732708593,27-11-2024 11:56:33,1732708593,0,,,,,,,,,
0xa3f054d50ddab16bf84053acb1d19712047c172540bf086bc58be9dd972b2f3e,inv_05b26fda,inv_4791ac5c,64788220,500000000,,1732701046,27-11-2024 09:50:46,1732701046,0,,,,,,,,,
0xc6c43537c2eb1d02fccca0ce97e203052e40d9ddd73ab57aae5af401601ec5d6,inv_6d3c2326,inv_88e68846,64768820,1050000000,,1732659516,26-11-2024 22:18:36,1732659516,0,,,,,,,,,
0xf86dc9cc9e20ed21cd2799d1a15edb80f4e3e01c938605682b5727407159afcc,inv_e46beaa9,inv_5a7c5af4,64765346,15471733,,1732651728,26-11-2024 20:08:48,1732651728,0,,,,,,,,,
0x711e7a4d92c3870029be8dfb0bd5101fc043f7344395f91a3c9a5edb26d4dd1c,inv_9aa7c128,inv_dd02f503,64761173,210000000,,1732641534,26-11-2024 17:18:54,1732641534,0,,,,,,,,,
0x2423eaa8bfc123b38295f01b83fa759651fee3b9b0cacccfe505c93dcab51506,inv_7a04f164,inv_5a7c5af4,64759857,100000000,,1732638356,26-11-2024 16:25:56,1732638356,0,,,,,,,,,
0x596d7f8fee8727ad4fa09e4addafa6e707f68290647802aa4daddf87e6a41f39,inv_d2dda6a9,inv_5a7c5af4,64757738,91782743,,1732633202,26-11-2024 15:00:02,1732633202,0,,,,,,,,,
0x80ee69b549dd31c37885132aaa15d25d342da6f63c7dce632e036e3248813168,inv_0ce4228c,inv_5a7c5af4,64748087,201200000,,1732611103,26-11-2024 08:51:43,1732611103,0,,,,,,,,,
0x7c0c42d301ce3ac2bf7ef0b39ba9d7d3945d011ceeec1ac497dffd823456a3e0,inv_5425f722,inv_5a7c5af4,64744523,124835545,,1732603517,26-11-2024 06:45:17,1732603517,0,,,,,,,,,
0xe25a780a408adb40a5f972012e058e8329a29cca96d16eedc8e968653bc17e82,inv_0ce4228c,inv_5a7c5af4,64727756,117859794,,1732567393,25-11-2024 20:43:13,1732567393,0,,,,,,,,,
0x122aa80bd77687951327c12493215a527177d8e2cf90c4690acaf67c2063ae83,inv_24290cf0,inv_f14d82a5,64726293,816000000,,1732564146,25-11-2024 19:49:06,1732564146,0,,,,,,,,,
0x7cc23593b4dfbe6a4671f48b1ecfe13a5c83d9c0e8030fc6d4e6404de3f0ce3e,inv_0ce4228c,inv_5a7c5af4,64715240,100623158,,1732540499,25-11-2024 13:14:59,1732540499,0,,,,,,,,,
0xffd56d9a863c827d9377b690a072d5a639a7d7d52b14e4eff89e461783eac1ab,inv_d1e999d9,inv_dd02f503,64714218,594000000,,1732538293,25-11-2024 12:38:13,1732538293,0,,,,,,,,,
0xbcf078e36fee995bb584eb79b9f43f4d06ca101974064ddb9280830a4c99dfd7,inv_88e68846,inv_f14d82a5,64713301,909000000,,1732536312,25-11-2024 12:05:12,1732536312,0,,,,,,,,,
0x438755911d672b02b7ce76781f64291786a9c3ec88cc39d77d1f5802ad9578af,inv_5b981484,inv_cec7eea7,64669665,1247610000,,1732440955,24-11-2024 09:35:55,1732440955,0,,,,,,,,,
0x9df82cce3f9636dd27d11c624d26dc5f2116ac251fc2a53beb0b2c39c5d0b803,inv_e9dbf73d,inv_cec7eea7,64636968,761998170,,1732369690,23-11-2024 13:48:10,1732369690,0,,,,,,,,,
0x9539069502c3480941b0f1b3e230e4c364dfada968892bf8bc132d25cbcf99d0,inv_e9dbf73d,inv_88e68846,64636478,1252002470,,1732368616,23-11-2024 13:30:16,1732368616,0,,,,,,,,,
0xf86aa8d54b02c7a5ac6b69a1fecc6f7e5c0a90b9bbdb42721644abd044c11c84,inv_a91c1683,inv_8c3b1ce8,64629971,1303122963,,1732354496,23-11-2024 09:34:56,1732354496,0,,,,,,,,,
0x62e3cc718a8748faa1d1907188317898e2c62080d7a7a321d2c0a4f6e395e409,inv_eae75a23,inv_0ce4228c,64605125,545242500,,1732300846,22-11-2024 18:40:46,1732300846,0,,,,,,,,,
0x68cf2c73b94f47bd62646d060b9caa7490985e58bc3d5dfcfa5890b317972c5f,inv_0ce4228c,inv_7ad414f4,64604538,55000000,,1732299593,22-11-2024 18:19:53,1732299593,0,,,,,,,,,
0x9f9b119bba3bfc9f35a66fdc7c0ff8a425ad76fa070305e0fd926f747454d8cb,inv_32bcf7ae,inv_dd02f503,64602992,198000000,,1732296309,22-11-2024 17:25:09,1732296309,0,,,,,,,,,
0xd610e7af67b0b225886a52d4231ac67ac08b0117fdd9dd6a38b1af116bcbc2ea,inv_7a04f164,inv_4791ac5c,64599274,827664874,,1732288348,22-11-2024 15:12:28,1732288348,0,,,,,,,,,
0x384524454c330b9aa545b81b2c4c856a036fe9a740d66169a62fa6799663d530,inv_7a04f164,inv_cec7eea7,64599210,1575846270,,1732288212,22-11-2024 15:10:12,1732288212,0,,,,,,,,,
0xfc0d4471780d5b4d6ed0b6396942995b2a2bffb6b54ed42b3ca645ef125f24ab,inv_b0153096,inv_cec7eea7,64592448,435726848,,1732273801,22-11-2024 11:10:01,1732273801,0,,,,,,,,,
0x5c62aa7210c0adf7f05ae48dd2b615e37e9f6ccb5095a02580e014ad96d021f7,inv_5425f722,inv_666237b1,64568876,339500000,,1732223128,21-11-2024 21:05:28,1732223128,0,,,,,,,,,
0x9cd85f63ddca83f47898ed620616a9b467275c7fa53904606816a98f79bb983c,inv_5425f722,inv_f828c839,64568831,87561213,,1732223032,21-11-2024 21:03:52,1732223032,0,,,,,,,,,
0x3ae779a9b6ce69cdac72e67b5ef4b8c5ad55451a7c90026506f6a6d3f9e430eb,inv_b0153096,inv_9854cde5,64566782,1135237452,,1732218460,21-11-2024 19:47:40,1732218460,0,,,,,,,,,
0x618d9ea184d7b3b79134176a21f076dde15945a8e4b3748fee25642682ab00f6,inv_b26d3893,inv_f14d82a5,64566213,909000000,,1732217184,21-11-2024 19:26:24,1732217184,0,,,,,,,,,
0x4197fb6f607e3ed00bee51c99cce3c5605d57fe03255d6091293fade3161bf3c,inv_d1e999d9,inv_e3ae6451,64560284,1050000000,,1732204129,21-11-2024 15:48:49,1732204129,0,,,,,,,,,
0xa8569eb241bdcd8c4ffd27519c19782bae398493fabc54993c6a0b95e0ea0a56,inv_d1e999d9,inv_666237b1,64560176,291388000,,1732203901,21-11-2024 15:45:01,1732203901,0,,,,,,,,,
0x87811ab47ffb4311d8516ca1c83b5236fc1cbf7118ecd4b43d6ec099da53ceba,inv_d1e999d9,inv_9317969c,64556236,376000000,,1732195421,21-11-2024 13:23:41,1732195421,0,,,,,,,,,
0x075df9e32c31bec95769fdae87bacc203d46dc7b84fff383d10483bc09961470,inv_9b3094cc,inv_b5019bac,64533822,269477646,,1732147251,21-11-2024 00:00:51,1732147251,0,,,,,,,,,
0x031a28e027221a9de3fdb92b6df2394800fd66d6a3f07f788786486cbcd07c60,inv_df64ca46,inv_dabef0fb,64531308,967500000,,1732141582,20-11-2024 22:26:22,1732141582,0,,,,,,,,,
0x73a93d7957af36f58b89c2055b404ce798c412364a91bf3105723cd39ba8f04b,inv_7a04f164,inv_a1ef7ac4,64483403,100000000,,1732038715,19-11-2024 17:51:55,1732038715,0,,,,,,,,,
0xc08f5d46fc9b21a931b06a0c646df9385be6122a32ec912e906c3e570dd99e37,inv_88e68846,inv_f14d82a5,64481723,900000000,,1732035138,19-11-2024 16:52:18,1732035138,0,,,,,,,,,
0x5910a85499dfbeef4b7b43ec3ffc2c34b6b32a3d4fd83678e74f2535e2e30f98,inv_9aa7c128,inv_baefba0d,64474992,210000000,,1732020769,19-11-2024 12:52:49,1732020769,0,,,,,,,,,
0xf4f9e0c79844c3190cc2bfc8c8a3bb9f9f76511434aa4848af13c186528f7651,inv_7a04f164,inv_f14d82a5,64465559,808000000,,1732000662,19-11-2024 07:17:42,1732000662,0,,,,,,,,,
0xdc4a90bd42f90b66716654017c68fc8e9b71848ac10a1f3afe86a47b939c9cd3,inv_49de41e1,inv_9b3094cc,64452017,540000000,,1731971531,18-11-2024 23:12:11,1731971531,0,,,,,,,,,
0xae7a37fedbf7034677c589b47174929b93326b894b338d1a3039b4a652f7ff83,inv_190c7331,inv_cec7eea7,64408849,1412295391,,1731878435,17-11-2024 21:20:35,1731878435,0,,,,,,,,,
0x77b27103c7ae869ec983a818635fd77d312f6b34ef75f5d27ae60ac6e8ff0f70,inv_0ce4228c,inv_cec7eea7,64404433,402331422,,1731868982,17-11-2024 18:43:02,1731868982,0,,,,,,,,,
0xa18ee60ef88063726cc059dfb349d2a5be033df0d0d8ce468a3d8b129d1461ab,inv_7a04f164,inv_baefba0d,64403845,120000000,,1731867711,17-11-2024 18:21:51,1731867711,0,,,,,,,,,
0x27190880e23801d110c96392e6ef5c899e3573f357970a9402862ce10d20b55a,inv_7a04f164,inv_a1ef7ac4,64403792,100000000,,1731867599,17-11-2024 18:19:59,1731867599,0,,,,,,,,,
0x748ac57e6baf49dc8da9ae6365beda91d24151021836260f750b52af33b9ad7e,inv_7a04f164,inv_baefba0d,64403732,100000000,,1731867471,17-11-2024 18:17:51,1731867471,0,,,,,,,,,
0xf6b9c9c1d8a61ff06a830f189523ec232944402395cc8a70759a8f09d283494f,inv_7a04f164,inv_a1ef7ac4,64403620,100000000,,1731867233,17-11-2024 18:13:53,1731867233,0,,,,,,,,,
0x9ec0687ed480e9511ea442eb1652f28c9db0c3dc746d2f8cb70a511ee36d60c8,inv_7a04f164,inv_e3ae6451,64403325,990035640,,1731866604,17-11-2024 18:03:24,1731866604,0,,,,,,,,,
0x7eae1cd7a89c858df267719a317a0a582a8f5e0799388d677cbb74b83125580e,inv_f828c839,inv_cec7eea7,64371023,981075197,,1731796517,16-11-2024 22:35:17,1731796517,0,,,,,,,,,
0x0b48316faaba82b49d4d9bd70cdc0f8895fbd0992cea277dabc16127896dd7a4,inv_f828c839,inv_f14d82a5,64370981,891000000,,1731796427,16-11-2024 22:33:47,1731796427,0,,,,,,,,,
0xef65b727a551888ee9fcdb89aa301a0133aa67a1445c5e37f8f76fd5873bd4de,inv_7fe5bf33,inv_f14d82a5,64348417,792000000,,1731747063,16-11-2024 08:51:03,1731747063,0,,,,,,,,,
0x9616e63b549d94c7e95035001a07febd32cecf7bdf3bed00fe4c4ccef585230d,inv_2af95ab6,inv_e3ae6451,64323151,1070000000,,1731692762,15-11-2024 17:46:02,1731692762,0,,,,,,,,,
0xe4e09451963b423d2c7ed638addb3c58245931ef60e0e90b3eccb1a56e5efb30,inv_7a04f164,inv_a1ef7ac4,64319805,542580317,,1731685628,15-11-2024 15:47:08,1731685628,0,,,,,,,,,
0x3a3de2a543e8de24c8ca31ac946dbb251d72095107832de95d54292e8c891859,inv_c48739e9,inv_8e28c763,64314654,105710000,,1731674639,15-11-2024 12:43:59,1731674639,0,,,,,,,,,
0xfc1a19c7177af43087122c01b7da4510a6c2733beae4effe4099ecffe010b739,inv_190c7331,inv_8e28c763,64314200,100000000,,1731673637,15-11-2024 12:27:17,1731673637,0,,,,,,,,,
0xec7c0e98c48ed40d16e872b6d0f10adc2508a7c7a52a96d19bac98e3b59a20be,inv_9aa7c128,inv_9b3094cc,64312641,646800000,,1731670114,15-11-2024 11:28:34,1731670114,0,,,,,,,,,
0x054021f9b0a49f18254a6c77dc6f1442693114ebc8323de2d6c3c7ec195ad84f,inv_96d92bb4,inv_f14d82a5,64306155,792000000,,1731655463,15-11-2024 07:24:23,1731655463,0,,,,,,,,,
0x6d7507fa097da70c17eb8b930fc6efcb9c91370b6656bdfbcacb09b44b68b2a2,inv_96d92bb4,inv_9aa7c128,64292375,493750000,,1731624922,14-11-2024 22:55:22,1731624922,0,,,,,,,,,
0xf089c8a82caf68261d1bec8be054ec634c603a5870b5e398e4202615c88914e2,inv_9aa7c128,inv_dd02f503,64292243,107000000,,1731624642,14-11-2024 22:50:42,1731624642,0,,,,,,,,,
0x417405d0f053555b79e629f37b292f309be34b92f3ab41b2bc0bcccd23456dd5,inv_c7fe603f,inv_9aa7c128,64287702,99000000,,1731614943,14-11-2024 20:09:03,1731614943,0,,,,,,,,,
0x07a3073e64a860cf9775d484393141afd813529e69f290a714f39075c79634a8,inv_7fe5bf33,inv_190c7331,64282957,311227187,,1731604635,14-11-2024 17:17:15,1731604635,0,,,,,,,,,
0xf84965631043cea416f20c6ed2497ede22f449ed6dc70c85204f0207ec0f3e32,inv_2af95ab6,inv_e3ae6451,64277804,990000000,,1731593685,14-11-2024 14:14:45,1731593685,0,,,,,,,,,
0x6eefa7f08ed3e2452d3ffe2cee6e01e5b368d283ed19b4407114177d94dd70a6,inv_2af95ab6,inv_e3ae6451,64277661,976357321,,1731593381,14-11-2024 14:09:41,1731593381,0,,,,,,,,,
0x179fb95635051ed994c480353f3679668d6dd2ba9ac8b82bd73859e7d21a5630,inv_6ffe0638,inv_9317969c,64276321,49515345,,1731590535,14-11-2024 13:22:15,1731590535,0,,,,,,,,,
0x681c14e3a3a69dcb5d3ee5a958e287d85cfc6bd4b1f18ab284f71399097b686e,inv_d1e999d9,inv_0ce4228c,64275713,495057712,,1731589243,14-11-2024 13:00:43,1731589243,0,,,,,,,,,
0xe328cee23c0889c62bcf84d8b0d9ae20973adcbfc0a8cc9044eb9f9d90c7e9ff,inv_96d92bb4,inv_d30bdcdb,64271436,90894956,,1731580131,14-11-2024 10:28:51,1731580131,0,,,,,,,,,
0xc5a4d67d3080d0e717479155ebee940929930512c5596a224685ab1ff095261d,inv_2f92ca7e,inv_9317969c,64263158,99374996,,1731562390,14-11-2024 05:33:10,1731562390,0,,,,,,,,,
0xf726849ed4fde221491f254830b1445ced7be8ac1a2b6a1e1752693c6ecf23f5,inv_9aa7c128,inv_e5f50867,64245074,714255447,,1731523062,13-11-2024 18:37:42,1731523062,0,,,,,,,,,
0x44fcb3d96c6c07e86f75c97e12a8872ad50176d456ece5c363e049b40898600d,inv_96d92bb4,inv_e3ae6451,64227551,682500000,,1731485134,13-11-2024 08:05:34,1731485134,0,,,,,,,,,
0x59ea7a3ad5ccf3b9fc0f7711ca33c5a290bf530e963bd00587a86f817bef389a,inv_88e68846,inv_e5f50867,64225482,600780000,,1731480733,13-11-2024 06:52:13,1731480733,0,,,,,,,,,
0x6db152f9df707a89850a0d47fe5e00da07431eb76f1c9096972d52bc346b477a,inv_88e68846,inv_f14d82a5,64225446,693000000,,1731480657,13-11-2024 06:50:57,1731480657,0,,,,,,,,,
0x4b441d8b2623f907af2ff0d96844c1c9dc3b37ad78c7d787c7ef5477446dd25b,inv_b9b5acda,inv_e5f50867,64210641,510000000,,1731448952,12-11-2024 22:02:32,1731448952,0,,,,,,,,,
0x664bbda25b75eb34f045a5ba5411c368a1e01856051fc056ca4300e5c96b04af,inv_9aa7c128,inv_e3ae6451,64196702,535000000,,1731418960,12-11-2024 13:42:40,1731418960,0,,,,,,,,,
0xc40107530c27d9f7939b9e8b062f1de824d1be7fd35eb8ca19d817c0c47f94de,inv_96d92bb4,inv_e3ae6451,64186726,519750000,,1731397561,12-11-2024 07:46:01,1731397561,0,,,,,,,,,
0xfbc181c74a47de7d3a14781daf0a2fcc69d05b24e4bd4512acbb647bd111b125,inv_446f5ed1,inv_e3b80a80,64172826,98000000,,1731367759,11-11-2024 23:29:19,1731367759,0,,,,,,,,,
0x0aca1f24f6dada0c72dd70456331e68a98b4ef58c593487109432c73a3351242,inv_49de41e1,inv_9b3094cc,64168108,434000000,,1731357686,11-11-2024 20:41:26,1731357686,0,,,,,,,,,
0x128346a18be26fb9b5c2d7da661f91e6384dd73fbfc993f2479dc8d0040b278d,inv_49de41e1,inv_0ce4228c,64167988,508593494,,1731357432,11-11-2024 20:37:12,1731357432,0,,,,,,,,,
0x5ffe93d7406fc53fec4b9418f01a22144ccd45dcf929567ff1ba1952d73960ec,inv_49de41e1,inv_9b3094cc,64167794,432000000,,1731357020,11-11-2024 20:30:20,1731357020,0,,,,,,,,,
0x6bac139fddb5089de2392909af8553fdae8c1274181d9748b88bf2b3d1b719b4,inv_0ce4228c,inv_046c2536,64161057,159529817,,1731342502,11-11-2024 16:28:22,1731342502,0,,,,,,,,,
0x78f9aa090e661c58fbf775b6f9a703728e584382984f14f9f4b50af4a4b1c82c,inv_88e68846,inv_2af95ab6,64161020,2882163254,,1731342422,11-11-2024 16:27:02,1731342422,0,,,,,,,,,
0xea7e0762e0973c8674bbee5f05b2e10e44f9447fa1ddb6a5ff5a9ea6f821d444,inv_1b9c5f68,inv_0ce4228c,64160909,988697660,,1731342186,11-11-2024 16:23:06,1731342186,0,,,,,,,,,
0x148d7bde0d34aeb40dd2ce4ecb19be44aed03a5bc097786ad4067d1cc7f4a5a9,inv_96d92bb4,inv_e3ae6451,64155116,1590000000,,1731329734,11-11-2024 12:55:34,1731329734,0,,,,,,,,,
0x2a39b3f733727c5d4437530dc0e64f13602acd7c8199a48c2739006094a5b354,inv_2af95ab6,inv_a1ef7ac4,64154897,100000000,,1731329248,11-11-2024 12:47:28,1731329248,0,,,,,,,,,
0x25ec221d005102a5be9f73da4e554265ad17b1d7310872f30a2c6ba4700d22af,inv_2af95ab6,inv_a1ef7ac4,64154818,100000000,,1731329074,11-11-2024 12:44:34,1731329074,0,,,,,,,,,
0xb372569c4f531d4b65d1a43fd48a9b164e1aa5a95fff0c55d9f95c8baeea4129,inv_0ce4228c,inv_9317969c,64107141,23883273,,1731226351,10-11-2024 08:12:31,1731226351,0,,,,,,,,,
0x97d439ecb95ce0b38cc5b21e0dda39028ad3b7da2a4f427d96967c7138fa7d5e,inv_0ce4228c,inv_046c2536,64107011,163525000,,1731226075,10-11-2024 08:07:55,1731226075,0,,,,,,,,,
0x2021199b06d519219163743ce7dcef8c81606c7292b13b05c6fb6dd111403069,inv_b261c1fb,inv_9317969c,64096249,200280449,,1731202940,10-11-2024 01:42:20,1731202940,0,,,,,,,,,
0x82eea7bbc9a29b9b89d3baf4dab2db05f554622a86fbc48fd73fcf77645f8c3d,inv_c7fe603f,inv_9317969c,64081724,51905065,,1731171654,09-11-2024 17:00:54,1731171654,0,,,,,,,,,
0xb0a4cb6d522b16feee1e3f77a4ab345448ebdd0042703b0690ce6b83f9e32be5,inv_c7fe603f,inv_9317969c,64081527,10991771,,1731171236,09-11-2024 16:53:56,1731171236,0,,,,,,,,,
0x3ead0f5ba9306a774a8ad56b7fcb829e94a6cae575f36f32dc374b1481516c14,inv_b0153096,inv_0ce4228c,64047183,1200407040,,1731096512,08-11-2024 20:08:32,1731096512,0,,,,,,,,,
0x2d8ee445ca4e2fda203d3e527e6344223b85f9f44e3d82377e677cd92c1f81eb,inv_d996c462,inv_9aa7c128,64044337,216580000,,1731090323,08-11-2024 18:25:23,1731090323,0,,,,,,,,,
0xc6aed0da47dcda93c4e173af6d1f7b902a92c1dbfc249abc6d7a85704f188db0,inv_0ce4228c,inv_046c2536,64042319,158250000,,1731085929,08-11-2024 17:12:09,1731085929,0,,,,,,,,,
0x1da7d8736efedf9544fde6d22115a0183eda319d0741d5bc9c5ce06fe14116df,inv_34a800be,inv_51264da7,64040443,2499000000,,1731081834,08-11-2024 16:03:54,1731081834,0,,,,,,,,,
0xaa69175a947391a38d46ad513867b7124e4525db63e6fce390b9ce95616bb06c,inv_88e68846,inv_f14d82a5,64025002,693000000,,1731048796,08-11-2024 06:53:16,1731048796,0,,,,,,,,,
0x34c79ceb8948b9ebe1b62542ca3793ce4bb063a698f4dcfb238f0c66b6da4f3c,inv_3e78571c,inv_b9b5acda,64002228,119717489,,1730999908,07-11-2024 17:18:28,1730999908,0,,,,,,,,,
0xbfb52fcb33c2a45ee191f94dae9943aedc5bb3e6a03104b32dbce7ceefc41320,inv_88e68846,inv_e5f50867,63998661,207437123,,1730992324,07-11-2024 15:12:04,1730992324,0,,,,,,,,,
0xefd99c922b4ed40c7ba6b45a5e26e0571c75d6f322c5903fde705e2ada630ce5,inv_2b4ec384,inv_e5f50867,63996656,500000000,,1730988061,07-11-2024 14:01:01,1730988061,0,,,,,,,,,
0xd107ebdd724226963b6e70d1a7939d5eb71fe90ef55711f0b74490c6ea540c96,inv_0ce4228c,inv_4971a5f8,63987832,116161885,,1730969007,07-11-2024 08:43:27,1730969007,0,,,,,,,,,
0x54cb3595850cac1636805b3edd889df1e124ff65169a2e8a3a811f63d6d084f3,inv_6d3c2326,inv_9854cde5,63966203,541078410,,1730921511,06-11-2024 19:31:51,1730921511,0,,,,,,,,,
0x49ceacdfd6037a7869627a05dbc7f5f1dfba855bad59ba537662310e34e19398,inv_0ce4228c,inv_b261c1fb,63953756,70790728,,1730894472,06-11-2024 12:01:12,1730894472,0,,,,,,,,,
0x15af293623ea56d0b315337249b6dd4551e2bf565c56ce716e6556eec32cef7a,inv_0ce4228c,inv_046c2536,63953537,157500000,,1730894008,06-11-2024 11:53:28,1730894008,0,,,,,,,,,
0x147379ec7ad32c776b2e840543bd3ac41daae3d65c26a351f732d2051f0d71f8,inv_2f282682,inv_e3ae6451,63925695,899819569,,1730834586,05-11-2024 19:23:06,1730834586,0,,,,,,,,,
0x150b68cb49c388ccac7f4e1c3d9635d74374fcf60ea965d57a794609e67b744d,inv_618ee42b,inv_b9b5acda,63922534,96500000,,1730827861,05-11-2024 17:31:01,1730827861,0,,,,,,,,,
0x1d2d10ef870cca6f283783f8769bfc54a2dbe517c7954ab584fcce8e9ac1c509,inv_b261c1fb,inv_6f208c3b,63919717,194592925,,1730821845,05-11-2024 15:50:45,1730821845,0,,,,,,,,,
0x342bb0e319d0b1a348a1d9bb5245da429f401558181b5498d784eba878c204b3,inv_88e68846,inv_e3ae6451,63887415,817560000,,1730752485,04-11-2024 20:34:45,1730752485,0,,,,,,,,,
0xaeb6b938cef609cfb8eacc734de0735c3ddd1dece2a4ec6720342726118d5e93,inv_6d3c2326,inv_0ce4228c,63873837,333699960,,1730722670,04-11-2024 12:17:50,1730722670,0,,,,,,,,,
0xef57acb58ef03e99f44fb1e8efa7f91a9b7e9a4cb9c50a7e7224b8045f488178,inv_6d3c2326,inv_0ce4228c,63873008,607456320,,1730720910,04-11-2024 11:48:30,1730720910,0,,,,,,,,,
0xd160003babca7d06677bb564ac015190bf67177f45afca33399748f095470c40,inv_b261c1fb,inv_6ffe0638,63870660,127013965,,1730715911,04-11-2024 10:25:11,1730715911,0,,,,,,,,,
0xc6df6ae2d5c63dff3367cc09fb13cd0050e44fb77b19f965d99d3c47defcb69f,inv_d996c462,inv_6fb8cd8e,63834067,321988800,,1730637043,03-11-2024 12:30:43,1730637043,0,,,,,,,,,
0xf3af3cbc8f2709ce9df6f407887b822589db4cb9bb9a9a42675818e974c28de0,inv_d996c462,inv_88e68846,63834028,475000000,,1730636959,03-11-2024 12:29:19,1730636959,0,,,,,,,,,
0xa1ff8a21d4fc7153ec93d561542c8af5853be073f0e8bb51123115e6f293fdcd,inv_d1e999d9,inv_88e68846,63832086,535247021,,1730632742,03-11-2024 11:19:02,1730632742,0,,,,,,,,,
0x501d7d07183bcebe12f61054241df01dd06ea6242ccef63b4d88fb441effde7c,inv_88e68846,inv_b261c1fb,63830308,50775525,,1730628918,03-11-2024 10:15:18,1730628918,0,,,,,,,,,
0x73b6296c762fe956862f730a0875134b0f5159f9eee49d3fad5217eea7eb5a9d,inv_6d3c2326,inv_b261c1fb,63815052,50672857,,1730595936,03-11-2024 01:05:36,1730595936,0,,,,,,,,,
0xef1696318b4a9bcbe4c40b09f686cbdfe8951d570aef2f794fac02c79af9e269,inv_b261c1fb,inv_046c2536,63812568,150030000,,1730590493,02-11-2024 23:34:53,1730590493,0,,,,,,,,,
0xedd8a8741e28ba16feb4df77b5a48dddc7da142bfae22263417c9a2abedfca04,inv_b261c1fb,inv_046c2536,63812516,200040000,,1730590377,02-11-2024 23:32:57,1730590377,0,,,,,,,,,
0x80e606a5579cc424ccb90f125ade4d9b95d8123816f5cfb35c0eb0ce687b0807,inv_b261c1fb,inv_046c2536,63812480,200040000,,1730590301,02-11-2024 23:31:41,1730590301,0,,,,,,,,,
0xf8382cda6504bf4b3a54d18e9eb7252aceaa0c8a55d94de7d1da1bcd46542b57,inv_2ad51c66,inv_8b662a84,63803536,272050385,,1730571009,02-11-2024 18:10:09,1730571009,0,,,,,,,,,
0x6fedc0cb7342fd26817648234c8b50cac2461b11add6ef171d183b2cfdd4e178,inv_2ad51c66,inv_9b3094cc,63803495,440000000,,1730570917,02-11-2024 18:08:37,1730570917,0,,,,,,,,,
0xe262d968a62ec1ebce5bd7b3d3ec57a8863bb9c9a11896ce1d6c8cce142412c0,inv_6d3c2326,inv_393ce3e2,63802750,714128090,,1730569331,02-11-2024 17:42:11,1730569331,0,,,,,,,,,
0x96503c573e513a3abebdc7b3939cc6024a1372aaec288d25495fe6085e043f64,inv_6d3c2326,inv_13cb9955,63802688,436000000,,1730569201,02-11-2024 17:40:01,1730569201,0,,,,,,,,,
0x6fa5746ed0c46abe94efa163dfd616752f7e6973ef2a7d161981feb204557609,inv_c48739e9,inv_046c2536,63801397,39782136,,1730566448,02-11-2024 16:54:08,1730566448,0,,,,,,,,,
0xcb8e259f7f812844008435de8973588f90429e6a54736f37a75502b8110301f2,inv_4ac9fbe1,inv_b9b5acda,63794819,192000000,,1730552458,02-11-2024 13:00:58,1730552458,0,,,,,,,,,
0x42f74421d2216a513c173678c73b560510a402af858c8f7b2dc370f09930bc1a,inv_9aa7c128,inv_88e68846,63770730,594688500,,1730500375,01-11-2024 22:32:55,1730500375,0,,,,,,,,,
0x237dd008267cb1683a3ea7a445c7a05b787d498ecfd5c2dd3f78bca8e36077a1,inv_c7fe603f,inv_a1ef7ac4,63766087,101000000,,1730490098,01-11-2024 19:41:38,1730490098,0,,,,,,,,,
0xc06454127e1848347f72aa872abf6a961c009656272cb846c18cc0f493de07bb,inv_3db5e783,inv_88e68846,63764778,925000000,,1730487308,01-11-2024 18:55:08,1730487308,0,,,,,,,,,
0xfd09fff919d0c4e3078c16b4ba3f1a6b785c6ed1936b5970621dfd929e486346,inv_3db5e783,inv_88e68846,63764692,935000000,,1730487126,01-11-2024 18:52:06,1730487126,0,,,,,,,,,
0x8e880c3a4b2042e5c230827b75a574135a4874a7ee390075d3658737b50f07bd,inv_5425f722,inv_88e68846,63732714,470000000,,1730418718,31-10-2024 23:51:58,1730418718,0,,,,,,,,,
0x17a301ac7d3f6155c2b75c15f4dca516143c31aeacf97e4dde87290cfb843f04,inv_7eeea2bc,inv_393ce3e2,63727070,2844554323,,1730406637,31-10-2024 20:30:37,1730406637,0,,,,,,,,,
0x489d4b5addba64b500c065e78ef21d1ca9ec0eb955fd44ae2428fb2a23b2a118,inv_88e68846,inv_e5f50867,63715920,495000000,,1730382916,31-10-2024 13:55:16,1730382916,0,,,,,,,,,
0x3f24f65279394bcb1df1d619fe8536516a3e0054f78552db9da154f91a565fcc,inv_67362450,inv_b261c1fb,63708985,327000000,,1730368152,31-10-2024 09:49:12,1730368152,0,,,,,,,,,
0x41967acdbfa0b44b1b7850e359b69f4408b0190ef0c663858c002714735e670a,inv_9b3094cc,inv_e3ae6451,63691469,1308000000,,1730330585,30-10-2024 23:23:05,1730330585,0,,,,,,,,,
0xf65e3b6f85fc1b4440e4a217f9a17662cf43e1ef50f34474ea4465ba45f70eb5,inv_d2dda6a9,inv_e3ae6451,63690555,2160000000,,1730328643,30-10-2024 22:50:43,1730328643,0,,,,,,,,,
0x46c0cdb9fa29eed0fe573977010824255ff7ee0a21103cdb10df6b1e0509c656,inv_df7f66b7,inv_88e68846,63687276,475000000,,1730321667,30-10-2024 20:54:27,1730321667,0,,,,,,,,,
0xe6dd7bc629aa4e1cc3cc80323ec407dc893ad0a2b86fd11607d19b3c288551fa,inv_3ffe9aed,inv_a1ef7ac4,63686817,24484209,,1730320693,30-10-2024 20:38:13,1730320693,0,,,,,,,,,
0xc21bbc4a833571031f9986e7379d0ab10482fa4e0960a6e431d1380d9da8ff23,inv_7a04f164,inv_42a4d85e,63683157,146967841,,1730312892,30-10-2024 18:28:12,1730312892,0,,,,,,,,,
0xbdbfe475917c1affb03e24ed4cd973a1727c5c891b5f06d50748fadee0f125b4,inv_0ce4228c,inv_cee27490,63682674,129319692,,1730311854,30-10-2024 18:10:54,1730311854,0,,,,,,,,,
0x84d1e43774c31327228718af5b4d87bac0457bf3778d4e616d76911bacedc8b0,inv_9aa7c128,inv_b9b5acda,63682182,192000000,,1730310808,30-10-2024 17:53:28,1730310808,0,,,,,,,,,
0x8f3fa19e5852fc3842d94a6465970741397b7ffe764bafff2ff2764aaf7cf9b2,inv_9aa7c128,inv_88e68846,63681560,475000000,,1730309486,30-10-2024 17:31:26,1730309486,0,,,,,,,,,
0x421c81fcda11176832539f42a444ce1c303e9b4dbfe1ed93dd6efd3a3cac8ff1,inv_9aa7c128,inv_4791ac5c,63681405,400560000,,1730309156,30-10-2024 17:25:56,1730309156,0,,,,,,,,,
0x14d587a11c9a55e891dc95c644f0667a727622d49d05b2adc8adce20955c3b45,inv_618ee42b,inv_a1ef7ac4,63646984,24183976,,1730235338,29-10-2024 20:55:38,1730235338,0,,,,,,,,,
0x9f462815bb8f3b1823eba6ddcff0d5b02743c56958e423f38c3f4b9ad813afac,inv_739c4159,inv_a1ef7ac4,63645467,13866996,,1730232040,29-10-2024 20:00:40,1730232040,0,,,,,,,,,
0x5b294dc0bc184c570201ba2848e4882682c1286b7ecbe563f15ec6a5d1609218,inv_15e74cde,inv_f14d82a5,63628361,1188000000,,1730195578,29-10-2024 09:52:58,1730195578,0,,,,,,,,,
0x1250694a7a5513bf9312f6bf75d3fa770c6c890e03096ca624b4fe3917ea626a,inv_2b37dacc,inv_4791ac5c,63622311,61129679,,1730182689,29-10-2024 06:18:09,1730182689,0,,,,,,,,,
0x436821e4d8fdf5d221248b247bd61dd16d6c3071dc339431b326df572b85c562,inv_6d3c2326,inv_e3ae6451,63612430,1080000000,,1730161653,29-10-2024 00:27:33,1730161653,0,,,,,,,,,
0x14ac72f94ecf73c67a757d6ba4281a86afb239f079fbfbf9c89c9ab2e85c0daf,inv_7eeea2bc,inv_b261c1fb,63606368,550000000,,1730148743,28-10-2024 20:52:23,1730148743,0,,,,,,,,,
0x84063f71bc53d359b2642091e761f4490b8a04ca5adf2182f4ba83594e629c62,inv_88e68846,inv_f14d82a5,63591882,693000000,,1730117646,28-10-2024 12:14:06,1730117646,0,,,,,,,,,
0x3e809a7ee78784945df6e92261febc4aa521b402b48e57e67e646da06e4977db,inv_9aa7c128,inv_0ce4228c,63568491,500000000,,1730065902,27-10-2024 21:51:42,1730065902,0,,,,,,,,,
0xe18febadde09fc8d830d4bc721ae098591c757139cf3925e6930913d10a2b984,inv_bae261c9,inv_046c2536,63546769,21580559,,1730019038,27-10-2024 08:50:38,1730019038,0,,,,,,,,,
0xd6a0a6dba3755ce75085203e5c3369ed6d32f7a51b9a0a5d3584476b0ba9b02c,inv_ed789450,inv_f14d82a5,63509889,792000000,,1729940377,26-10-2024 10:59:37,1729940377,0,,,,,,,,,
0x1f4d59ee0b10855a75601d577e79d482a94c3150830b7dc519b790184adb8f14,inv_190c7331,inv_5be2e5e1,63482389,5185410000,,1729881813,25-10-2024 18:43:33,1729881813,0,,,,,,,,,
0x94ec33bf2112ad860d84c0b09d1b2e204294f3e010ca315856543af8581f7263,inv_62fc6c1b,inv_b9b5acda,63466871,107000000,,1729848733,25-10-2024 09:32:13,1729848733,0,,,,,,,,,
0xd0262a35e68c53cf71c3098bfdf3bb787e99cb9383710281f887aad3db9cf3ee,inv_490baf8c,inv_046c2536,63453498,18502308,,1729820283,25-10-2024 01:38:03,1729820283,0,,,,,,,,,
0xe9a69eff32b6f653d643d420182da91c98ad72774742f4def0ccaf0e318e444e,inv_2b37dacc,inv_f14d82a5,63440432,594000000,,1729791188,24-10-2024 17:33:08,1729791188,0,,,,,,,,,
0x9938df0b73a3a2937d8e28e890477083d8081f12153f13648c0a03a1740e41e3,inv_b9ee44b1,inv_046c2536,63433896,20007387,,1729777293,24-10-2024 13:41:33,1729777293,0,,,,,,,,,
0xc3577f17c6ad537bc264d6520c8123007fcfadbc8f508a2fda70bfe14da08167,inv_b9ee44b1,inv_2af95ab6,63433863,60961282,,1729777223,24-10-2024 13:40:23,1729777223,0,,,,,,,,,
0xb538d206c3676083cfa6dfa087e845591c65001536fd5f9a0ac6acdee05f08dc,inv_b261c1fb,inv_f14d82a5,63409069,495000000,,1729724233,23-10-2024 22:57:13,1729724233,0,,,,,,,,,
0x65da70b77c15213719368cc6b0e003d215fd0933b424d8cae22e99b9cc994f60,inv_c48739e9,inv_046c2536,63404572,18415443,,1729714475,23-10-2024 20:14:35,1729714475,0,,,,,,,,,
0xfa742900cf3429ada6b6c99d40f322bcefc5adf41c25ac96554816d70297c8c3,inv_24290cf0,inv_b261c1fb,63402269,440000000,,1729709581,23-10-2024 18:53:01,1729709581,0,,,,,,,,,
0xacbad011f3046c019dea9d00b86769a61cb8fedd34c89c261d716f886cf99392,inv_c48739e9,inv_e5f50867,63363760,374336612,,1729627432,22-10-2024 20:03:52,1729627432,0,,,,,,,,,
0x856819eea0389cafd4940f704a63e8f55767020b3918e40bd9052cc1f1cc8c1e,inv_092b5098,inv_2af95ab6,63332875,180933171,,1729561157,22-10-2024 01:39:17,1729561157,0,,,,,,,,,
0x93ff394d0589c5ee096b9db8b2de4d9d4cf83f541ec2f85dfae210a5d8f450be,inv_2b37dacc,inv_b9b5acda,63290899,108000000,,1729471330,21-10-2024 00:42:10,1729471330,0,,,,,,,,,
0x60fce38840c4e75996174467d120d95f75ace5f7b4f847372c69e505ff8629db,inv_ad0b55e5,inv_f14d82a5,63268161,606000000,,1729422834,20-10-2024 11:13:54,1729422834,0,,,,,,,,,
0x430d1e2605ad202a3e59bc4ede267076afaddf06f3bd2f09a8cf71c175f3f679,inv_b261c1fb,inv_f14d82a5,63249776,707000000,,1729382737,20-10-2024 00:05:37,1729382737,0,,,,,,,,,
0x33f392d75621a7f27fa611228fcecef96c9aa54347ff8466d4cce72eeee9e8d9,inv_b26c0352,inv_716092ba,63232102,108599764,,1729345082,19-10-2024 13:38:02,1729345082,0,,,,,,,,,
0xce7cea8332b6fda8f8d6f4c25ca7c533c6c0aebcab5ef541a1d6b4d1d1e7d0d9,inv_7eeea2bc,inv_d381a12e,63224925,111000000,,1729329824,19-10-2024 09:23:44,1729329824,0,,,,,,,,,
0xb4d650117572ee04b153fd62b698761f7194a84152a11bf19e775386d40ea499,inv_7eeea2bc,inv_13cb9955,63224874,619343950,,1729329716,19-10-2024 09:21:56,1729329716,0,,,,,,,,,
0x0a2e3d459891da0a0f19a2d79f3f0d3691b46d097944b73710bbd590998f251a,inv_7eeea2bc,inv_d381a12e,63224800,110000000,,1729329560,19-10-2024 09:19:20,1729329560,0,,,,,,,,,
0x5402ec717199c2fd081ee6adb6976370b4fd7acf1d04516ddc9163493739c5e9,inv_2b37dacc,inv_b9b5acda,63215409,108000000,,1729309590,19-10-2024 03:46:30,1729309590,0,,,,,,,,,
0x35d0b0a0f4b0ca50bd5fe6d2b38948b7902b34fabfb8da6df413e9b50821b23a,inv_b261c1fb,inv_b9b5acda,63186772,108000000,,1729248561,18-10-2024 10:49:21,1729248561,0,,,,,,,,,
0xa17a3207e82ff4f8f21a3faa7c5025ffed2db168b89863c9c24e942445687664,inv_b261c1fb,inv_b5019bac,63186020,107000000,,1729246963,18-10-2024 10:22:43,1729246963,0,,,,,,,,,
0x958d3c169f3509ee106f5a7b6917aab908bc2256d97bbbb73a963a9cc54eac0c,inv_c48739e9,inv_716092ba,63163082,124811276,,1729197811,17-10-2024 20:43:31,1729197811,0,,,,,,,,,
0xe22105078a8e5a299ab5438ddf06c1592512244ff61f5ca2dd2a5c311a416012,inv_b261c1fb,inv_b9b5acda,63145712,214000000,,1729160882,17-10-2024 10:28:02,1729160882,0,,,,,,,,,
0x46fb77437f1a965f2b14ffe970c508bbc31a9f77e7a65aca28369d5420fc3f70,inv_b261c1fb,inv_b9b5acda,63145619,321000000,,1729160684,17-10-2024 10:24:44,1729160684,0,,,,,,,,,
0x511f25e142cedd71162eb0559be9c46898195688117e90d3168b3e6263595912,inv_5425f722,inv_b9b5acda,63125153,194000000,,1729117063,16-10-2024 22:17:43,1729117063,0,,,,,,,,,
0xa4504b9f2d370aff962cd2776f3a07a2884e34468c37f789314f42587ba1fbbe,inv_88e68846,inv_b9b5acda,63117695,108000000,,1729101205,16-10-2024 17:53:25,1729101205,0,,,,,,,,,
0xf7428532b3d3c5234a8d4c66ecf4781bd277d01efe36236c2b5b3648f86e5f4d,inv_2d8df1df,inv_b9b5acda,63116625,98000000,,1729098933,16-10-2024 17:15:33,1729098933,0,,,,,,,,,
0xf7f71aa0a180311461f71efd4d1e98ba4f14224d77c5e7e0aaa1cf168d11d727,inv_c48739e9,inv_08af514c,63115921,210904595,,1729097437,16-10-2024 16:50:37,1729097437,0,,,,,,,,,
0x41bd4923c22900d6eb413721db6697245cfa7941f642bba62662004dc9f5628c,inv_d381a12e,inv_08af514c,63115753,21348388,,1729097079,16-10-2024 16:44:39,1729097079,0,,,,,,,,,
0x7fcdf6e795149a7788ecad3faeef19e68c2c88462b153cfcd7737f7ece283f7a,inv_85287263,inv_9b3094cc,63086901,555000000,,1729035694,15-10-2024 23:41:34,1729035694,0,,,,,,,,,
0x0374e745c390574bb493d7a297a41c1b03715886c5060c551965d3831eb4042b,inv_c48739e9,inv_3db5e783,63081753,218000000,,1729024750,15-10-2024 20:39:10,1729024750,0,,,,,,,,,
0xd96f4be8bac8f0037b907ae981f803dde87af5ca1f6edd0fe56661f456d638d3,inv_d996c462,inv_87d2c033,63071748,330000000,,1729003412,15-10-2024 14:43:32,1729003412,0,,,,,,,,,
0xe2c99dc94cdda9b9ef06c000693234816d68f90a543cdbdada5d152240eb9441,inv_c48739e9,inv_9b3094cc,63037096,1045938193,,1728929433,14-10-2024 18:10:33,1728929433,0,,,,,,,,,
0x366a6c2e97c36358658f369263628501625e83154efbfe5d586a9920b7d580b1,inv_9aa7c128,inv_0ce4228c,62919004,221000000,,1728677710,11-10-2024 20:15:10,1728677710,0,,,,,,,,,
0x26cd150131a03661c26fdfb0bf75542b03322591987eaad19ef702ea0417fb10,inv_9b3094cc,inv_e3ae6451,62803585,1575266443,,1728431620,08-10-2024 23:53:40,1728431620,0,,,,,,,,,
0x6b490dc320e9b6247f39369bd77742dcc43a09784c7aa9541ecfe5cab2637778,inv_92a7599f,inv_d381a12e,62799875,128121827,,1728423690,08-10-2024 21:41:30,1728423690,0,,,,,,,,,
0x0fef8b096a614da4b50f91be718525a7b521a4be1249c6a20171abeeec556e88,inv_9aa7c128,inv_88e68846,62746595,61110000,,1728309861,07-10-2024 14:04:21,1728309861,0,,,,,,,,,
0x70bcad32092c2f4f21196fb9469d5fb0b8c3ce719e0db89e441bff52452f2291,inv_7eeea2bc,inv_d381a12e,62700873,110000000,,1728212571,06-10-2024 11:02:51,1728212571,0,,,,,,,,,
0x0151c15ca5a42165e88eb54cebb9962650bbf5ff6487957b050df85e5469e51a,inv_7eeea2bc,inv_6032b79d,62700709,115080306,,1728212223,06-10-2024 10:57:03,1728212223,0,,,,,,,,,
0x4edc3278ba37c4fe04455ebb2908a82f5383a339510698703b071c463fbcb1f7,inv_ed789450,inv_b9b5acda,62670637,98000000,,1728147848,05-10-2024 17:04:08,1728147848,0,,,,,,,,,
0xfb9c41a9e0c15de9a7d180baf77d89fef1dfe687b8886aafa69095e061e09e41,inv_5a7c5af4,inv_b9b5acda,62665126,218000000,,1728136116,05-10-2024 13:48:36,1728136116,0,,,,,,,,,
0x0af6bad34060d6eb5a84b41ce0f1c33960458041ea443fbe00b7bb14fa942029,inv_092b5098,inv_b9b5acda,62645035,109000000,,1728093341,05-10-2024 01:55:41,1728093341,0,,,,,,,,,
0x806333db9d5268f9e4ad247a9d91798cb460ba999f500a2cb79a9c281d282d04,inv_b26c0352,inv_d381a12e,62638117,110000000,,1728078610,04-10-2024 21:50:10,1728078610,0,,,,,,,,,
0xd05efc4534ff39c510d54d76407a460e928e4ffb8d4297bb95cafbab9c32b1d7,inv_b26c0352,inv_d381a12e,62637081,31477210,,1728076407,04-10-2024 21:13:27,1728076407,0,,,,,,,,,
0xe7a73009b47bdc553aa884caa1e6a695ee78397b02c6b20b984f1fc65e74e95c,inv_b9b5acda,inv_d381a12e,62625468,17322509,,1728051486,04-10-2024 14:18:06,1728051486,0,,,,,,,,,
0x136b6bbf52f3c543b15ca6bb07934004e7656d9901194da5d29a9a32e556ceb1,inv_9aa7c128,inv_0ce4228c,62598042,500864730,,1727993152,03-10-2024 22:05:52,1727993152,0,,,,,,,,,
0x6bbc396cc10d0d79641b24a2e83bab06097bd5723eb783bed4c57057c2e07e61,inv_9aa7c128,inv_4791ac5c,62597973,499850000,,1727993006,03-10-2024 22:03:26,1727993006,0,,,,,,,,,
0x65fddcf9762a7a180474ece3e367d6cc36e3fb3b80836c4f2215ca07e16fdd46,inv_9aa7c128,inv_b9b5acda,62597623,98000000,,1727992230,03-10-2024 21:50:30,1727992230,0,,,,,,,,,
0xa937d747665289feb90aa63c9b5bd1699031d38a029f2dfaa5af7dcab07c8fc4,inv_5a7c5af4,inv_b9b5acda,62586752,109000000,,1727968877,03-10-2024 15:21:17,1727968877,0,,,,,,,,,
0xbb9eaa42ad61caeb793892fb33b9f962bc0e9fa4f9dfaea98c260f518f5ce319,inv_5a7c5af4,inv_b9b5acda,62586330,98000000,,1727967979,03-10-2024 15:06:19,1727967979,0,,,,,,,,,
0x6a9fc462b20b4fa393ec9c6ca2b8d6e1a1dcf6b0f7a40b1c38b4deef298f4a54,inv_f7d752b7,inv_dabef0fb,62586231,975000000,,1727967769,03-10-2024 15:02:49,1727967769,0,,,,,,,,,
0xdc0ff467ff64a1859bd9db89784fda8c0c93ef1c39bf973139af45d4fea87240,inv_092b5098,inv_7eeea2bc,62564583,115000000,,1727921436,03-10-2024 02:10:36,1727921436,0,,,,,,,,,
0x34bec75fb2349b07123e675b0e513028994ee8c4700ca379ad523a56b6b6cc83,inv_092b5098,inv_b9b5acda,62564559,117600000,,1727921384,03-10-2024 02:09:44,1727921384,0,,,,,,,,,
0x0fe5d488d6388400ef15f4b2f0c372c51a6f15e999e38252c12f5b88e32893a6,inv_b26c0352,inv_5fd0bb76,62557803,105000000,,1727907023,02-10-2024 22:10:23,1727907023,0,,,,,,,,,
0x384f288912f9e62b898b67fbed974445eb4ccb1a12dbfc4260c057a004336652,inv_b26c0352,inv_b9b5acda,62557734,83300000,,1727906877,02-10-2024 22:07:57,1727906877,0,,,,,,,,,
0x3884ee6fc73b948a477f93b21805a5298abaee0122d47b5cede04195fe9400c6,inv_acb0426d,inv_e3606bc2,62556870,112374182,,1727905035,02-10-2024 21:37:15,1727905035,0,,,,,,,,,
0xd8655f55419ecc17bb9098991fea9b679bdea95a039fa873ab5359c64ae3917b,inv_5a7c5af4,inv_b9b5acda,62556817,116217202,,1727904923,02-10-2024 21:35:23,1727904923,0,,,,,,,,,
0xfcd3a2e64a2b6ef8f179dcfecdf748c6b7c9403b1e190b3796467ee0d459b369,inv_c48739e9,inv_b9b5acda,62556284,112000000,,1727903789,02-10-2024 21:16:29,1727903789,0,,,,,,,,,
0xe5b2d71a1a00e9df1f4967d94dc0e58db554e459193fe55c8ab0ca6fec54f103,inv_c48739e9,inv_b93eeae9,62555363,500000000,,1727901832,02-10-2024 20:43:52,1727901832,0,,,,,,,,,
0xd5ca8a3d988981dceb66ae08871c9c33f21224170052bc99dd1c673999633d5c,inv_c48739e9,inv_b9b5acda,62554821,124701120,,1727900680,02-10-2024 20:24:40,1727900680,0,,,,,,,,,
0xb8a8666969ddec6428b7b3bc377ba09cdc1280c10ba77d734326905db29131fb,inv_c48739e9,inv_b93eeae9,62551679,216700135,,1727893965,02-10-2024 18:32:45,1727893965,0,,,,,,,,,
0x3218b7593ffeed3b43bb9b4ab574ad5305f604486f96cef1e9c68b1a93f9ebd7,inv_c48739e9,inv_b93eeae9,62551462,107769338,,1727893505,02-10-2024 18:25:05,1727893505,0,,,,,,,,,
0x844176eaaa84c7a3e42081b4115d76a65e685fb645ad3f5b921eb7689ff4b92d,inv_c48739e9,inv_b9b5acda,62549778,98000000,,1727889926,02-10-2024 17:25:26,1727889926,0,,,,,,,,,
0x1c465a6a124ffeeb85d545027a6727345381dbcb3bd3361db6cda9718fd8ac06,inv_5b3a8491,inv_0ce4228c,62547491,499970000,,1727885049,02-10-2024 16:04:09,1727885049,0,,,,,,,,,
0x0db97172dcd3d79227d3a6b2c29bb2b41c2c7ebd2e2c97689c8ed79385a00edf,inv_80c5e47f,inv_b9b5acda,62543850,98000000,,1727877244,02-10-2024 13:54:04,1727877244,0,,,,,,,,,
0xb5f681760f12a37d1fa77d54ce08ab4fd82fa7feb2fd04ca27b479a671f0e6d3,inv_5a7c5af4,inv_d381a12e,62536416,100000000,,1727861448,02-10-2024 09:30:48,1727861448,0,,,,,,,,,
0x3263bd19b95a92f6ec9c5ce9ca7f4b158ee365d418db9dee8f4327c6d03143de,inv_5a7c5af4,inv_d381a12e,62536272,108000000,,1727861142,02-10-2024 09:25:42,1727861142,0,,,,,,,,,
0x4ed749c29902013b40c7b82ceef873182e1a3399be324dda480e617050f4680b,inv_5a7c5af4,inv_d381a12e,62536074,100000000,,1727860678,02-10-2024 09:17:58,1727860678,0,,,,,,,,,
0xffa3b19a8bd5182ad75bedd1c7d5b53c0105e907cdd8421fba3cfd30d847d110,inv_5a7c5af4,inv_d381a12e,62535936,107000000,,1727860364,02-10-2024 09:12:44,1727860364,0,,,,,,,,,
0xd93c3d086275f0f3e7f5e78ccd474942670f48413d7e92fb5a5007cd636ef360,inv_1a946538,inv_d381a12e,62518612,106000000,,1727823376,01-10-2024 22:56:16,1727823376,0,,,,,,,,,
0x88d9c59b22c7e1b6308d54054a3a0aba6f1c08a643fda8b0d391d7879069d6d7,inv_b261c1fb,inv_d381a12e,62517026,100016000,,1727820006,01-10-2024 22:00:06,1727820006,0,,,,,,,,,
0x338cd35036c701c48e8ef259c77bba3950f2763920e8afe2cdff9919daac499f,inv_9aa7c128,inv_e5efe3c9,62515272,213640000,,1727816277,01-10-2024 20:57:57,1727816277,0,,,,,,,,,
0xf76d1e5ed6d4cc7655f9dfb9fe593e6a1ca8a82cb86c753a127ec2db13b52d30,inv_c48739e9,inv_b9b5acda,62515241,98000000,,1727816211,01-10-2024 20:56:51,1727816211,0,,,,,,,,,
0xfde66b4383375e04d504f02bd28af6516a942afeb27388ad9f92d89c3750a7a7,inv_9aa7c128,inv_4791ac5c,62514460,239341622,,1727814550,01-10-2024 20:29:10,1727814550,0,,,,,,,,,
0x2cfc742c7f1252b1ec82419b839697bea241319318987135f58dd60ac28d9443,inv_d2dda6a9,inv_c94bce38,62511825,1090000000,,1727808950,01-10-2024 18:55:50,1727808950,0,,,,,,,,,
0x3fc6022672e7b76caa0f6cf75255a7776635afe74487d06d22c613cf12adc430,inv_0e50bf41,inv_e3ae6451,62510238,555900000,,1727805574,01-10-2024 17:59:34,1727805574,0,,,,,,,,,
0x66f2864e44cde33ad379ffc394a6dc263f35976cab5e1a58988ca5a3f565c76c,inv_6d3c2326,inv_e3ae6451,62508416,1060000000,,1727801670,01-10-2024 16:54:30,1727801670,0,,,,,,,,,
0xa8de41ae10971f566aa30eaa3a3379877a95faa19103cc34a4a1513c9967b887,inv_b90071de,inv_b261c1fb,62501085,73031600,,1727785886,01-10-2024 12:31:26,1727785886,0,,,,,,,,,
0x8b2bd8d8924ff7a017aef7c249706881970a1a570aa0e7afc0315dc48a950df0,inv_0ce4228c,inv_9f0c7322,62494734,201867050,,1727772390,01-10-2024 08:46:30,1727772390,0,,,,,,,,,
0x758bddaaba1a40969d3dabb6b5d09e522a204223205e6d0f5db7f4c9df08c4ec,inv_d2dda6a9,inv_e3ae6451,62494116,540000000,,1727771078,01-10-2024 08:24:38,1727771078,0,,,,,,,,,
0x783cd328cf8feac9e08c03ce218c07afe8ba904e16abc0d9ef3026af7f885428,inv_0ce4228c,inv_b261c1fb,62492835,150974773,,1727768356,01-10-2024 07:39:16,1727768356,0,,,,,,,,,
0x1ca38b347f054253887ab59ce304c873a50480ef806a32b1b5d40894804a6b9f,inv_5a7c5af4,inv_63454180,62479078,154209198,,1727739039,30-09-2024 23:30:39,1727739039,0,,,,,,,,,
0x70e4579e289ecbbd8b467cbdbd6be230d094af867b6ae530f4e2015186d9421a,inv_5a7c5af4,inv_63454180,62479025,2095115998,,1727738927,30-09-2024 23:28:47,1727738927,0,,,,,,,,,
0x273b507f9d88cd0807e6363bf74b44faf0d158dec584ede5007c767f26cca487,inv_5a7c5af4,inv_63454180,62478979,374206193,,1727738829,30-09-2024 23:27:09,1727738829,0,,,,,,,,,
0xe83bfe5ee1229dac1db38fa735977852e0f816967aea6553b91456bb66ad97b7,inv_5a7c5af4,inv_4791ac5c,62478940,500650000,,1727738745,30-09-2024 23:25:45,1727738745,0,,,,,,,,,
0xcc177c6a8409726ccb010d8d4ae61784b4e50704cc8a5151a89922954a9b7451,inv_5a7c5af4,inv_87d2c033,62478883,115000000,,1727738625,30-09-2024 23:23:45,1727738625,0,,,,,,,,,
0x407592048bcdfbea9e29f1a1089d3edfa3aba89f89675653983807e57feae305,inv_5a7c5af4,inv_63454180,62478782,1092920136,,1727738409,30-09-2024 23:20:09,1727738409,0,,,,,,,,,
0xc798ca042e4b21aac1c026336e03eb408cd21aaf1506203e0b840964d41d4a4f,inv_c48739e9,inv_e3ae6451,62473051,552213718,,1727726059,30-09-2024 19:54:19,1727726059,0,,,,,,,,,
0xe09d2e962683ff27b67599721e49e703a2f927042b83fa7dcd6812ffb00df609,inv_c48739e9,inv_e3ae6451,62472574,108000000,,1727725013,30-09-2024 19:36:53,1727725013,0,,,,,,,,,
0xc304dd43dd94a4d0ba50fa070439c3a8709d832a4f97f1c66f214056d8f2faff,inv_88e68846,inv_b9b5acda,62469162,109000000,,1727717731,30-09-2024 17:35:31,1727717731,0,,,,,,,,,
0x5a58d37e04bd39cab7ccf632a7d8c1f089c70f756566dafa69fbd9c40a9ea79b,inv_88e68846,inv_b9b5acda,62469134,109000000,,1727717671,30-09-2024 17:34:31,1727717671,0,,,,,,,,,
0x2d0f077e76625801010002d69cdf1d98dfcd1d467ca2d18d91bf6466b6eebddf,inv_c48739e9,inv_9b3094cc,62462417,327000000,,1727703397,30-09-2024 13:36:37,1727703397,0,,,,,,,,,
0xd43798c27ee9c0d2b3368ad743ef4ece2085cc924d1f218837e848eff4185f2e,inv_6d3c2326,inv_4791ac5c,62459265,270175000,,1727696609,30-09-2024 11:43:29,1727696609,0,,,,,,,,,
0x4628b626359209900760e94beef06ed7733c5d19898466477ad5295fdf811b99,inv_87d2c033,inv_b93eeae9,62427196,108972178,,1727628348,29-09-2024 16:45:48,1727628348,0,,,,,,,,,
0x5ac1c37c972c1720f11db38fa7ce72b3dd2492c976d36ac295cbf1eab830aa1d,inv_b261c1fb,inv_b9b5acda,62418593,108000000,,1727610068,29-09-2024 11:41:08,1727610068,0,,,,,,,,,
0x276a867663f93d3c8232e28fd41c64499c07956b5df7f840436e6ebf2ac4dd6f,inv_b261c1fb,inv_dd02f503,62418555,26997300,,1727609986,29-09-2024 11:39:46,1727609986,0,,,,,,,,,
0xa84fcab6f6b039e5986c805d4813bfba9bca82b6f17cb1187c6670ad74026bc2,inv_7eeea2bc,inv_88e68846,62392166,460572347,,1727553706,28-09-2024 20:01:46,1727553706,0,,,,,,,,,
0xf6c52d9163e98f3c270abc3510280e89d923b8bbf954a03e37eed75e8ec61d1b,inv_7eeea2bc,inv_f6a07ca2,62392051,1120000000,,1727553462,28-09-2024 19:57:42,1727553462,0,,,,,,,,,
0x28109d44c9d9c428e8e34e2815a463ce8eb30e7db04484c86ce27dfe4b62acf6,inv_7eeea2bc,inv_0ce4228c,62391961,400004379,,1727553270,28-09-2024 19:54:30,1727553270,0,,,,,,,,,
0x990d301420fcf2fbdfadeec9e3e8337587d082f1f677eca6520affff1280f304,inv_7eeea2bc,inv_b9b5acda,62391858,113000000,,1727553052,28-09-2024 19:50:52,1727553052,0,,,,,,,,,
0x15dec9f585babc7945d82503242b8adcbe48c1e0f93a2a531ff2cf07eb88bf5a,inv_7eeea2bc,inv_4791ac5c,62309088,448812000,,1727376469,26-09-2024 18:47:49,1727376469,0,,,,,,,,,
0xb1018b6ee87268ceb4a8465022e223a73224fcbc6316ef6eeb2d953b01d78b25,inv_7eeea2bc,inv_87d2c033,62308529,333000000,,1727375275,26-09-2024 18:27:55,1727375275,0,,,,,,,,,
0x523c98df29e83212db83b88e1959ad06fd7ab8342c08f2c99722c66438e9ed5c,inv_aa0be9a1,inv_5fb0a4d3,62296950,198000000,,1727350535,26-09-2024 11:35:35,1727350535,0,,,,,,,,,
0x8b1186334eeb2b3c77aaeb4e8be9e1f54d40166c5949c6659f6515703afb70c3,inv_6d3c2326,inv_b9b5acda,62276190,113000000,,1727306126,25-09-2024 23:15:26,1727306126,0,,,,,,,,,
0xa8495ca1d549e077d67b44203cb58c3881ff5179edd2cb5520229e09c223c403,inv_6d3c2326,inv_9b3094cc,62275073,438000000,,1727303750,25-09-2024 22:35:50,1727303750,0,,,,,,,,,
0xf79280c8ade1a0612f5b5165918ede21440661e09cb211c92fcfb937248867b9,inv_5a7c5af4,inv_63454180,62274647,5166700000,,1727302844,25-09-2024 22:20:44,1727302844,0,,,,,,,,,
0xb1112d5970d84daa627c7d533b6b6a72b1777ec72e08ae762d3876b1afb09949,inv_fbd0fe7a,inv_86c5977f,62267495,110000000,,1727287645,25-09-2024 18:07:25,1727287645,0,,,,,,,,,
0xff10d2efeac0c2666bbab8d810b5dbe38bb8ad4083e3ad2cdde3e4d134c5dcec,inv_d2dda6a9,inv_046c2536,62253148,1155000000,,1727257085,25-09-2024 09:38:05,1727257085,0,,,,,,,,,
0xecd9ca533b60bbc6f881d19a133e7de919b1afeb64b2fb79ccee545ed3010751,inv_d2dda6a9,inv_9b3094cc,62252899,436000000,,1727256557,25-09-2024 09:29:17,1727256557,0,,,,,,,,,
0xf52dea4c32bed026e211dcecfbfc2c71ca976e3e21db6c09e061d05cb6566d2d,inv_092b5098,inv_b9b5acda,62241770,113000000,,1727232905,25-09-2024 02:55:05,1727232905,0,,,,,,,,,
0x7b656d660688a0227de27cefbcd987137be1a079c9cb87a001357bfadcd37517,inv_092b5098,inv_dd02f503,62241128,5885514,,1727231541,25-09-2024 02:32:21,1727231541,0,,,,,,,,,
0x5d2df6d8b3602888f5b787ef7dae2e91128bab1591bc1fbc24c119f5472eabe4,inv_d2dda6a9,inv_63454180,62231788,1091271098,,1727211536,24-09-2024 20:58:56,1727211536,0,,,,,,,,,
0x3779ca2fa4ea3deb01e1f5edcb5f9b3d775657a1c3ab9b2ed58c96b8b3865230,inv_6d3c2326,inv_0677eff4,62227429,217994099,,1727202054,24-09-2024 18:20:54,1727202054,0,,,,,,,,,
0x83e86e5189ecce163dc5a8129f4950dd2531ec630cc3e482aaf43c7edfb16ccf,inv_3db5e783,inv_b9b5acda,62226458,107000000,,1727199989,24-09-2024 17:46:29,1727199989,0,,,,,,,,,
0x10bbf5c1f6673bf5652cca3391821197d3fea97fd674859edaba9f4f9a5cc4bb,inv_d2dda6a9,inv_4791ac5c,62225615,538184941,,1727198197,24-09-2024 17:16:37,1727198197,0,,,,,,,,,
0x10147fa6c1dcdc6c532d55622cae0eec7fc731024e048226a6271a6857780d1e,inv_9b3094cc,inv_046c2536,62193854,1050000000,,1727130145,23-09-2024 22:22:25,1727130145,0,,,,,,,,,
0x59608ac65296a8068c526ae8a2180976678d3684892b46ed190993ca1f739606,inv_80c5e47f,inv_4791ac5c,62186543,529800000,,1727114592,23-09-2024 18:03:12,1727114592,0,,,,,,,,,
0x7e91e195a3a36c9de8ae50e4c27fe5561117d7856445ee9a2d4a631968b35bf2,inv_d2dda6a9,inv_fc5218f7,62181749,396731547,,1727104387,23-09-2024 15:13:07,1727104387,0,,,,,,,,,
0x1e586c31367ebc684de5b77fe423df9ddc3e8ebdf61f7ccf4c30cd492c19a366,inv_96d92bb4,inv_b9b5acda,62172487,107000000,,1727084545,23-09-2024 09:42:25,1727084545,0,,,,,,,,,
0xbbc0039bbf8265364f129aa6856feb9caaa3af23ac06f1015cde2903a340323e,inv_0ce4228c,inv_9a41869a,62169632,210000000,,1727078415,23-09-2024 08:00:15,1727078415,0,,,,,,,,,
0xce72aa17bf659e6d1fe60047dbe838b1b9de4c4d8f7d8fc78c7dc9639f55f527,inv_c48739e9,inv_046c2536,62152900,18957169,,1727042584,22-09-2024 22:03:04,1727042584,0,,,,,,,,,
0xf401d5634ecc96d45019a25d70cf0d7f9d9493165c9662ae1d2cca8219d0ced6,inv_86c5977f,inv_b9b5acda,62133503,106000000,,1727000613,22-09-2024 10:23:33,1727000613,0,,,,,,,,,
0xb17bcd0c7442dea2341465de22d1a60cad286ddda6cf863ed53469f1095570dd,inv_092b5098,inv_87d2c033,62107429,111000000,,1726945048,21-09-2024 18:57:28,1726945048,0,,,,,,,,,
0x5bbf6bce316e54c014564283e6145ad9b41752486d5879c3595fb584214d616e,inv_6d3c2326,inv_63454180,62100818,2061915554,,1726930996,21-09-2024 15:03:16,1726930996,0,,,,,,,,,
0xe61c33ab8bb4cce4499527875c65342382b31a41a0ec3210c013202dc1e754bd,inv_7a04f164,inv_f6a07ca2,62088764,1000000000,,1726905352,21-09-2024 07:55:52,1726905352,0,,,,,,,,,
0xbfc6d61451d31d6d8f04fc7bc77c8cbbd696db83d199e62b05fb09a7e839f480,inv_85c77913,inv_f6a07ca2,62082088,756000000,,1726890992,21-09-2024 03:56:32,1726890992,0,,,,,,,,,
0xb09df17b954af8f9dbe5cc08988dcccefc719dcf71fe8db1faecbab70a9392a6,inv_85c77913,inv_f6a07ca2,62081084,550000000,,1726888768,21-09-2024 03:19:28,1726888768,0,,,,,,,,,
0x2a65b8cc8b0d703556f51ac387818ac0900712244419a9ba640a5def491abccf,inv_d2dda6a9,inv_63454180,62071622,1826426399,,1726868608,20-09-2024 21:43:28,1726868608,0,,,,,,,,,
0x57776af7ceddf9e0090da91d7f8a4738c60374e6ec9502522e66b5319ca8ebd8,inv_c48739e9,inv_63454180,62066743,309118289,,1726858218,20-09-2024 18:50:18,1726858218,0,,,,,,,,,
0xe5c1c7aeb377f4dd11843f66870e7f844f3342d54ec6e1c68ab78350f53bb576,inv_c48739e9,inv_b9b5acda,62066271,106000000,,1726857209,20-09-2024 18:33:29,1726857209,0,,,,,,,,,
0xa5fb86e2139f0d05aa2484186c170d7a008fbcc2f8b07293a040ab97a6b4cb17,inv_b261c1fb,inv_dd02f503,62065561,77770000,,1726855701,20-09-2024 18:08:21,1726855701,0,,,,,,,,,
0x0a75f4da45536c37b27ecaf65388f1e9ca6f90ccd688169a7ce782f27158a2f9,inv_f828c839,inv_b9b5acda,62046612,112000000,,1726815381,20-09-2024 06:56:21,1726815381,0,,,,,,,,,
0x17efc04d48b0c1308a94068d3bcd05eadfb708a68bba0a7c5f75c2d2e0ce1a0d,inv_4ac9fbe1,inv_b9b5acda,62038069,212000000,,1726797089,20-09-2024 01:51:29,1726797089,0,,,,,,,,,
0x8a3d5cc738adffc23a338e03de73fff518a0edacc55344967815c1db341389f1,inv_4ac9fbe1,inv_f828c839,62037996,115000000,,1726796933,20-09-2024 01:48:53,1726796933,0,,,,,,,,,
0xaadbcd3f2a9a2c8144f67859e9e46a791b9a69456f83c61cd7bc781798122bdc,inv_c48739e9,inv_b9b5acda,62023955,106000000,,1726767054,19-09-2024 17:30:54,1726767054,0,,,,,,,,,
0x91d47029b8b749b7c878e16e30d2d68b3df20f01c895157c4788064377bcfd5d,inv_24290cf0,inv_b9b5acda,62023686,132481717,,1726766482,19-09-2024 17:21:22,1726766482,0,,,,,,,,,
0x8ec76bbe901cedd240ab414da34f5c21f3d1dfc144c93cb0d2820291025efb59,inv_5b3a8491,inv_b9b5acda,62022666,106000000,,1726764314,19-09-2024 16:45:14,1726764314,0,,,,,,,,,
0xf35725949ddd5d500fe0d05923be89507340ad42b0a3c4846b95b089200ab64c,inv_5a7c5af4,inv_b9b5acda,61996796,222000000,,1726709286,19-09-2024 01:28:06,1726709286,0,,,,,,,,,
0xe58a46ab5fb4d3ce6781476f8d31d4b41cf4305b84df365b47e75396080525b3,inv_5a7c5af4,inv_9b3094cc,61996686,544000000,,1726709020,19-09-2024 01:23:40,1726709020,0,,,,,,,,,
0x9764270e5e99bf4a0bee715ac8ae2afe0b59b6b861fe78017085e1ac5260768a,inv_6d3c2326,inv_0ce4228c,61986518,501464480,,1726686912,18-09-2024 19:15:12,1726686912,0,,,,,,,,,
0x633df15368506c29ebc916f35881a02b5874a635451803c4b9c7edb8592807ab,inv_6d3c2326,inv_63454180,61986356,205227152,,1726686568,18-09-2024 19:09:28,1726686568,0,,,,,,,,,
0xaf684b15cb5fbc04a6dd88ab2e44ef3fe2d0129678f6bd579d4e69ddacd4e7c3,inv_0ce4228c,inv_87d2c033,61924870,220000000,,1726554905,17-09-2024 06:35:05,1726554905,0,,,,,,,,,
0x36a97f10342e1dceb4447ab7084a7e35e90b6c8d6c024f26e575a072f7b97176,inv_5a7c5af4,inv_0ce4228c,61916872,200000000,,1726537775,17-09-2024 01:49:35,1726537775,0,,,,,,,,,
0x9630abe23331bd26f8721b466f6098440aef4fe97c12d1bcf2d2c4792a7be9cc,inv_5a7c5af4,inv_4791ac5c,61916834,300390000,,1726537695,17-09-2024 01:48:15,1726537695,0,,,,,,,,,
0xe788de794bb9646b21e19b0e49a29bc5e3bfb8a673fc6800e2d2c23436ada0a8,inv_5a7c5af4,inv_0ce4228c,61916783,200000000,,1726537585,17-09-2024 01:46:25,1726537585,0,,,,,,,,,
0x0d688324a6b8a4adc0ac1c0ca167aeeadd83db9ecaad8d2f139e9331986a4ef9,inv_5a7c5af4,inv_0ce4228c,61916751,100000000,,1726537517,17-09-2024 01:45:17,1726537517,0,,,,,,,,,
0x3db3bffad5cab393f746c56befd0fc07a7b34a6f94291eb833c94c14fba25270,inv_5a7c5af4,inv_0ce4228c,61916666,125000000,,1726537336,17-09-2024 01:42:16,1726537336,0,,,,,,,,,
0xeacddc5cd2b1b6ff0f31fe62d731ee6e2b756888c45b6870475e362c21e86742,inv_5a7c5af4,inv_63454180,61916616,1123660000,,1726537198,17-09-2024 01:39:58,1726537198,0,,,,,,,,,
0xba4dbbfb1a16d170a63ff91b6162bdd021bf28b08726d94967d7b3fa42c6e97d,inv_5a7c5af4,inv_9b3094cc,61916487,599030903,,1726536924,17-09-2024 01:35:24,1726536924,0,,,,,,,,,
0x45931541ded82ba776f29800e7d445226d51287b424e10aabe1e82cea7516183,inv_5a7c5af4,inv_b9b5acda,61916279,107000000,,1726536482,17-09-2024 01:28:02,1726536482,0,,,,,,,,,
0x3208b96909d6cdcb57de1eae6d7e43256c84be930723e3afc8fb76dc6f995f2e,inv_6d3c2326,inv_b9b5acda,61905979,141467556,,1726514156,16-09-2024 19:15:56,1726514156,0,,,,,,,,,
0xea26d1c1fe049aa48dbe0c73a51d681c5ad396d22035c3f291963b0a50049692,inv_6d3c2326,inv_bad312f1,61905858,199291196,,1726513900,16-09-2024 19:11:40,1726513900,0,,,,,,,,,
0x1973f07c4522793832ba8ab2b947d6c06b1245681dba570e0bae0d4c1c6cb4ca,inv_6d3c2326,inv_4791ac5c,61905801,324210000,,1726513778,16-09-2024 19:09:38,1726513778,0,,,,,,,,,
0xc3a6315a5dd453f1d72c2737900e1f94398a2ce4c594df605c759540f9d3e04a,inv_6d3c2326,inv_b9b5acda,61905734,107000000,,1726513636,16-09-2024 19:07:16,1726513636,0,,,,,,,,,
0x0413af35d721c9b36b045db97b264a1baaf2ea0b0c702929a4c0545c6403b1f8,inv_6d3c2326,inv_b9b5acda,61904949,107000000,,1726511936,16-09-2024 18:38:56,1726511936,0,,,,,,,,,
0xcfe6058c786812ad5bcb2ed7428af03fdfacc32dbcac60ed7b18ad41b0406fb8,inv_6d3c2326,inv_4791ac5c,61904685,317880000,,1726511342,16-09-2024 18:29:02,1726511342,0,,,,,,,,,
0xf675fc9cac1501d79a6907646a103370d54f193a9a6dfdabe06568b43c9bc491,inv_6d3c2326,inv_b9b5acda,61903942,107000000,,1726509764,16-09-2024 18:02:44,1726509764,0,,,,,,,,,
0xa8b173f631031f944a2d53ceef52dcf927793665cd848e1a0c172b04da41f2c2,inv_c48739e9,inv_b9b5acda,61886290,107000000,,1726471829,16-09-2024 07:30:29,1726471829,0,,,,,,,,,
0x5b39b9a8e6a0f22cf32878dd8b219ef39d68ee5871df711136ad26f6c35e0432,inv_85c77913,inv_b9b5acda,61881765,107000000,,1726462149,16-09-2024 04:49:09,1726462149,0,,,,,,,,,
0xfc9d229adc8ac75657641f827c8eba8c109f51d1e881045fac619b6ec405d92c,inv_092b5098,inv_87d2c033,61865953,110000000,,1726428124,15-09-2024 19:22:04,1726428124,0,,,,,,,,,
0x5c2e308b806751a7cc427c22dda523abb07c2b589363e3edaeccf57e174dc9b2,inv_bae261c9,inv_b9b5acda,61864527,107000000,,1726425027,15-09-2024 18:30:27,1726425027,0,,,,,,,,,
0xf0b91e0d4c3086581737b2fbf91bd5a45c5ce21f79034dfde74022083c824d8b,inv_c48739e9,inv_046c2536,61860223,20622248,,1726415803,15-09-2024 15:56:43,1726415803,0,,,,,,,,,
0x3a43487fd63c43e2bed86788528e46ae43e3d88f09d3e78e7f902f6a9ee44a2c,inv_88e68846,inv_b9b5acda,61853628,107000000,,1726401710,15-09-2024 12:01:50,1726401710,0,,,,,,,,,
0xb206d080391ec574a5e1d6cafc836b82cd417a4721f86824caff9fda5c7fc188,inv_88e68846,inv_9b3094cc,61853588,545000000,,1726401626,15-09-2024 12:00:26,1726401626,0,,,,,,,,,
0xa68498595fe33b41c22933cf500b4dc68954b9a5988cfafc880afe450bff4b01,inv_85c77913,inv_b9b5acda,61830156,107000000,,1726351119,14-09-2024 21:58:39,1726351119,0,,,,,,,,,
0x1512f99868547fdc942352a4e0bbd2bf3d7a71cc1342307c54616c2b8e7b8a86,inv_85c77913,inv_bad312f1,61830031,321000000,,1726350853,14-09-2024 21:54:13,1726350853,0,,,,,,,,,
0xd4c9b2b813a7495572a43e677ec701d4c780874aa1cae4de61fdac4bc28c7f00,inv_c48739e9,inv_fac1d24c,61829664,184450000,,1726350071,14-09-2024 21:41:11,1726350071,0,,,,,,,,,
0xe20a92f92a9c4c99dd8d5a69f42c4f7996b897fdc0dc56fa454f672383c74cfd,inv_c48739e9,inv_b9b5acda,61810897,181922088,,1726309407,14-09-2024 10:23:27,1726309407,0,,,,,,,,,
0x3287724aaa8e4798931da753102d4474d90eccac46d06b277b2f954c1c71fc6e,inv_714f33f8,inv_4951f504,61773077,523389773,,1726228080,13-09-2024 11:48:00,1726228080,0,,,,,,,,,
0x73cb468d7bbe5254198b925db539f748627e369f7ed1e687d57eec4ff5b92eec,inv_6f208c3b,inv_b9b5acda,61772550,107000000,,1726226959,13-09-2024 11:29:19,1726226959,0,,,,,,,,,
0x4f44e96472959709892a0f43b21cd89e78f61efb6e2815695fbd1411705763e7,inv_6f208c3b,inv_36cc0853,61772224,48162107,,1726226267,13-09-2024 11:17:47,1726226267,0,,,,,,,,,
0x8e4270507df14450ce1ac11c80c6031cd814790c7a8c6298ab998279b2792f0a,inv_6f208c3b,inv_bae261c9,61771723,58000000,,1726225201,13-09-2024 11:00:01,1726225201,0,,,,,,,,,
0xf7b606e99a92b60a9e7c354ba64d870e45aad799a8067fc061b38a75cefdc4bb,inv_88e68846,inv_b9b5acda,61763614,112000000,,1726207626,13-09-2024 06:07:06,1726207626,0,,,,,,,,,
0xdf2abb43f0182cbc9503185e4b51663cc479fad009c322f2fd65c86cfa24b4f9,inv_5a7c5af4,inv_b9b5acda,61756228,136509524,,1726191563,13-09-2024 01:39:23,1726191563,0,,,,,,,,,
0x904d128ac8599fcf417241af968e5ad53af8e08b05fd34587974c5f9afe1fc53,inv_c48739e9,inv_36cc0853,61748681,27399823,,1726175251,12-09-2024 21:07:31,1726175251,0,,,,,,,,,
0xb73f3de655860f604387606a5b8491012299386ef7b31d08fe0567e9d5462d0e,inv_b9b5acda,inv_36cc0853,61743602,1548252660,,1726164262,12-09-2024 18:04:22,1726164262,0,,,,,,,,,
0xc07323df4f928441bac87b3a9a98ecba48fd00a65e28d027039cfe6ce91427a7,inv_c7fe603f,inv_b9b5acda,61705526,107000000,,1726082393,11-09-2024 19:19:53,1726082393,0,,,,,,,,,
0x787e452d2d23506d7231032c3383b2df6ffa9bd650a7ee5e1b6e8cb8cc3ed0a5,inv_88e68846,inv_4791ac5c,61703075,320580000,,1726077177,11-09-2024 17:52:57,1726077177,0,,,,,,,,,
0x0f779b4a9eaf9ee68bf2ba7bc324cf1bcd10c6771664eef3fb047e2f5d2eb500,inv_714f33f8,inv_50009277,61692147,487500000,,1726053631,11-09-2024 11:20:31,1726053631,0,,,,,,,,,
0x57a0e025e29b2e26d617e0a25cbde0f42d04d147a7b74a8108a73139468bd6e5,inv_0b52dcf5,inv_63454180,61685295,393300000,,1726038647,11-09-2024 07:10:47,1726038647,0,,,,,,,,,
0x0f4076eff8d862c35c8b29a62b206af59c452d099f0c063c08ac07265bd444d7,inv_5a7c5af4,inv_6e1e2c00,61629532,48701453,,1725918761,09-09-2024 21:52:41,1725918761,0,,,,,,,,,
0x482f5436ff6142afb90da501176ba1735843fe57a23ebe0cec82fe916da8fc28,inv_c48739e9,inv_b9b5acda,61629335,107000000,,1725918342,09-09-2024 21:45:42,1725918342,0,,,,,,,,,
0xbbc902eaec6bb5975f187367841ed87e421d9aef7d44c9a72bf9826f06aad932,inv_6d3c2326,inv_b9b5acda,61626373,109000000,,1725911917,09-09-2024 19:58:37,1725911917,0,,,,,,,,,
0xa489eb0cb7563c590ed3dacef96c44128438e47746a7b0c6be4c51e6a7ff11c4,inv_714f33f8,inv_b9b5acda,61620491,109000000,,1725899187,09-09-2024 16:26:27,1725899187,0,,,,,,,,,
0x8ca1f7a4d721e047bbba20a94d2cad65e56c6bdfc5553d41339ecbbe221dbc48,inv_240af523,inv_12a9a530,61617411,300000000,,1725892637,09-09-2024 14:37:17,1725892637,0,,,,,,,,,
0x02976444f842987e71adbfcb286ca099bb6f9052555d1105cbcfb63015e4acd6,inv_240af523,inv_12a9a530,61617341,500000000,,1725892487,09-09-2024 14:34:47,1725892487,0,,,,,,,,,
0xf33241dc51a1b817e6496d9e28ad2c7cdd32717d98e36c8fc2c5d154ddb9a0b1,inv_87d2c033,inv_12a9a530,61611334,200000000,,1725879529,09-09-2024 10:58:49,1725879529,0,,,,,,,,,
0xa8e24147a489be09ed949ee6f962df77c15bb1cc96387a086585f16c10876f54,inv_0ce4228c,inv_cee27490,61607792,128345397,,1725871992,09-09-2024 08:53:12,1725871992,0,,,,,,,,,
0x51e6e8186c27cb0fc39f3a5d8dcf7960d1d42d3c105c9a4ce4bdda0a18f1def6,inv_0ce4228c,inv_63454180,61607713,149595751,,1725871824,09-09-2024 08:50:24,1725871824,0,,,,,,,,,
0x48012b6d7cd681e71c9fef8f365485c428754fb9c2143e487b1740796b396ab2,inv_6d3c2326,inv_50009277,61589507,490000000,,1725832916,08-09-2024 22:01:56,1725832916,0,,,,,,,,,
0xee5d736c08dd18f3ab42828094db8c4ab697fcce64c6e0032c05a893ce87ca63,inv_9b3094cc,inv_05d469a7,61589458,582000000,,1725832812,08-09-2024 22:00:12,1725832812,0,,,,,,,,,
0x2f3b36de23271cf338d40e19b6c42b5481f3845a46dab4bb36fa905bf1f59276,inv_6d3c2326,inv_4791ac5c,61589199,324210000,,1725832260,08-09-2024 21:51:00,1725832260,0,,,,,,,,,
0xce9167f48ef53d31391f4b89996a1c236d35aa1899b40e3b1bdaf2edb94d58aa,inv_c48739e9,inv_05d469a7,61585010,123190000,,1725823312,08-09-2024 19:21:52,1725823312,0,,,,,,,,,
0x4661278063d813da282cafdb8f119501e1b8429f55ac64a54824065260b44efd,inv_d381a12e,inv_05d469a7,61583808,388000000,,1725820756,08-09-2024 18:39:16,1725820756,0,,,,,,,,,
0xef68621bfa3e065f6cbe912effc4c83465ef5a4c7e36c88d534b41383b05e8a5,inv_0ce4228c,inv_cee27490,61583461,118824472,,1725820018,08-09-2024 18:26:58,1725820018,0,,,,,,,,,
0x168d90486365ed8851d0dd987a7b1cc5d830dbe2a7bd0102933f56a1a04ce060,inv_c48739e9,inv_05d469a7,61582708,97000000,,1725818418,08-09-2024 18:00:18,1725818418,0,,,,,,,,,
0x645f6041b80e70b05f62024e3615fe7dd4cb99c612e76cf42c6fdebde477bac9,inv_c48739e9,inv_05d469a7,61582626,97000000,,1725818244,08-09-2024 17:57:24,1725818244,0,,,,,,,,,
0x54815c09d243c0d7da7ede9032d9b4c1a4a04ba9d315ed142757bcadcf2cb89c,inv_c48739e9,inv_63454180,61582364,254694659,,1725817686,08-09-2024 17:48:06,1725817686,0,,,,,,,,,
0xb1589bdd87fa9897a7870546bfee6e61b25df7b34478ce3b42ec14cecd9086db,inv_88e68846,inv_f14d82a5,61582240,617186300,,1725817424,08-09-2024 17:43:44,1725817424,0,,,,,,,,,
0x785b8d967f200924dd50de5009b93477ac9b5933da98b2a5a5c0ef9d41adbcfa,inv_88e68846,inv_05d469a7,61582145,97000000,,1725817222,08-09-2024 17:40:22,1725817222,0,,,,,,,,,
0x9e079579462ab1e1db5ac451cbc8a098361d3be5a25498dc8dec1fd1c2d1542f,inv_88e68846,inv_05d469a7,61582092,97000000,,1725817108,08-09-2024 17:38:28,1725817108,0,,,,,,,,,
0x34410a34c5dd9ef93948314667bbfe378fabbff0f8e253d420c240bb255214de,inv_88e68846,inv_05d469a7,61582071,97000000,,1725817064,08-09-2024 17:37:44,1725817064,0,,,,,,,,,
0x3e571ffd7afe0f0d9214e4a9fd3c71511eb4e90c8fde94fb499647d2acfb19e1,inv_88e68846,inv_05d469a7,61582048,97000000,,1725817016,08-09-2024 17:36:56,1725817016,0,,,,,,,,,
0xc8606fba92f53d3abfdb9ecb5705ad986712f06c47926ddefe2ef821e7c4aa37,inv_88e68846,inv_05d469a7,61582023,97000000,,1725816962,08-09-2024 17:36:02,1725816962,0,,,,,,,,,
0x2a085d955bde8ec838d81680f1d85efa7c81f3633ce0a477c6d0f762929400b8,inv_88e68846,inv_05d469a7,61581988,97000000,,1725816888,08-09-2024 17:34:48,1725816888,0,,,,,,,,,
0xd0c5350deeb19552bc22707e28007a3aa0dfc4576880167e7bc1e59b51430da8,inv_88e68846,inv_05d469a7,61581982,97000000,,1725816874,08-09-2024 17:34:34,1725816874,0,,,,,,,,,
0x47535c70bb7893215fc0ab7c860c9b71771a5d9d6b44d4f6691c422e38117984,inv_88e68846,inv_05d469a7,61581822,97000000,,1725816533,08-09-2024 17:28:53,1725816533,0,,,,,,,,,
0x6cf7adab8dce77a846fd945856208a6adf8acfa49a57233f2f311b0f3d435fde,inv_88e68846,inv_05d469a7,61581798,97000000,,1725816483,08-09-2024 17:28:03,1725816483,0,,,,,,,,,
0x4670c3467ae59317335d13bde462004e665b65c2a34068083ea3ea930d90eabd,inv_88e68846,inv_05d469a7,61581502,97000000,,1725815853,08-09-2024 17:17:33,1725815853,0,,,,,,,,,
0x625e10041ae1232d3332d3303934313691a5413671ff1f433837464243b47f93,inv_aa0be9a1,inv_05d469a7,61580184,164900000,,1725813039,08-09-2024 16:30:39,1725813039,0,,,,,,,,,
0x3699043b1278f834416a35a2f15ef09201592cd91405db3586744d31bd4b039c,inv_c617a894,inv_05d469a7,61579094,97000000,,1725810723,08-09-2024 15:52:03,1725810723,0,,,,,,,,,
0xce779ceff2c981e39460eddb25a6a428f69f45db606bffbe436f5a7665f01061,inv_6d3c2326,inv_63454180,61555314,221265869,,1725759322,08-09-2024 01:35:22,1725759322,0,,,,,,,,,
0xd46b4da58bb586cc1e9c0d7cbf563985954d701f51e51ee9a10fe74a02ab3569,inv_6d3c2326,inv_fac1d24c,61554430,212000000,,1725757442,08-09-2024 01:04:02,1725757442,0,,,,,,,,,
0xd2323204d4e15f2f578158e4631958052e1028b03ffbb22887a053802619559f,inv_5a7c5af4,inv_df64ca46,61552697,15840840,,1725753756,08-09-2024 00:02:36,1725753756,0,,,,,,,,,
0xbeeb941bb18bf792a1e029894fe6606072496c66270d17eac64f6ff49f97af92,inv_f828c839,inv_440d06da,61548001,110401571,,1725743708,07-09-2024 21:15:08,1725743708,0,,,,,,,,,
0xbe54e00eb1ae08a6379d1f35291a0d489c4bdef0f0bd90992bd959a464e1acc8,inv_05d469a7,inv_f828c839,61542922,195500000,,1725732528,07-09-2024 18:08:48,1725732528,0,,,,,,,,,
0x72648150f44f272a436fdf02f82d771190cf04f5bb58177f99fd43205df25423,inv_05d469a7,inv_87d2c033,61542802,115000000,,1725732274,07-09-2024 18:04:34,1725732274,0,,,,,,,,,
0x33ff2554338a402118027302ceab1cc22368be5ff446d88d7119a929b7873c13,inv_05d469a7,inv_a425abc2,61542458,2559700000,,1725731542,07-09-2024 17:52:22,1725731542,0,,,,,,,,,
0x4c0282e52e20401e13f339e82e38860a6a93c1b0dc5bb4c8af67387629ab2baa,inv_88e68846,inv_a425abc2,61540424,1030000000,,1725727124,07-09-2024 16:38:44,1725727124,0,,,,,,,,,
0xc47eddb5e748311bf5d1a81672d1d89893b6450233665779dc9787a87a820a4d,inv_88e68846,inv_b9b5acda,61540332,107000000,,1725726928,07-09-2024 16:35:28,1725726928,0,,,,,,,,,
0x6fa798422172f504e1b201e435bc5d2db624fbd37164bab1ad3709624cb306d9,inv_88e68846,inv_50009277,61539851,490000000,,1725725906,07-09-2024 16:18:26,1725725906,0,,,,,,,,,
0x89924415181cb014b3ad80e2aaf969502df699dd74860b915f4d48b4e3ef9bfd,inv_c48739e9,inv_63454180,61529476,219117322,,1725703571,07-09-2024 10:06:11,1725703571,0,,,,,,,,,
0xb9a4378b43a684844f94ae944b5ae2481f42ed95b477e9430b564ab820fdbd60,inv_092b5098,inv_0ce4228c,61516053,202000000,,1725674286,07-09-2024 01:58:06,1725674286,0,,,,,,,,,
0x5e86cbe9dec0adcadbdfc9f46fdc59ffee3af4a9765e899e5919e5d301ff82d6,inv_5a7c5af4,inv_63454180,61514896,124090999,,1725671764,07-09-2024 01:16:04,1725671764,0,,,,,,,,,
0x32de1dd0e340f9b6d6c1231c2fed948eda60d7e753f1096c15258cf42461ea1f,inv_0b52dcf5,inv_9b3094cc,61493702,440000000,,1725626349,06-09-2024 12:39:09,1725626349,0,,,,,,,,,
0x42574c456164db7e08ee38cf1a9f610aa31ce83e005ddd59b64e12c4c22edab6,inv_c7fe603f,inv_b9b5acda,61485842,107000000,,1725609152,06-09-2024 07:52:32,1725609152,0,,,,,,,,,
0xbfb73851b351978b747cf9cc0ed2082c3062475544657825a299d40058cce2f1,inv_c48739e9,inv_b9b5acda,61466732,110000000,,1725567802,05-09-2024 20:23:22,1725567802,0,,,,,,,,,
0x792a9c1376656b522def07420118a27d21cc5631bbcf401d37a2017fb68a6abc,inv_d381a12e,inv_05d469a7,61462621,97000000,,1725559055,05-09-2024 17:57:35,1725559055,0,,,,,,,,,
0xf9c89099d1c65cd29d6c5c210fd9b643522af6a96d8fe5c5593617456c7d48d5,inv_b9b5acda,inv_05d469a7,61461845,97000000,,1725557406,05-09-2024 17:30:06,1725557406,0,,,,,,,,,
0xe3fbcf10d5a96508be6d7c3067ae62d7186c030126d7451530c2d961d6cfbd33,inv_b9b5acda,inv_05d469a7,61461088,97000000,,1725555798,05-09-2024 17:03:18,1725555798,0,,,,,,,,,
0x5e173be1014b3df79fe7c408b78ab671eefe91622b7db83b060aaf4ecf8e9508,inv_b9b5acda,inv_05d469a7,61461039,97000000,,1725555692,05-09-2024 17:01:32,1725555692,0,,,,,,,,,
0x7822183e2e3d0b42d1d2f8224b48e7a39b8cf96ad78bb9ded618fa74584e867c,inv_c48739e9,inv_05d469a7,61459446,98000000,,1725552293,05-09-2024 16:04:53,1725552293,0,,,,,,,,,
0x17f3e3f031edaa18de3b984f51f9c1d0fd3b7d72018b6d8a2bfedaccb5b7f218,inv_c48739e9,inv_05d469a7,61458961,109860980,,1725551253,05-09-2024 15:47:33,1725551253,0,,,,,,,,,
0x3c50dfe8b8e41358692f2256ea48505b103cb4ddc591b83dec39ed1294cb393a,inv_24290cf0,inv_05d469a7,61458745,72373329,,1725550793,05-09-2024 15:39:53,1725550793,0,,,,,,,,,
0x0f647cc36d046751eb53048c66e202a4995af91c12caf9dc737060e7138310ac,inv_df64ca46,inv_05d469a7,61456930,147925000,,1725546934,05-09-2024 14:35:34,1725546934,0,,,,,,,,,
0x8aadc768a6534aa86e01b4363d43d23a652c1076236d83d84a212ae6bd6634ad,inv_87e64171,inv_841720ad,61450810,100000000,,1725533695,05-09-2024 10:54:55,1725533695,0,,,,,,,,,
0x79bea76f343078b1b705ffd2c3fab06700bcee3e87b3160c5687940b64c491b9,inv_0b52dcf5,inv_dabef0fb,61444097,970000000,,1725519405,05-09-2024 06:56:45,1725519405,0,,,,,,,,,
0x3712d24b2ef71ed8567778d48b9cbe846d6bef943157e15b1cacd1770944a5fe,inv_ee9853f4,inv_aa1deb85,61434600,100522255,,1725499179,05-09-2024 01:19:39,1725499179,0,,,,,,,,,
0x9ae2344bf3fb54cf9d775334c1f0f2d1e9dfecf29ef4eeae34e052dd88a5ae06,inv_df64ca46,inv_0677eff4,61425770,505213005,,1725480052,04-09-2024 20:00:52,1725480052,0,,,,,,,,,
0xe1aeb48b4d8db5bcd56835f708ce76d0bf82fccab548be4c16f98736d42ee69f,inv_714f33f8,inv_d6d8114e,61422602,193629799,,1725473297,04-09-2024 18:08:17,1725473297,0,,,,,,,,,
0x4c3976d53b2862391a42cbe322723b3e9e05bf25367548d8036d52193564e104,inv_714f33f8,inv_d6d8114e,61421997,101581370,,1725472011,04-09-2024 17:46:51,1725472011,0,,,,,,,,,
0xf068a7a9a65f393b274fca8152fad0dcf27d8ae9ecc8042ffc9a8bff0248d1a7,inv_b90071de,inv_4d211fa5,61420511,83234941,,1725468850,04-09-2024 16:54:10,1725468850,0,,,,,,,,,
0xe4c41106e5050210f4276bcef1f9b4b7ea9510abb947a5cb0c3df62083b158be,inv_0b52dcf5,inv_e688084b,61407053,571790705,,1725438672,04-09-2024 08:31:12,1725438672,0,,,,,,,,,
0x8ac2ebc52f5c1ba2df0cc3da0252adf1fe16ad104bba3e57db014157a443d83d,inv_0ce4228c,inv_4d211fa5,61407048,164633275,,1725438662,04-09-2024 08:31:02,1725438662,0,,,,,,,,,
0xc0d130eb4c005d2fd3278056e9f1fa63b305dd1b72fb66b850b82c51c3328676,inv_0b52dcf5,inv_4791ac5c,61405883,540350000,,1725436054,04-09-2024 07:47:34,1725436054,0,,,,,,,,,
0x4507aef5e7e19d14aebdf5aeea15bd74354eccdbb8d3aa0f404ff0943155a751,inv_5a7c5af4,inv_9da0ab62,61387282,550000000,,1725392830,03-09-2024 19:47:10,1725392830,0,,,,,,,,,
0x3a55e01fe9c096539481a62102771ca01221686261292b98f57e23b7d55a2c84,inv_05d469a7,inv_4d211fa5,61387282,80207555,,1725392830,03-09-2024 19:47:10,1725392830,0,,,,,,,,,
0xf8dfa1c89d26adc75f725b3a96871463e7b4cbbd85242a7e1c1c1aef5e686c83,inv_714f33f8,inv_f14d82a5,61386855,510000000,,1725391866,03-09-2024 19:31:06,1725391866,0,,,,,,,,,
0x850982963bb8acbc6f263bafef654f0a97e1f18d9b7b8fa3016ca610ec9c4cea,inv_5a7c5af4,inv_ac9fca6c,61386625,101000000,,1725391344,03-09-2024 19:22:24,1725391344,0,,,,,,,,,
0xdb7c61badf4ff9f9191c437fb87d46443cc07628946dbca1b28193e018288f94,inv_5a7c5af4,inv_63454180,61386384,133779255,,1725390789,03-09-2024 19:13:09,1725390789,0,,,,,,,,,
0xcf52148ab71cee8d0dce12e25fec46033abebc07cedd32efae4f5d46b531cb34,inv_ad0b55e5,inv_666237b1,61379393,269660000,,1725375470,03-09-2024 14:57:50,1725375470,0,,,,,,,,,
0x9801d106a4322dd0e27a10b07644cab215c63b5f06af07c4fa5d4148150ba8ac,inv_6d3c2326,inv_b9b5acda,61379005,107000000,,1725374609,03-09-2024 14:43:29,1725374609,0,,,,,,,,,
0xeb19c0754654b72e0f21a2035780d830e57c3ad933804210324d25a6bfd66a86,inv_05d469a7,inv_87d2c033,61376455,115000000,,1725369086,03-09-2024 13:11:26,1725369086,0,,,,,,,,,
0x8d4d18d25b45338a1f7bae59cd6fc71a0efab92df9e745d602ea33e838473ebf,inv_05d469a7,inv_63454180,61376171,574600000,,1725368463,03-09-2024 13:01:03,1725368463,0,,,,,,,,,
0x2fbb316cb59424b1779580a0828687d4150f42366b1703657bba0d97d0ad7471,inv_c48739e9,inv_d6d8114e,61375591,248490000,,1725367107,03-09-2024 12:38:27,1725367107,0,,,,,,,,,
0xf1ad0253fa4d87e5ae1a63e2ebc8f73158e4e9895f88f913730ad03ae9b8698f,inv_092b5098,inv_bae261c9,61347784,57500000,,1725303639,02-09-2024 19:00:39,1725303639,0,,,,,,,,,
0x99dc37fe5f669143927c24205323d8f9583a6693eda70df312f6acf9aba69481,inv_c48739e9,inv_62e03780,61345094,12493851,,1725297508,02-09-2024 17:18:28,1725297508,0,,,,,,,,,
0x9fad0d0f59ac72da743f362b330d2165e82713fd533a670d5a03066f8ba79d71,inv_aa0be9a1,inv_05d469a7,61344801,93641988,,1725296822,02-09-2024 17:07:02,1725296822,0,,,,,,,,,
0x07e3b4f963de408fe6c4779b081bccb467f569c8385e25b7596f437f7ff14b80,inv_aa0be9a1,inv_0677eff4,61344748,430477645,,1725296708,02-09-2024 17:05:08,1725296708,0,,,,,,,,,
0xcfe888a7c6833f97c74c2701b4adc6318397162ff9e74e31328752164d5abc95,inv_d381a12e,inv_05d469a7,61337314,93000000,,1725279387,02-09-2024 12:16:27,1725279387,0,,,,,,,,,
0xa7edc29eeae4c2297213e159c938e68768feb92d088b6b58d758e275cadfec83,inv_d381a12e,inv_05d469a7,61337151,95000000,,1725278987,02-09-2024 12:09:47,1725278987,0,,,,,,,,,
0x28f3a00791e5a69d03ba95b8e8e271f3fe9645e39f96a7ca600df08d4c54f563,inv_613e0688,inv_05d469a7,61292120,112100000,,1725178167,01-09-2024 08:09:27,1725178167,0,,,,,,,,,
0x2534dc89b89ba0ffd832fca3253ffe6418843deb05ca15211bb8c6b7198d1b37,inv_c48739e9,inv_05d469a7,61288886,134830000,,1725171102,01-09-2024 06:11:42,1725171102,0,,,,,,,,,
0x244af587f95b1d923144b52b71e67f79f65cf019ab8d55873284abb8c0ae8400,inv_c48739e9,inv_05d469a7,61288598,98000000,,1725170459,01-09-2024 06:00:59,1725170459,0,,,,,,,,,
0x60b267417634ce0eea78f90691b7600b3c46fd81466fdbf4eddd75e0e70845e0,inv_c48739e9,inv_05d469a7,61288515,99000000,,1725170279,01-09-2024 05:57:59,1725170279,0,,,,,,,,,
0xf724ff520ae3bfa6475b9043cbca4314a2432fc3b8aa9716b739a71cc40026a0,inv_05d469a7,inv_ac9fca6c,61277130,218000000,,1725144579,31-08-2024 22:49:39,1725144579,0,,,,,,,,,
0x19826385a4acd92c942bc31304e4430011adc656b045453c5c345c9217519b09,inv_05d469a7,inv_092b5098,61277006,109000000,,1725144283,31-08-2024 22:44:43,1725144283,0,,,,,,,,,
0x49816b579b8778045a8db8d994de3451a525790f808933970cdd29381623abb0,inv_05d469a7,inv_6e1e2c00,61276847,265225170,,1725143915,31-08-2024 22:38:35,1725143915,0,,,,,,,,,
0x36c38374a10a9a4ee525092a29f553d71716c953a6dfff25113e25a6397cef8a,inv_05d469a7,inv_6e1e2c00,61276795,111150000,,1725143805,31-08-2024 22:36:45,1725143805,0,,,,,,,,,
0x263b02c8d40a723cb1b1184bb4581241665ba63711b4c689ed4f64ae31ec4258,inv_ee9853f4,inv_dabef0fb,61265393,475000000,,1725118488,31-08-2024 15:34:48,1725118488,0,,,,,,,,,
0x7e82c7726d13d59de0b66476fa4e60c8ee329acef2512883ff2156376a5d27d1,inv_ee9853f4,inv_0ce4228c,61265354,1000000000,,1725118392,31-08-2024 15:33:12,1725118392,0,,,,,,,,,
0xae2f71d57a698dbf7a18a2e2f523c66134d30cd72fa13fca919c0a25a0be107d,inv_092b5098,inv_62fc6c1b,61245144,112721245,,1725073883,31-08-2024 03:11:23,1725073883,0,,,,,,,,,
0x3ac888084ea8a7f123dd864a0b97906bb972119e3bb300e0df19387f23af56c9,inv_c48739e9,inv_05d469a7,61233623,96000000,,1725048276,30-08-2024 20:04:36,1725048276,0,,,,,,,,,
0xbcbdc99641e110e5768f69b8d5cebfc00ef855797ec635d9bec11ca029103aad,inv_6d3c2326,inv_05d469a7,61231161,97000000,,1725043041,30-08-2024 18:37:21,1725043041,0,,,,,,,,,
0x7e235b43651160f9d7c4c04910981102acb9f48eed76409609ed4a1830ce7f8e,inv_6d3c2326,inv_a1f15be2,61225860,119916773,,1725031331,30-08-2024 15:22:11,1725031331,0,,,,,,,,,
0xa3bdaec6133c41735798739e75c5b76f16f9f059d4865541038be20ba169b497,inv_6d3c2326,inv_f828c839,61225771,99000000,,1725031077,30-08-2024 15:17:57,1725031077,0,,,,,,,,,
0x81a50ba932bca4d8b0c4d98728b89e719bc4cff2293eb2c37744f4e58d2ef6d5,inv_6d3c2326,inv_0ce4228c,61225581,499973242,,1725030670,30-08-2024 15:11:10,1725030670,0,,,,,,,,,
0x03bc9beafeedc20410674f3a255afec7e606a5aff5305964a3e54fd4dd40a1b9,inv_f828c839,inv_9f0c7322,61223313,98000000,,1725025558,30-08-2024 13:45:58,1725025558,0,,,,,,,,,
0x61533f15b596c58e6ab4f817e0f37dfa062b43726d4346869b6b5375ce65aa30,inv_f828c839,inv_9f0c7322,61223169,97000000,,1725025252,30-08-2024 13:40:52,1725025252,0,,,,,,,,,
0x50b6c5867c4b9c0145529b799b7c626a1723883aebf4f76dca338f9fa9404747,inv_d381a12e,inv_566da439,61221783,106484608,,1725022211,30-08-2024 12:50:11,1725022211,0,,,,,,,,,
0xc9e400be81a9a86a36b3a4d786994c66bbf1dbcfa95fad59ae6d1e3d3a6efff5,inv_ee9853f4,inv_8e1f770c,61217474,1064467500,,1725013000,30-08-2024 10:16:40,1725013000,0,,,,,,,,,
0xfcb5fa9ceb76d63caacc88ef94fb8e4dc713bdca7214dca1f8d59d618636a778,inv_6d3c2326,inv_f828c839,61216372,115000000,,1725010652,30-08-2024 09:37:32,1725010652,0,,,,,,,,,
0xb4b9ef217d8fb07e2c2efcd3a020e7af422c8226083258ff81a17375c687c807,inv_6d3c2326,inv_f828c839,61216317,133380000,,1725010534,30-08-2024 09:35:34,1725010534,0,,,,,,,,,
0x80711e8a4bd5f0008d7c0c1f32da8dc5f705810905b413106a932cfef13aa70b,inv_6d3c2326,inv_05d469a7,61215954,147700,,1725009698,30-08-2024 09:21:38,1725009698,0,,,,,,,,,
0xa18c0bcfb24a2164deb3c24f403b1be2e29823f46ffcfc6ae537ad07ee71238d,inv_092b5098,inv_f828c839,61204736,114000000,,1724985141,30-08-2024 02:32:21,1724985141,0,,,,,,,,,
0x9403a76d42e88a636b256b1352d61d51ae3848742f3da72c3fe365d4d2287166,inv_aa0be9a1,inv_05d469a7,61203597,97631168,,1724982641,30-08-2024 01:50:41,1724982641,0,,,,,,,,,
0x55559d10d9aebb48a16e0b33aa7a0800ab5927e2375853707824f8cf6df37dc3,inv_f828c839,inv_05d469a7,61202081,97954319,,1724979419,30-08-2024 00:56:59,1724979419,0,,,,,,,,,
0x8417c6991a67145dea3666a77f25dd0f901a6ab881c9afa69032c1bcda283b03,inv_490baf8c,inv_d6e012a5,61201802,215398040,,1724978825,30-08-2024 00:47:05,1724978825,0,,,,,,,,,
0x89ca6dea0024e882af123446fa46e3f527568421a696d4ce80b1ca447d3293bd,inv_490baf8c,inv_f828c839,61201590,98000000,,1724978375,30-08-2024 00:39:35,1724978375,0,,,,,,,,,
0x60fb991f9c46b303018a9c6b4497d4a88b47685bcede6a80ff570efc087afff8,inv_87d2c033,inv_05d469a7,61200978,99000000,,1724977075,30-08-2024 00:17:55,1724977075,0,,,,,,,,,
0x9e87de9f0843009b182697da075911dc49c820ffda35346733a99f7e27291c88,inv_87d2c033,inv_05d469a7,61200407,99000000,,1724975861,29-08-2024 23:57:41,1724975861,0,,,,,,,,,
0x94343234d1192d1cd965e2611be389c1c0a8082c1092f55e4b76858bf53ac1a2,inv_c48739e9,inv_05d469a7,61193614,100000000,,1724961392,29-08-2024 19:56:32,1724961392,0,,,,,,,,,
0xa85d309d0f9a43d718c609ca20bbaa960e9777c8ca1a3d6f7c86479acf4b0204,inv_c48739e9,inv_05d469a7,61193589,100000000,,1724961340,29-08-2024 19:55:40,1724961340,0,,,,,,,,,
0x9238e102486d342cc96d541718f4c23f64914ea082a5fa4b52dd7685f2cd65b6,inv_c48739e9,inv_05d469a7,61193515,100000000,,1724961182,29-08-2024 19:53:02,1724961182,0,,,,,,,,,
0x06fdc08e3185c35bedd2c6158b7216472ecb21a5c1b97d67749335d5e394a4f7,inv_c48739e9,inv_05d469a7,61193433,32980000,,1724961008,29-08-2024 19:50:08,1724961008,0,,,,,,,,,
0xf39e6461d8532a0750130c0aae9b12729b05d8b19949daa0ae7c863611b90263,inv_c48739e9,inv_05d469a7,61193315,162000000,,1724960758,29-08-2024 19:45:58,1724960758,0,,,,,,,,,
0x5598b04de122588037556705fcdbbd24dd2e0762ef010d74b33be215c4cf2c29,inv_c48739e9,inv_05d469a7,61193132,97020000,,1724960368,29-08-2024 19:39:28,1724960368,0,,,,,,,,,
0x4d04501b944e675f5d18b9d2382229544a72454775e7bd853c9d9e1582edd8c1,inv_49f8251b,inv_05d469a7,61190444,99000000,,1724954614,29-08-2024 18:03:34,1724954614,0,,,,,,,,,
0xf6e3aae20a2d21da21e94937efa03d57199e7433d91c1b7cda643602a9b33445,inv_49f8251b,inv_05d469a7,61190378,99000000,,1724954472,29-08-2024 18:01:12,1724954472,0,,,,,,,,,
0x6a44db8285aa7573eee614862e72a9c6fdc16423b819aae7e1f2daecc99ef351,inv_aa0be9a1,inv_05d469a7,61185986,104770000,,1724944774,29-08-2024 15:19:34,1724944774,0,,,,,,,,,
0x3033bd1fc304d8158db06eec52531a7eed195678c6a4144d6d206ee08de32fb6,inv_ce8e5e1e,inv_7c3150b9,61182000,108783162,,1724936017,29-08-2024 12:53:37,1724936017,0,,,,,,,,,
0x645642ac75970d62fb02e084971472cf91d42e39947096368ade2afe6216f013,inv_6d3c2326,inv_4791ac5c,61179412,61883985,,1724930369,29-08-2024 11:19:29,1724930369,0,,,,,,,,,
0x174cfb400f66a1970347f2b01974135b0df2dc48dc5eaff86d88329b9ad32a6c,inv_0e50bf41,inv_4791ac5c,61172790,643935600,,1724915687,29-08-2024 07:14:47,1724915687,0,,,,,,,,,
0xd4d34976d9139ebb42e312015fb90c7b75abce61597044efe339c09503bd7fd6,inv_05d469a7,inv_87d2c033,61156772,115000000,,1724881584,28-08-2024 21:46:24,1724881584,0,,,,,,,,,
0xd1dfca764ff5a4d338a2adb3d7e3e39ffd2d63586d59e2b2da269cae927c3b6b,inv_714f33f8,inv_12a9a530,61156101,500000000,,1724880158,28-08-2024 21:22:38,1724880158,0,,,,,,,,,
0x9bee18ab7c7706d3b355538d65f49a9b10a407574dedbabf52a8c8c94c92e026,inv_87e64171,inv_a980ba61,61150732,154550946,,1724868748,28-08-2024 18:12:28,1724868748,0,,,,,,,,,
0x21ade045095f617d83c668679d445189d90e69d727444984a1e16009c3e3b2a8,inv_87e64171,inv_d6e012a5,61149947,127343700,,1724867080,28-08-2024 17:44:40,1724867080,0,,,,,,,,,
0xeca6f63beb4c76d5bfeee450da9e66295c24c4b74c93535afb2d81b43aeb419e,inv_0ce4228c,inv_a1f15be2,61139710,135917637,,1724845098,28-08-2024 11:38:18,1724845098,0,,,,,,,,,
0xabeaceede264e1209f94284294457e98317aae6f1734f430fa8794930603b1df,inv_c48739e9,inv_b9b5acda,61133443,107000000,,1724831769,28-08-2024 07:56:09,1724831769,0,,,,,,,,,
0xe72bbe0f2be034531074b644c77e8e14e45878085771b448b82e46ac6f9bd418,inv_87d2c033,inv_12a9a530,61117368,500000000,,1724797578,27-08-2024 22:26:18,1724797578,0,,,,,,,,,
0x68a133d04d3719dfc1bc91d75a135dba4b2e610ddcd24a610c7f4aec9724ece9,inv_c48739e9,inv_b9b5acda,61115833,107000000,,1724794314,27-08-2024 21:31:54,1724794314,0,,,,,,,,,
0x7f94a0d671fc916ce1bfb5b6dfc861a47905d0c5070129d9728eff31f51cbd87,inv_d381a12e,inv_9f0c7322,61100641,98000000,,1724761400,27-08-2024 12:23:20,1724761400,0,,,,,,,,,
0xe3d1475144f35774c72a1ac444d231213846bf03a26ecdd18d82ab7e18bd21f1,inv_c48739e9,inv_f2ef62b7,61078456,550000000,,1724712627,26-08-2024 22:50:27,1724712627,0,,,,,,,,,
0xb4d92184bb16b64d5b57bb8568368af5fe3c3c6658654b119fb762904d42c2cb,inv_3f8508c6,inv_b9b5acda,61075751,94000000,,1724706854,26-08-2024 21:14:14,1724706854,0,,,,,,,,,
0xdcc60a77243df7e42aca4e4a246ed2bb8eaeb222a17c70eb2dd81583cb9f5726,inv_3f8508c6,inv_b9b5acda,61075635,94000000,,1724706604,26-08-2024 21:10:04,1724706604,0,,,,,,,,,
0x05c9ba684e8befca06f272973a796cd0329efbdf6d246b957fa866962232dcbf,inv_3f8508c6,inv_b9b5acda,61075480,125020000,,1724706271,26-08-2024 21:04:31,1724706271,0,,,,,,,,,
0x8eca4248d16f3992c906c8035fd3b8dd7f4c2ca345ae3e1b7cc483cc4cb7b5ed,inv_714f33f8,inv_12a9a530,61074694,391443190,,1724704591,26-08-2024 20:36:31,1724704591,0,,,,,,,,,
0xaf06246e871770bee5d41c4f67c6004c94c3edb54f8178e04bed5e917a8d5618,inv_714f33f8,inv_12a9a530,61073414,1000000000,,1724701751,26-08-2024 19:49:11,1724701751,0,,,,,,,,,
0x84d2dd9915f376ed2fb9c0a99282a4223664ae1f9dcad69f085621aaea5155af,inv_24290cf0,inv_f2ef62b7,61071724,550000000,,1724698061,26-08-2024 18:47:41,1724698061,0,,,,,,,,,
0xc492998a912a7a46f16ce8e4c4c85f7bb5cc1bc88a4a12bced9566222db0f3eb,inv_05d469a7,inv_f828c839,61066292,125000000,,1724686309,26-08-2024 15:31:49,1724686309,0,,,,,,,,,
0x4cf29b396e580f96c7fd2356e8cfb9651e76a84f055ccfd690a0559cf14af89e,inv_05d469a7,inv_f2ef62b7,61065998,550000000,,1724685683,26-08-2024 15:21:23,1724685683,0,,,,,,,,,
0xa3719ca552fef490b815f3852e751c528fd1d29360476ae3d4eba51e1f9c922c,inv_a7788f28,inv_9854cde5,61065311,300088296,,1724684223,26-08-2024 14:57:03,1724684223,0,,,,,,,,,
0x8119e8df5b19cd6019213d674908fad12445052f2c2e9a9c569d7ddfc52738e7,inv_a7788f28,inv_566da439,61065286,100111119,,1724684171,26-08-2024 14:56:11,1724684171,0,,,,,,,,,
0x3ba9d9d6f90ace5af98ceeb06fcb143b9b0587ee2d20140904d85f19a15b565e,inv_ce8e5e1e,inv_9f0c7322,61045875,97000000,,1724642555,26-08-2024 03:22:35,1724642555,0,,,,,,,,,
0xdf8d6ce58a204fdc433d91dcb6e9167e1ee78e7e0af2edc61ad65bf8946abe34,inv_ce8e5e1e,inv_7c3150b9,61045589,99000000,,1724641947,26-08-2024 03:12:27,1724641947,0,,,,,,,,,
0xb0e0eaaa6edfe9cf60fb70f3badeb0c8da1d3ce8920daffdda274824a544ff6c,inv_05d469a7,inv_9f0c7322,61034531,141641059,,1724617898,25-08-2024 20:31:38,1724617898,0,,,,,,,,,
0xb1f3c69cb29413f99395cd348a5cad04adaab3c981ccd0597e3dd043d5bbc03e,inv_05d469a7,inv_87d2c033,61033711,115000000,,1724616122,25-08-2024 20:02:02,1724616122,0,,,,,,,,,
0x1f0d342262a6f75aaa488bbfe91731312d69898bafe4dd11fa163c514613e377,inv_c48739e9,inv_05d469a7,61030609,107080000,,1724609202,25-08-2024 18:06:42,1724609202,0,,,,,,,,,
0xcc719698607cc52c57d9494cf5abb173ed4b1d0b14552bb8fcdc236cd5c013ea,inv_7fe5bf33,inv_c1ba3694,61029631,111025649,,1724607119,25-08-2024 17:31:59,1724607119,0,,,,,,,,,
0x444d048608fad5be01fb4039c2b5900dff1890b8f24d93e3aae8e98f6e3d8e56,inv_df64ca46,inv_eebeea2d,61019234,217143000,,1724584818,25-08-2024 11:20:18,1724584818,0,,,,,,,,,
0xe31a050a06850bbd84bc7cc84b52f53727844a71744407906e499ac44b5d04bb,inv_df64ca46,inv_3f1dbc1b,61019054,95000000,,1724584434,25-08-2024 11:13:54,1724584434,0,,,,,,,,,
0x1157c8675369ac2b26cbe3d53b46cfe849a2940e1fbc01c403922aa5b6d45243,inv_c48739e9,inv_f2ef62b7,61018818,550000000,,1724583902,25-08-2024 11:05:02,1724583902,0,,,,,,,,,
0x1eb7b0b4c208a4dc51809983fe0a87483f01040459a12ce2c610c857e02e2521,inv_d6e012a5,inv_b9b5acda,61017496,120912200,,1724581086,25-08-2024 10:18:06,1724581086,0,,,,,,,,,
0x2e772498a894b970d9bbf29285f9e3eb7c405429b45ef9d03b9b938b30a1cca4,inv_85c77913,inv_d6e012a5,61007256,14645465,,1724558761,25-08-2024 04:06:01,1724558761,0,,,,,,,,,
0xf04d083771813417e5c97a114e17acdce1353e79bf1661f6e2dff2e8bac7f696,inv_85c77913,inv_0ce4228c,61006916,308856521,,1724558039,25-08-2024 03:53:59,1724558039,0,,,,,,,,,
0xc784dc3f27f05cdcedac779b5c1fec008505e68a40370735e7ff8dce9b936e54,inv_c48739e9,inv_5a28f9ba,60986336,525000000,,1724513609,24-08-2024 15:33:29,1724513609,0,,,,,,,,,
0x848a9ed7366e75d2694a28946aec11a76b0947e7a543d259a48c204ab8977f98,inv_05d469a7,inv_092b5098,60986071,215769192,,1724513006,24-08-2024 15:23:26,1724513006,0,,,,,,,,,
0xbb612e12e453daa6dedf8feb1732b81ad3bdeca249af9697b6b91a57b6065914,inv_05d469a7,inv_7c3150b9,60985161,112000000,,1724510971,24-08-2024 14:49:31,1724510971,0,,,,,,,,,
0xe7e73a0a477c5e458634f66fcce632b772fef6a633a0c43083d1b6c367f10417,inv_ee9853f4,inv_3f1dbc1b,60943632,95005700,,1724421150,23-08-2024 13:52:30,1724421150,0,,,,,,,,,
0x082fa02a0cdb2efe123d4989c19003d257bfa5da4457932c230c9e6c7174e359,inv_ff50617c,inv_b9b5acda,60939873,164893787,,1724413153,23-08-2024 11:39:13,1724413153,0,,,,,,,,,
0x8493fc4b7bfabf13ca32701dbf7be905c38e97c5bd738fe53046bc6c279936d2,inv_24290cf0,inv_f2ef62b7,60938830,550000000,,1724410933,23-08-2024 11:02:13,1724410933,0,,,,,,,,,
0x8eeada629e3ee9ffc2c10aceffbaf3761fdae2083bfde5524d122cf9d29e24bc,inv_c48739e9,inv_9f0c7322,60914480,106000000,,1724359021,22-08-2024 20:37:01,1724359021,0,,,,,,,,,
0x973338b4af411e0934da21fa63ff06d3911c6b9f6beed7ff09a37991c1ce953d,inv_85c77913,inv_3db5e783,60903366,520000000,,1724335202,22-08-2024 14:00:02,1724335202,0,,,,,,,,,
0x01407476f0e543eda0952f3e8f205a4dccc2290cb114d0f611f1ea8631b7dc64,inv_24290cf0,inv_f2ef62b7,60834861,550000000,,1724188650,20-08-2024 21:17:30,1724188650,0,,,,,,,,,
0xb4580d90c8b54f5e34e909c70434e535091228fc30f6e21e3425bdc06286dc1b,inv_490baf8c,inv_393ce3e2,60831140,341052379,,1724180709,20-08-2024 19:05:09,1724180709,0,,,,,,,,,
0x7af6e25bf4d54ee6bb11edf38bfe6f5ad4f8c82bfaa05cc10d8afb26d8b15f91,inv_490baf8c,inv_9f0c7322,60830339,206899977,,1724178971,20-08-2024 18:36:11,1724178971,0,,,,,,,,,
0x44a2ba15f123247366d898181dc14b55ca0a1516c4715fcdcfdbe7e5b7ebe1bb,inv_490baf8c,inv_b9b5acda,60830185,95000000,,1724178643,20-08-2024 18:30:43,1724178643,0,,,,,,,,,
0x3c80a7db3da4d1f53da05e96a499e741435e8a20359b279fa3c9a6822893e0fe,inv_490baf8c,inv_eedd772e,60829889,194000000,,1724177983,20-08-2024 18:19:43,1724177983,0,,,,,,,,,
0x5d20a5c7226ea7c9a24bfaebec2ca3e0408e6e84f09e74aa0296f01fe9e499f9,inv_b90071de,inv_7c3150b9,60820656,115000000,,1724158072,20-08-2024 12:47:52,1724158072,0,,,,,,,,,
0x610b3df6d6e7ec69e0f22be20dda87f1f989ec9117296cfe20ce1c360d24cffe,inv_b90071de,inv_4791ac5c,60820150,142205511,,1724156983,20-08-2024 12:29:43,1724156983,0,,,,,,,,,
0x101437075e55cc2925ed4d5f6d4175e0fed882157da940fcf66b0c441161508b,inv_c48739e9,inv_092b5098,60810109,300621335,,1724135562,20-08-2024 06:32:42,1724135562,0,,,,,,,,,
0xb3aaa3ef6d0755fd4ee838ff7c94a1648c09ac85e05862ad48d946a9fe242932,inv_c48739e9,inv_bad312f1,60795747,401988494,,1724104585,19-08-2024 21:56:25,1724104585,0,,,,,,,,,
0xa01c098b5f4b5e9c912cb5e80622275495ecb80efaf6156abe417f9e384a487c,inv_c48739e9,inv_4791ac5c,60731653,121083289,,1723966305,18-08-2024 07:31:45,1723966305,0,,,,,,,,,
0x5397c4e8b46c30a9d5cbc78223af922b1c70fff8a67cfb8bf960c0e2f8dbe865,inv_03a9285b,inv_87d2c033,60723736,115000000,,1723949475,18-08-2024 02:51:15,1723949475,0,,,,,,,,,
0xea3f2bb7d35306320a04909390a4534b28f73334b23f7016873756d0366e7782,inv_24290cf0,inv_4791ac5c,60652593,73403648,,1723796493,16-08-2024 08:21:33,1723796493,0,,,,,,,,,
0x08130cb1ad306e89deae42395fb2d639a192f0acfd7e1b0b6c9dbaeaf5a79c24,inv_319dc077,inv_4791ac5c,60636346,130156881,,1723761535,15-08-2024 22:38:55,1723761535,0,,,,,,,,,
0x1ea4b23de1f79b9ff7e0d0548cfcce52aea1e804e536c373abe4920bdca580df,inv_319dc077,inv_a7788f28,60636243,28416299,,1723761317,15-08-2024 22:35:17,1723761317,0,,,,,,,,,
0x42727e75a7e6ec90819cec2573af012ec05b17037dc7213354fe40e9173cbbfe,inv_319dc077,inv_9f0c7322,60636007,105000000,,1723760815,15-08-2024 22:26:55,1723760815,0,,,,,,,,,
0x0fd2cfd49d925aaefd20d44c5127350dc6360d4b7c45b133c2329892f6682890,inv_319dc077,inv_d6e012a5,60626107,99000000,,1723739709,15-08-2024 16:35:09,1723739709,0,,,,,,,,,
0x2418cf031b8fd267e7e60974671489ba47601b0ab2c153ca00fded11cf45b175,inv_319dc077,inv_d6e012a5,60625988,99000000,,1723739457,15-08-2024 16:30:57,1723739457,0,,,,,,,,,
0x101de067daaff2919e0b4a537cc8450e12003007d69d3173193cca3769980c5a,inv_319dc077,inv_eedd772e,60625955,97000000,,1723739387,15-08-2024 16:29:47,1723739387,0,,,,,,,,,
0x16f13e837231eb446f24efef128be90439e187d25dbb203688ba8349c364f370,inv_ce8e5e1e,inv_87d2c033,60603193,115000000,,1723689694,15-08-2024 02:41:34,1723689694,0,,,,,,,,,
0x990d9344412d3ad99a715d32e65a8b0f7db96e2c67bb8e16bfc467476f16a026,inv_ce8e5e1e,inv_87d2c033,60603005,115000000,,1723689294,15-08-2024 02:34:54,1723689294,0,,,,,,,,,
0xccb62cc2d6f5db6dc4f1b40e848ba68295492a83a8f3c355ef4ffc5b8ed2b77f,inv_c617a894,inv_2428cde7,60595223,793147083,,1723672643,14-08-2024 21:57:23,1723672643,0,,,,,,,,,
0xd377c7c3b5ca1394a5fed00969753e57d3360318cec0da2af5b72b34073c42cb,inv_190c7331,inv_8c3b1ce8,60576672,2037783180,,1723633169,14-08-2024 10:59:29,1723633169,0,,,,,,,,,
0xd16ff78848819919037cdb04a373d7620b7cd42bb466991a8abfecdd2bc48098,inv_190c7331,inv_c0280f56,60576527,782000000,,1723632859,14-08-2024 10:54:19,1723632859,0,,,,,,,,,
0x3c74e74ae3f048b35db458f640a717f55c72087cf44ecbb246365344e67ea54a,inv_42124ace,inv_eedd772e,60572486,194000000,,1723624061,14-08-2024 08:27:41,1723624061,0,,,,,,,,,
0x709a6e63ab88dd39c56214243eaacd5c29c8de7864ab6689aec66af246bfd471,inv_42124ace,inv_4016a95f,60572342,50760000,,1723623755,14-08-2024 08:22:35,1723623755,0,,,,,,,,,
0x3fa4c00e38ada970a2f035f1fc0314741a9c4ec473a0ffbe87743515e3e78b0b,inv_aa0be9a1,inv_816e27fa,60544681,275401974,,1723563175,13-08-2024 15:32:55,1723563175,0,,,,,,,,,
0x070a019a803db766a97d5fe7eb6a994d5d2455d2494a6484d3dbb301a117dfea,inv_24290cf0,inv_816e27fa,60532829,213594245,,1723537953,13-08-2024 08:32:33,1723537953,0,,,,,,,,,
0x6965262015614fb3dd77df3de52e87212cc225843e713e7dc3c14f5e8dca5141,inv_b6544522,inv_666237b1,60531824,282000000,,1723535819,13-08-2024 07:56:59,1723535819,0,,,,,,,,,
0xffdcc0e6e1835bc6ed0430fec96db1463bca5eb3f58d7aafb0e8ca7b44d1149a,inv_c48739e9,inv_816e27fa,60529699,132167520,,1723531175,13-08-2024 06:39:35,1723531175,0,,,,,,,,,
0xc0c28eea9fc438fbffd08ccea4a2df60dbbd1ea32de5b822a6834d8bc3f395a0,inv_c48739e9,inv_816e27fa,60529516,253425932,,1723530785,13-08-2024 06:33:05,1723530785,0,,,,,,,,,
0xfac2e9ad77d24254cddc34d4f60a1b7d7ab56aaa422af7a918ecd22a66c913b3,inv_c48739e9,inv_816e27fa,60529281,295556929,,1723530223,13-08-2024 06:23:43,1723530223,0,,,,,,,,,
0xc1e3b8feccbf4dda1089fbd7bbf475d8203f39f5f2bfd39d0a9cab421d715704,inv_490baf8c,inv_9f0c7322,60506064,210000000,,1723480414,12-08-2024 16:33:34,1723480414,0,,,,,,,,,
0xb63a7ced326493e4859ae876865142831569819d95974954d35d0780483ad6e9,inv_85c77913,inv_9b3094cc,60497417,544500000,,1723461466,12-08-2024 11:17:46,1723461466,0,,,,,,,,,
0x35b9e1842b9817e53ef69ca3294ac1fa93517db10acd1b6b4f2c44ab1d44ca78,inv_f828c839,inv_9f0c7322,60492339,104000000,,1723450555,12-08-2024 08:15:55,1723450555,0,,,,,,,,,
0x8d676de9e6e04238e90f7e9dd3c18a40a580da69ef8428e1ccf0b1cd34984c7d,inv_f828c839,inv_99f9234e,60492258,218100000,,1723450383,12-08-2024 08:13:03,1723450383,0,,,,,,,,,
0x9c07dc518083b23cd5fa83293178bc906f41edf058f08b70f7e4a2564b8b7787,inv_24290cf0,inv_99f9234e,60465817,327150000,,1723392388,11-08-2024 16:06:28,1723392388,0,,,,,,,,,
0xc199707c86564e032d75526ee229d97b6cf8bcb04ef952293e56065e26cbb79e,inv_88e68846,inv_b5019bac,60412756,199477850,,1723278194,10-08-2024 08:23:14,1723278194,0,,,,,,,,,
0x17b99d5600a94c75622ab8b4ac22266556fd8764151ba6e415008b6b5e5ba836,inv_dfb903a5,inv_7c3150b9,60386517,21023191,,1723221595,09-08-2024 16:39:55,1723221595,0,,,,,,,,,
0x0e08ce94273116f10f3bc44a869e96dcd52de9ddc4fbce260d6b55cb2356767a,inv_aa0be9a1,inv_d6e012a5,60375260,368296,,1723197582,09-08-2024 09:59:42,1723197582,0,,,,,,,,,
0x68667be0a237c7d0bc74a436e069d3e3039dd600dbb31cf523aa3737bceb282d,inv_ee9853f4,inv_666237b1,60356147,254740000,,1723155734,08-08-2024 22:22:14,1723155734,0,,,,,,,,,
0x9a1f992f3b39f1cfebf509e47707aec8f9010d29c3f7da294eeba47019cacebc,inv_24290cf0,inv_b5019bac,60355707,121066576,,1723154732,08-08-2024 22:05:32,1723154732,0,,,,,,,,,
0x5d970e9e8ec73c1e00557fbd912b6cc77a1ae540ba17c20fb5c96ac83f5426ca,inv_c48739e9,inv_b5019bac,60348730,121814199,,1723139732,08-08-2024 17:55:32,1723139732,0,,,,,,,,,
0x264bbbf58e369863c20b656761de9552621951971e6c9d9a3e9fcc6650e29274,inv_c48739e9,inv_ee9853f4,60347008,101000000,,1723136022,08-08-2024 16:53:42,1723136022,0,,,,,,,,,
0x333aef47f669d9b63b09adfcd1f08aafd6a114eff150a8e43e6d2c6282eddb3f,inv_62fc6c1b,inv_b5019bac,60346278,215288529,,1723134454,08-08-2024 16:27:34,1723134454,0,,,,,,,,,
0x8cd52100d3906baa408cef020c3233c5adeb5e4238a75624044ca02978298459,inv_24290cf0,inv_6e1e2c00,60344871,372618436,,1723131434,08-08-2024 15:37:14,1723131434,0,,,,,,,,,
0x20b9e027c5fba0909aebf8831014f46262a8760387398e34986e54c0f03987fe,inv_03a9285b,inv_0ce4228c,60316683,110105717,,1723070914,07-08-2024 22:48:34,1723070914,0,,,,,,,,,
0xb1fb83332c06c6846f5ea43bf61a551573d8c6a589d5ccb71b6b1b7d5fe63106,inv_03a9285b,inv_b5019bac,60316575,124130208,,1723070674,07-08-2024 22:44:34,1723070674,0,,,,,,,,,
0x90a69500175ff1eea1aee2491fae66062e75bf37e803856dec50f460bf3272c2,inv_c617a894,inv_e688084b,60315834,464211436,,1723069034,07-08-2024 22:17:14,1723069034,0,,,,,,,,,
0x4161d6282463f3383e0d02cf16310afa9307fbb49eefc368a3d8a8831f2aedb8,inv_9b3094cc,inv_b5019bac,60308748,226226480,,1723053187,07-08-2024 17:53:07,1723053187,0,,,,,,,,,
0x7e1e8d12d654b754ae92fd76574f96616b027915d27bd837c6df9a98f033c116,inv_319dc077,inv_666237b1,60304453,380000000,,1723043319,07-08-2024 15:08:39,1723043319,0,,,,,,,,,
0x70eba72938de0e161daea258917898c7fe975fd0ff406f63c2ffda5394bb0ff5,inv_c48739e9,inv_99f9234e,60301485,542700000,,1723036510,07-08-2024 13:15:10,1723036510,0,,,,,,,,,
0xa791614d43aa37e90cae8ac97e3075724511963806191f4c1619604e43a18d84,inv_319dc077,inv_b9b5acda,60300451,96000000,,1723034248,07-08-2024 12:37:28,1723034248,0,,,,,,,,,
0x29e5554ce81d47682f534a293ec959f1d85c0ffcc55a8e3b8159d8ec6466c650,inv_319dc077,inv_b9b5acda,60262537,96000000,,1722949330,06-08-2024 13:02:10,1722949330,0,,,,,,,,,
0x717e137a2bca4e4459437fb5a16aabf9512b9958543a50c2b8e7231db5da0e1c,inv_1c87127c,inv_69dcf1b1,60243375,204000000,,1722907557,06-08-2024 01:25:57,1722907557,0,,,,,,,,,
0x861c5380436c08ca7e13863e3db1cd3b05729265bc09ee2fb6dda052c5675034,inv_490baf8c,inv_d6e012a5,60240422,137200000,,1722900817,05-08-2024 23:33:37,1722900817,0,,,,,,,,,
0x4cae77ba1cfb30e32dfc5676e705935444394991b4776f774b92562768f35da5,inv_490baf8c,inv_d6e012a5,60240121,98000000,,1722900131,05-08-2024 23:22:11,1722900131,0,,,,,,,,,
0x47afa22ea15cf86066ad8e2d1c18ac228f4862d60e64f15befba7c64bb34600d,inv_490baf8c,inv_666237b1,60239995,285000000,,1722899831,05-08-2024 23:17:11,1722899831,0,,,,,,,,,
0x67320aa822e60721dbac8c45ff1b46aaea271ff553e87c0e60caead72af22b5c,inv_c48739e9,inv_4951f504,60236100,515267547,,1722890945,05-08-2024 20:49:05,1722890945,0,,,,,,,,,
0xb0e4d7065e51b10fe44d5b151008ff140e9cf880213ef541d614e518570c29dd,inv_c48739e9,inv_d6e012a5,60235814,15473468,,1722890305,05-08-2024 20:38:25,1722890305,0,,,,,,,,,
0xf5788a55d7bce46c2455f7777b98ef328a6f2a9de97e3347f22599676cee1589,inv_5b3a8491,inv_a1ef7ac4,60226475,101000000,,1722869687,05-08-2024 14:54:47,1722869687,0,,,,,,,,,
0x0a6e9471ead2a819925292ec2dc98ce3d963bb7038de91bc6cc4ee27e41d96ce,inv_aa0be9a1,inv_d6e012a5,60222060,18746759,,1722860043,05-08-2024 12:14:03,1722860043,0,,,,,,,,,
0x6f857f46b7bd52c536942af9ec9db33d3c0c046edb5f6a3a319a227e877268b3,inv_aa0be9a1,inv_d6e012a5,60221852,32005375,,1722859575,05-08-2024 12:06:15,1722859575,0,,,,,,,,,
0xd714615005ebc238eaf49c475d028dc466c84ab0e218613bf865fa08ee66a063,inv_2b4ec384,inv_d6e012a5,60213333,294055,,1722840574,05-08-2024 06:49:34,1722840574,0,,,,,,,,,
0x6b1d2361e5dd28892d876fc8e221010d641620547ec721ba36bae811bc415d1e,inv_c617a894,inv_4951f504,60200850,861529784,,1722812601,04-08-2024 23:03:21,1722812601,0,,,,,,,,,
0x71cb0529a51fcd67383dee086ea9418d455ce8ac69a9ffe2d09f9755845ec789,inv_c617a894,inv_9f0c7322,60162549,210000000,,1722727724,03-08-2024 23:28:44,1722727724,0,,,,,,,,,
0x6e7d940c95ba2e51f34b450e8da11c29259fbcde915f47074cf3f5fbf826afbd,inv_c48739e9,inv_d6e012a5,60153110,15372269,,1722706956,03-08-2024 17:42:36,1722706956,0,,,,,,,,,
0xe08dce6229be4b0c717bbce04e007d62dfce59619f774c73d0a60aa0e5c3464d,inv_c617a894,inv_d6e012a5,60152450,206352865,,1722705464,03-08-2024 17:17:44,1722705464,0,,,,,,,,,
0x2f8ce2e8363cc70ff8696e3da7b7b338f307f04b2c9cb4b19e704b2c6756cd9b,inv_c617a894,inv_d6e012a5,60152333,209990732,,1722705176,03-08-2024 17:12:56,1722705176,0,,,,,,,,,
0x8d61dcc05b3d4ab0c0334ab663f65ddc06d739f9f79769124ce802ea56ecb73f,inv_d2dda6a9,inv_9f0c7322,60147157,210000000,,1722693435,03-08-2024 13:57:15,1722693435,0,,,,,,,,,
0x2a892aa4be261bb620880190fc183c7958bee1f7398f6933d954fb573d957410,inv_5b84796a,inv_3f1dbc1b,60112550,108000000,,1722617186,02-08-2024 16:46:26,1722617186,0,,,,,,,,,
0x3a7b157955880f00b9e1f387c54639f5ea09a5f1d1453a55e9961f7a787fec2e,inv_1a946538,inv_b9b5acda,60108793,96000000,,1722608626,02-08-2024 14:23:46,1722608626,0,,,,,,,,,
0x231a73f21d1aaf4212a8a41d6697207c47e76f86e67054ae545d35367e02e115,inv_aa0be9a1,inv_b9b5acda,60087550,285000000,,1722561648,02-08-2024 01:20:48,1722561648,0,,,,,,,,,
0x2b5cb6cdb6c402b582b669bb28c87c132b418a606035de2a416d58e8e9b3fcda,inv_9b3094cc,inv_583e49db,60084122,424000000,,1722554212,01-08-2024 23:16:52,1722554212,0,,,,,,,,,
0x184a049a39f150c9f84fa2e13d28f990426068ef2a70f9af02c971bb6973dbf0,inv_a714227e,inv_b9b5acda,59979402,96000000,,1722322556,30-07-2024 06:55:56,1722322556,0,,,,,,,,,
0xd61156d41d5b3e508f3e5a90f3fd5eb75d9797e81bda5406150268369bba8c39,inv_490baf8c,inv_666237b1,59920192,288000000,,1722192934,28-07-2024 18:55:34,1722192934,0,,,,,,,,,
0x249cdcf3f683fc77f472ac1ffe556cd66f7a1305e7d4702dbc9ec35a640e3967,inv_490baf8c,inv_b9b5acda,59919594,192000000,,1722191596,28-07-2024 18:33:16,1722191596,0,,,,,,,,,
0x595cdd32907c559d64ebbced49ca7b3331421c20b6937a27a1a5024b93202ee8,inv_490baf8c,inv_b9b5acda,59919544,192000000,,1722191490,28-07-2024 18:31:30,1722191490,0,,,,,,,,,
0x85da60363a490807d59b9b74bda890c104e515bc21272adf2726e797cc23c120,inv_490baf8c,inv_b9b5acda,59919057,96000000,,1722190424,28-07-2024 18:13:44,1722190424,0,,,,,,,,,
0x95b3f12e504e2eceffc5a2697660c09c5f243873c871965ac7658ce62dfe0d3a,inv_490baf8c,inv_b9b5acda,59918167,96000000,,1722188436,28-07-2024 17:40:36,1722188436,0,,,,,,,,,
0xdb6f95bb1c4a4b493f517b12f71b4876fa81bb057391e4378fac6454af2547b3,inv_490baf8c,inv_b9b5acda,59918129,96000000,,1722188356,28-07-2024 17:39:16,1722188356,0,,,,,,,,,
0xdd0188952f19ebb3f876fdd4b9f9d8c90c328e22588dce4b8d947ce611ebd658,inv_490baf8c,inv_49f8251b,59917676,300000000,,1722187359,28-07-2024 17:22:39,1722187359,0,,,,,,,,,
0xc5a461cd9cccb462cc7da0b5531977f3a6e8963b095021d2d1ff417a661214d0,inv_490baf8c,inv_3f1dbc1b,59917492,198000000,,1722186969,28-07-2024 17:16:09,1722186969,0,,,,,,,,,
0xee7cd4ef00d7c3fef8a0b889f28492527f7a274f5c680fadd79eb2cf8c9b0e95,inv_490baf8c,inv_279a8356,59917217,300000000,,1722186353,28-07-2024 17:05:53,1722186353,0,,,,,,,,,
0x82a9494ab40be46ca439343bc46494b609e3f149d09d60bcaf50834c599d4e46,inv_03a9285b,inv_7c3150b9,59887696,115000000,,1722121209,27-07-2024 23:00:09,1722121209,0,,,,,,,,,
0xd5b57d63338292e7d87876fe2134b403a9f727ba854104751db67ecccb52c213,inv_88e68846,inv_8ed1f657,59864085,430216895,,1722067343,27-07-2024 08:02:23,1722067343,0,,,,,,,,,
0x259b6928eb064114fc604703bb044087b36fd87a9e98a153aa37cee455c36ec5,inv_d381a12e,inv_0ce4228c,59836289,100016000,,1722006940,26-07-2024 15:15:40,1722006940,0,,,,,,,,,
0xdb8fb3ed6899e157562ce7f884073cddd5390badfe266e0d3532938a3aa97b3a,inv_03a9285b,inv_87d2c033,59818858,105000000,,1721969671,26-07-2024 04:54:31,1721969671,0,,,,,,,,,
0x89376689af10c8abe63e94d099dffdc4e1fcb9db26f27a141de7eec5472e2db3,inv_03a9285b,inv_5bf1a511,59818571,113121991,,1721969061,26-07-2024 04:44:21,1721969061,0,,,,,,,,,
0x7bc00c8f73c75ca264a1d39bd7966bdf350e918073a84c80bc0b6e0547914253,inv_c48739e9,inv_4951f504,59802330,430089349,,1721934248,25-07-2024 19:04:08,1721934248,0,,,,,,,,,
0x57af0e8a0ba9d471c625cba40c91abc424188fd1ddd3096159c6860351089abc,inv_faaf7db9,inv_3db5e783,59801940,218000000,,1721933420,25-07-2024 18:50:20,1721933420,0,,,,,,,,,
0xd8945f5aceeadbe5e563607235f7df021c2125328df70f95fce1c84e1f715fda,inv_acb0426d,inv_b9b5acda,59799303,97000000,,1721927688,25-07-2024 17:14:48,1721927688,0,,,,,,,,,
0x94f9948829e5248b67316c8a8b14bee50fb8b925f25e36800d18c4c0040e0e65,inv_88e68846,inv_5bf1a511,59789349,303838661,,1721906017,25-07-2024 11:13:37,1721906017,0,,,,,,,,,
0xdd2f0c81018b182f7a14f90b3463c333853a981bc7fd11af199bb279ac852b87,inv_aa0be9a1,inv_666237b1,59783000,288000000,,1721892518,25-07-2024 07:28:38,1721892518,0,,,,,,,,,
0xb9bb498bffe3cd3b9a3d89432c35656e8fa7f5b874ae6d16c16d28f61e0bf051,inv_092b5098,inv_7c3150b9,59775600,115000000,,1721876739,25-07-2024 03:05:39,1721876739,0,,,,,,,,,
0x8b7364e812b22a2f9f05bfce763b92d7c69714ae75b9e975fa926bd1a273a65a,inv_aa0be9a1,inv_5bf1a511,59732327,245183105,,1721783826,24-07-2024 01:17:06,1721783826,0,,,,,,,,,
0xf641223e38c6503f7b18e3a18262ea6c5d0e7c8dfd576c85e8a491f772801d56,inv_aa0be9a1,inv_9f0c7322,59732201,105000000,,1721783558,24-07-2024 01:12:38,1721783558,0,,,,,,,,,
0xe889eeb4764b9fc31203d9ac9732b72c630473b80c53bd642eeff6a381112d1a,inv_aa0be9a1,inv_f93f5e79,59731544,35290000,,1721782162,24-07-2024 00:49:22,1721782162,0,,,,,,,,,
0x50bd4c6c5960b42c74f7fed53702ad8258c3277fcf1df45c9c30646d703d4c9a,inv_65b4dd5f,inv_5bf1a511,59727554,228091464,,1721773675,23-07-2024 22:27:55,1721773675,0,,,,,,,,,
0x15ee1f084dd5d0e23d43e9a9f65d25f4c66d78c5a4608fa6a289089e9d895bc2,inv_65b4dd5f,inv_6c51c747,59727494,652224686,,1721773547,23-07-2024 22:25:47,1721773547,0,,,,,,,,,
0x896461decbc5eaf3f33c767fee34a926ea635fa8d5cac8a365050ed5713e01d5,inv_65b4dd5f,inv_9f0c7322,59727405,81243411,,1721773357,23-07-2024 22:22:37,1721773357,0,,,,,,,,,
0x428c9b7d400a716c823d43c80e35d654a67d188a08f72dff601f9c5dd81f0611,inv_24290cf0,inv_5bf1a511,59726102,214515000,,1721770589,23-07-2024 21:36:29,1721770589,0,,,,,,,,,
0x8efd50d59e7453978fe315de1c165806fe606dc4bd8d0050b1b8f97f2bb25d72,inv_24290cf0,inv_5bf1a511,59725869,320113089,,1721770093,23-07-2024 21:28:13,1721770093,0,,,,,,,,,
0xe79aed36871477720c45808daebdcd87219e8a884c65d7c642c9007250118eb6,inv_aa0be9a1,inv_51bc405b,59716383,92819269,,1721749889,23-07-2024 15:51:29,1721749889,0,,,,,,,,,
0x8a48e5517283dda8d5f46c1d994af86366687cbf2dab5c31b2e950391defb307,inv_aa0be9a1,inv_a980ba61,59716232,30429848,,1721749569,23-07-2024 15:46:09,1721749569,0,,,,,,,,,
0x70113f1a4206b163097bf7a04b30516ec952f62bcbc7d125aded2071258cb1f9,inv_c617a894,inv_4951f504,59711376,290608493,,1721739138,23-07-2024 12:52:18,1721739138,0,,,,,,,,,
0xa460aab0cb2ba5ac997e3e920f78dd682e346dd972645d98210798a4a33cdde1,inv_ca9624c0,inv_3db5e783,59709608,109000000,,1721735306,23-07-2024 11:48:26,1721735306,0,,,,,,,,,
0x739bfd0212e82465fc768340028c2c4f14c47782340c35fc5aa8def150b8f004,inv_ca9624c0,inv_40fd4c37,59709552,50285706,,1721735188,23-07-2024 11:46:28,1721735188,0,,,,,,,,,
0x709a7c38d04e3943baa1a7859cd8366f387f46705267822443839e2389a525dd,inv_62fc6c1b,inv_49f8251b,59688678,145000000,,1721690355,22-07-2024 23:19:15,1721690355,0,,,,,,,,,
0xfe32c17a4e9ff6cf60dd6e26e9f027a3ffdd4cd15610e707c19113f83ec539cb,inv_c48739e9,inv_0ce4228c,59683713,205664045,,1721679674,22-07-2024 20:21:14,1721679674,0,,,,,,,,,
0x4e1c4b74ef5094cced36ce065736e1c0966ed4e826ea6ff868db120a2bde098a,inv_f828c839,inv_9f0c7322,59677146,105000000,,1721665565,22-07-2024 16:26:05,1721665565,0,,,,,,,,,
0x4b432a07c32c8b53a8d27f8645f8dff5f93ae9f11d00e8418ebae829fea7a6a0,inv_c48739e9,inv_40fd4c37,59676087,99362433,,1721663307,22-07-2024 15:48:27,1721663307,0,,,,,,,,,
0x9d8e289a186068f718f91b71b97640cf794f88fca6ac3d42e997a730eaeb6c2b,inv_0ce4228c,inv_7c3150b9,59675201,115000000,,1721661425,22-07-2024 15:17:05,1721661425,0,,,,,,,,,
0xd4eb6f18b19615eb4f4ce1ecb6a3272dff7f204f8b15d580f06429319016d8e0,inv_319dc077,inv_b9b5acda,59675081,98500000,,1721661169,22-07-2024 15:12:49,1721661169,0,,,,,,,,,
0x000051152712395088829c53b126c2a3a1aedc8c340b42018520a910aa1c82e5,inv_319dc077,inv_b9b5acda,59674914,98500000,,1721660815,22-07-2024 15:06:55,1721660815,0,,,,,,,,,
0xa952b6f991a9f6a567e62d0d6fbc3d0f8f7177a3f29e031c06f5bf057d307465,inv_0ce4228c,inv_a1ef7ac4,59672897,17770248,,1721656529,22-07-2024 13:55:29,1721656529,0,,,,,,,,,
0x285bbfc9e810fc797af706d50a7e7ad7d5e43fc82dec74b6afea7b316be7e4c9,inv_c48739e9,inv_9b3094cc,59635314,545000000,,1721575053,21-07-2024 15:17:33,1721575053,0,,,,,,,,,
0x632d5356fd34b5435e380b162f88cab977aae53d321ff68884cf2a804da34694,inv_5b3a8491,inv_9f0c7322,59626149,100000000,,1721555431,21-07-2024 09:50:31,1721555431,0,,,,,,,,,
0xe1b77f895a823e0fc8fc8e6f272d634f3e0e62ebf42ab78c31e55fe8bdb86f4c,inv_88e68846,inv_9f0c7322,59625996,172012941,,1721555095,21-07-2024 09:44:55,1721555095,0,,,,,,,,,
0x95d776163bfd7b9181a00e4f381ceec71bad1d814a623815f2690db6b102d308,inv_34a800be,inv_a980ba61,59625900,23659972,,1721554887,21-07-2024 09:41:27,1721554887,0,,,,,,,,,
0xb600e64313e1cd6fe4b9f34f61ef8ffde122c7c47d9f99f3c8fcf151ae649ea1,inv_490baf8c,inv_f81d59ac,59601241,217996769,,1721501435,20-07-2024 18:50:35,1721501435,0,,,,,,,,,
0xc9d009899b0135b6fa5c5d446573c00938233cfb0e60ddb92afad5b732d5d38f,inv_a980ba61,inv_9f0c7322,59597531,241637823,,1721493432,20-07-2024 16:37:12,1721493432,0,,,,,,,,,
0x7ed55658da87d846e113d1491bc42a9c6b94009971b40c03a70d1e346f053f01,inv_446f5ed1,inv_4951f504,59563051,538261755,,1721419394,19-07-2024 20:03:14,1721419394,0,,,,,,,,,
0x3b01b989eba90a7c9c9b7afef0e31c994896c1d886dd68d07300f6c33646f3dd,inv_446f5ed1,inv_b9b5acda,59562946,339870956,,1721419172,19-07-2024 19:59:32,1721419172,0,,,,,,,,,
0xcb4661739ff6fe44a3c5d60b6951a8476b1a72951985a40d8bebe69c0681b054,inv_c617a894,inv_666237b1,59561381,480000000,,1721415846,19-07-2024 19:04:06,1721415846,0,,,,,,,,,
0x3fc59678f81b87ac9bf4f4dbf2f3b61f0742734c427dd6d9f75e3fbbb50a3020,inv_c617a894,inv_666237b1,59561237,480000000,,1721415540,19-07-2024 18:59:00,1721415540,0,,,,,,,,,
0xa833b3e8d51c24e46968e3bcaf925b50682b26bd194e20cc5b04b110fde4ddce,inv_24290cf0,inv_a1ef7ac4,59560780,54162684,,1721414568,19-07-2024 18:42:48,1721414568,0,,,,,,,,,
0x45d91073ab72c9c346fcd706dbaa5247291f0ec144f8537ae9d0f34ee0969015,inv_c48739e9,inv_ca9624c0,59551438,28878106,,1721394612,19-07-2024 13:10:12,1721394612,0,,,,,,,,,
0xef86bbb7f04c8cd13e4d9bdab982346a2d7b922fdd11fb36282e3d865db821f9,inv_d1e999d9,inv_f81d59ac,59549265,547213530,,1721389932,19-07-2024 11:52:12,1721389932,0,,,,,,,,,
0xdade5687d585076f790ae7deac9aff67cfcbc0dcd3ba23c49a1d16f0e1d5ee5e,inv_490baf8c,inv_b9b5acda,59530054,366952201,,1721348924,19-07-2024 00:28:44,1721348924,0,,,,,,,,,
0x6940f61997aee9ff5ead3ca25504e93fcd5d31df61d50d97fa95b943779d0435,inv_490baf8c,inv_666237b1,59528993,480000000,,1721346670,18-07-2024 23:51:10,1721346670,0,,,,,,,,,
0x12fa957046a260b7e83e42e1225ea7a1f3fdbb7191186d744683392a2446c8d6,inv_446f5ed1,inv_666237b1,59524305,480000000,,1721336669,18-07-2024 21:04:29,1721336669,0,,,,,,,,,
0x3d8cf1cf0f442eb407c7743ccbf78a0b3e647ef27c0886abfc4e67b205332395,inv_88e68846,inv_a1ef7ac4,59512764,24364358,,1721312095,18-07-2024 14:14:55,1721312095,0,,,,,,,,,
0x955ffe66e08f3cbc1fc02f3570042a235df1b69e6c60ea1c659bce3a72aa6874,inv_446f5ed1,inv_51bc405b,59507779,200000000,,1721301415,18-07-2024 11:16:55,1721301415,0,,,,,,,,,
0xa0bacb88ddf2c0a9506af9f5119f759b3e0aa7441168c4ee1a095e2a51bc6960,inv_446f5ed1,inv_51bc405b,59507681,300000000,,1721301207,18-07-2024 11:13:27,1721301207,0,,,,,,,,,
0x89e720aae8b01e12184f1d649b9d27f38b5011b9d1c80dd998c8dadd7f621c60,inv_446f5ed1,inv_51bc405b,59507601,400000000,,1721301037,18-07-2024 11:10:37,1721301037,0,,,,,,,,,
0x0daeb0816f05e60a779d85db1865a8fbafd1d4d6261cd74327771a287fa0d565,inv_f7ba494a,inv_51bc405b,59507384,85917138,,1721300575,18-07-2024 11:02:55,1721300575,0,,,,,,,,,
0x70be9716aacfaf81ac9c0158605680727ee0b239cc089b5eab6496c50e7682f5,inv_446f5ed1,inv_4951f504,59507085,547470000,,1721299939,18-07-2024 10:52:19,1721299939,0,,,,,,,,,
0xbc717a13fa5705f3677a402d076327690cb7ab33571dd50941ecc96a7159ecbd,inv_773b86c1,inv_f828c839,59505899,99000000,,1721297415,18-07-2024 10:10:15,1721297415,0,,,,,,,,,
0x5cdc1eb9cf6763bbbe2d08a562df4f18b1e4549c748929398aa50d4acfb81851,inv_3db5e783,inv_02c2f068,59505627,86628452,,1721296833,18-07-2024 10:00:33,1721296833,0,,,,,,,,,
0x9293598a4d6d7562ed4b0ab31e327a073ab88eecf3718f00555a3e086fca62dc,inv_24290cf0,inv_9f0c7322,59505157,109000000,,1721295835,18-07-2024 09:43:55,1721295835,0,,,,,,,,,
0xe04f033b3453aafa205c3fefa2a5eeb6bfc974c1a28e65656f74244d99b1ed4d,inv_02c2f068,inv_3db5e783,59503802,62092942,,1721292953,18-07-2024 08:55:53,1721292953,0,,,,,,,,,
0x72acb2e2c8927c71e772e11862c9f0ccceed4e5fc128a646332e52d7229b5924,inv_c48739e9,inv_f81d59ac,59503522,545000000,,1721292357,18-07-2024 08:45:57,1721292357,0,,,,,,,,,
0x3f1ca16b1837554308d71a13208090e1f344bc48e28e2b04bde2a3eacd12f38c,inv_24290cf0,inv_a1ef7ac4,59502093,27068061,,1721289318,18-07-2024 07:55:18,1721289318,0,,,,,,,,,
0x78244f2cdd9584546e952204479d2450e5bd1e752be86743487264224a3331de,inv_24290cf0,inv_a1ef7ac4,59500744,37761811,,1721286439,18-07-2024 07:07:19,1721286439,0,,,,,,,,,
0xad724167b2570cbcccf11638260e4c5f7dca6e459b06616f35a224dcb8fa66ae,inv_88e68846,inv_9b3094cc,59499761,327000000,,1721284287,18-07-2024 06:31:27,1721284287,0,,,,,,,,,
0x9bb084aa6445fa644e987c37127d06fdee39bf418aab68b129753d06f5cd35b0,inv_03a9285b,inv_b481a14e,59491235,100000000,,1721265781,18-07-2024 01:23:01,1721265781,0,,,,,,,,,
0x3883b6c390d76608e8bd588b89606f32d3190991f57b242c71cd9222739d4f86,inv_03a9285b,inv_7c3150b9,59491059,115000000,,1721265383,18-07-2024 01:16:23,1721265383,0,,,,,,,,,
0x9d7fd642bfd1d93885fc26fe7e560614e64a90628fe7ed59493f8532874af89e,inv_490baf8c,inv_9f0c7322,59488741,212000000,,1721260385,17-07-2024 23:53:05,1721260385,0,,,,,,,,,
0x59b0a1c70ace3a69b9d6265ad3768ed3a8d3410b95c59f2e4f7faa2321e2275a,inv_490baf8c,inv_9f0c7322,59487447,105000000,,1721257634,17-07-2024 23:07:14,1721257634,0,,,,,,,,,
0x341dacc9a367ad49f19c06869b6fc21706db316c7862db80f399148975084d30,inv_490baf8c,inv_666237b1,59482840,392000000,,1721247844,17-07-2024 20:24:04,1721247844,0,,,,,,,,,
0xa581f4e132c3fdb4adafcdab382b03bda21e7ab36d508e5317e6b4101d0f34eb,inv_490baf8c,inv_4951f504,59482689,618675287,,1721247524,17-07-2024 20:18:44,1721247524,0,,,,,,,,,
0xe769c84aad02b1c59ad6693bc97394ac1be99d53cbea642539e6c476a5648b16,inv_24290cf0,inv_9f0c7322,59478183,108000000,,1721237819,17-07-2024 17:36:59,1721237819,0,,,,,,,,,
0x0819334c0f45c45f1f88c54ec8a76981dd8c9da98b16e8fb135cb8c6a93349be,inv_9f0c7322,inv_a1ef7ac4,59477836,24162964,,1721237049,17-07-2024 17:24:09,1721237049,0,,,,,,,,,
0x7cdef1bf300c476edfbd1d09fdf72465b58de5866bf6947f800810f570cb9b2e,inv_ca9624c0,inv_a1ef7ac4,59476055,16355525,,1721233201,17-07-2024 16:20:01,1721233201,0,,,,,,,,,
0xa4894e9eded76e91d2b15ff63c6a8d46ccb7a402eb907611b5e71454945fdb3c,inv_c48739e9,inv_6e1e2c00,59475929,109300000,,1721232933,17-07-2024 16:15:33,1721232933,0,,,,,,,,,
0xe94924bda01ee6a3d8f148ab00a82e6d13a7c423aa08c947cfed01d8b5bb1a5c,inv_c48739e9,inv_6e1e2c00,59475546,109300000,,1721232119,17-07-2024 16:01:59,1721232119,0,,,,,,,,,
0x7c5545fa08950bf9392e0cca55658945c8da8baaee422891d15b2cc9878353e0,inv_c48739e9,inv_df2ffc62,59475222,107060000,,1721231431,17-07-2024 15:50:31,1721231431,0,,,,,,,,,
0xe31779b04ef5935ff152fc0e66b17f0e0be4464eff60b5cee451f93198d5c4cf,inv_c48739e9,inv_6e1e2c00,59474849,109300000,,1721230639,17-07-2024 15:37:19,1721230639,0,,,,,,,,,
0xa329dab4d58a9734ce556c7522bd21fe64f358e36f048b028bffd768246ecccc,inv_c48739e9,inv_6e1e2c00,59474696,109300000,,1721230313,17-07-2024 15:31:53,1721230313,0,,,,,,,,,
0x86ac287b0255b4745a95ff55b587c0244492f204caaebb4bb61cd65bba5571b0,inv_c48739e9,inv_6e1e2c00,59474609,109300000,,1721230129,17-07-2024 15:28:49,1721230129,0,,,,,,,,,
0xafdb4dd66387e1af04b0fb47e0edb70d4495db6dde6111ccf2e7cfd04e33e50d,inv_c48739e9,inv_9f0c7322,59474254,105000000,,1721229373,17-07-2024 15:16:13,1721229373,0,,,,,,,,,
0xdf61b9f8a1652469ff38987fb0ead9b1f01a6da6d5142c3fcb03c0c705405242,inv_c48739e9,inv_9f0c7322,59473916,107000000,,1721228655,17-07-2024 15:04:15,1721228655,0,,,,,,,,,
0xc8a125e143f16745b9a8760e1f7cb979054f5f1db7851c1a1acbe305c451835b,inv_88e68846,inv_bfc9f38b,59470952,1000000000,,1721222357,17-07-2024 13:19:17,1721222357,0,,,,,,,,,
0x5a162deda1b25ea637d8e14bd881bfda9dfb1fae9b9a682b0baf7b6613483966,inv_c48739e9,inv_773b86c1,59466455,105175824,,1721212792,17-07-2024 10:39:52,1721212792,0,,,,,,,,,
0x0d13991abc894dd5ada78d282a983ad5c88d55828f52121325a199521c49d907,inv_c48739e9,inv_b481a14e,58041908,315000000,,1718134952,11-06-2024 19:42:32,1718134952,0,,,,,,,,,
0xeffd489fab53142620a92ae5fe1a2acef70300d605dc3c5ac221fdd46555ee24,inv_34a800be,inv_cfa06f52,58039275,1000000000,,1718129295,11-06-2024 18:08:15,1718129295,0,,,,,,,,,
0x8effac9a074947ff6368cc37e3acfb0907efb8fc3f97ce5dbca8174a589ce4f3,inv_939ca62f,inv_7ad414f4,57999984,52561715,,1718043718,10-06-2024 18:21:58,1718043718,0,,,,,,,,,
0x8f3e38973d82d498e5f6ac0a92c6bc2f390dc8d4ed38f86688d2c33f28f201bc,inv_c48739e9,inv_ce8e5e1e,57986663,99000000,,1718015105,10-06-2024 10:25:05,1718015105,0,,,,,,,,,
0x5c5898180b27317cf46f7b6effc461164dbe6ba4c72ef4cc3e0b7279b9bfc0c7,inv_c48739e9,inv_fc5218f7,57961590,393412065,,1717960361,09-06-2024 19:12:41,1717960361,0,,,,,,,,,
0x8476d6001aff943d687bb34952cef31165c01a02df947d3a69f306140f1c5dd1,inv_7ad414f4,inv_34a800be,57957576,48684538,,1717950976,09-06-2024 16:36:16,1717950976,0,,,,,,,,,
0x215ab9dfab0e17f78c7de926f499458c6ef009adb43aed813534da0fc4967155,inv_7ad414f4,inv_34a800be,57957316,49521776,,1717950392,09-06-2024 16:26:32,1717950392,0,,,,,,,,,
0x90b996551e0927f39d57958ea645cc80f16a36030be46c2519ad9b5cea2e5c52,inv_88e68846,inv_6aaad9ff,57946608,1000000000,,1717926796,09-06-2024 09:53:16,1717926796,0,,,,,,,,,
0x99ddf1f8660fa5d4e0ff928707cc999ec599c63e2d439125c6cad5e60ecffe66,inv_88e68846,inv_6aaad9ff,57946561,500000000,,1717926671,09-06-2024 09:51:11,1717926671,0,,,,,,,,,
0x1b00668366c8aeab31a680d9c1905cc54bc25b3803bd1435c63d665eb3250eb2,inv_88e68846,inv_fc5218f7,57946033,404502670,,1717925512,09-06-2024 09:31:52,1717925512,0,,,,,,,,,
0xd5fc597fa18fcab094922003edd2055d5b8665e02b386e7d52cc005bfa8c2029,inv_c48739e9,inv_9f0c7322,57929266,94566091,,1717886472,08-06-2024 22:41:12,1717886472,0,,,,,,,,,
0x29515fd11b36ba7c8a4e441bdac377e51e658ac692c23ad854f1c895410614e0,inv_c48739e9,inv_a1821303,57927154,133438390,,1717881562,08-06-2024 21:19:22,1717881562,0,,,,,,,,,
0xde9e0a2117b0d93a11c0ac6ad0b7be43e63064167e06d4c9e525e8074659b222,inv_092b5098,inv_7ad414f4,57926705,54049664,,1717880512,08-06-2024 21:01:52,1717880512,0,,,,,,,,,
0x7750614f9cb33a7c55d7880e943989883d77949069440a399b8e26ec3f0f63a0,inv_092b5098,inv_4e9eb0c7,57926535,568050000,,1717880134,08-06-2024 20:55:34,1717880134,0,,,,,,,,,
0xe2fbcb52cb65522a00df65fffe7478e4e80ab94726b1f2393379c24673354e0a,inv_c48739e9,inv_b481a14e,57906090,105000000,,1717834836,08-06-2024 08:20:36,1717834836,0,,,,,,,,,
0x99e8a020cf7ceb74c4a8cf012a5fdc1a6e11c6708fd157308e21e0715a0cef0e,inv_092b5098,inv_34a800be,57884848,144921070,,1717787970,07-06-2024 19:19:30,1717787970,0,,,,,,,,,
0x9a4934409c33affdacc9560ca8eed9871351a2a71788e4407524ad28c082987d,inv_bb43ecbb,inv_a1821303,57837072,146438648,,1717682213,06-06-2024 13:56:53,1717682213,0,,,,,,,,,
0x55dbea26c82868f29fe12036e0e1229f205c55f142839ff6ce4aeec182135ca0,inv_c48739e9,inv_9f0c7322,57811782,208000000,,1717625389,05-06-2024 22:09:49,1717625389,0,,,,,,,,,
0xc09bce4b038bc641de5120697e8f2a359f31588c9627f9ced8ff1e12f1a6f305,inv_c48739e9,inv_7ad414f4,57811561,53000000,,1717624887,05-06-2024 22:01:27,1717624887,0,,,,,,,,,
0x9a3c23d8bb4ee1ce66b2e10d8385d09cdbfac29b8aa3bc923de11dcc63ca7357,inv_c48739e9,inv_a1821303,57811422,17609966,,1717624559,05-06-2024 21:55:59,1717624559,0,,,,,,,,,
0x503c46b16fc70d5b5edc2f791ed1dcb9ca61dfbf2ca6346c6fba9bdb4fb5769b,inv_c48739e9,inv_a1821303,57811304,179743261,,1717624309,05-06-2024 21:51:49,1717624309,0,,,,,,,,,
0x8de67e6b0dff7b582d51086722e8636f37fc2f11d0f59a8f0430c619a555c1a7,inv_7ad414f4,inv_6ffe0638,57788881,101030791,,1717573926,05-06-2024 07:52:06,1717573926,0,,,,,,,,,
0xfe13d515de3f9b48088dade4974cb4554dd8e1743f90f34be9fd03d47ac8c039,inv_092b5098,inv_b261c1fb,57779685,71190985,,1717553312,05-06-2024 02:08:32,1717553312,0,,,,,,,,,
0xa2f84276327c995962531924c556b2457cc9078d86c03f9c7d947a4832936e5b,inv_88e68846,inv_9f0c7322,57731284,208000000,,1717443635,03-06-2024 19:40:35,1717443635,0,,,,,,,,,
0xe8e051fa59f9a2d3e3157727cd045b80e9640372780d3d1875f0b07415b8f74f,inv_092b5098,inv_fe25e7bc,57662481,484073195,,1717289126,02-06-2024 00:45:26,1717289126,0,,,,,,,,,
0x0ab79bbc91d0787e3ec114ee1167af18176549566dc43a2c778cee7d4de77468,inv_c48739e9,inv_b261c1fb,57618844,107000000,,1717190514,31-05-2024 21:21:54,1717190514,0,,,,,,,,,
0x2fd604f48e49398e5b6314a66657db6700fbb5aa89333fe5d7ac00cd314584b1,inv_c48739e9,inv_9f0c7322,57618499,101000000,,1717189718,31-05-2024 21:08:38,1717189718,0,,,,,,,,,
0xeb62e31d6a74ac0f862ce2ddb8cdd507b86de93ddf9dd04f012581d1facaf3e4,inv_e81b677a,inv_046c2536,57541375,53831029,,1717015291,29-05-2024 20:41:31,1717015291,0,,,,,,,,,
0x084ed7bcdbb8c4b6bd10b7b2e7e2da26b60a6e023c2665883ec8eb6e26fd30dc,inv_498e8beb,inv_0806542c,57540342,258601639,,1717012872,29-05-2024 20:01:12,1717012872,0,,,,,,,,,
0x93eba379b5b1be792adfdd8f76a3f04b60ba2c3bd83f283b96b1d5e73217c18e,inv_a581993a,inv_666237b1,57487995,470000000,,1716897043,28-05-2024 11:50:43,1716897043,0,,,,,,,,,
0x17d2e86daff6ef0fcac4facf19863cc9bb36f8199352773545dd38c0f5946f6c,inv_c47cd389,inv_0806542c,57466176,210266548,,1716848607,27-05-2024 22:23:27,1716848607,0,,,,,,,,,
0xef66523747a8997f0ca6399b571866ce82df5693c469e19c822b0b5712686940,inv_85c77913,inv_0806542c,57463863,144530000,,1716843367,27-05-2024 20:56:07,1716843367,0,,,,,,,,,
0x7425d62496c8cc5bd6b26ec745117ac37df6baa280e06a225646c0234e33a6ee,inv_88e68846,inv_666237b1,57455328,332500000,,1716824080,27-05-2024 15:34:40,1716824080,0,,,,,,,,,
0x321d6119deaeb9aeb729aed92e2c4d4614a2f3d95ff82fc323dbc1b6839a9a82,inv_e81b677a,inv_666237b1,57416329,380000000,,1716736797,26-05-2024 15:19:57,1716736797,0,,,,,,,,,
0x88032247d4604dcc03f6f08111b5446b72839cd14ce09f41ee1547bc58afeffc,inv_e81b677a,inv_63db307c,57416107,500000000,,1716736325,26-05-2024 15:12:05,1716736325,0,,,,,,,,,
0x4ffc22dea5bbdf4633e884851202bc378681437bdb149234b25937d740ed7e0d,inv_88e68846,inv_9a41869a,57365672,217610000,,1716621750,25-05-2024 07:22:30,1716621750,0,,,,,,,,,
0x0d39d927e79da54b80fcf5c1221e551b0fdc7440c60e7749176e74a6aecafa90,inv_88e68846,inv_63db307c,57365439,500000000,,1716621222,25-05-2024 07:13:42,1716621222,0,,,,,,,,,
0xb96ce3211974196190848de6eb10e756bc206f1f2c296ea4aa7f78af258a7267,inv_4dbb0533,inv_9f0c7322,57304028,202000000,,1716484081,23-05-2024 17:08:01,1716484081,0,,,,,,,,,
0xc9bfc21b407977dfb974d00ae7dc0938c9890be56972995179256e4419c59b2f,inv_36c4275c,inv_666237b1,57272798,332500000,,1716412895,22-05-2024 21:21:35,1716412895,0,,,,,,,,,
0xec3c1e496dd2069559d01444416767d20dbbd241c236f53ac5687e5a3d275a8e,inv_f20e5725,inv_e69a5ab7,57260929,504500000,,1716385134,22-05-2024 13:38:54,1716385134,0,,,,,,,,,
0x48fc9bef8db1970178d16a6f0df27b9f8f154a96ef4fe66b132b55c31910334d,inv_49de41e1,inv_fe25e7bc,57248652,481675269,,1716356430,22-05-2024 05:40:30,1716356430,0,,,,,,,,,
0x324f1e217e056dbe8f488d6d6b21ea76550bcf6310c250bfcfacf382afed745f,inv_49de41e1,inv_9f0c7322,57235396,202000000,,1716325261,21-05-2024 21:01:01,1716325261,0,,,,,,,,,
0xd7e9ae3980170e0558d49d347bc02ba7bd5afa3d9ebd12f2d561a9451ee4a589,inv_c48739e9,inv_e69a5ab7,57234417,309600000,,1716322954,21-05-2024 20:22:34,1716322954,0,,,,,,,,,
0xd20298084bdf621dcfd305a332629ef1bf49570f53f922580f505a83e118aac9,inv_c48739e9,inv_9f0c7322,57153116,102000000,,1716138340,19-05-2024 17:05:40,1716138340,0,,,,,,,,,
0xb616436caaaab61bb65c9f131b6f29b441bef97149c10631e320f4555bf428a0,inv_88e68846,inv_9f0c7322,57098219,102000000,,1716013222,18-05-2024 06:20:22,1716013222,0,,,,,,,,,
0x675bf1ceca634047a0e62de658b19ea3c156b9f2e790fa058739f44589642a90,inv_4dbb0533,inv_6c51c747,57049512,1282556478,,1715899531,16-05-2024 22:45:31,1715899531,0,,,,,,,,,
0x5dac10726ac534ee6d8213b8251d445aed636adaee93ed8c4e9e481f9b4d60d6,inv_240af523,inv_6c51c747,57045135,1455000000,,1715889689,16-05-2024 20:01:29,1715889689,0,,,,,,,,,
0x4df26fc04cbb75c7b98c2041083e8a205b65a635e81b68d45e1c682b4e1e3218,inv_240af523,inv_6c51c747,56975866,1455000000,,1715729056,14-05-2024 23:24:16,1715729056,0,,,,,,,,,
0x9a3d378c98166648aa4d80ce9811b5103772a021e0c7f42f19bc49ebe6f678cb,inv_240af523,inv_9f0c7322,56975440,206000000,,1715728080,14-05-2024 23:08:00,1715728080,0,,,,,,,,,
0x7a57da074afa5ec20966be4181e435b758328af2eef84cb60bc171a4e911d77d,inv_240af523,inv_fe25e7bc,56975408,1113760939,,1715727980,14-05-2024 23:06:20,1715727980,0,,,,,,,,,
0x24cb63730e29c46a8a4ffae7a91a10acbe64c6dc1e16e9831a3168e2871111e8,inv_240af523,inv_9f0c7322,56975309,206000000,,1715727704,14-05-2024 23:01:44,1715727704,0,,,,,,,,,
0x3adaf9dfad410d717fc4ed5f5afaad99a4da5b944675d7fb154d82ece4e8454b,inv_7c3150b9,inv_7ad414f4,56923230,59901727,,1715610463,13-05-2024 14:27:43,1715610463,0,,,,,,,,,
0xa1b12741034d1db81767d9e0a2baf7ea3606a3895e2cda1b41eb409c457b0d5f,inv_e81b677a,inv_6c51c747,56861466,198000000,,1715473263,12-05-2024 00:21:03,1715473263,0,,,,,,,,,
0x131163f2d7d2240b18645012dcf1368d4f2b5aacc975cdab7b5d20354d1f1bc3,inv_e81b677a,inv_9f0c7322,56861300,206000000,,1715472910,12-05-2024 00:15:10,1715472910,0,,,,,,,,,
0xe63e02bdd603e63cd393c3bbfc61126889c992bcb292a24ab7c9c15f2691c299,inv_e81b677a,inv_6c51c747,56861144,728203862,,1715472575,12-05-2024 00:09:35,1715472575,0,,,,,,,,,
0x62fd522cc38e96b33f11dfd60a87bae79740daca60c3e5ca038695fec947a25a,inv_e81b677a,inv_9f0c7322,56861073,206000000,,1715472422,12-05-2024 00:07:02,1715472422,0,,,,,,,,,
0x9170719eef125eebbed9c0ee4d368dc40d0eeccc2e9c886d029b48d3ccf868b5,inv_c48739e9,inv_9f0c7322,56809719,208000000,,1715361722,10-05-2024 17:22:02,1715361722,0,,,,,,,,,
0x54b71ea93b83ef26fb350df25e264354c497a7da9f215a931e969bb94c5fc530,inv_c48739e9,inv_9f0c7322,56809533,309000000,,1715361326,10-05-2024 17:15:26,1715361326,0,,,,,,,,,
0xcc57636eea764c3eb9465813461fa6423f1de81c80562d8ae628b5309ab37bbf,inv_c48739e9,inv_9f0c7322,56809221,208000000,,1715360664,10-05-2024 17:04:24,1715360664,0,,,,,,,,,
0x7afd659a1013babf2e6c2e52c5d4cbba0dbd671e7a6cb1d601c6273d385ba5ab,inv_c48739e9,inv_5fd0bb76,56808927,100000000,,1715360006,10-05-2024 16:53:26,1715360006,0,,,,,,,,,
0x16430f6e86ea98842b77a493d210cf9429f060fb84a803d87e274dab184ebba4,inv_498e8beb,inv_fe25e7bc,56655054,593430568,,1715022752,06-05-2024 19:12:32,1715022752,0,,,,,,,,,
0xd3c5ddf168cf3500f57a52b205aa702bfc52c90bbd847aedc0b16fd9a3f72366,inv_baefba0d,inv_6ffe0638,56647961,120026973,,1715006905,06-05-2024 14:48:25,1715006905,0,,,,,,,,,
0x99bd4ef970f466d71afdb9811e8f962679302b75bba38cc48dd0932ba84e2188,inv_4dbb0533,inv_fe25e7bc,56632414,500000000,,1714970758,06-05-2024 04:45:58,1714970758,0,,,,,,,,,
0xb092c0f25d4ee4160a22d09e869c34e294ecbb98ac2512e0102f976a160a622f,inv_88e68846,inv_6c51c747,56618975,212000000,,1714940442,05-05-2024 20:20:42,1714940442,0,,,,,,,,,
0xefae7d539a204da57999c541cbf4df6e40901bfcf435f72602853216daffe821,inv_88e68846,inv_6c51c747,56617506,1050000000,,1714937322,05-05-2024 19:28:42,1714937322,0,,,,,,,,,
0x3ca13f4d8af8fd604aba6f144ea527b6866dd13c43ba761e1666cf9d054cd070,inv_69dcf1b1,inv_a425abc2,56607552,1030000000,,1714915657,05-05-2024 13:27:37,1714915657,0,,,,,,,,,
0x86adc1e488e1f64aa8cc4148ebff061f14b77d59890d268f0157b27bb0481d6a,inv_49de41e1,inv_6c51c747,56605282,525000000,,1714910641,05-05-2024 12:04:01,1714910641,0,,,,,,,,,
0x17de327792e8ec90ce0bceb4c0764416bea5b23bce9037211a7efe1b0816932b,inv_88e68846,inv_bae261c9,56601596,1062246,,1714902515,05-05-2024 09:48:35,1714902515,0,,,,,,,,,
0x4abf0c3b18541e3c98937aff0186bca9b230797205548952f8b6963c1bec50e9,inv_c48739e9,inv_b261c1fb,56579741,213000000,,1714853290,04-05-2024 20:08:10,1714853290,0,,,,,,,,,
0xe4e78e2e1769ca42b6553cb07b3a1d0225f486da72a6780c369bfbc2cc15c2fd,inv_5ac18481,inv_6fd31ede,56496542,424704145,,1714659150,02-05-2024 14:12:30,1714659150,0,,,,,,,,,
0x629b2830074becb6bfbc98f9263aaee34ff832ed11f44c1028c8176c622d2489,inv_a581993a,inv_51bc405b,56495897,400000000,,1714657680,02-05-2024 13:48:00,1714657680,0,,,,,,,,,
0x927263216b3efbb47d27e71cd145ea5232d3fd79bf721f6fe192015db184bac0,inv_a581993a,inv_6c51c747,56495796,495000000,,1714657466,02-05-2024 13:44:26,1714657466,0,,,,,,,,,
0x4984f4c83d95a607351c39a5add64756717dfdb5be67c35cb362a1ab3c251218,inv_88e68846,inv_666237b1,56452666,950000000,,1714554875,01-05-2024 09:14:35,1714554875,0,,,,,,,,,
0xa96d94e4750fb67a1206dc10fc2b00f5fdc539ec7dfbfffcbbc7a703ce9ffc0d,inv_092b5098,inv_b261c1fb,56404000,60901768,,1714439393,30-04-2024 01:09:53,1714439393,0,,,,,,,,,
0x26a970439d91a31cf892e771f95f6c37aa75970b1ad9d2b310da779fe7d10a6d,inv_4dbb0533,inv_666237b1,56394483,475000000,,1714416658,29-04-2024 18:50:58,1714416658,0,,,,,,,,,
0x258c62b90d78d63155bd473c5972f1ee974859719494551ef2cb683b2aba8812,inv_4dbb0533,inv_fe25e7bc,56393930,522500000,,1714415317,29-04-2024 18:28:37,1714415317,0,,,,,,,,,
0x9e7b5955d23af22f56488f0e97873cb2ed1c62c2bbaf74ca599093f41c5db030,inv_e81b677a,inv_00f58a3a,56363101,190000000,,1714342934,28-04-2024 22:22:14,1714342934,0,,,,,,,,,
0x993e5b3dff310cf27881f23c0c72a9912e4c5e48d240b1c2d6c5b7e698a75883,inv_e81b677a,inv_498e8beb,56362897,539950000,,1714342438,28-04-2024 22:13:58,1714342438,0,,,,,,,,,
0xc1b22258dfaacb6089a7b9297ead417873a62525ec08072015ed6af39c53ea0b,inv_c48739e9,inv_00f58a3a,56353627,218500000,,1714319683,28-04-2024 15:54:43,1714319683,0,,,,,,,,,
0xea87e17764bd6c1735a1faedd3a624245c726ef40c3a009da4912f832f11ff06,inv_bae261c9,inv_82332010,56306593,116878787,,1714207791,27-04-2024 08:49:51,1714207791,0,,,,,,,,,
0xd350e3ad9faae0e3c1a695ded95d17dbfdd669507fd0198bf9279728de7de367,inv_092b5098,inv_6c51c747,56288132,200000000,,1714165298,26-04-2024 21:01:38,1714165298,0,,,,,,,,,
0x0822a2ba6d0cae1ade5992d2951b6eafebc511065c4bedb61dd3cd742b23250c,inv_240af523,inv_393ce3e2,56270681,2140000000,,1714125251,26-04-2024 09:54:11,1714125251,0,,,,,,,,,
0xbae34c652ff9ffde137d5842dfb36619bdd3a6ab2d4da45a80ff996b5c700c92,inv_240af523,inv_393ce3e2,56237676,561257597,,1714049946,25-04-2024 12:59:06,1714049946,0,,,,,,,,,
0xec0942e4a56238bf2a5c3ef5ccf84017d28ec106b773b4759d889230a5d0a5c9,inv_bae261c9,inv_60ed0cf8,56232638,105000000,,1714038632,25-04-2024 09:50:32,1714038632,0,,,,,,,,,
0x8b30aed1972e707a954f77fb2f491a5e30e51c77d552d8db3e25b0cf21c16883,inv_4dbb0533,inv_498e8beb,56222886,388000000,,1714017230,25-04-2024 03:53:50,1714017230,0,,,,,,,,,
0xb8ba9286bf62a319dcd75fd660e49c758228bedaa1b72ed14656435fdc0cb989,inv_092b5098,inv_60ed0cf8,56217980,104000000,,1714005879,25-04-2024 00:44:39,1714005879,0,,,,,,,,,
0x6fd6387b69ff9418259ee8345501e13e1e21632d851a1e789b43be866e886400,inv_4dbb0533,inv_498e8beb,56213886,1364860000,,1713995952,24-04-2024 21:59:12,1713995952,0,,,,,,,,,
0x89575e2f46be3798438e7cb7655060e235930ec4805529906d93537e840bd164,inv_4dbb0533,inv_60ed0cf8,56212561,97000000,,1713992712,24-04-2024 21:05:12,1713992712,0,,,,,,,,,
0xdf6024308d11d96ca1906bcb7394aaf5ffb266d1e893f69ac34d437da9e7fae9,inv_498e8beb,inv_393ce3e2,56177777,2140000000,,1713912094,23-04-2024 22:41:34,1713912094,0,,,,,,,,,
0x3f4ace3fae7e95eca8caaa3d4ac12a356cfa8ca3ac5767ae2935506477aa98a6,inv_5fd0bb76,inv_c47cd389,56132388,107000000,,1713808324,22-04-2024 17:52:04,1713808324,0,,,,,,,,,
0xb22f8fa3bb009fa7498fc2371b02059b3d87ee9f77fc3fd17dadf4e6e357f509,inv_498e8beb,inv_60ed0cf8,56091495,98000000,,1713718998,21-04-2024 17:03:18,1713718998,0,,,,,,,,,
0xf500ad46c32d1b6745ed6ac2930fbe17d3ab8f331fd1716bd4e301c8add2d41f,inv_c48739e9,inv_60ed0cf8,56058653,105000000,,1713646889,20-04-2024 21:01:29,1713646889,0,,,,,,,,,
0x42434be6da28dd1faa2dce63b7309fc5e5d85c8686dab508625b3adb24b6f259,inv_c48739e9,inv_60ed0cf8,56058593,105000000,,1713646763,20-04-2024 20:59:23,1713646763,0,,,,,,,,,
0xbbcb6f53fdf52e6245d5aac12b4907d13295755f0b9b6dba63ef2ec39c544750,inv_c48739e9,inv_60ed0cf8,56058417,49920000,,1713646357,20-04-2024 20:52:37,1713646357,0,,,,,,,,,
0xe9357d997f3d14eb3501936ed96cd4aaa868f62ff8750c5bb8c69196abcc4381,inv_c48739e9,inv_60ed0cf8,56058163,104500000,,1713645812,20-04-2024 20:43:32,1713645812,0,,,,,,,,,
0xfc57a5923bda07eef56f8d743d057ba2a1ce7843aaf47c92a44054a8d8616a71,inv_85c77913,inv_60ed0cf8,56048956,104000000,,1713625727,20-04-2024 15:08:47,1713625727,0,,,,,,,,,
0x20ececacfc9065f534e8bd2d919bc0e6b15ec83386b947aa6560d203e3b13771,inv_9a41869a,inv_6ffe0638,56017054,217610612,,1713555453,19-04-2024 19:37:33,1713555453,0,,,,,,,,,
0xd6c4c7fddd0fcd6d4966014b43249e1a7864f8fc010fd5f6a2e80ca6df38c48b,inv_c48739e9,inv_6c51c747,55934470,214000000,,1713371974,17-04-2024 16:39:34,1713371974,0,,,,,,,,,
0x380af5742290ead0e5f7846fc9c1c3b652f1754df584821d90f26f8075d79ded,inv_85c77913,inv_6ffe0638,55897432,246876704,,1713287080,16-04-2024 17:04:40,1713287080,0,,,,,,,,,
0x983a92ecc2bc150d5554dbd273bf35a4ef9628cdf20668f0cc841c1fe9bc22ea,inv_b97fd7e7,inv_7c3150b9,55830747,103000000,,1713139051,14-04-2024 23:57:31,1713139051,0,,,,,,,,,
0x43a3a4c0a54387d826492b05c07ef837f3a6290dec946c736df168805ce9cfcf,inv_c48739e9,inv_6ffe0638,55807009,14339503,,1713086462,14-04-2024 09:21:02,1713086462,0,,,,,,,,,
0xd4448bc4ca30a4ef5c97a1f035ed6f9f68d1ca039172d4f3f143530114734d2c,inv_c48739e9,inv_6ffe0638,55806967,24105297,,1713086372,14-04-2024 09:19:32,1713086372,0,,,,,,,,,
0x1cb25122a654876734bac8828717d51f283ce1aa122d54383e1d419fa11814b5,inv_c47cd389,inv_6ffe0638,55806858,101261559,,1713086140,14-04-2024 09:15:40,1713086140,0,,,,,,,,,
0x92bd4ce2106fc6b39ef9f97db03b6742c5b4a51423eb6507e29a71348c0203ea,inv_c47cd389,inv_6ffe0638,55806793,100421290,,1713086002,14-04-2024 09:13:22,1713086002,0,,,,,,,,,
0xd888f3fdab26fe027160336a7bcdcb929337e87844363324c9dc5dd932583058,inv_c47cd389,inv_6ffe0638,55806650,102282742,,1713085666,14-04-2024 09:07:46,1713085666,0,,,,,,,,,
0x7963803f0fb4abb0a333e84ee4a8d0eb2f034760daa0fef4850976b0d57a643d,inv_c47cd389,inv_6ffe0638,55806599,102797158,,1713085558,14-04-2024 09:05:58,1713085558,0,,,,,,,,,
0xe104aaa63867793d39b5e7fdad194d5e8e8865da7c965002661cb45d194e1111,inv_b9b5acda,inv_52d1f502,55668013,97750000,,1712762088,10-04-2024 15:14:48,1712762088,0,,,,,,,,,
0x5d01074f55b4e64f798b9295de8d6740ed1e866cd76ae2e97573d25429d5d9b6,inv_e9cf3f76,inv_b962944c,55660482,100000000,,1712744331,10-04-2024 10:18:51,1712744331,0,,,,,,,,,
0x320e5d72229f68dd0f5620b8540def7df9e9d3ce792af76bcd4b017d490e26a9,inv_96d92bb4,inv_a980ba61,55658616,279911134,,1712740013,10-04-2024 09:06:53,1712740013,0,,,,,,,,,
0x0d7f4e07bff8805bf0a89590ad1f05953772d4378d97213d454bd79ae9f7a2bb,inv_96d92bb4,inv_d287642b,55656709,990000000,,1712735577,10-04-2024 07:52:57,1712735577,0,,,,,,,,,
0x8ace92b9c41501baf5fd69bdd5e0b0137c5ca24e944938289e5a52acee99f941,inv_84aaf22c,inv_e6e25b72,55653289,240424545,,1712727540,10-04-2024 05:39:00,1712727540,0,,,,,,,,,
0x04fb67e520ec5ddf8948663b8b9d6e19503d5ba2b550321a0d9b17c0ebf50696,inv_490baf8c,inv_c0280f56,55644119,264330000,,1712706186,09-04-2024 23:43:06,1712706186,0,,,,,,,,,
0x167211936a82bf69fff5650a99df1631bfb0fbb65b823febe7413b1b480f42ba,inv_490baf8c,inv_87d2c033,55643460,100000000,,1712704684,09-04-2024 23:18:04,1712704684,0,,,,,,,,,
0x81164c77dc71e7030b4da71c8f4541d6fedbe0c21536cc414e542f7d3aba7670,inv_092b5098,inv_6c51c747,55633088,200000000,,1712680304,09-04-2024 16:31:44,1712680304,0,,,,,,,,,
0xf23795433fb797aa5f36a2f1c17f5ee3caf1e45fd2a23c2704d3fa741e9d7fc6,inv_f828c839,inv_87d2c033,55633013,108000000,,1712680144,09-04-2024 16:29:04,1712680144,0,,,,,,,,,
0xbd959cff7006d071292c9c9ac3b4c1dff49ee504bd2ad7688afdc4a6dc292427,inv_f828c839,inv_b962944c,55632836,100000000,,1712679736,09-04-2024 16:22:16,1712679736,0,,,,,,,,,
0x157938c00c1b33268605680e97570c6c7a01bdbe15b6090627150740cfedcb50,inv_f828c839,inv_322e4008,55632745,831775961,,1712679542,09-04-2024 16:19:02,1712679542,0,,,,,,,,,
0x52098d3c2d53e06cb91785a29fa1ce8842f62660e50868cc3fd93b4858fa2e38,inv_f828c839,inv_52d1f502,55632555,107800000,,1712679129,09-04-2024 16:12:09,1712679129,0,,,,,,,,,
0x2b5fafa87a6079520153aaf26b9c5ccb5549d20db4b1fd4d0dd412a6a73ee72b,inv_2b4ec384,inv_5e2fa910,55631019,148540937,,1712675671,09-04-2024 15:14:31,1712675671,0,,,,,,,,,
0x50b6d78cd8156ed746d79136859b614f5c7505a710d2c24e873c7767d3158140,inv_d1e999d9,inv_583e49db,55630281,212000000,,1712674007,09-04-2024 14:46:47,1712674007,0,,,,,,,,,
0xebfcbfd0a2d5451783ab1c0a78f128a8421e444c6136a3197b64277a26a8c0cf,inv_cb1a2b17,inv_b962944c,55629012,100000000,,1712671151,09-04-2024 13:59:11,1712671151,0,,,,,,,,,
0xa9607a13a3d4ca20143f5b3cc0df4f34c1e8fec176719f618457fb97c93c619f,inv_bae261c9,inv_87d2c033,55616049,905218,,1712642163,09-04-2024 05:56:03,1712642163,0,,,,,,,,,
0x3a84731c41539a0eeddc485576af274063b8145db9ad9d8528fc1022300e2b6a,inv_092b5098,inv_5e2fa910,55610543,242200000,,1712629150,09-04-2024 02:19:10,1712629150,0,,,,,,,,,
0xc00a48b0499017c9229967dd234d8b635d928b905d0bd000b9415c98d074d4c6,inv_c48739e9,inv_5e2fa910,55603037,121877684,,1712612278,08-04-2024 21:37:58,1712612278,0,,,,,,,,,
0x69af7a7f537ecc677f23706c9684c6766628d873b32750a91154efdffb629db4,inv_87d2c033,inv_5e2fa910,55602708,100923692,,1712611506,08-04-2024 21:25:06,1712611506,0,,,,,,,,,
0x17ee95e96e3f10fb0aeb80a811518d96ab9d25efe85c67203bdbeb7e5475f67d,inv_b9b5acda,inv_b962944c,55600324,100000000,,1712606061,08-04-2024 19:54:21,1712606061,0,,,,,,,,,
0xaea760e1e42b3978e4beb23a51a5bfd2c951b61385a14290ba2c643e03588230,inv_b9b5acda,inv_52d1f502,55598576,108000000,,1712602114,08-04-2024 18:48:34,1712602114,0,,,,,,,,,
0xb32affffa9b23cc4aa2592d9968cfcdcd441a138ee2741f29d37080bbe6862ed,inv_bae261c9,inv_b962944c,55594891,100000000,,1712594152,08-04-2024 16:35:52,1712594152,0,,,,,,,,,
0x6804f13dcd56ac0d426d303ccc8d6d019814433e16d05abe549c3a72fd170396,inv_9f0c7322,inv_b962944c,55592323,100000000,,1712588664,08-04-2024 15:04:24,1712588664,0,,,,,,,,,
0x53f8fa04ad9c5c6f053643772f240b1f78fccbfee736938c020862cec0f9aba3,inv_d1e999d9,inv_69dcf1b1,55592075,530000000,,1712588136,08-04-2024 14:55:36,1712588136,0,,,,,,,,,
0x74ea76bcee411e37163e5092ef08e71d1df2cf5dbcd5b95eb8be87d55b89ef3c,inv_96d92bb4,inv_322e4008,55590992,106071103,,1712585836,08-04-2024 14:17:16,1712585836,0,,,,,,,,,
0xa2b914259be19c4c1fccc510b2ffc212e568bcaf1923b7affa9b30e2e9d03cbd,inv_6e1e2c00,inv_498e8beb,55588294,47770655,,1712579910,08-04-2024 12:38:30,1712579910,0,,,,,,,,,
0x16edb711eba15b7c9ef186e1fce48103f89808448b4a38c563b09e60801e25c3,inv_6e1e2c00,inv_322e4008,55588183,26740598,,1712579642,08-04-2024 12:34:02,1712579642,0,,,,,,,,,
0xbe3493daf8268373b503bb590eb61c44487445f9808430afbaad0af58faaf26b,inv_87d2c033,inv_b962944c,55586816,100000000,,1712576642,08-04-2024 11:44:02,1712576642,0,,,,,,,,,
0x344c60c10f38ecacba1b9fa56b1b2a292442ae582d9825cdf60eddbd3b0a0826,inv_dc963fdb,inv_bae261c9,55584885,53500000,,1712572378,08-04-2024 10:32:58,1712572378,0,,,,,,,,,
0x1d6a8148a967d17f8a3e240cc561545283995a08f418cedefe3a6a6309b44156,inv_d1e999d9,inv_bae261c9,55584259,53500000,,1712570984,08-04-2024 10:09:44,1712570984,0,,,,,,,,,
0xac643ad185bb1369f75c57230524a71ff9497b802fe0146c8fe762fc79e21755,inv_d1e999d9,inv_52d1f502,55584156,97500000,,1712570764,08-04-2024 10:06:04,1712570764,0,,,,,,,,,
0xee063bd50fc295083d9f12c140f8404d58cac0a7e8cd7cbaacb611e059fda528,inv_d1e999d9,inv_52d1f502,55583926,97500000,,1712570276,08-04-2024 09:57:56,1712570276,0,,,,,,,,,
0x1658031acaaf9f2b7b4a458ff6946acfc5410fa21eebe9f348b50d42609c8564,inv_d1e999d9,inv_c0280f56,55583860,198000000,,1712570136,08-04-2024 09:55:36,1712570136,0,,,,,,,,,
0xf7e0c858114b1a3e332159859e2bd61ec933465c281d8c77dcc38cfa63e2a5a2,inv_4304df76,inv_2b4ec384,55579373,133343282,,1712560331,08-04-2024 07:12:11,1712560331,0,,,,,,,,,
0x9951532f814ab865532c52e6bf9aba551d9e14f8023f4f998f27dbaa723bda35,inv_4304df76,inv_52d1f502,55579324,123190000,,1712560227,08-04-2024 07:10:27,1712560227,0,,,,,,,,,
0xae77fbfbcee700368c943ba34e2f0cda0beb34e391e15515a7cc0c5ba3e581f0,inv_00f58a3a,inv_52d1f502,55568416,126100000,,1712536088,08-04-2024 00:28:08,1712536088,0,,,,,,,,,
0x38c8542e00fcb5a8cc1841d182047113ddec774b686793d0ef6dedad80101419,inv_00f58a3a,inv_52d1f502,55568321,97000000,,1712535854,08-04-2024 00:24:14,1712535854,0,,,,,,,,,
0x721e4014a3ee1355e6f0d8c85d481213cd0f19869b867eb4734c41a45b0add1c,inv_87d2c033,inv_b962944c,55567907,100000000,,1712534965,08-04-2024 00:09:25,1712534965,0,,,,,,,,,
0x67403e40a7fe034681c98c4674e3a345266ef9d18a490b3cea807a848810ca12,inv_c48739e9,inv_6c51c747,55562049,214000000,,1712522148,07-04-2024 20:35:48,1712522148,0,,,,,,,,,
0xa8a0e7aefa039d943d9242c9a27cbc9d3e410fae1201b3024d1f9bb09c669691,inv_dd02f503,inv_b962944c,55561957,100000000,,1712521920,07-04-2024 20:32:00,1712521920,0,,,,,,,,,
0x0a64adca502d00a0a7993d374e6bf590dc79dfaa1c9bbc0d77016f3ddd302bf0,inv_bae261c9,inv_b962944c,55549509,100000000,,1712494505,07-04-2024 12:55:05,1712494505,0,,,,,,,,,
0x6e551dfc9df1432bb94852e7145d155d9fddca78eecaa0cabef8ea00c5020076,inv_60ed0cf8,inv_bae261c9,55543548,53500000,,1712481260,07-04-2024 09:14:20,1712481260,0,,,,,,,,,
0x343fb1cdb5fe71a6db56c74e505feb2f9886748c069804f3418bee650e026b3f,inv_60ed0cf8,inv_52d1f502,55543353,108000000,,1712480814,07-04-2024 09:06:54,1712480814,0,,,,,,,,,
0x5d254030b3417438c296b8ac01c8ad9b21b948b8ea63b071760845e9c6e527b2,inv_60ed0cf8,inv_87d2c033,55543052,107000000,,1712480174,07-04-2024 08:56:14,1712480174,0,,,,,,,,,
0x95849b615c7c3ee5ea298e67864b2b9c541d41ecf29b9eb91ab239b0751e0224,inv_60ed0cf8,inv_9f0c7322,55542894,107000000,,1712479838,07-04-2024 08:50:38,1712479838,0,,,,,,,,,
0x6f2432b3e5a9de2129d9c991348783d2776ca37535ef1892f35225cb26e1ea2e,inv_88e68846,inv_393ce3e2,55541856,1322520000,,1712477602,07-04-2024 08:13:22,1712477602,0,,,,,,,,,
0x0d2ed294c4146338c2a2344217138f55b93164c150b4b9a4d7cd90d2f607a5fd,inv_b261c1fb,inv_52d1f502,55528712,108200000,,1712448041,07-04-2024 00:00:41,1712448041,0,,,,,,,,,
0xe635fafecc909a24a413c5dbbfba16bad1dfe50db63c528101f694f361b2971f,inv_e81b677a,inv_b261c1fb,55528394,50149409,,1712447331,06-04-2024 23:48:51,1712447331,0,,,,,,,,,
0x740a4f62c968ca513a1ab898e58f9e92056435f662407b001e4558456043678b,inv_c48739e9,inv_52d1f502,55526728,108000000,,1712443617,06-04-2024 22:46:57,1712443617,0,,,,,,,,,
0xd9c3eb7acd991f17b7359940962fde0db0cee562243e5faceee791b39f651765,inv_9f0c7322,inv_b962944c,55526600,100000000,,1712443345,06-04-2024 22:42:25,1712443345,0,,,,,,,,,
0xd050dd8846b705ec7575c60f974f26dd8c81c7ec74572aec990acc5e03649b8c,inv_60ed0cf8,inv_bae261c9,55522145,52500000,,1712433313,06-04-2024 19:55:13,1712433313,0,,,,,,,,,
0x74780d40459ba57b4c85f7a3bc3a8cdc8a189c17e6f38009ae499c18f44f3f7f,inv_7e56bd48,inv_d6e012a5,55509704,562363,,1712404799,06-04-2024 11:59:59,1712404799,0,,,,,,,,,
0x4242f23724285b4383153b74cc64eca6e39dd1c75738c48c637afd0ca8b475bb,inv_ca9624c0,inv_d6e012a5,55507817,346837,,1712400563,06-04-2024 10:49:23,1712400563,0,,,,,,,,,
0x1e59052c202443c5384e4584bcac5f7b1b6ff1ceae3df10ea4ed00c8025a3869,inv_60ed0cf8,inv_52d1f502,55505788,107000000,,1712396117,06-04-2024 09:35:17,1712396117,0,,,,,,,,,
0x66bb04b536cc31ee4840ad301131046fb2fe7872badce29318ab7dd72dc499c9,inv_60ed0cf8,inv_b261c1fb,55505098,51625532,,1712394651,06-04-2024 09:10:51,1712394651,0,,,,,,,,,
0xcfcc277c8e450b6198a39fc35e1cc6df4c5ac61ce168225b3e260a9483254c29,inv_60ed0cf8,inv_52d1f502,55504887,107000000,,1712394169,06-04-2024 09:02:49,1712394169,0,,,,,,,,,
0x3914691eab7d99128673a3b5e7db4a77a805eb766be0d3c57767d355e7547554,inv_60ed0cf8,inv_87d2c033,55504358,214000000,,1712393045,06-04-2024 08:44:05,1712393045,0,,,,,,,,,
0x87ff18a65a1c1000674cfaa046bad608e4e6020e982b48761e9027a16a244814,inv_88e68846,inv_6c51c747,55500112,535000000,,1712383668,06-04-2024 06:07:48,1712383668,0,,,,,,,,,
0xda592b450d4157e5099e1af07be58901994ce7af9c3b104812c4393307577f23,inv_87d2c033,inv_b962944c,55488151,100000000,,1712356112,05-04-2024 22:28:32,1712356112,0,,,,,,,,,
0xdfcc1d0a5cfaf7d0ec20305751b171e6a312ef9f96a282189683905211d6da14,inv_88e68846,inv_e6e25b72,55483781,136299822,,1712346193,05-04-2024 19:43:13,1712346193,0,,,,,,,,,
0xd72d093913cf0bd7efa6cb554a68772685f59ee19ba72cb5604324f6a49ad563,inv_88e68846,inv_b962944c,55483753,100000000,,1712346127,05-04-2024 19:42:07,1712346127,0,,,,,,,,,
0x0b7bf50093c3bfa26109b0ad67168296dade4d8ebef611e62c2e9afa1a80bf56,inv_dc8dd748,inv_e6e25b72,55476984,41463259,,1712330778,05-04-2024 15:26:18,1712330778,0,,,,,,,,,
0xd0547e1dc4575c9708603cdc463b3daf501d207ff99539af56c22113b1f5ed9e,inv_4304df76,inv_b962944c,55474048,100000000,,1712324044,05-04-2024 13:34:04,1712324044,0,,,,,,,,,
0xe979fee5061ab6404b08faca24efecceca01a38e07144a154895ef932fa107c8,inv_b261c1fb,inv_52d1f502,55471261,107250000,,1712317517,05-04-2024 11:45:17,1712317517,0,,,,,,,,,
0xe8a1a25390268a3749a67c4186d1dd3303bc3d9fa2ae74f328db7410388928af,inv_67362450,inv_52d1f502,55466737,108000000,,1712307080,05-04-2024 08:51:20,1712307080,0,,,,,,,,,
0x077b3d536907c236985244eda796203573d45815794cf307763b61794fb71f9f,inv_67362450,inv_6c51c747,55466428,214000000,,1712306386,05-04-2024 08:39:46,1712306386,0,,,,,,,,,
0xc05134c01db9a1722ea03f8fc444893fad56c82ca16c1a663b764c18979b4144,inv_96d92bb4,inv_f14d82a5,55466096,530000000,,1712305618,05-04-2024 08:26:58,1712305618,0,,,,,,,,,
0x30e87cae1e0568faa8d9d6ebc81f51a92e160ed9a8e81ddf61948e3ddbaec017,inv_67362450,inv_dbca2891,55464681,432000000,,1712302462,05-04-2024 07:34:22,1712302462,0,,,,,,,,,
0x65a405fdf1dcd9e996edd2a1c104add5cf84bc75cbad6ac6fac9c304db952e19,inv_67362450,inv_52d1f502,55464606,107000000,,1712302270,05-04-2024 07:31:10,1712302270,0,,,,,,,,,
0xaee2b80388947fd013726ca3c4fa6ec7ba851012a2401c01ab6313f794ae50dd,inv_67362450,inv_52d1f502,55463334,107000000,,1712299344,05-04-2024 06:42:24,1712299344,0,,,,,,,,,
0xf19f7b54ae246044d4cf429fda9a68f59e0c4c92173a4047f4bd500a77637e74,inv_67362450,inv_52d1f502,55462564,108000000,,1712297644,05-04-2024 06:14:04,1712297644,0,,,,,,,,,
0x7bcdd4b0d69903337ab109dd4b839a9d9c2765fac6ac76672fe51c3751927e86,inv_b261c1fb,inv_52d1f502,55451360,100500000,,1712272355,04-04-2024 23:12:35,1712272355,0,,,,,,,,,
0x78dbaba701b4f66891969953de0d3fe36672768659bf2c571cb603f79ee8839d,inv_b261c1fb,inv_52d1f502,55451189,108000000,,1712271991,04-04-2024 23:06:31,1712271991,0,,,,,,,,,
0x3bb2a6570b509df0e22ff857a4d767651663399e58c66ea8b88cef2bb30323f9,inv_b261c1fb,inv_dbca2891,55451150,540000000,,1712271843,04-04-2024 23:04:03,1712271843,0,,,,,,,,,
0x1d3f28d5d67a6350498a268bd23eea0a5fa95584a2e2e7b9e328025f1510a22f,inv_b261c1fb,inv_52d1f502,55450872,107500000,,1712271174,04-04-2024 22:52:54,1712271174,0,,,,,,,,,
0x14247b9573ccec273711e75cd5a1332d9d36a1e60a291de48d501b0218308cd9,inv_b261c1fb,inv_52d1f502,55450487,107500000,,1712270286,04-04-2024 22:38:06,1712270286,0,,,,,,,,,
0xe636e8b99ea4917b23b057f890f711ab22501fdc42d6c05e6d8b706b53e241c1,inv_87d2c033,inv_b962944c,55450257,100000000,,1712269710,04-04-2024 22:28:30,1712269710,0,,,,,,,,,
0x45456084ec2832f21760da9d00cf03380756dd4932374b33d15f47e62d3f69ab,inv_acb0426d,inv_52d1f502,55449129,97700000,,1712267028,04-04-2024 21:43:48,1712267028,0,,,,,,,,,
0xb7415edfb907d767d33f605dc36afeeedf774b3340396e9fa99ad8af1b8e361b,inv_921aa818,inv_393ce3e2,55449119,1391000000,,1712267006,04-04-2024 21:43:26,1712267006,0,,,,,,,,,
0xe740e98fe439fffe8225eb6e1b97dd355853bff7f5d246c6e623ef12726e5ddf,inv_9f0c7322,inv_b962944c,55448690,100000000,,1712265998,04-04-2024 21:26:38,1712265998,0,,,,,,,,,
0x234ddb8dde8ea6d498dc769ff594621efe803c00c8b0580fcab734148c83a696,inv_60ed0cf8,inv_6c51c747,55443376,107000000,,1712253529,04-04-2024 17:58:49,1712253529,0,,,,,,,,,
0xe056eb7857ee78a9a2c8584b5e8672b649cab83de52da3dfc820266d4ec96683,inv_69dcf1b1,inv_52d1f502,55438888,100500000,,1712243386,04-04-2024 15:09:46,1712243386,0,,,,,,,,,
0xc89c3224340cada511126d1a5d6a9053d563921a449c5a5262ad0b58d46155e6,inv_69dcf1b1,inv_52d1f502,55438847,100200000,,1712243280,04-04-2024 15:08:00,1712243280,0,,,,,,,,,
0xe4af26960aaec6b178764646b334d28c05ef1475f76180e16bab219e99cca5bd,inv_69dcf1b1,inv_b962944c,55438811,100000000,,1712243204,04-04-2024 15:06:44,1712243204,0,,,,,,,,,
0x417db3973024244a3b103797e7f8b9bff0083e7c26b97288e877d40a1d03175c,inv_dd02f503,inv_52d1f502,55438318,100000000,,1712242124,04-04-2024 14:48:44,1712242124,0,,,,,,,,,
0xbb7caf922b0926a16e75610efb68e1a268ac048f56a3f565c38e3b5e2d9cc1c9,inv_b9b5acda,inv_dbca2891,55437104,324000000,,1712239350,04-04-2024 14:02:30,1712239350,0,,,,,,,,,
0x2e5e2910956f1343b744280d19349a1e9449ffebc9e71fa6ff8c2f915550cf4d,inv_67362450,inv_52d1f502,55429016,108000000,,1712219430,04-04-2024 08:30:30,1712219430,0,,,,,,,,,
0xdc5ddb0c4b87dc32284b5ee113825ab8005f41d8eab22e5c402dfa9c18eea2ed,inv_67362450,inv_c0280f56,55428976,107000000,,1712219346,04-04-2024 08:29:06,1712219346,0,,,,,,,,,
0xea62c38514b310f09976dfe166118b873cdbb7b41d1eb2b33e57d5eaa810739c,inv_67362450,inv_87d2c033,55428151,214000000,,1712217496,04-04-2024 07:58:16,1712217496,0,,,,,,,,,
0x36bc19ba4f24c09b490fe6586665ec3fb1c4bc420b31aac94672a3d74b1342a8,inv_96d92bb4,inv_69dcf1b1,55426520,530000000,,1712213838,04-04-2024 06:57:18,1712213838,0,,,,,,,,,
0x1124b2b0d9ad5c0d36b0fb58f9a79b9efb0306f3c69fb3bd664acc60209044c2,inv_96d92bb4,inv_498e8beb,55426179,489950000,,1712213082,04-04-2024 06:44:42,1712213082,0,,,,,,,,,
0x1b86222950fa6caa940c8ad19220b52a9dd084bb6c353a54f5ade36bea2c4aaf,inv_67362450,inv_87d2c033,55425237,107000000,,1712210952,04-04-2024 06:09:12,1712210952,0,,,,,,,,,
0xd79b3c39c8a1214c76be77fb862adafbe5bd93828d51439865eed8b33ac83f4a,inv_87d2c033,inv_b962944c,55413944,100000000,,1712184957,03-04-2024 22:55:57,1712184957,0,,,,,,,,,
0xbd21a99a6df6a2fe56ee1794cd7c81172d0aa5d2757c7e597a2af2bf695a6415,inv_490baf8c,inv_393ce3e2,55412806,600963514,,1712182428,03-04-2024 22:13:48,1712182428,0,,,,,,,,,
0xd653c6ad189cf758592a6492f19accffc7fc441c43ac7e261c64636ddeaab358,inv_ca9624c0,inv_393ce3e2,55402746,142242311,,1712158361,03-04-2024 15:32:41,1712158361,0,,,,,,,,,
0x0c38928bde197f6474160f68ad003926cb9e0dedb9c44cf71f56ec0f3eb7672e,inv_240af523,inv_dbca2891,55402408,540000000,,1712157579,03-04-2024 15:19:39,1712157579,0,,,,,,,,,
0x0298e35d92ea09395d6b0e86c251cd5163ae88fd0748484f4244d5ecb960f1ab,inv_5c638b85,inv_6c51c747,55401306,214000000,,1712154885,03-04-2024 14:34:45,1712154885,0,,,,,,,,,
0xd9fdcd5e4eb104fc33834e068d9a6c9598be8c16ace39df180f02130bbde38b0,inv_67362450,inv_7ad414f4,55399735,73796504,,1712151033,03-04-2024 13:30:33,1712151033,0,,,,,,,,,
0x10056cc72019baa75a944cb991c17f8483d88bfdafaedf4390d886fa8a9fb10d,inv_7ad414f4,inv_393ce3e2,55398525,125600311,,1712148077,03-04-2024 12:41:17,1712148077,0,,,,,,,,,
0x9e59054c5c0c3d6a943f886e304463ee7c1af1e7a0b9fa7ddbca1eba55b0c8a5,inv_60ed0cf8,inv_d6e012a5,55396121,543260,,1712142668,03-04-2024 11:11:08,1712142668,0,,,,,,,,,
0xa05ad0875b7876ca7ba91975d8937dfb67e1a280977b4123ffc2437f8c7b1d34,inv_c48739e9,inv_6c51c747,55373767,70620000,,1712092530,02-04-2024 21:15:30,1712092530,0,,,,,,,,,
0xea44639692204522064cde47fc057bb290971b47ba76a2613b0f6f7a2fd9dcb0,inv_49f8251b,inv_dbca2891,55373411,432000000,,1712091742,02-04-2024 21:02:22,1712091742,0,,,,,,,,,
0x606b86f6c9b62429f772a4cf44c8eba0799519c330db3a8bf240381a9a317739,inv_60ed0cf8,inv_dbca2891,55370479,216000000,,1712084959,02-04-2024 19:09:19,1712084959,0,,,,,,,,,
0xc156ab4f772f8b9f8415f0705e6857ebc277ea4a9f13b94aaec69bce0c1e3302,inv_d381a12e,inv_b962944c,55369237,100000000,,1712082029,02-04-2024 18:20:29,1712082029,0,,,,,,,,,
0x0dab3a5fa6f9d468586eb4cd210a32d5c2fa9ecb6db603f9de28595e1149ead7,inv_f828c839,inv_b962944c,55359942,100000000,,1712060455,02-04-2024 12:20:55,1712060455,0,,,,,,,,,
0x3d90780a95c020a69d15d5b41eaa1c42f07761182243eebc87f23963ec398e5a,inv_69dcf1b1,inv_b962944c,55357457,100000000,,1712054467,02-04-2024 10:41:07,1712054467,0,,,,,,,,,
0x1d2398c747bc962e41b750a6f779f59dcf02775d4e7fa313a6d15a2362ff52ff,inv_96d92bb4,inv_b97fd7e7,55356003,490000000,,1712050961,02-04-2024 09:42:41,1712050961,0,,,,,,,,,
0xf76657c619f2b70b1bccaf79448caf9b9869363d8606ecb5e5d08a27883d5240,inv_96d92bb4,inv_d287642b,55355246,490000000,,1712049127,02-04-2024 09:12:07,1712049127,0,,,,,,,,,
0xb79eea0117c7ee625cf65ee2af78377b5d41ba14f6d062798f9960293c0a7f90,inv_13cb9955,inv_dbca2891,55355154,216000000,,1712048933,02-04-2024 09:08:53,1712048933,0,,,,,,,,,
0xfdba5bb42d7eb7770c3f52e41bc289156409e64bb85f52393b36c53f183309aa,inv_13cb9955,inv_69dcf1b1,55354757,424000000,,1712047961,02-04-2024 08:52:41,1712047961,0,,,,,,,,,
0x8d9cd9022d10247cc983574a2ba8ff9150404b9bc29b3540a090b2cb480ad27d,inv_96d92bb4,inv_583e49db,55353902,636000000,,1712045919,02-04-2024 08:18:39,1712045919,0,,,,,,,,,
0x66ce21c69eedd5672d8445bc89ab65cf36c2e61ba71bb7838da8ed58332bad21,inv_f828c839,inv_52d1f502,55337733,101000000,,1712009271,01-04-2024 22:07:51,1712009271,0,,,,,,,,,
0x504d283c800df8bbfff0b3fe8b831a8ebef19b1cc8fe2ded6caf16be1bc68d7f,inv_f828c839,inv_52d1f502,55337580,101000000,,1712008909,01-04-2024 22:01:49,1712008909,0,,,,,,,,,
0x78500a57a590806d9b7d7d8b81b4c8209ac214b346685e3a9060e41abd9f5ec7,inv_f828c839,inv_52d1f502,55337551,100750000,,1712008845,01-04-2024 22:00:45,1712008845,0,,,,,,,,,
0xa5d170bd9026d9b6b77d67b1132d3657f2bf7c44da8b84f7a00d967fe4c28f28,inv_f828c839,inv_52d1f502,55337518,100750000,,1712008775,01-04-2024 21:59:35,1712008775,0,,,,,,,,,
0x1e5abec8a268281813783499fdc1b6b7ad83c270a0f29004094bac6fc3904a1f,inv_f828c839,inv_52d1f502,55337494,100500000,,1712008725,01-04-2024 21:58:45,1712008725,0,,,,,,,,,
0x3abeed48721d98193d9ecf0fde182b017d7adbfd32103dcba29b797724b9357d,inv_f828c839,inv_52d1f502,55337469,100500000,,1712008671,01-04-2024 21:57:51,1712008671,0,,,,,,,,,
0x7911e3594a889c4ef6f14fcfe4352163da7b85bbc53052ac073da14936befae0,inv_0e2966ba,inv_52d1f502,55336672,100400000,,1712006947,01-04-2024 21:29:07,1712006947,0,,,,,,,,,
0xcecf0078a27b67228111123f9929d4c8185b77c49658ae95b48521213694bd71,inv_71a043e2,inv_52d1f502,55336499,100300000,,1712006579,01-04-2024 21:22:59,1712006579,0,,,,,,,,,
0xbcc18daab9dc59d212f093c9f5db93dcd51e828cff172a21e8aa28b69ce12055,inv_71a043e2,inv_52d1f502,55336454,100300000,,1712006483,01-04-2024 21:21:23,1712006483,0,,,,,,,,,
0x8b6644212e1c3d517252af79beac086f3eb4af62c183e637cd41fb61ad3467ac,inv_71a043e2,inv_b962944c,55336226,100000000,,1712005999,01-04-2024 21:13:19,1712005999,0,,,,,,,,,
0x2db4d10fa8db5c1ad2dba453cc36f21ad3bb62f93aaa160c22d0e43acbdad2c3,inv_71a043e2,inv_dbca2891,55335670,540000000,,1712004777,01-04-2024 20:52:57,1712004777,0,,,,,,,,,
0x6f6279c19f35252ac7afb10de977b67050d1d4eb0f0ef1f98de49ca80fc2e0e4,inv_69dcf1b1,inv_52d1f502,55330301,100300000,,1711991994,01-04-2024 17:19:54,1711991994,0,,,,,,,,,
0x303c26f747e20206e46245812e87be29bbd4811d9d20ba4e4fa63c0812b363fe,inv_69dcf1b1,inv_52d1f502,55330167,100200000,,1711991678,01-04-2024 17:14:38,1711991678,0,,,,,,,,,
0x795283402720849e993399136bf86ae132a060170ea62575af4b58798f5dee7e,inv_69dcf1b1,inv_b962944c,55330125,100000000,,1711991588,01-04-2024 17:13:08,1711991588,0,,,,,,,,,
0x5fa5e81f54c8ecddf167ae45c5d6a43f56f3370c7ff47fbbc6110dbb61ce1590,inv_c47cd389,inv_583e49db,55315673,800000000,,1711957941,01-04-2024 07:52:21,1711957941,0,,,,,,,,,
0x76fa0cff80a3f32c89c0b0e33a14ea8bec0f33a62664626c1138246dc1418808,inv_490baf8c,inv_dbca2891,55306932,108000000,,1711936541,01-04-2024 01:55:41,1711936541,0,,,,,,,,,
0xe6b135fbe9f4d97c42eb3cbddb89e0716d9018c0021193c28aab10bbd4b3fdbb,inv_490baf8c,inv_dbca2891,55306380,100000000,,1711935110,01-04-2024 01:31:50,1711935110,0,,,,,,,,,
0x5fc12ec7e0c260f0012c93358b3350b404e827ebdb5e032d01346696f172b750,inv_490baf8c,inv_52d1f502,55305718,100300000,,1711933415,01-04-2024 01:03:35,1711933415,0,,,,,,,,,
0xfb9bc096a747ceb44b24d633db5479465f78945090aca093f0752bf8f98fe265,inv_490baf8c,inv_52d1f502,55305265,174125000,,1711932228,01-04-2024 00:43:48,1711932228,0,,,,,,,,,
0x0abc290e896cdcd7a2f6933a6e6ad67fb43549204624d8028a82deacf52eb1d8,inv_9f0c7322,inv_52d1f502,55305197,100300000,,1711932017,01-04-2024 00:40:17,1711932017,0,,,,,,,,,
0x1fe45ccdf0bb0e555e6e5d310051471a776733bbecc6d81791398aca70c6fc04,inv_9f0c7322,inv_b962944c,55305133,100000000,,1711931881,01-04-2024 00:38:01,1711931881,0,,,,,,,,,
0x038746ee7f68bdd36aede3005e75ecf3462bf65efbf7dc3f70fcb257f0bff40c,inv_490baf8c,inv_82332010,55304926,109000000,,1711931345,01-04-2024 00:29:05,1711931345,0,,,,,,,,,
0xe52c05e5658d6194d103cf8c9ebd3da58b739de1a35bd74c4ba2cbb46bc2776a,inv_2ad51c66,inv_52d1f502,55297252,100000000,,1711911504,31-03-2024 18:58:24,1711911504,0,,,,,,,,,
0x84bcc746eeaffef9c36067bcdda779f9957c2bb8705bd0409665ca7f3dde4b32,inv_2ad51c66,inv_dbca2891,55297075,108000000,,1711911062,31-03-2024 18:51:02,1711911062,0,,,,,,,,,
0xb0327609ba79aa64ecfd5c22b28d5c8f7a6ec8ff38e58c7fa6f4accda0bcb6e7,inv_2ad51c66,inv_87d2c033,55296953,108000000,,1711910762,31-03-2024 18:46:02,1711910762,0,,,,,,,,,
0xa43ef3c2e2b5f5dd5378b68800f96df054703662303418d8f6e3f3812f8aafc3,inv_2ad51c66,inv_dbca2891,55296891,324000000,,1711910598,31-03-2024 18:43:18,1711910598,0,,,,,,,,,
0xacbb5ff73e5e11c34b129a69819d993967e44d888867e4c4bb3f6cbff509d434,inv_2ad51c66,inv_dbca2891,55296729,108000000,,1711910202,31-03-2024 18:36:42,1711910202,0,,,,,,,,,
0xd2c7326f01afb2d3d1f002bd7cac0f5c82e8a92d63bd8739d8b9b0787f1b7f70,inv_2ad51c66,inv_dbca2891,55296715,108000000,,1711910152,31-03-2024 18:35:52,1711910152,0,,,,,,,,,
0xd4b5397d3a39070d8bd91e585894ae4c02447d2f9e220e421a1f59502f55e235,inv_2ad51c66,inv_dbca2891,55296487,108000000,,1711909572,31-03-2024 18:26:12,1711909572,0,,,,,,,,,
0x0783babe98b88cdd40df753ba40aa29ade58d6ea8645aff49ce02999b7615eb8,inv_ddee4c59,inv_b962944c,55269296,100000000,,1711845432,31-03-2024 00:37:12,1711845432,0,,,,,,,,,
0xa56d9ba37d6e2416b781d81777447254d883f74f7ec9a44642587873d1b2fc2a,inv_240af523,inv_dbca2891,55266493,162000000,,1711838898,30-03-2024 22:48:18,1711838898,0,,,,,,,,,
0xb4fa4378b2e13d3ec732d7802aefa6034e6539781c4520aa95c2e1e991c3f230,inv_240af523,inv_dbca2891,55266363,216000000,,1711838590,30-03-2024 22:43:10,1711838590,0,,,,,,,,,
0x1943127339afa87d04f736be27414fde455699c5059532467ab68b9754cd16c5,inv_75cf9c88,inv_dbca2891,55266039,324000000,,1711837870,30-03-2024 22:31:10,1711837870,0,,,,,,,,,
0xeadb93a88911bc2decb6936a0efe91ad6183683bdc64f97355b4fda30c613fb9,inv_240af523,inv_dbca2891,55266008,432000000,,1711837804,30-03-2024 22:30:04,1711837804,0,,,,,,,,,
0x3cd515829eaa10f5744250fd2f86ff2da5d438e7c7003afb031d13eb0912d054,inv_240af523,inv_dbca2891,55265927,540000000,,1711837600,30-03-2024 22:26:40,1711837600,0,,,,,,,,,
0x797d46acfdd6ca16ce736282b724545195eb718aa4ebf52bd3929a2310a9353e,inv_75cf9c88,inv_b962944c,55265893,100000000,,1711837528,30-03-2024 22:25:28,1711837528,0,,,,,,,,,
0x265ade82947069f58a1baa8cd9c26c6fe277df0da328759cb7476def37240cbb,inv_dd02f503,inv_dbca2891,55265881,216000000,,1711837502,30-03-2024 22:25:02,1711837502,0,,,,,,,,,
0x77f9a2d2b39c4a0c3df4b333e5899ac6f98fe90be28fdc36a6c21a1d9d2fde7b,inv_dd02f503,inv_dbca2891,55265838,108000000,,1711837410,30-03-2024 22:23:30,1711837410,0,,,,,,,,,
0xb56e0dbe9fbf1364f20b5fbb3ca6e2fab80f60799acff4e59d670ac0beb76a64,inv_75cf9c88,inv_52d1f502,55255202,100000000,,1711812289,30-03-2024 15:24:49,1711812289,0,,,,,,,,,
0x96f379703f8637e23bbad2cf9be3eeed95d456cd67c9a8376414157f75e7995a,inv_490baf8c,inv_dbca2891,55232977,108000000,,1711760252,30-03-2024 00:57:32,1711760252,0,,,,,,,,,
0xbf0d59b0bcc7db5843d6e70032581d6bf6a70d09e33e89f5a70725fa5ed4e50f,inv_490baf8c,inv_b962944c,55232545,100000000,,1711759299,30-03-2024 00:41:39,1711759299,0,,,,,,,,,
0x29f03cfec89f482dedd77435d6231816d7ae5409df73330d5e0031af77a25e94,inv_490baf8c,inv_dbca2891,55232353,100000000,,1711758872,30-03-2024 00:34:32,1711758872,0,,,,,,,,,
0xe04402f7b50c83e73a5678bb466dfcfed932ae4eea3ac0e0afe090e49d7bda2b,inv_0e2966ba,inv_52d1f502,55231889,100000000,,1711757731,30-03-2024 00:15:31,1711757731,0,,,,,,,,,
0xa3da191b87bd845242cc7a514a2255122ba66cf8440fb290e1ee370a5a813670,inv_240af523,inv_dbca2891,55230432,216000000,,1711754165,29-03-2024 23:16:05,1711754165,0,,,,,,,,,
0xcde2cd59c8126909d10b62ae9eb6f074bff992951af611186f890a55882b11ec,inv_240af523,inv_dbca2891,55230335,432000000,,1711753917,29-03-2024 23:11:57,1711753917,0,,,,,,,,,
0x7d9dd24fba04f697be1bd25031c545d04e3b4766abb30ebe67ba9c3870d4ce64,inv_240af523,inv_dbca2891,55230091,108000000,,1711753289,29-03-2024 23:01:29,1711753289,0,,,,,,,,,
0x4a3420b47180ef4b4b65e1444ce54811dfcd36ad71250f5cceee91928d50314f,inv_240af523,inv_dbca2891,55230048,540000000,,1711753175,29-03-2024 22:59:35,1711753175,0,,,,,,,,,
0x5f2a8ff6fad1c922791f5582e6de4bb72bc82c53641ac8478832c39d6a2eb6a3,inv_240af523,inv_dbca2891,55229923,540000000,,1711752873,29-03-2024 22:54:33,1711752873,0,,,,,,,,,
0x745fd4bdf556baab052ac5576e0a2f8116b1a937b1f4d250b8a9c4e75b4ac96f,inv_0e2966ba,inv_52d1f502,55223732,100000000,,1711737906,29-03-2024 18:45:06,1711737906,0,,,,,,,,,
0xd96a4c711e3bd50aebca5a9eabc2b24e320c67bcd8af3715af02b697bf55e0bf,inv_f828c839,inv_b962944c,55194764,100000000,,1711671399,29-03-2024 00:16:39,1711671399,0,,,,,,,,,
0x7dc8614959b81215da886ba71606b57253710b0ec3d3b02850d1f2665bfd93c8,inv_f828c839,inv_dbca2891,55193979,100000000,,1711669520,28-03-2024 23:45:20,1711669520,0,,,,,,,,,
0x4ed1054c18001474cdb8868bcc2a05fe6c0474b6c7542a9b53a2686073535cbb,inv_f828c839,inv_87d2c033,55193839,100000000,,1711669190,28-03-2024 23:39:50,1711669190,0,,,,,,,,,
0x3781c5538dc47549abf0f4f7d59f0fea1f44254d8de853db9e4f227eaff2e1b4,inv_f828c839,inv_4c6e043a,55193776,196000000,,1711669058,28-03-2024 23:37:38,1711669058,0,,,,,,,,,
0xf152a0d68674d2231c834990e9e55f3920822b8ae87a4edd0726b7c03b821bf2,inv_d381a12e,inv_b962944c,55187708,100000000,,1711655458,28-03-2024 19:50:58,1711655458,0,,,,,,,,,
0x090aed70377cdf7e87a2408989dc32b501a19a10051209cb298c9165da1fb066,inv_87d2c033,inv_dbca2891,55187170,200000000,,1711654252,28-03-2024 19:30:52,1711654252,0,,,,,,,,,
0x43f6e1964a781ae15eabedabe3ab3e08d36ce7b8997dabde5af3cdaaa2cc7d9a,inv_ce54e531,inv_dbca2891,55185010,324000000,,1711649278,28-03-2024 18:07:58,1711649278,0,,,,,,,,,
0x50cd94ac196d413253d87021c1d7d9be6db40bdfe8658e4f93c906e21e804445,inv_e81b677a,inv_87d2c033,55184997,200000000,,1711649230,28-03-2024 18:07:10,1711649230,0,,,,,,,,,
0xf6818fa4848f1fde44d143e7cd90960baceebf739f9342b0202a4f87d5b0282a,inv_ce54e531,inv_dbca2891,55184816,324000000,,1711648834,28-03-2024 18:00:34,1711648834,0,,,,,,,,,
0x4a822f0b9cfcfba79455b613062e471cf0861f6f9771b792a93a0567460678cb,inv_ce54e531,inv_87d2c033,55184705,112000000,,1711648558,28-03-2024 17:55:58,1711648558,0,,,,,,,,,
0xe5b83e0fba2b199983f6915301ddb27b3ef0619ff4a3d6e04ad625e40b9d4fb0,inv_ce54e531,inv_dbca2891,55184466,432000000,,1711648018,28-03-2024 17:46:58,1711648018,0,,,,,,,,,
0x3ee265f494f50154359462704b44b6e37083e3ee2aae044fe8f2aae56ba2beb7,inv_ce54e531,inv_dbca2891,55184070,324000000,,1711647112,28-03-2024 17:31:52,1711647112,0,,,,,,,,,
0x6fa76bbbe9e0fc137c584e3fe01ac92c07cb2118cf35f275ad9a28c6c54151f9,inv_b9b5acda,inv_b962944c,55184012,100000000,,1711646988,28-03-2024 17:29:48,1711646988,0,,,,,,,,,
0xa5a3feb6aef27691c6241ebff7e6d07587279984be3b359b91456403983a0f20,inv_8c3b1ce8,inv_dbca2891,55182978,200000000,,1711644630,28-03-2024 16:50:30,1711644630,0,,,,,,,,,
0x83a5894afc1af384094002c5093bc5c196cc22f255e2de6a3b54f2fe48ac8011,inv_42124ace,inv_dc8dd748,55181537,388000000,,1711641302,28-03-2024 15:55:02,1711641302,0,,,,,,,,,
0x8b4e9665bc7bae347dd807d7b35f434a88597f82bd39adc01e311ee05582e01c,inv_bc4a498a,inv_b962944c,55180912,100000000,,1711639910,28-03-2024 15:31:50,1711639910,0,,,,,,,,,
0x1023225eaba6c83e3479da77ac45f4fdc15de49f03dccf0ae55cf29950f38613,inv_d381a12e,inv_52d1f502,55180631,99000000,,1711639280,28-03-2024 15:21:20,1711639280,0,,,,,,,,,
0x5a60d2b5a92b042b22ea89d9476c8805b2cd3d7c7ce1176c8073f0a3646a91f9,inv_0e2966ba,inv_dbca2891,55178484,200000000,,1711634462,28-03-2024 14:01:02,1711634462,0,,,,,,,,,
0xca932472bc1380b35beccfed427261e52b3fa1152bf3a3c732a710fb1e25a108,inv_af387df4,inv_dbca2891,55176434,108000000,,1711629850,28-03-2024 12:44:10,1711629850,0,,,,,,,,,
0xcdb6deebfbe567f9d579dfe82df25541a4f0fd601f3ee976d09357ac72d63013,inv_c48739e9,inv_52d1f502,55172502,238080000,,1711620751,28-03-2024 10:12:31,1711620751,0,,,,,,,,,
0xefc33717368688effb4c7f5720c4fd7d4019e2788324f6d1589215ecf536d7f9,inv_9f0c7322,inv_b962944c,55163118,100000000,,1711598827,28-03-2024 04:07:07,1711598827,0,,,,,,,,,
0xc15df60bbc2bee9012a35cf43ed43a7561d4710abf582923d20a412335ee5138,inv_a8f467a6,inv_dbca2891,55161666,108000000,,1711595615,28-03-2024 03:13:35,1711595615,0,,,,,,,,,
0xc66730cf093036e8341590f5424a031c0dfffdd7610c9e10431c8b58769f2b46,inv_6c51c747,inv_dbca2891,55155928,108000000,,1711583339,27-03-2024 23:48:59,1711583339,0,,,,,,,,,
0x54570134a7f3a3db88ceac69dd8f5fe18caa1b218a74ce6d0513dbadec9976a0,inv_6c51c747,inv_87d2c033,55155273,108000000,,1711581919,27-03-2024 23:25:19,1711581919,0,,,,,,,,,
0xe099006fe8e1a1ba5dc2002418d622ae2a816ed504ec7d6cc4583374bf9b10d4,inv_9f0c7322,inv_b962944c,55150133,100000000,,1711570310,27-03-2024 20:11:50,1711570310,0,,,,,,,,,
0xfa0ed2d2cf5c747a283bcef03526956404e2637f7a0955eb9320106df4c23e8b,inv_d2dda6a9,inv_3bc6c8fa,55148431,1543500000,,1711566452,27-03-2024 19:07:32,1711566452,0,,,,,,,,,
0x1bcf6790989f6b04584d5aaf7e75e9cff9b9c0b9cb10d2e861fd672cb3a18f0c,inv_85c77913,inv_dbca2891,55147999,324000000,,1711565470,27-03-2024 18:51:10,1711565470,0,,,,,,,,,
0x71e0504df1914f57b5d5fb5e8b99650f9d184c748e4ead55a31974a389ebd1a9,inv_490baf8c,inv_52d1f502,55146360,412000000,,1711561749,27-03-2024 17:49:09,1711561749,0,,,,,,,,,
0x30cfeaf158988c74ff27e7eb3996cdc4e45c25d268d47a98eada7964542aa294,inv_87d2c033,inv_52d1f502,55144810,495000000,,1711558247,27-03-2024 16:50:47,1711558247,0,,,,,,,,,
0xfd50feb3da480de20f97f173822f4f19ba53297bcad50b1283e5a554586cbd8d,inv_5690c297,inv_87d2c033,55144688,108000000,,1711557957,27-03-2024 16:45:57,1711557957,0,,,,,,,,,
0xcee4162d0d3c2baff6c924e588a777271a96dcc3c2236b037d779d74c0f4d824,inv_87d2c033,inv_52d1f502,55144283,495000000,,1711557063,27-03-2024 16:31:03,1711557063,0,,,,,,,,,
0xf623593773d2cc1b28950f5fcf6542d7cc4438ca264d2e869a1f1d3248507c85,inv_13cb9955,inv_dbca2891,55141577,324000000,,1711550771,27-03-2024 14:46:11,1711550771,0,,,,,,,,,
0x1e8696d16e0e039315c01fe3b2ea1e8c57d78a795690a831e549204a749e5fcd,inv_13cb9955,inv_dbca2891,55140418,432000000,,1711548040,27-03-2024 14:00:40,1711548040,0,,,,,,,,,
0x7585bd98409ca5c7f9a255b7cd3f4f81233f9e43892423cd549b93c0429e068d,inv_88e68846,inv_dbca2891,55139428,216000000,,1711545712,27-03-2024 13:21:52,1711545712,0,,,,,,,,,
0xf457daddeca9ae468a3d6987dc5e498d0937a4b07236379ee534c830d76937bc,inv_87d2c033,inv_b962944c,55136702,100000000,,1711539372,27-03-2024 11:36:12,1711539372,0,,,,,,,,,
0x240395845ae289f4aa4b0590fc4f97b96cfa8a8b77a50ced0ca4883f17a29f06,inv_8c3b1ce8,inv_3bc6c8fa,55130778,781619926,,1711526211,27-03-2024 07:56:51,1711526211,0,,,,,,,,,
0x3b496077833c74bbece5cbb5285ccf2dfd37f2c226ee6008c6233b08c091d79f,inv_007ba427,inv_dbca2891,55130698,100000000,,1711526041,27-03-2024 07:54:01,1711526041,0,,,,,,,,,
0x401e94c96b69672c1bc9b543337d3e209f4014ed353051ee47e32710ac43e026,inv_9f0c7322,inv_b962944c,55123010,100000000,,1711508511,27-03-2024 03:01:51,1711508511,0,,,,,,,,,
0x645d7316fcddf8b8e137fc3922c95873f0313d56b55d8fd9aad497a9386535da,inv_092b5098,inv_87d2c033,55118837,200000000,,1711499072,27-03-2024 00:24:32,1711499072,0,,,,,,,,,
0x0c2d1fece88205b31286058ac17f588448ab8b97bedfbf713d28df2e23a33b23,inv_9f0c7322,inv_b962944c,55115629,100000000,,1711491766,26-03-2024 22:22:46,1711491766,0,,,,,,,,,
0x4caeac13b37c037bb48278bf6017091cdd5b3a45fc249b8e3b9d0d109a1f8721,inv_bae261c9,inv_dbca2891,55114729,108000000,,1711489711,26-03-2024 21:48:31,1711489711,0,,,,,,,,,
0xc4458a91c944b65b54bc45fe72503d06c90eb33eb9122df1c929e5c3b3f41fac,inv_bae261c9,inv_dbca2891,55114637,100000000,,1711489515,26-03-2024 21:45:15,1711489515,0,,,,,,,,,
0x5c3aa743192df1f90abeac3884ae93983d727caffe51d58d5d4230019e886af2,inv_87d2c033,inv_dbca2891,55112764,100000000,,1711485257,26-03-2024 20:34:17,1711485257,0,,,,,,,,,
0x4b95445628f32b21737325c5eea251502faa09e9b0f75346c958f63ce11abb57,inv_49de41e1,inv_dbca2891,55112315,540000000,,1711484192,26-03-2024 20:16:32,1711484192,0,,,,,,,,,
0x8cb02e05e828301e271b174a04d8ab530adc82323fd31dfd91a1f94f978cc589,inv_49de41e1,inv_dbca2891,55111147,540000000,,1711481511,26-03-2024 19:31:51,1711481511,0,,,,,,,,,
0x4da0e9f274ef58f4b4a717166a960949823d1f7a20ee8beed30d3861f40eca2d,inv_ca9624c0,inv_dbca2891,55095232,108000000,,1711445098,26-03-2024 09:24:58,1711445098,0,,,,,,,,,
0x711231cb53a0c32ab7c01fa9d20528ad7ffc0b5bd7c6b47ef5347490324245c4,inv_ca9624c0,inv_dbca2891,55095048,540000000,,1711444678,26-03-2024 09:17:58,1711444678,0,,,,,,,,,
0xe6236bcad3aaf72b75c7f7c4b3669a0da727ce5e3ffde177be881f6f3b20d9cb,inv_240af523,inv_89327f24,55078293,198000000,,1711406302,25-03-2024 22:38:22,1711406302,0,,,,,,,,,
0x8ffa84b6223177e6dcbec033c0e30b5d8027519203ba68d23f2fa044ab2ba180,inv_c48739e9,inv_87d2c033,55077467,214000000,,1711404412,25-03-2024 22:06:52,1711404412,0,,,,,,,,,
0xe967659a58119a39603c9a199c5cb60e1b4920c58f8879db5d0ae366fced41cc,inv_9f0c7322,inv_b962944c,55076658,100000000,,1711402569,25-03-2024 21:36:09,1711402569,0,,,,,,,,,
0xdc06c782cb33988ca44bbe1b06ad19ebc03e12bb9a33d9a8b40b06f2b6107deb,inv_87d2c033,inv_b962944c,55072731,100000000,,1711393573,25-03-2024 19:06:13,1711393573,0,,,,,,,,,
0x53676aac3cfe86c94cb6a90e4d2c285061c21f1cd96f2aef7ee5a1e996176ea6,inv_87d2c033,inv_dbca2891,55072483,200000000,,1711393047,25-03-2024 18:57:27,1711393047,0,,,,,,,,,
0x88fff55197eb3ca925757241891530c41a1dff41cf4a1c93129deacf019a59ec,inv_88e68846,inv_87d2c033,55071682,29041901,,1711391157,25-03-2024 18:25:57,1711391157,0,,,,,,,,,
0x035e57b75e1c2bf6501c835f1861cd7f85abfcd339573a3aff2729c7ea27e056,inv_87d2c033,inv_dbca2891,55066936,108000000,,1711379601,25-03-2024 15:13:21,1711379601,0,,,,,,,,,
0x8ce047790085ea2508124339189076e5e194bcbb4a7bf0bcd2d2a1a25dd8e303,inv_87d2c033,inv_b962944c,55059950,100000000,,1711363296,25-03-2024 10:41:36,1711363296,0,,,,,,,,,
0xe1214b32f4b128ff6def39892b659fb3f7c4353edf559d11cc2d7650075b16bc,inv_f150eb0d,inv_dbca2891,55059635,108000000,,1711362572,25-03-2024 10:29:32,1711362572,0,,,,,,,,,
0x82363db5958858713ed64fa1c9189c2afd81b289e8b535441963eeac2fea79d6,inv_490baf8c,inv_dbca2891,55048734,200000000,,1711336508,25-03-2024 03:15:08,1711336508,0,,,,,,,,,
0xbb6728a05b88a31e9b4f408ffb7634afc231997520f27ca8687947f98084f139,inv_490baf8c,inv_b962944c,55048647,100000000,,1711336324,25-03-2024 03:12:04,1711336324,0,,,,,,,,,
0x48b56529bc7c562c8475324588fd2500f20ff5f958ad6704a29518f226f5f63b,inv_9f0c7322,inv_7c3150b9,55043556,103000000,,1711324734,24-03-2024 23:58:54,1711324734,0,,,,,,,,,
0xf95db5ebe698481fd21bffcf1874dd05323362a37d50874a0a36399f840b5afc,inv_4b22da68,inv_dbca2891,55034662,216000000,,1711303857,24-03-2024 18:10:57,1711303857,0,,,,,,,,,
0x63d6ca4c1e465f6e958186950b85ca7de139ef465ebc53a5d4d3e01a053c7d6f,inv_b9b5acda,inv_dbca2891,55034318,324000000,,1711303047,24-03-2024 17:57:27,1711303047,0,,,,,,,,,
0x04f30cf5413b75c3be99fee5728e90ea749d0d8b6a79d615ab7967c23c79f5f2,inv_4b22da68,inv_f60b89be,55033059,213902140,,1711299956,24-03-2024 17:05:56,1711299956,0,,,,,,,,,
0xbfa4259224db7b6ad21ee426627050b42dab9766711e5a61be02c1e3f9b1f332,inv_4b22da68,inv_3bc6c8fa,55032770,475000000,,1711299302,24-03-2024 16:55:02,1711299302,0,,,,,,,,,
0xd0191970bf99702272b4e01522dd6af8738fc8b1dfdf0af5c0a47ac1caa83b57,inv_1f043805,inv_f2d878c9,55019798,14044278,,1711268659,24-03-2024 08:24:19,1711268659,0,,,,,,,,,
0x7c40c363e5d75ec2027ad7e5891707f55f83d4f5abe2acff7db6cd58749edbc7,inv_c47cd389,inv_5e2fa910,55017447,113756709,,1711263459,24-03-2024 06:57:39,1711263459,0,,,,,,,,,
0x7853676990342dbfc2b038a3da4bc42c519291b9372e7c2528fd59f784473f10,inv_05190b18,inv_f93f5e79,55015833,356000000,,1711259898,24-03-2024 05:58:18,1711259898,0,,,,,,,,,
0x8e02717be808286a1662bc18058124916b8f55e320c980a82816d4ff4afae876,inv_490baf8c,inv_5e2fa910,55014996,200000000,,1711258041,24-03-2024 05:27:21,1711258041,0,,,,,,,,,
0xcf2c87e33abbb0e4da3063c1feb7f1e3fc281ccb4ebbcbbfc6e9481db28f2d25,inv_490baf8c,inv_dbca2891,55014417,108000000,,1711256718,24-03-2024 05:05:18,1711256718,0,,,,,,,,,
0x9f4442f1478533c7c2fc348de67f6755be1c6cc4e542cb43255e96b91b6f99a5,inv_490baf8c,inv_dbca2891,55013986,100000000,,1711255756,24-03-2024 04:49:16,1711255756,0,,,,,,,,,
0x3ce54e1588a0601fad6ca8534d271bd0bd38aa40864507043cb45bf8303c288f,inv_490baf8c,inv_b962944c,55013653,100000000,,1711254977,24-03-2024 04:36:17,1711254977,0,,,,,,,,,
0x7ceb8fff1b52fc483185b2d5876326dad42fdf20e9aec61d5b6c9707875383e6,inv_c48739e9,inv_87d2c033,55002894,103790000,,1711230594,23-03-2024 21:49:54,1711230594,0,,,,,,,,,
0x4c93af776bae741434e9b97f88205d384744b14ac33f50ffa920742797a55f68,inv_62fc6c1b,inv_f150eb0d,55002640,105000000,,1711230046,23-03-2024 21:40:46,1711230046,0,,,,,,,,,
0x2f6ba898129e5c1b26a39d314d6b7cdb4e4009f0feb3e8385fc797f60e4fc672,inv_f150eb0d,inv_dbca2891,54997887,108000000,,1711218800,23-03-2024 18:33:20,1711218800,0,,,,,,,,,
0xdc9f1c50cebc9bcbfc896354df24402fe909e9dcb747d9cc06cd3cbd24639e30,inv_85c77913,inv_dbca2891,54994943,200000000,,1711211764,23-03-2024 16:36:04,1711211764,0,,,,,,,,,
0x99c9db7b91952a4e987542c627a9e46b3545197b66962904cb6d060c80c9033a,inv_85c77913,inv_dbca2891,54994420,324000000,,1711210558,23-03-2024 16:15:58,1711210558,0,,,,,,,,,
0x2cfff2a37cb6f007bd49f1ce5f13182b9f03d8b62fc142f994e6c189c1cf3e10,inv_05190b18,inv_f93f5e79,54988658,411885859,,1711197149,23-03-2024 12:32:29,1711197149,0,,,,,,,,,
0x1b01a20cdb0c5d3f9ea8e14e85e912748434a969b5c4caa2a46e702e1838733e,inv_69dcf1b1,inv_4c6e043a,54987813,303000000,,1711195257,23-03-2024 12:00:57,1711195257,0,,,,,,,,,
0x705d889ea82ddf4eb77dfab98b28223348ce5425ffa3b5c22a746a5f423fa4c9,inv_69dcf1b1,inv_4c6e043a,54987185,202000000,,1711193858,23-03-2024 11:37:38,1711193858,0,,,,,,,,,
0xc63103fae483f1b00ecb4fceacaf96549fa5f189c1774ff0e87fca9fab8b420d,inv_69dcf1b1,inv_4c6e043a,54987144,303000000,,1711193770,23-03-2024 11:36:10,1711193770,0,,,,,,,,,
0x43c921cc6646808308a58e915a57cc6d1452463c83d216c95c2efa46ba1234a6,inv_b261c1fb,inv_dbca2891,54986748,108000000,,1711192917,23-03-2024 11:21:57,1711192917,0,,,,,,,,,
0x9cbef58f8a04841d713b99030af8cc83771f7dfe95980c1f0a4d38a16ac82bee,inv_5863d9da,inv_dbca2891,54985290,108000000,,1711189679,23-03-2024 10:27:59,1711189679,0,,,,,,,,,
0x00b40990bd68dd351969330e6e3b35bb731a29e52912e0c2377de8e427d69631,inv_8ae700a4,inv_f60b89be,54984085,200660000,,1711187019,23-03-2024 09:43:39,1711187019,0,,,,,,,,,
0xe5003689d0ab6d15a2771c0c369161fdf7f97208742a607047160cf080e7ff0a,inv_51fe3716,inv_dbca2891,54962432,300000000,,1711137269,22-03-2024 19:54:29,1711137269,0,,,,,,,,,
0xa64dd3f04a62395b50c3f0a83a2f2211f43b0cef81653a8a1af3dfb3d5e05fab,inv_490baf8c,inv_dbca2891,54962185,432000000,,1711136694,22-03-2024 19:44:54,1711136694,0,,,,,,,,,
0xe1343ef6fe76d8f9bf5c4ba2b120e6d69aebbcde4b755454aa1d05216c95fc75,inv_87d2c033,inv_dbca2891,54961900,108000000,,1711135956,22-03-2024 19:32:36,1711135956,0,,,,,,,,,
0xa72fd233ae512a85605c4779ca15c08885cb6c770e184341d941b9138ebc3a68,inv_83a23010,inv_87d2c033,54960536,100000000,,1711132587,22-03-2024 18:36:27,1711132587,0,,,,,,,,,
0x0bf9fa542fee1efa174e3d58a68fada459d77484e72595fe2fcd5485a7453559,inv_83a23010,inv_87d2c033,54960466,200000000,,1711132437,22-03-2024 18:33:57,1711132437,0,,,,,,,,,
0xd9b3efe2870ad4fecfa341b89d4267989e0195f5ea115698878c090f88714dbe,inv_83a23010,inv_046c2536,54960418,58421580,,1711132328,22-03-2024 18:32:08,1711132328,0,,,,,,,,,
0x72becff2d9c3218e05288d3c77e7af0be1f176dbe8fc54f9d0bd3fcafe555277,inv_83a23010,inv_69dcf1b1,54960385,99000000,,1711132258,22-03-2024 18:30:58,1711132258,0,,,,,,,,,
0x4547dcc030257f7abecd42315d8d527c011fd3aef713e7f78376fd227eb11d43,inv_83a23010,inv_b962944c,54960291,100000000,,1711132026,22-03-2024 18:27:06,1711132026,0,,,,,,,,,
0xf32fde9607ef217300b8f97f0824961e924183f419d68b72656fa97855ee4eca,inv_240af523,inv_ca9624c0,54959089,547112233,,1711129204,22-03-2024 17:40:04,1711129204,0,,,,,,,,,
0xe9099f8c8eccbc187245489168a981350c35258294a504e08c28696f25df6790,inv_240af523,inv_dbca2891,54958984,108000000,,1711128980,22-03-2024 17:36:20,1711128980,0,,,,,,,,,
0x22b3b53c1d1680f0bb08251fdb7897db94bfbc7ff8e374263c3337a2eaff3e80,inv_240af523,inv_dbca2891,54958964,108000000,,1711128916,22-03-2024 17:35:16,1711128916,0,,,,,,,,,
0x4e9944fe28b74ebe7edd6042149c8005328e778487803436baaf1c0ad05c917a,inv_240af523,inv_dbca2891,54958885,432000000,,1711128738,22-03-2024 17:32:18,1711128738,0,,,,,,,,,
0x3aa32c477725514c390cdaadab2f19a8b890f300b45775f27575209175f9e31f,inv_240af523,inv_dbca2891,54958847,216000000,,1711128653,22-03-2024 17:30:53,1711128653,0,,,,,,,,,
0x8bb2487bb15d613f554969c3fd1f11ae4d51a9a896822e429c6a43f2b980933f,inv_240af523,inv_dbca2891,54958704,108000000,,1711128319,22-03-2024 17:25:19,1711128319,0,,,,,,,,,
0x53298ce26da783713e39a6c94b5ba6125223086453697f264580c723f795d999,inv_240af523,inv_dbca2891,54958661,216000000,,1711128227,22-03-2024 17:23:47,1711128227,0,,,,,,,,,
0x8cebeaaad9455c2c9380859091e5a46ce239a0b89bc23aeb46f3bb02ed727da3,inv_240af523,inv_dbca2891,54958373,324000000,,1711127568,22-03-2024 17:12:48,1711127568,0,,,,,,,,,
0x199f446ca0a53213d3255dde1e9a6a38aabdaef113f8559221cb7db9fb3cd8c8,inv_240af523,inv_dbca2891,54958312,216000000,,1711127406,22-03-2024 17:10:06,1711127406,0,,,,,,,,,
0xc5d03c409267692eca20f76f8c9689038ba9452842c430a22fa09ae61d6a14b2,inv_240af523,inv_dbca2891,54958238,540000000,,1711127248,22-03-2024 17:07:28,1711127248,0,,,,,,,,,
0x3ae873bd62f0df77cbdf256279e9153e50d3e8952bd2390f51bae68fa66f0bc0,inv_240af523,inv_dbca2891,54958019,540000000,,1711126752,22-03-2024 16:59:12,1711126752,0,,,,,,,,,
0x2dfa0dd2fb2bdbea4be8d33ba503d8dad5e65ba4040e81538879a391a855650f,inv_240af523,inv_dbca2891,54957348,108000000,,1711125224,22-03-2024 16:33:44,1711125224,0,,,,,,,,,
0xb21c15f6b79f5e9ef16f8845e722d56dc7773a03fb325530ee43f5490148e766,inv_240af523,inv_dbca2891,54957256,216000000,,1711125028,22-03-2024 16:30:28,1711125028,0,,,,,,,,,
0x7e5a73bf13be4f5ebdc31d025eedc6d8db154bd9896e0a0bc3f85f0cbf8aecef,inv_240af523,inv_dbca2891,54957228,324000000,,1711124968,22-03-2024 16:29:28,1711124968,0,,,,,,,,,
0xce15e26de51d7c2601f5acad4a42d030a8d3b873370578019adb839b7e3a01c4,inv_240af523,inv_dbca2891,54957179,432000000,,1711124832,22-03-2024 16:27:12,1711124832,0,,,,,,,,,
0x55f1edd1739d1c6edb95bef6ef6e6ad36df389fc5ca7ea4bf16dfa2830db8402,inv_240af523,inv_dbca2891,54957152,540000000,,1711124776,22-03-2024 16:26:16,1711124776,0,,,,,,,,,
0xcc10cb278431aa83283dd75ffe2b464ebe86e7691e1688ab44df3cd9b0bfcf61,inv_240af523,inv_dbca2891,54957113,540000000,,1711124692,22-03-2024 16:24:52,1711124692,0,,,,,,,,,
0x8812c15210f30108d1b0d339bf6458139837fa2f2f4dc7de9aaa91da8509b890,inv_83a23010,inv_b962944c,54955733,100000000,,1711121376,22-03-2024 15:29:36,1711121376,0,,,,,,,,,
0x7c065bb6eca5af58e69d71b3467390f7477dc6b766e4f4ed77f73bec1c9a2987,inv_83a23010,inv_69dcf1b1,54955664,495000000,,1711121230,22-03-2024 15:27:10,1711121230,0,,,,,,,,,
0xcb54f9dd84a02dd697837edc8f2ee48154bf95a8ea4566282b97232d0ce40df7,inv_83a23010,inv_69dcf1b1,54955571,198000000,,1711121000,22-03-2024 15:23:20,1711121000,0,,,,,,,,,
0x949b06d389c54d97c2e320b2e83a68b9eb63b473f763de91158ad4f061384cc0,inv_c48739e9,inv_c47cd389,54954592,106000000,,1711118628,22-03-2024 14:43:48,1711118628,0,,,,,,,,,
0x430f55a8381bc9d64f92eab33a84e5c3ecb4fe9b29609e172dda5bbdaa31c81e,inv_2d73d9d1,inv_dc8dd748,54947286,368386147,,1711101578,22-03-2024 09:59:38,1711101578,0,,,,,,,,,
0x103fd413fbd1451f7a49823465dbe9eb89419cf0c58ddb83bfde0baa658c77e0,inv_f94cd7bf,inv_dbca2891,54945643,432000000,,1711097927,22-03-2024 08:58:47,1711097927,0,,,,,,,,,
0xaa4103c2146aa54abe5ce087e5b3d88a097b0e444fd55171797ba092546ab679,inv_2d73d9d1,inv_f93f5e79,54945472,270000000,,1711097532,22-03-2024 08:52:12,1711097532,0,,,,,,,,,
0x78bb75e1f201f7a7d7beb27e092348e7c67a987b4b8f4e6bfe4ac14114f98d6b,inv_f5263228,inv_f93f5e79,54943816,270000000,,1711093811,22-03-2024 07:50:11,1711093811,0,,,,,,,,,
0x1b88d8de6934a5b09bcfe76982254f87131ed62f7b58bc615e3e8f1551eb168a,inv_b261c1fb,inv_dbca2891,54932261,324000000,,1711066277,22-03-2024 00:11:17,1711066277,0,,,,,,,,,
0x3bb6b2246940b858ec46174830e952fd38689ba97546cd7d5cf2fbf8fa4362d7,inv_83a23010,inv_dbca2891,54924182,500000000,,1711046830,21-03-2024 18:47:10,1711046830,0,,,,,,,,,
0xc2e956aef59344684ca7879d42d71d6fcf8bb927e81021081079a5c2e3aa701e,inv_83a23010,inv_dbca2891,54923935,400000000,,1711046267,21-03-2024 18:37:47,1711046267,0,,,,,,,,,
0x4bef2332a9d2d3f1cb5222818155dd12d7852769b60a018af535be746d01eeb7,inv_b9b5acda,inv_b962944c,54923696,100000000,,1711045633,21-03-2024 18:27:13,1711045633,0,,,,,,,,,
0x623334cb5cf492dd6a45a9a70d322261f4c40843d6794041a73e55bdaf202b5f,inv_83a23010,inv_4d211fa5,54923448,5000000000,,1711045041,21-03-2024 18:17:21,1711045041,0,,,,,,,,,
0xe941b95e180c7232f35480d033a33a05e037a7447c8c69ab68b8ea0032f9252f,inv_f5263228,inv_89327f24,54920360,200000000,,1711037925,21-03-2024 16:18:45,1711037925,0,,,,,,,,,
0x319805a120b57d3e0c27c3ea32575b89485cab2f382c8c1316310994ce31125c,inv_f5263228,inv_e7339c4b,54920318,518291110,,1711037803,21-03-2024 16:16:43,1711037803,0,,,,,,,,,
0x35b36885d7a1c4c310de392fa951a69c2223cd5bfca1bc5e24aac60dca7db825,inv_f5263228,inv_dc8dd748,54920282,130950000,,1711037727,21-03-2024 16:15:27,1711037727,0,,,,,,,,,
0xc856ef6a496c831f34f0e60e35b414d3dc6db55a0f658f7051610d54049ab594,inv_2d73d9d1,inv_d287642b,54911104,1086400000,,1711017296,21-03-2024 10:34:56,1711017296,0,,,,,,,,,
0xc065400ae806453d8ca0d9c749ddfe2f31951bdd0155c9219d6610ccf65dffab,inv_f94cd7bf,inv_89327f24,54908911,448912344,,1711012251,21-03-2024 09:10:51,1711012251,0,,,,,,,,,
0xca809e5041d49819b7f5ceed87609c6e69dfe80eb4558f3c39e15e960f499653,inv_490baf8c,inv_dbca2891,54900385,260000000,,1710991317,21-03-2024 03:21:57,1710991317,0,,,,,,,,,
0xfa040b6aa100b748253394d15baab03e23b724119b2460288fc9a6e63814c42e,inv_490baf8c,inv_dbca2891,54898879,200000000,,1710987489,21-03-2024 02:18:09,1710987489,0,,,,,,,,,
0xa70e35943a0590d764db39eebea3ee44f56760044b72811bd01f6ba3f862628f,inv_490baf8c,inv_dbca2891,54898486,216000000,,1710986523,21-03-2024 02:02:03,1710986523,0,,,,,,,,,
0x81544ed9b669c585fcfb3eee3f167d3f080b3fad9e61933f18a6f0a3dbe2c70b,inv_c47cd389,inv_dbca2891,54893018,108000000,,1710973368,20-03-2024 22:22:48,1710973368,0,,,,,,,,,
0xb27967fcd178b647f6f87b255c87cde3045235c2cf80c1c52c67c13eea11fb3e,inv_c47cd389,inv_dbca2891,54892922,108000000,,1710973164,20-03-2024 22:19:24,1710973164,0,,,,,,,,,
0x5898e8e3ee3bd7ffcec0e7fc210ccaa0c5f51ac4c1bf6d8db2504d12a8ad156f,inv_bae261c9,inv_87d2c033,54892507,11193826,,1710972218,20-03-2024 22:03:38,1710972218,0,,,,,,,,,
0x90a9c80f3f1b4dfb1b853acac21e034717bcbf15c0a3285848d9ddd27c089320,inv_c48739e9,inv_dbca2891,54889047,108000000,,1710964429,20-03-2024 19:53:49,1710964429,0,,,,,,,,,
0x506d9dcd008a234d76b243a4a72aebce81106fd744ecd755cc5d067e1e659c15,inv_1a2e500e,inv_e7339c4b,54887792,243476234,,1710961571,20-03-2024 19:06:11,1710961571,0,,,,,,,,,
0x7f706677f4f6a994c2c9b6db4aa2e9307d67ace015005b0cc7ccd760acb8ac85,inv_dee8dd2a,inv_dbca2891,54884413,100000000,,1710953680,20-03-2024 16:54:40,1710953680,0,,,,,,,,,
0x0071bda218d4a75c34cc9691da23cfae8c9c9186bdfa462627f750053fc4ef6e,inv_092b5098,inv_dbca2891,54884126,145000000,,1710952974,20-03-2024 16:42:54,1710952974,0,,,,,,,,,
0x815d41f4cd1c13ac076b5d751942051fb3f49714ccb31a4e26ca7bcf008b8d8a,inv_dee8dd2a,inv_dbca2891,54883946,100000000,,1710952560,20-03-2024 16:36:00,1710952560,0,,,,,,,,,
0xec9ef6e1ac2116145840c9920eb301e866ffe173e74ad8d4ca7f76658bf1471d,inv_dee8dd2a,inv_b962944c,54883875,100000000,,1710952378,20-03-2024 16:32:58,1710952378,0,,,,,,,,,
0x381692ae5e2be046d83ed1f38d03466e1b09ec4563e17d14c0350f57e7896c2c,inv_87d2c033,inv_dbca2891,54873973,108000000,,1710929644,20-03-2024 10:14:04,1710929644,0,,,,,,,,,
0x5358ef4059939f5bbeb1c9d01637d02713af047b4030ee373b95f4c4f4af5b0d,inv_7a04f164,inv_dbca2891,54853269,200000000,,1710881372,19-03-2024 20:49:32,1710881372,0,,,,,,,,,
0x1a439a315a0ddf2e44e5cc287511487685ddc71b2da1d0458c50e4ca37e9554e,inv_e9cf3f76,inv_f14d82a5,54849254,500000000,,1710872274,19-03-2024 18:17:54,1710872274,0,,,,,,,,,
0x873e05e5f6c564a48e23e85f849dca2e95e22ac726261f8631dabc94693aba49,inv_85c77913,inv_dbca2891,54847690,432000000,,1710868715,19-03-2024 17:18:35,1710868715,0,,,,,,,,,
0x4289953aac2c8f82032617dca18d4e3bcdcb36b1e6c068a3064dac38359ac252,inv_9f0c7322,inv_b962944c,54845161,100000000,,1710862893,19-03-2024 15:41:33,1710862893,0,,,,,,,,,
0xd69792a9710aba2ff7390ad62e045a65ef4cc9bc211af8aa014527f66e309305,inv_00f58a3a,inv_51bc405b,54842484,200000000,,1710856787,19-03-2024 13:59:47,1710856787,0,,,,,,,,,
0x94e00bbbd64bc57dcc96d69403e1f2a3965341c2ae88cf60e7db5574b537427c,inv_67362450,inv_dbca2891,54839909,432000000,,1710850984,19-03-2024 12:23:04,1710850984,0,,,,,,,,,
0x5416d2cce9eb5cdac264c4aa14c0b12e9a7a8c4772495b2c36bf1160d2cd37e1,inv_67362450,inv_dbca2891,54839801,217080000,,1710850722,19-03-2024 12:18:42,1710850722,0,,,,,,,,,
0x8798437f0a305d3aedc477cf9516cc9c7057cad2d41e1f98834f178320c1dcaa,inv_67362450,inv_dbca2891,54839693,216000000,,1710850488,19-03-2024 12:14:48,1710850488,0,,,,,,,,,
0x0fc721aef570b224b0492aba8ef710a39265c221861e2f66bc94c273b3e7da03,inv_bae261c9,inv_046c2536,54834341,19504709,,1710837906,19-03-2024 08:45:06,1710837906,0,,,,,,,,,
0x23e593aaf06fa584045e36c9a4874c46e5eb484e63782ea7b69d5c5470679d67,inv_87d2c033,inv_dbca2891,54819972,200000000,,1710804173,18-03-2024 23:22:53,1710804173,0,,,,,,,,,
0x4df32d8f61879dbf7276292798ef3041e10d2500672550c3cbd1ea3cb45b31fb,inv_87d2c033,inv_dbca2891,54819561,108000000,,1710803285,18-03-2024 23:08:05,1710803285,0,,,,,,,,,
0x95368a8717c87adfc95be69c4b33dcca7b12a8b7786d53d6e99774f8b0e57c87,inv_87d2c033,inv_dbca2891,54819514,216000000,,1710803185,18-03-2024 23:06:25,1710803185,0,,,,,,,,,
0x10f4d0875fa7dd6462a847d7bc8f7f161ce58a6167b14e5ffdd6d7caf0c4c363,inv_88e68846,inv_dbca2891,54816406,324000000,,1710796411,18-03-2024 21:13:31,1710796411,0,,,,,,,,,
0xb022f9d021932e1e65a0c4dbbbb3f3660118c8231547b8d7b937d64b04e85f11,inv_c47cd389,inv_dbca2891,54816274,108000000,,1710796099,18-03-2024 21:08:19,1710796099,0,,,,,,,,,
0xd15d1a5d918e1bd33a5a6dc7bfafd72a1dd4cdd8c8cf597025b307e9eb696a6f,inv_c47cd389,inv_dbca2891,54816034,108000000,,1710795570,18-03-2024 20:59:30,1710795570,0,,,,,,,,,
0x67f000c9d04985fb41cefa55f05fb9b7598c47ee0ddc5f53da818309dfbb92d0,inv_c47cd389,inv_dbca2891,54815299,108000000,,1710793947,18-03-2024 20:32:27,1710793947,0,,,,,,,,,
0x0b1b3c62b00059ccb632ac3281f84caefa65ae9ae17d7331875a525305a1036f,inv_c47cd389,inv_dbca2891,54815024,108000000,,1710793363,18-03-2024 20:22:43,1710793363,0,,,,,,,,,
0x4b307cce2f40f7a0459fc9390826a8f5a95f274dc3a48760d8d04e7b1d57e6aa,inv_c47cd389,inv_dbca2891,54814896,108000000,,1710793090,18-03-2024 20:18:10,1710793090,0,,,,,,,,,
0x06d078bd1594d753b3f383d3626de7871629aa0d7ffbdbeacfe337e643710cad,inv_9f0c7322,inv_b962944c,54813687,100000000,,1710790339,18-03-2024 19:32:19,1710790339,0,,,,,,,,,
0x5248560e71d91fed672eb96cb341de481965940f6332f6bd7b28379f5ded6cbc,inv_9f0c7322,inv_87d2c033,54813602,300000000,,1710790143,18-03-2024 19:29:03,1710790143,0,,,,,,,,,
0x6c1a8bcee91795db31ffb9d433893f28e5e0ea4d328c5f0da44a72b0e7fbb23f,inv_092b5098,inv_dbca2891,54811938,324000000,,1710786262,18-03-2024 18:24:22,1710786262,0,,,,,,,,,
0xfedff89420efad476bb114d2228f07cb2fa211e1767ec2a4502be85a3c4fd912,inv_87d2c033,inv_dbca2891,54807427,108000000,,1710775563,18-03-2024 15:26:03,1710775563,0,,,,,,,,,
0x83a543d08084f5d28469df4be3debf47e6d29de586ef5fe6d32dd53b7707994f,inv_d996a34a,inv_f93f5e79,54802115,190000000,,1710762649,18-03-2024 11:50:49,1710762649,0,,,,,,,,,
0x73a36b28e09a9d92eebe594fda821a7eb6a26d7615845ebe2b8eebc739855603,inv_d996a34a,inv_f93f5e79,54801717,190000000,,1710761699,18-03-2024 11:34:59,1710761699,0,,,,,,,,,
0xd134e9c7992c5ae7b954bb5427c95abf680fc9956d5f9df0d47300ebf7e27147,inv_3db5e783,inv_7bc13d8c,54799827,479906027,,1710757024,18-03-2024 10:17:04,1710757024,0,,,,,,,,,
0xb6329e8dc54ed160c5d77dcdae137ec05a91644497d7bc362cf847020130f15d,inv_67362450,inv_87d2c033,54797302,106000000,,1710750815,18-03-2024 08:33:35,1710750815,0,,,,,,,,,
0xe110d7d6e2ca40fc1dd9520c47e374c08eb4dfc863975b44f47f8451a3594fa5,inv_c47cd389,inv_4d211fa5,54775746,191900000,,1710702043,17-03-2024 19:00:43,1710702043,0,,,,,,,,,
0xa604856426a50548ebbbed3f436abea4e2a84eace4f8540bbec20792166b3b9c,inv_87d2c033,inv_4c6e043a,54769726,303000000,,1710687731,17-03-2024 15:02:11,1710687731,0,,,,,,,,,
0xfe05f255baca3da4f193e74a95472f5fb1d5fb9905b15ff9e53d0630f6eea183,inv_f5263228,inv_dabef0fb,54722673,500000000,,1710582397,16-03-2024 09:46:37,1710582397,0,,,,,,,,,
0xa21a87d2b24e62093518d378f8378e85f4b7c69dc1fe28031a32e2a6dac8a911,inv_88e68846,inv_c6270cc0,54689137,545000000,,1710509228,15-03-2024 13:27:08,1710509228,0,,,,,,,,,
0x3171ac280b098baf1578b79347f9a7fc4ccffab05b8f69ba540b2e05007c4e24,inv_88e68846,inv_b962944c,54686298,100000000,,1710503190,15-03-2024 11:46:30,1710503190,0,,,,,,,,,
0x52677b4e1f13ef44d343aed027d613a3fe68a5067dfca52c4e9d00fc0b3e5b47,inv_a4caffca,inv_b962944c,54666358,100000000,,1710460135,14-03-2024 23:48:55,1710460135,0,,,,,,,,,
0xc6f64aea91d355e0b2034e8ddc8f87bbb458f0e577c73080449392ac57658ad8,inv_a4caffca,inv_b962944c,54665731,100000000,,1710458635,14-03-2024 23:23:55,1710458635,0,,,,,,,,,
0x026c722625cfaad0672a47a47268b80ffa3e032890395f7e893e952c80798a26,inv_88e68846,inv_b962944c,54662895,100000000,,1710452282,14-03-2024 21:38:02,1710452282,0,,,,,,,,,
0x6ca103015a300086a816bd6b9d9689b7036e6dbc25c84173834b5fa067da2cb4,inv_cf10d6d5,inv_498e8beb,54657010,399960000,,1710439039,14-03-2024 17:57:19,1710439039,0,,,,,,,,,
0x2a190959fb41fd74ffc6e8f26bed50cfd33d4bca9ef0a24c0171fa6f703cac33,inv_9f0c7322,inv_87d2c033,54656538,101000000,,1710438035,14-03-2024 17:40:35,1710438035,0,,,,,,,,,
0xcc343d16a303734e5fe62704780d04d95a234c0232753f13f72696bd772cd944,inv_9f0c7322,inv_b962944c,54656484,100000000,,1710437921,14-03-2024 17:38:41,1710437921,0,,,,,,,,,
0x7af2f5e33d8c63660bea5517c8d42e5880b182e03c84e4675c1c00783494d5b9,inv_092b5098,inv_498e8beb,54651309,174436489,,1710426891,14-03-2024 14:34:51,1710426891,0,,,,,,,,,
0xd1fc890339e7fc34956494b241cb3d45a0af6694f7cb5ae32beafc2f88871ff5,inv_88e68846,inv_b962944c,54647544,100000000,,1710418487,14-03-2024 12:14:47,1710418487,0,,,,,,,,,
0xb1fd62b940764dcc758f327d6bd26ec730d07b632c290e58911d7b26b54501c2,inv_092b5098,inv_b962944c,54629396,100000000,,1710378667,14-03-2024 01:11:07,1710378667,0,,,,,,,,,
0x8a976118a124c509996c32bbbc8464c4ddbd090f1101877bbc6c0a14884dd628,inv_240af523,inv_c6270cc0,54626216,476100000,,1710371632,13-03-2024 23:13:52,1710371632,0,,,,,,,,,
0x5b90cc2740c2d7995485bc9d6a190a48944b450355d6d4d05f2afeb36a6b6987,inv_240af523,inv_89327f24,54623957,325067906,,1710366716,13-03-2024 21:51:56,1710366716,0,,,,,,,,,
0x1d078ed0934ee05e81088fd0f47b2b6da8072e28bc3546fe89c28eac4c54db52,inv_240af523,inv_c6e5b0b2,54623584,1067367000,,1710365875,13-03-2024 21:37:55,1710365875,0,,,,,,,,,
0xf7e1a4e8c78079f87a487d561716a5edabb66069230fee6b4afcebb9576479d6,inv_b9b5acda,inv_c6270cc0,54621831,115290702,,1710361961,13-03-2024 20:32:41,1710361961,0,,,,,,,,,
0x5598b2365f5af2a021c72095e6e1a7a6c883bf8a13282cfafaff9df42c10c016,inv_87d2c033,inv_f14d82a5,54616963,600000000,,1710351301,13-03-2024 17:35:01,1710351301,0,,,,,,,,,
0xbb17bdbff39bfc12008fcdf71901416a8e5aab4ebe39d6ff6c77be3703b991ee,inv_d48957d8,inv_498e8beb,54614897,609330380,,1710346779,13-03-2024 16:19:39,1710346779,0,,,,,,,,,
0xfb47c01ca5b02016b8cc72134732c2badad68142ab0f985b2cdc0897ae9ad833,inv_a361c80b,inv_b962944c,54614731,100000000,,1710346393,13-03-2024 16:13:13,1710346393,0,,,,,,,,,
0x80f595af51b773ee85431506b809642cfa3e1c4eb4ce602ea3d05d1f3ef53ec7,inv_55ecc21e,inv_87d2c033,54605917,218000000,,1710327223,13-03-2024 10:53:43,1710327223,0,,,,,,,,,
0xffe859808e3b2e18253de8a54a506dddead94c504cb2acdccfd4ff62d7977506,inv_d2dda6a9,inv_498e8beb,54603011,650940000,,1710320993,13-03-2024 09:09:53,1710320993,0,,,,,,,,,
0xc41d9287679e9832bb5351d359d9aef178f8028876afb8afe401ce36bcbcc9ea,inv_d1e999d9,inv_bae261c9,54602293,26750000,,1710319465,13-03-2024 08:44:25,1710319465,0,,,,,,,,,
0x092ad9e11ba2118c67554c1e44b8a1602f7933c6ce1553d959ca5e6c6ea56ac1,inv_c48739e9,inv_9f0c7322,54601158,210000000,,1710317053,13-03-2024 08:04:13,1710317053,0,,,,,,,,,
0xcbfbf446679cbc34c02cc2e58cb087c1fe0ee93b2e8e3270ad16a00e78764f74,inv_88e68846,inv_b962944c,54598218,100000000,,1710310748,13-03-2024 06:19:08,1710310748,0,,,,,,,,,
0x881ca7a7328eb4999b7bfe94fb160e177579cbf92ca643acd9421452d27c407d,inv_9f0c7322,inv_f14d82a5,54587914,500000000,,1710288070,13-03-2024 00:01:10,1710288070,0,,,,,,,,,
0xe79e60327e907a8d35954acae677e54b3e903eb1f7a03303c425bd9a07e54fa9,inv_c48739e9,inv_7ad414f4,54586754,35175973,,1710285335,12-03-2024 23:15:35,1710285335,0,,,,,,,,,
0x20e10704098b8a7f8fe19917c23aeea5000655fcef2b8287f83e61dac0bd1c5e,inv_88e68846,inv_89327f24,54583289,107381392,,1710277057,12-03-2024 20:57:37,1710277057,0,,,,,,,,,
0xa476e8cdf87fbae2e035ffced230bb8a66356d6a2b0b0e83a02d8588468232c0,inv_88e68846,inv_c6270cc0,54583205,214309075,,1710276849,12-03-2024 20:54:09,1710276849,0,,,,,,,,,
0x9d26d657f3d375c97312cd5bfc79cd4a3c9f8b05032e5b7733061a3a4fea4784,inv_05190b18,inv_f93f5e79,54582742,285000000,,1710275762,12-03-2024 20:36:02,1710275762,0,,,,,,,,,
0x496acef5ba8a193444cf53ebd719cfb2b6a7918484de018d16970bffd306287e,inv_05190b18,inv_71e82669,54582261,46242600,,1710274682,12-03-2024 20:18:02,1710274682,0,,,,,,,,,
0x6a854e834313d3f707278965da0bec95bb15c5086369338466aa904c0a64fad5,inv_2d73d9d1,inv_5deb5292,54574551,1923570000,,1710257622,12-03-2024 15:33:42,1710257622,0,,,,,,,,,
0x06e2ef40697333b73721ee57588dc6c5c2ddf859a3f20cd3f7be650ec6ddaad3,inv_7c3150b9,inv_b962944c,54547670,100000000,,1710198557,11-03-2024 23:09:17,1710198557,0,,,,,,,,,
0x7baa218e5f93ba6d50932dd24e1dd2849503035349dbe159447cf454a2ac4cfd,inv_092b5098,inv_43101355,54542647,99000000,,1710187361,11-03-2024 20:02:41,1710187361,0,,,,,,,,,
0x18be94d26d5a4652ad311f5fc0941dc33d257941b244afb53bfd3f8de9821b9d,inv_9f0c7322,inv_b962944c,54541521,100000000,,1710184790,11-03-2024 19:19:50,1710184790,0,,,,,,,,,
0x7e56bfce2ffe72263a92a37594a27502d53922d5702965475a377075a40a7209,inv_b12e744b,inv_7c3150b9,54538854,103000000,,1710178729,11-03-2024 17:38:49,1710178729,0,,,,,,,,,
0x2bdab643d3c1f361e34cb0200a0f72142426b14c069f6380761f0dea1c2dbb05,inv_b12e744b,inv_b962944c,54538639,100000000,,1710178235,11-03-2024 17:30:35,1710178235,0,,,,,,,,,
0x3a3c50122e7b40684d0a0e44caf5f90da7d321a79407f3a6b5045b7bcc9834f2,inv_a361c80b,inv_b962944c,54535040,100000000,,1710170250,11-03-2024 15:17:30,1710170250,0,,,,,,,,,
0x6b90300368d3d4b2dfc25b2a588900878af9848fd80c71de8b5198e7173488ec,inv_bae261c9,inv_5deb5292,54532904,22500000,,1710165698,11-03-2024 14:01:38,1710165698,0,,,,,,,,,
0xa5aa3c70239ff8dcbac9a17f8adaade27cbd4aab80e26e14140bd768084408da,inv_092b5098,inv_f14d82a5,54505505,500000000,,1710106292,10-03-2024 21:31:32,1710106292,0,,,,,,,,,
0x3bd75d37deacdb20adbbf7b554168c66939012ec7447ec161ecc453c22d7eb35,inv_b9b5acda,inv_b962944c,54494958,100000000,,1710083388,10-03-2024 15:09:48,1710083388,0,,,,,,,,,
0x8dca5f688b6c26ed23f159f24d1a48bab5932de99620d921ebf59a60a195df26,inv_7ad414f4,inv_a4caffca,54470893,115396813,,1710030563,10-03-2024 00:29:23,1710030563,0,,,,,,,,,
0x84bcb05b7d42db933bfd3b2cdd4fd5454d767a9ba3946f404b5eebdb01581d9c,inv_dd02f503,inv_f14d82a5,54469115,500000000,,1710026592,09-03-2024 23:23:12,1710026592,0,,,,,,,,,
0x7fd52e02de6b3f650361ce65b78c0205f4c921273fd496d951f08e86329bab6d,inv_85c77913,inv_b962944c,54468766,100000000,,1710025805,09-03-2024 23:10:05,1710025805,0,,,,,,,,,
0x14b6f3a8566a24611cf4bce22869b51c9820f190780f557476ac47b2bb877df2,inv_7cbe5471,inv_89327f24,54464175,321000000,,1710015400,09-03-2024 20:16:40,1710015400,0,,,,,,,,,
0x2e368d035752ceb17caefa67b8914c411b1d41bd3ec0fd989a52a40f950b0295,inv_a88059cc,inv_b962944c,54461900,100000000,,1710010161,09-03-2024 18:49:21,1710010161,0,,,,,,,,,
0x01d3e54f1c39f07416f0f09d00cad8b91729b5b7ba1630aa1f3ffe96363bf0c4,inv_5c638b85,inv_f60b89be,54456071,220955853,,1709997197,09-03-2024 15:13:17,1709997197,0,,,,,,,,,
0x2e5e64eddc26cca4200c5c4b48a6be11b8de0e8ca2a3bd414db1bef2163dc2c6,inv_85c77913,inv_498e8beb,54455996,214000000,,1709997037,09-03-2024 15:10:37,1709997037,0,,,,,,,,,
0x20e1899760cf4c119a2a374cd3191aba688c6cd184da01cc1f04e142c64b9435,inv_bae261c9,inv_87d2c033,54445961,10841211,,1709975133,09-03-2024 09:05:33,1709975133,0,,,,,,,,,
0x0756e2bc8c5ccbffef2fa3b4d95759240cffa0765530908add23c61cff41ede8,inv_092b5098,inv_b962944c,54430326,100000000,,1709940055,08-03-2024 23:20:55,1709940055,0,,,,,,,,,
0xb202b243237b37b8d219f844b70e706b108809c5208106fa0dd39f09b3d8ffac,inv_3591f542,inv_b962944c,54424468,100000000,,1709927336,08-03-2024 19:48:56,1709927336,0,,,,,,,,,
0xa2252043f359c13f9d6d1f5ffbc394a320e31a924ff98d4850bbfb7101c8449d,inv_c5432714,inv_b97fd7e7,54422234,970000000,,1709922395,08-03-2024 18:26:35,1709922395,0,,,,,,,,,
0x0003d519183765dd544579e04d7077c2fad95970b453d6b255cd4a70fc20b50c,inv_05190b18,inv_b97fd7e7,54420155,485000000,,1709917772,08-03-2024 17:09:32,1709917772,0,,,,,,,,,
0xcab22ffc04de423faeea1ec22c0804944587fb9ac36d278d3a5859210a906494,inv_b9b5acda,inv_b962944c,54419959,100000000,,1709917356,08-03-2024 17:02:36,1709917356,0,,,,,,,,,
0x07f5367dfd11260f5643ff298dcde32d6aac5331f0db37df8b2be53c861dda8f,inv_9f0c7322,inv_7ad414f4,54399723,91800000,,1709874155,08-03-2024 05:02:35,1709874155,0,,,,,,,,,
0xca00987d0689c3ae6a22771e6bae74b399fd47234d8d8f23bcae994bd3ed7d4f,inv_9f0c7322,inv_b97fd7e7,54399537,485000000,,1709873742,08-03-2024 04:55:42,1709873742,0,,,,,,,,,
0xb8a35112aa81f8efcce1ba02cbe1b6ff9798b79bc8c9c90d48d3828008cdb829,inv_c5432714,inv_3bc6c8fa,54394592,749550000,,1709862952,08-03-2024 01:55:52,1709862952,0,,,,,,,,,
0x871e725bab410f4e92b495161c637ad3736b8e08d9ae3ef2e226766138562c49,inv_7c3150b9,inv_b962944c,54392537,100000000,,1709858387,08-03-2024 00:39:47,1709858387,0,,,,,,,,,
0x5eee67f6613683bbc7c872bba8b585eb4871cc4951e2c629d64a911831e09280,inv_092b5098,inv_b962944c,54389114,100000000,,1709850683,07-03-2024 22:31:23,1709850683,0,,,,,,,,,
0x85cb2e2b9d4480970894382c80cbd5768e820871ed447ca68870a4fd5a4a4b1d,inv_092b5098,inv_7c3150b9,54386444,103000000,,1709844579,07-03-2024 20:49:39,1709844579,0,,,,,,,,,
0xce9bdcb960983b0a8f9ad0b43dd272b72042dcde5839eedae7b5b10d4c07cfdc,inv_66e1ba35,inv_f14d82a5,54382795,500000000,,1709836651,07-03-2024 18:37:31,1709836651,0,,,,,,,,,
0x2a7df4b91e3a91feb7ab606b8fdba1a5fa47d38b9809bf07d882ba81eb7eb78f,inv_b9b5acda,inv_b962944c,54381968,100000000,,1709834810,07-03-2024 18:06:50,1709834810,0,,,,,,,,,
0x1083e757ed4dff5860ecc53fb1f425f3ffbdeaf2e572c8e8023c8b31ceb8e435,inv_1114235b,inv_9f0c7322,54380096,212000000,,1709830704,07-03-2024 16:58:24,1709830704,0,,,,,,,,,
0x082552f9d8ec271b5a4a59a99153fe9159f3744aa6d2f50424c05eb0b5e661d5,inv_7ad414f4,inv_498e8beb,54371368,89007822,,1709811772,07-03-2024 11:42:52,1709811772,0,,,,,,,,,
0xe4c6c7b2fede60c1b2cce05db4dce9106946ee6749fc2104d9eea6e87d5afa78,inv_1114235b,inv_498e8beb,54370237,322500000,,1709809272,07-03-2024 11:01:12,1709809272,0,,,,,,,,,
0xc7471dd640b753c22734c114f7065f2e9ceff639a6d6539f15a4f6d6d612f07e,inv_a4caffca,inv_b962944c,54350004,100000000,,1709765314,06-03-2024 22:48:34,1709765314,0,,,,,,,,,
0x6d36e5dfb935df96d34c0fd18871a583e8b2cd2951b83d460cdfbc05bc013082,inv_e81b677a,inv_89327f24,54349730,321000000,,1709764700,06-03-2024 22:38:20,1709764700,0,,,,,,,,,
0x1594750a6845b06b67e7914e410eeba42588135bcb57354c3a586e35e74cb246,inv_b9b5acda,inv_51bc405b,54347025,100000000,,1709758553,06-03-2024 20:55:53,1709758553,0,,,,,,,,,
0xafa6dc8ffdff11a3e01843d398f83a8b054c348d3132226e95af8bd39115de62,inv_d6155d28,inv_f14d82a5,54344740,500000000,,1709753546,06-03-2024 19:32:26,1709753546,0,,,,,,,,,
0x3f72b3ff41f28b1b0129b93c45cb75a37e1a9cababc6c156f839a0aa751a643c,inv_87d2c033,inv_a1c49887,54339151,197000000,,1709741352,06-03-2024 16:09:12,1709741352,0,,,,,,,,,
0x37bc143e7c0899b60b2b9060f19d45e01227f7caf61667230aa4defdc0cf2de6,inv_88e68846,inv_5deb5292,54334836,12870000,,1709731883,06-03-2024 13:31:23,1709731883,0,,,,,,,,,
0xbf97bb834df49be1b45d7f617cca54d31cb97d6eb28b34cc79ee1cc49c64e400,inv_8c850d7e,inv_498e8beb,54328513,990000000,,1709717976,06-03-2024 09:39:36,1709717976,0,,,,,,,,,
0x6f8f41530c6db8061d179cb70e2ab1852d751ab48c66c9d6eb0d1f0c55e38802,inv_88e68846,inv_46af951d,54306464,188000000,,1709669388,05-03-2024 20:09:48,1709669388,0,,,,,,,,,
0xe806d756138e767f876efc1b59df1599fd0c8a95b9ecd7c2ed66e8ff4b85ec34,inv_ac9fca6c,inv_71e82669,54303272,101008284,,1709662171,05-03-2024 18:09:31,1709662171,0,,,,,,,,,
0xde24806f037a6c81f2d2c9b29302b2f8c298d67539164725ad4fd29a1175e70b,inv_092b5098,inv_f14d82a5,54298854,600000000,,1709652180,05-03-2024 15:23:00,1709652180,0,,,,,,,,,
0x70e2ad0bd18c070f3ff3a6eba9ceb602a67a93eb1ab23394b55995cc67e0faf3,inv_f7ba494a,inv_bae261c9,54288541,42800000,,1709628333,05-03-2024 08:45:33,1709628333,0,,,,,,,,,
0xc35ebb67d8d5fd060cbae2081f00b08a4f23dbcb32a98ce3311ddf6354696e0f,inv_f7ba494a,inv_9f0c7322,54288320,212000000,,1709627865,05-03-2024 08:37:45,1709627865,0,,,,,,,,,
0x33bc2f938aa53c162566d76e28a8f5629c1f9dc7d18ecaab75de929896ac9d48,inv_0e2966ba,inv_69dcf1b1,54271539,100000000,,1709590260,04-03-2024 22:11:00,1709590260,0,,,,,,,,,
0xc8053228ffab9a1f75478ed911ee30135322fd4401be26c94ca9149981ae7c83,inv_87d2c033,inv_89327f24,54268502,225090180,,1709583618,04-03-2024 20:20:18,1709583618,0,,,,,,,,,
0x462f225e7dad2868b767d0398b8e18f8b86be2dd5c6fb832660507fdd44da28b,inv_75047e1e,inv_b97fd7e7,54263696,495000000,,1709573109,04-03-2024 17:25:09,1709573109,0,,,,,,,,,
0x1fa264457d36cf41798903c9d3b5c622ce022b93b10d061b025daa69dd64bca6,inv_9f0c7322,inv_b962944c,54263409,100000000,,1709572467,04-03-2024 17:14:27,1709572467,0,,,,,,,,,
0xb862483ede6b0bab9135067c4d888910646e724ab84d15279e07831d128a54b3,inv_092b5098,inv_f14d82a5,54263025,500000000,,1709571619,04-03-2024 17:00:19,1709571619,0,,,,,,,,,
0xa727797685ea10a9ea237d8ccfff63d21f27fdff5166ff82d4ba15c3f9ba64b2,inv_9f0c7322,inv_b962944c,54255936,100000000,,1709556295,04-03-2024 12:44:55,1709556295,0,,,,,,,,,
0xe2069539e67279d74855ad6918d5cb4823f0f6ae0edb348393195c9173f91a5b,inv_490baf8c,inv_498e8beb,54236253,99500000,,1709512318,04-03-2024 00:31:58,1709512318,0,,,,,,,,,
0xb24cb4cb28bb3ea234008e60f145c3e77387fa455a02bbb0fdc51f317bc1255b,inv_b9b5acda,inv_b962944c,54228978,100000000,,1709495669,03-03-2024 19:54:29,1709495669,0,,,,,,,,,
0x7791f3db5be8617642f3618c37d577dc7be631ad043c9aeb9fa79f763a7befb3,inv_ddee4c59,inv_f14d82a5,54226818,500000000,,1709490682,03-03-2024 18:31:22,1709490682,0,,,,,,,,,
0xaf6e2d70e9b82cbcbe0f7ba32eba2c9ff67ad3acd9b4ae05d0fdd465f49d29ae,inv_88e68846,inv_c6e5b0b2,54224930,214920,,1709486572,03-03-2024 17:22:52,1709486572,0,,,,,,,,,
0xde26cafeb960c745a5be86976e05f1e68f5e978e3175bb8e70357d7c9240df9c,inv_8c850d7e,inv_498e8beb,54224170,294000000,,1709484936,03-03-2024 16:55:36,1709484936,0,,,,,,,,,
0x7e2d15abb20c3f33418e10f22f87f7839993ed492134e5846aa92069b269d046,inv_85c77913,inv_f14d82a5,54222501,535000000,,1709481375,03-03-2024 15:56:15,1709481375,0,,,,,,,,,
0x2dc80ead93c9f322f16a2128a528551b2a766aa616e62397bdcab592ecd91f3c,inv_e81b677a,inv_52d1f502,54220264,109000000,,1709476490,03-03-2024 14:34:50,1709476490,0,,,,,,,,,
0xc370196004bfae9a530054a22cd058c688dab5a6bcb438daaca46ca1c505fb97,inv_490baf8c,inv_e3b80a80,54195647,9545211,,1709422644,02-03-2024 23:37:24,1709422644,0,,,,,,,,,
0xd1bcec023bac2c4da3ef54ba40fbb538e7ae8ad322e92b000d69a91895520835,inv_85c77913,inv_b481a14e,54189710,105000000,,1709409527,02-03-2024 19:58:47,1709409527,0,,,,,,,,,
0x5228a4263938c1e89be3d35c52f270ce198c2d463e428cd477ffffdb23a443d9,inv_85c77913,inv_b481a14e,54188833,105000000,,1709407605,02-03-2024 19:26:45,1709407605,0,,,,,,,,,
0x141bf66b36d98f23189afc91899445cb90700d143d20a503d30ade5ba5d2f187,inv_666237b1,inv_4bbee8a3,54188521,51837336,,1709406937,02-03-2024 19:15:37,1709406937,0,,,,,,,,,
0x770761509f033f2ef1bab360acaac2a27eac575a8bcba746a5d3c725e9bf3d78,inv_85c77913,inv_e7339c4b,54188292,15768342,,1709406406,02-03-2024 19:06:46,1709406406,0,,,,,,,,,
0xeae2f11b3053f85c887c9bb850c05b023014eef1a5b7aedf2ed8c6dfd4d63f48,inv_b9b5acda,inv_b962944c,54187781,100000000,,1709405318,02-03-2024 18:48:38,1709405318,0,,,,,,,,,
0x46fce921d4942f7afd9ecc545afc2fc17511a7cae14d14ddd5dab9a8c7a0630f,inv_e5efe3c9,inv_69dcf1b1,54187738,207100000,,1709405226,02-03-2024 18:47:06,1709405226,0,,,,,,,,,
0xd8991219cdd5cbb9de8636e3de8bfaf241f3f4482de442c18d0601bacb3bf9bd,inv_05190b18,inv_b962944c,54181461,180000000,,1709391637,02-03-2024 15:00:37,1709391637,0,,,,,,,,,
0x3d660cfc44e6b32538db1c9b9c727e02e997a5c295e9935f5b78e18a1c061c8f,inv_05190b18,inv_b962944c,54181324,90000000,,1709391345,02-03-2024 14:55:45,1709391345,0,,,,,,,,,
0x92df8fe6673662973c8cb896fff5d11032d48de653190d79d2acad06d549b00b,inv_2ad51c66,inv_87d2c033,54176412,540000000,,1709380882,02-03-2024 12:01:22,1709380882,0,,,,,,,,,
0xb7efded55defe260d936af967898f55054431de66be9a15bb22dc0bfeca6dc10,inv_2ad51c66,inv_87d2c033,54176370,321000000,,1709380794,02-03-2024 11:59:54,1709380794,0,,,,,,,,,
0xd815ba0d7274cade5a60bc0004faff7f26e5a2e9da7738e881decf6ca3af06a6,inv_2ad51c66,inv_9f0c7322,54176264,212000000,,1709380567,02-03-2024 11:56:07,1709380567,0,,,,,,,,,
0xe4cd695f08ccd04e40d5605c6159d3ab4461d5cb6eeb648b0d229602b77c65f0,inv_3d63a687,inv_b962944c,54176058,100000000,,1709380122,02-03-2024 11:48:42,1709380122,0,,,,,,,,,
0x10f0b2cd412acd630206ed56861d37d1c755d2c21d50e8138970eaf0626095ac,inv_c47cd389,inv_e7339c4b,54175409,301251231,,1709378742,02-03-2024 11:25:42,1709378742,0,,,,,,,,,
0x05554bdb1014ca4bb8abf1ebe56b144150f677b2bb4a4157388a80e37348ceb7,inv_df64ca46,inv_b962944c,54171275,180000000,,1709369910,02-03-2024 08:58:30,1709369910,0,,,,,,,,,
0xa4664ed4e42fc59727fd50b4941f5990a2c1b7fbde83ebd31d31129ed6ed98a5,inv_b9b5acda,inv_b962944c,54164379,100000000,,1709355198,02-03-2024 04:53:18,1709355198,0,,,,,,,,,
0x3c2ef07da88fe48231fb49bffa4be2006a3801b8cf737bad7dcadb7622c32830,inv_fa70e5ad,inv_f14d82a5,54155908,500000000,,1709336743,01-03-2024 23:45:43,1709336743,0,,,,,,,,,
0x93ea3116ea7a8e793221fedc9dd1164cd67060315fc528d447663c641dda9e69,inv_d381a12e,inv_b962944c,54151611,100000000,,1709326706,01-03-2024 20:58:26,1709326706,0,,,,,,,,,
0x473de3781c10cef7d39b9838dabb9f9721967b52680c51d344662c19873bab53,inv_3d63a687,inv_b962944c,54140917,100000000,,1709303192,01-03-2024 14:26:32,1709303192,0,,,,,,,,,
0x8ec0ae1477f70f749abb731e036f1882b8355e98d189f8e2151d4cdfb5b1cf3f,inv_df64ca46,inv_4bbee8a3,54134437,404426275,,1709289003,01-03-2024 10:30:03,1709289003,0,,,,,,,,,
0x5bbe1f5cf064879347aba768e968e3c0508877c942f56b487cebb103486685ae,inv_1114235b,inv_498e8beb,54134393,535000000,,1709288909,01-03-2024 10:28:29,1709288909,0,,,,,,,,,
0x3e12922def5103943b1f0ebc4488ecd28bab9a0ffbe0f985c42e0c9b3b3a26f1,inv_7c3150b9,inv_b962944c,54132379,100000000,,1709284491,01-03-2024 09:14:51,1709284491,0,,,,,,,,,
0xeacfa4d7e5d13bc20f07b113d71d4a0525fc930d467080293187b4b02c6ed249,inv_85c77913,inv_02dd921e,54116763,203951863,,1709250720,29-02-2024 23:52:00,1709250720,0,,,,,,,,,
0xa5b197bceb176d52f201bb2f6d6b96f391d818841ed1cd49472020d08d3ce48e,inv_85c77913,inv_f14d82a5,54116116,1070000000,,1709249183,29-02-2024 23:26:23,1709249183,0,,,,,,,,,
0x7689987e4fac4da8d37408cec4abe414b1470c3ce91783f6e3e3f133e4bb56a1,inv_bb43ecbb,inv_b962944c,54113566,100000000,,1709243527,29-02-2024 21:52:07,1709243527,0,,,,,,,,,
0xf64d7eae9215fa3b846fe7b9aca1739117ec7c39cedece855bdb42010622a2e0,inv_89efc8a2,inv_f14d82a5,54112599,500000000,,1709241415,29-02-2024 21:16:55,1709241415,0,,,,,,,,,
0x5aad1a0d016ff91f6cb92e18b734e8c6e985a7e347568219357c46f35764295a,inv_a581993a,inv_498e8beb,54111141,489950000,,1709238193,29-02-2024 20:23:13,1709238193,0,,,,,,,,,
0x63598ff225293e827dce6a68d5bc3aeeb918fd8c515acfc80132e14e491aae7a,inv_a581993a,inv_498e8beb,54110769,485000000,,1709237375,29-02-2024 20:09:35,1709237375,0,,,,,,,,,
0x728c69dd9172250fb4bccfd0c44b660bb028b8f64763f25380a8f39cc421708c,inv_43101355,inv_7c3150b9,54106601,105000000,,1709228376,29-02-2024 17:39:36,1709228376,0,,,,,,,,,
0xc77b1058e4ec49799942abc62eaa088b14b236a5fd8972eb451ec4b48f2a5178,inv_43101355,inv_71e82669,54106426,68675373,,1709228004,29-02-2024 17:33:24,1709228004,0,,,,,,,,,
0x5bf9be732aeb928775abb0ea29ba3a54a4778108c7f0ccff953c45feaa3ccfd8,inv_bae261c9,inv_dd02f503,54105395,188000000,,1709225800,29-02-2024 16:56:40,1709225800,0,,,,,,,,,
0x5974bdad4b76370b086241700e43573eb84a4f44389ffcdc30be11bc004b0758,inv_dd02f503,inv_f14d82a5,54101776,500000000,,1709218055,29-02-2024 14:47:35,1709218055,0,,,,,,,,,
0x480a1d059732f5cb5ee422b532f1299d0c418a3923657ba721b3d6a4618b2480,inv_7cbe5471,inv_dd02f503,54099846,89300000,,1709213919,29-02-2024 13:38:39,1709213919,0,,,,,,,,,
0xac839cf7e97bc8ae8f391d99b4afbf79674187f26302bdb86d6d4009bd59a22e,inv_7cbe5471,inv_b962944c,54099685,100000000,,1709213576,29-02-2024 13:32:56,1709213576,0,,,,,,,,,
0x8c859230e4176116e4c1c82cc38f8f083782a5cb96ed014b41d39e75624cd323,inv_7cbe5471,inv_dd02f503,54099541,214000000,,1709213270,29-02-2024 13:27:50,1709213270,0,,,,,,,,,
0xde933261703712bcb27bc0cdb6d8a368fe3aa74673439e6108b73c34234f13db,inv_b261c1fb,inv_498e8beb,54089764,95000000,,1709192264,29-02-2024 07:37:44,1709192264,0,,,,,,,,,
0x48eb13cac31c4066de508c8e0fdf955a4184c090f03e40e81fa480ad6744b598,inv_d381a12e,inv_b962944c,54075363,100000000,,1709160832,28-02-2024 22:53:52,1709160832,0,,,,,,,,,
0xfd594ead06c889882b65ad3ca2f24cdd5dc815ad75110cb3e8b5a23e63a1bd71,inv_d6e012a5,inv_2d0cdcee,54073410,294055,,1709156525,28-02-2024 21:42:05,1709156525,0,,,,,,,,,
0x16b101345fcedf639bc57c0edb89f5ae2c8b58de8903ef5684a369a5289376df,inv_05190b18,inv_712a2e25,54072418,712000000,,1709154383,28-02-2024 21:06:23,1709154383,0,,,,,,,,,
0xe02eb4dcd2ec548e8553dda6a0bbe889b20f70c94c04179bef79f77035d4bf2b,inv_bfc9f38b,inv_f14d82a5,54049822,642000000,,1709105507,28-02-2024 07:31:47,1709105507,0,,,,,,,,,
0xcf4ae7203383e202dceb24f20dfa2178fe4fed4f315006f84c7098ee9d9fc612,inv_66e1ba35,inv_b962944c,54043463,100000000,,1709091666,28-02-2024 03:41:06,1709091666,0,,,,,,,,,
0xebb92044daa69dd6f98a37837751ba73c6a72f5be4a9e0a726c6c4914d0feebd,inv_66e1ba35,inv_c6e5b0b2,54043296,11187741,,1709091308,28-02-2024 03:35:08,1709091308,0,,,,,,,,,
0xa027fe35ef380d84eeebe134541cd80e3087205b026ea4cd78c45de8849689e0,inv_bae261c9,inv_dbca2891,54034871,107000000,,1709070683,27-02-2024 21:51:23,1709070683,0,,,,,,,,,
0x09a70a16027ea3eee9cfdc4368b7a0bb57faad604055010778a2200c09f2bea8,inv_3f8508c6,inv_b97fd7e7,54027825,495000000,,1709055357,27-02-2024 17:35:57,1709055357,0,,,,,,,,,
0x4d6c48cb7b61e3c8565249a02d84eb1e758e8f0ac66e2f7cebf491b969f94829,inv_b9b5acda,inv_b962944c,54027674,100000000,,1709055035,27-02-2024 17:30:35,1709055035,0,,,,,,,,,
0x6ebbf8e19ffeb9a1cbec6f3323f15b46dcca5342008010559b245179e24d64d3,inv_b9b5acda,inv_b962944c,54026815,100000000,,1709053168,27-02-2024 16:59:28,1709053168,0,,,,,,,,,
0x3272447520209d53d4d4370bec8a25c48e511bba94fd72a2575f6692f42466e7,inv_b9b5acda,inv_b962944c,54026179,100000000,,1709051771,27-02-2024 16:36:11,1709051771,0,,,,,,,,,
0x89fc0a9e18cbcc33680b6a733b07f43f843f9b7429104fef441ba6f4e0ae417a,inv_3f8508c6,inv_f14d82a5,54025749,535000000,,1709050836,27-02-2024 16:20:36,1709050836,0,,,,,,,,,
0x172753647949b33d739bbe751201c6682b8586620a3d799a291e32401994d159,inv_3f8508c6,inv_dbca2891,54025566,321000000,,1709050446,27-02-2024 16:14:06,1709050446,0,,,,,,,,,
0x0ea75aa2b3fea38a081bf710b6aeac44c1f307c5f7e6e88a32bf3c18be519573,inv_3f8508c6,inv_b962944c,54025046,200000000,,1709049341,27-02-2024 15:55:41,1709049341,0,,,,,,,,,
0x4a050239764618cccdae0cde8b1157b0c8615229c4be2e1fa5134e5c43cce038,inv_d6e012a5,inv_51bc405b,54019236,100000000,,1709036911,27-02-2024 12:28:31,1709036911,0,,,,,,,,,
0xde49017516505a05c1dafe820297cf03711c193a8bcc388958f69971bbee7215,inv_d6e012a5,inv_bae261c9,53998975,42800000,,1708993183,27-02-2024 00:19:43,1708993183,0,,,,,,,,,
0x65c98a172b831a165e5d49df5ba4e99b2c345d26b02d547a48ab8575309fc78e,inv_9f0c7322,inv_b962944c,53997815,200000000,,1708990646,26-02-2024 23:37:26,1708990646,0,,,,,,,,,
0x20e62cd79b025aad0c7921b40b220c59c1ddfd3e05f23fdd3922f30ef839f354,inv_e510b8b3,inv_b962944c,53991354,200000000,,1708976497,26-02-2024 19:41:37,1708976497,0,,,,,,,,,
0x454b44329d6e6e2bed68f96c9fc066d817866af25b832a3ef49ecdaa56b0941e,inv_87d2c033,inv_89327f24,53957102,321000000,,1708901965,25-02-2024 22:59:25,1708901965,0,,,,,,,,,
0x4790a1386a92b37b8f77bfa038f70054a296aad028d466fde29a702e79b691fc,inv_05190b18,inv_b962944c,53952706,190000000,,1708892223,25-02-2024 20:17:03,1708892223,0,,,,,,,,,
0x11411d3528716bd4997b91fa687cd56989fb134b0a4e6fdfef7bb2256e83c523,inv_b9b5acda,inv_87d2c033,53952413,107000000,,1708891597,25-02-2024 20:06:37,1708891597,0,,,,,,,,,
0xd5ded045b7e0f2a08dc741e797a201c77d84fd58fc69e5864cf1a0e34e1ed863,inv_88e68846,inv_dbca2891,53951303,107000000,,1708889216,25-02-2024 19:26:56,1708889216,0,,,,,,,,,
0x86615a0165b6007e88e1eb75208ae11f14de426a854a059db14f467c455e1dd0,inv_9f0c7322,inv_b962944c,53947311,200000000,,1708880527,25-02-2024 17:02:07,1708880527,0,,,,,,,,,
0xd6600f0ad0db4a828c2da103dfc07d003323f9be797eb34bdfbd7ad615fb6961,inv_490baf8c,inv_dbca2891,53907254,107000000,,1708791373,24-02-2024 16:16:13,1708791373,0,,,,,,,,,
0xcbe029469aa0303d70b5b0103a4b3d6001f75b0890bdbfbc99dc12ec48ae339f,inv_1114235b,inv_dbca2891,53899703,321000000,,1708774744,24-02-2024 11:39:04,1708774744,0,,,,,,,,,
0x1da2a1e695657c8dbd4ba0e4c3fe470c474dfede6f01c5bb75a1776f278eb4ec,inv_94db6c5b,inv_9f0c7322,53885227,106000000,,1708742359,24-02-2024 02:39:19,1708742359,0,,,,,,,,,
0x9f66cd52db48b11879caafe02df88a874ec69664366e5b3130cade71b641f332,inv_b9b5acda,inv_dbca2891,53871859,107000000,,1708711352,23-02-2024 18:02:32,1708711352,0,,,,,,,,,
0xdd4ced66817128ba167015964a66bf93b40c5e88133bab6e73549185b3942885,inv_5010209c,inv_dbca2891,53834728,166920000,,1708629326,22-02-2024 19:15:26,1708629326,0,,,,,,,,,
0x4095bccc30e9c9c86e8ce582cf64ccf885d9427bbc28ddcefe4afecf036d702d,inv_dd02f503,inv_b962944c,53830408,200000000,,1708619471,22-02-2024 16:31:11,1708619471,0,,,,,,,,,
0x180581ebda92d1e6fdfe3f6022bdc0ec94e9b70171092adc4aa1359f159002f8,inv_bae261c9,inv_dbca2891,53830059,214000000,,1708618702,22-02-2024 16:18:22,1708618702,0,,,,,,,,,
0x0a141f006ab0652dc25830cd47d86c989b6bcccbfcc3e5131f5f39c4e7c903f6,inv_d6e012a5,inv_046c2536,53822269,18940025,,1708601794,22-02-2024 11:36:34,1708601794,0,,,,,,,,,
0x926f643ad7deec6d70923de92ca382dbc372aa6e4d1095658b20b4639963a0e3,inv_85c77913,inv_498e8beb,53810039,102430809,,1708574718,22-02-2024 04:05:18,1708574718,0,,,,,,,,,
0x668be64aa83bbb4a455d281a7ff78f0afe684584b93e65bc888e64130b61526e,inv_05190b18,inv_b962944c,53796690,190000000,,1708545939,21-02-2024 20:05:39,1708545939,0,,,,,,,,,
0x2dc03ab8f7478c7bb3407006c79ae2f4a0718f0a391815bbbe4d376687fbeb6b,inv_7c3150b9,inv_b962944c,53785846,200000000,,1708522679,21-02-2024 13:37:59,1708522679,0,,,,,,,,,
0x27735ac9c770dedc85305d67f0a316b2abc7d12bcb50505898d48a4e0be486ff,inv_490baf8c,inv_7c3150b9,53763861,100000000,,1708473306,20-02-2024 23:55:06,1708473306,0,,,,,,,,,
0xd8f086bb9d57e0878c739089c1d8f9dcf9d6a3f9186fea6c27a27dbaee8d86fc,inv_05190b18,inv_b962944c,53758707,190000000,,1708461783,20-02-2024 20:43:03,1708461783,0,,,,,,,,,
0x7306303900ea694e78486d4acd1e7d18b9912b58b9e9c32c1bdc7590b7a377d4,inv_9f0c7322,inv_b962944c,53758510,200000000,,1708461352,20-02-2024 20:35:52,1708461352,0,,,,,,,,,
0x0d88a102e6ffae27b5021e41e77f1c5e9a1fdae107612fcea8908543749177d1,inv_d6e012a5,inv_2d0cdcee,53754630,340414,,1708452833,20-02-2024 18:13:53,1708452833,0,,,,,,,,,
0x97e905569f32079a88813388414e021e1e0719f65d84a7810ea9ea99a8e6043b,inv_d6e012a5,inv_498e8beb,53754579,551428,,1708452725,20-02-2024 18:12:05,1708452725,0,,,,,,,,,
0x6e37523952a0609560d9d96c359e6bf11178cc8665c97d3771b61ee346aff5e6,inv_d6e012a5,inv_498e8beb,53754528,531691,,1708452615,20-02-2024 18:10:15,1708452615,0,,,,,,,,,
0xc176b5cfcefe242f6c4203737df23a19443c999ccdbcbd4d6abb5f52734e926b,inv_d6e012a5,inv_498e8beb,53754486,386711,,1708452515,20-02-2024 18:08:35,1708452515,0,,,,,,,,,
0x9a424af1b3fd899206ba67c96b112d29a162f4e3e3fbf3f75895605e77a7dda7,inv_b9b5acda,inv_dbca2891,53753194,107000000,,1708449661,20-02-2024 17:21:01,1708449661,0,,,,,,,,,
0x5b2dc6f3f8075426b1add1a490ab58f6f7cb5339d3e09989704f96ee98e623de,inv_85c77913,inv_498e8beb,53745331,318000000,,1708432353,20-02-2024 12:32:33,1708432353,0,,,,,,,,,
0x31c4390f8d8fdd3701f4479ef13c7642f13b9d32b0afa7635fc97cd95897a691,inv_65b4dd5f,inv_dd02f503,53727323,107000000,,1708391514,20-02-2024 01:11:54,1708391514,0,,,,,,,,,
0x5b6e9d817b917277ccf1c7901ab4a55a813b35abecbbdd2265d1823f27ac8278,inv_65b4dd5f,inv_89327f24,53727132,318000000,,1708391106,20-02-2024 01:05:06,1708391106,0,,,,,,,,,
0x9831b4ac6966c8716d3818124567a0bad71d7e44b15ec8f0ba780d008e1fed1a,inv_65b4dd5f,inv_49f8251b,53727087,198000000,,1708391010,20-02-2024 01:03:30,1708391010,0,,,,,,,,,
0xfb54d898b9ebddde750faeadff5426066980c28b4848e54f64d8963703c20ce4,inv_65b4dd5f,inv_dd02f503,53726975,137816000,,1708390733,20-02-2024 00:58:53,1708390733,0,,,,,,,,,
0x1f776e1880079d6d161ce6c051c1ab0461f19eabc942b0faecbca9823a8c1b16,inv_65b4dd5f,inv_8c9e65f5,53726911,112009919,,1708390594,20-02-2024 00:56:34,1708390594,0,,,,,,,,,
0x5b3a0248eefe9f05185692e3f150346569338814215e9a77d3315d5150084161,inv_65b4dd5f,inv_8c9e65f5,53726873,139809350,,1708390514,20-02-2024 00:55:14,1708390514,0,,,,,,,,,
0x39a2ccd7ebd7824878ace4c848b81cb0b03d99b12a51b377435509fe619b8966,inv_490baf8c,inv_dbca2891,53725197,107000000,,1708386786,19-02-2024 23:53:06,1708386786,0,,,,,,,,,
0x8586dac98ccae1914be45947fac64d4fe1d9e5293846e0e2eeb5185b5e654145,inv_49f8251b,inv_b962944c,53718150,200000000,,1708371140,19-02-2024 19:32:20,1708371140,0,,,,,,,,,
0x6c5f2a69aab3997cc991f422fb2f1a8f0eb2a754691df8ce70b09ab050262b66,inv_498e8beb,inv_4910d400,53708712,212363455,,1708350382,19-02-2024 13:46:22,1708350382,0,,,,,,,,,
0xb48d0cb41ee76e25211f098cc0d37c4f2abc81c969cdd37176427c8973717531,inv_498e8beb,inv_4910d400,53708693,178602596,,1708350342,19-02-2024 13:45:42,1708350342,0,,,,,,,,,
0xc80645621f65f237c6c8968f5d610e2b3daabfcbf0362be26a587b05a7d190a5,inv_85c77913,inv_9f0c7322,53704758,318000000,,1708341805,19-02-2024 11:23:25,1708341805,0,,,,,,,,,
0xe98f841d7888812683b94f7fa81575a27cd96e8f63ef0ebed34e88d1fa0cb5c5,inv_c47cd389,inv_2d0cdcee,53695990,28202312,,1708322464,19-02-2024 06:01:04,1708322464,0,,,,,,,,,
0x1971c914ac12c8b7e843b4239d0e4ce468594d02568d472a734bc0060b2bc1ca,inv_e510b8b3,inv_51bc405b,53683065,93950000,,1708294252,18-02-2024 22:10:52,1708294252,0,,,,,,,,,
0xd21cdf778ee2d32d71da82a9f56f76294ecd275ec4d00bb034c6342be596011c,inv_05190b18,inv_b962944c,53680096,190000000,,1708287733,18-02-2024 20:22:13,1708287733,0,,,,,,,,,
0x8f6f43fa0b3c9af97c7838119560915d8f29a124185b54f2af3cc65f8569f2f5,inv_b9b5acda,inv_dbca2891,53678409,214000000,,1708283863,18-02-2024 19:17:43,1708283863,0,,,,,,,,,
0x71a6f63a9e1a61ed6d85f53f7bfc91930a57fb2345019beb9897354964155396,inv_8c3b1ce8,inv_89327f24,53674309,200000000,,1708275020,18-02-2024 16:50:20,1708275020,0,,,,,,,,,
0xa6b6a80c45ee35e564b662b95ce5d65f60f4026545524d0001104f90720ffc00,inv_498e8beb,inv_89327f24,53672744,100000000,,1708271669,18-02-2024 15:54:29,1708271669,0,,,,,,,,,
0xf6c54c935c63a26d76aa170b812d13ce60e2343ca9f3ca5c542d61e426262211,inv_ddee4c59,inv_b962944c,53671921,200000000,,1708269902,18-02-2024 15:25:02,1708269902,0,,,,,,,,,
0x1114a441f8e5dce30924898726eb42af94d448d402ac015884925c98e4093b53,inv_85c77913,inv_89327f24,53668613,315000000,,1708262735,18-02-2024 13:25:35,1708262735,0,,,,,,,,,
0x3a7ba9f1a671e2393fdfabed0d071e265c6bfd8e564079bfcc93fee9388c0368,inv_ddee4c59,inv_b962944c,53666515,200000000,,1708258132,18-02-2024 12:08:52,1708258132,0,,,,,,,,,
0x41df2b320aee99eee360f346a712bdb3325801ea1dce21aa3d05d43155227ffa,inv_4b22da68,inv_dbca2891,53660929,321000000,,1708246057,18-02-2024 08:47:37,1708246057,0,,,,,,,,,
0x3251efe7065d365fb049d34868ac289598fd8513a0c2cb30c2b201729914fb2c,inv_ddee4c59,inv_b962944c,53649921,200000000,,1708221769,18-02-2024 02:02:49,1708221769,0,,,,,,,,,
0x88cfd0201acb07412a221a2c66d2415c59a2d674a188915cfab9262cd5f2438e,inv_ddee4c59,inv_b962944c,53644944,200000000,,1708209979,17-02-2024 22:46:19,1708209979,0,,,,,,,,,
0xf4a7d1cc69c9e85e47acad6405cb936a5ab193d569fb095db0813fcd4ad57aa8,inv_7ca02a88,inv_498e8beb,53641603,491250000,,1708202146,17-02-2024 20:35:46,1708202146,0,,,,,,,,,
0xab2e69f7ff496f11bfb8f6d8d91032bc2ed2b828500c15471a0fcf8036883a81,inv_7ca02a88,inv_279a8356,53641568,202950000,,1708202042,17-02-2024 20:34:02,1708202042,0,,,,,,,,,
0x90619ca1b005e29797dd7ef8a9d841dd484e962f44824ac51595524f13ec6698,inv_49f8251b,inv_b962944c,53638586,200000000,,1708195315,17-02-2024 18:41:55,1708195315,0,,,,,,,,,
0x5fb2c2b46e24df3881e2c1db6f2dc7ddaaa856b5b0b414db394132312984d2de,inv_ddee4c59,inv_7c3150b9,53635321,103000000,,1708188173,17-02-2024 16:42:53,1708188173,0,,,,,,,,,
0x72fe05b38f7da1e0884e8d77cb7e5cd528b2d0ef9607b5bb107868e0db36dfad,inv_7ad414f4,inv_fa9f2191,53635317,50002453,,1708188165,17-02-2024 16:42:45,1708188165,0,,,,,,,,,
0xd115a16c1853421c2e1dcd688a072b57e4b23ea00f7ef6d3f3dba8178df717ea,inv_ddee4c59,inv_b962944c,53635162,200000000,,1708187808,17-02-2024 16:36:48,1708187808,0,,,,,,,,,
0xc68f3870e555cbb09165e3238d8186fb7c244819bfaea87bbbe8d12d0ce3e941,inv_7c3150b9,inv_b962944c,53631067,200000000,,1708178941,17-02-2024 14:09:01,1708178941,0,,,,,,,,,
0x3570686c318e922fb684507df513d49c35cc339ec25493fdd64bd20c1510f762,inv_dd02f503,inv_b962944c,53627972,200000000,,1708172077,17-02-2024 12:14:37,1708172077,0,,,,,,,,,
0x669c9f1f8a58e858283b1d9c466ab27ba601822b6c5c4b35eae39fa59d6bc639,inv_f977b571,inv_7ad414f4,53625164,11000000,,1708165870,17-02-2024 10:31:10,1708165870,0,,,,,,,,,
0x6969a7f0fd15fa20f9d3afa46cc8dfcfefc50d56b64e9a055930bd2b54a8042d,inv_921aa818,inv_dbca2891,53624711,107000000,,1708164902,17-02-2024 10:15:02,1708164902,0,,,,,,,,,
0x42d1a87b70f84016045830fff3f0b99b3b91398c8541a98648e6c8c2ef50c5cc,inv_921aa818,inv_498e8beb,53624650,106000000,,1708164772,17-02-2024 10:12:52,1708164772,0,,,,,,,,,
0xdd47fab29861744f4326d9d6e7ad43c996d68b77b3fabcad888c747e9a43e126,inv_921aa818,inv_89327f24,53624431,82630315,,1708164274,17-02-2024 10:04:34,1708164274,0,,,,,,,,,
0x40baac7d7a2afdce1353b9b802639b15ab0deb371087ef1fd7cadcb6ba6f5db4,inv_921aa818,inv_89327f24,53624114,315000000,,1708163593,17-02-2024 09:53:13,1708163593,0,,,,,,,,,
0xe299ac8cd2dcb291178b254ff3feeaffd8d35a6aface12348346929f4448b0b8,inv_921aa818,inv_498e8beb,53624015,724927166,,1708163349,17-02-2024 09:49:09,1708163349,0,,,,,,,,,
0x79ea515a9f4be79b8db70e7a8b49c1cc9bd48b4532f52fe1587ddd0cfe383905,inv_ddee4c59,inv_b962944c,53609037,200000000,,1708129714,17-02-2024 00:28:34,1708129714,0,,,,,,,,,
0xaab95d18241fafead744bc546b1553f3f7d2db3920cf02edaece11c0d391ba46,inv_87d2c033,inv_89327f24,53608528,112144987,,1708128582,17-02-2024 00:09:42,1708128582,0,,,,,,,,,
0x16359d94a6af5b45af5cdb5300e1b792d82247539df259a4b0f94066e80f7e95,inv_87d2c033,inv_89327f24,53607998,309000000,,1708127381,16-02-2024 23:49:41,1708127381,0,,,,,,,,,
0xe0e96d03bef3f40d8045ae64b6ab5ef9a7d57e9bee2a65e2819424f0da8ecd1a,inv_87d2c033,inv_89327f24,53607904,117573121,,1708127183,16-02-2024 23:46:23,1708127183,0,,,,,,,,,
0xeb82d75bd7b8914392b0c82d8507eef359eeae3562383382ad85389492d5c953,inv_e510b8b3,inv_b962944c,53603666,200000000,,1708117546,16-02-2024 21:05:46,1708117546,0,,,,,,,,,
0x565e820c615b7e07d1189798f9c011db4934de3b8e2fc08b628894a28c4e9fbf,inv_490baf8c,inv_89327f24,53602347,112912416,,1708114683,16-02-2024 20:18:03,1708114683,0,,,,,,,,,
0x2d683dc328978291fa3bd8546637d6a138b0d7d9f00e7a917b593a3e25974258,inv_05190b18,inv_b962944c,53601462,190000000,,1708112770,16-02-2024 19:46:10,1708112770,0,,,,,,,,,
0x12a2d007d8d39932a1f176c56752e95f7453b74cab1db1f855d5734c5a3fc0a9,inv_ddee4c59,inv_7c3150b9,53597215,103000000,,1708103560,16-02-2024 17:12:40,1708103560,0,,,,,,,,,
0x6eca119a7338017faa6b46ee133d176cd19ce4b4ffa1d42594fab6d992b3887b,inv_ddee4c59,inv_7ad414f4,53597054,53000000,,1708103210,16-02-2024 17:06:50,1708103210,0,,,,,,,,,
0xaaa47ece10fd5276a06e3ca857e7ea528cd0d2160a6e6e72dc734901521e61aa,inv_dd02f503,inv_b962944c,53594970,200000000,,1708098743,16-02-2024 15:52:23,1708098743,0,,,,,,,,,
0x60b0ff4bb90c172c9dd01c2f6b5d05c673f6e2dcb0a0138bd1c8cb87dc1d82d6,inv_e81b677a,inv_ed789450,53591202,55440000,,1708090522,16-02-2024 13:35:22,1708090522,0,,,,,,,,,
0x0293bb8115aa16e15367627afd16b57d7036697c4b2719589da78dabfbbda377,inv_4b22da68,inv_498e8beb,53589801,527880000,,1708087412,16-02-2024 12:43:32,1708087412,0,,,,,,,,,
0x83adfc37ae9938193b7190ba3e827f0589ec84911378d7cc4d4f4f14b6ee1b90,inv_75cf9c88,inv_b962944c,53586605,200000000,,1708080445,16-02-2024 10:47:25,1708080445,0,,,,,,,,,
0x61c4f288a3b59f1b8cf9e357c6ff138b9ae08f69a764ddac89de71889332ac3f,inv_dd02f503,inv_b962944c,53568421,200000000,,1708040265,15-02-2024 23:37:45,1708040265,0,,,,,,,,,
0x6782e2306921d42652a588d064c4660f73d3f6a81374e0039f00f452a0115a51,inv_c47cd389,inv_89327f24,53564458,125512816,,1708031430,15-02-2024 21:10:30,1708031430,0,,,,,,,,,
0x24897eac63344a7cfdd1574b7bf0351beca1675caca7d99269f7ec31e1aa5bf6,inv_dd02f503,inv_b962944c,53562284,200000000,,1708026764,15-02-2024 19:52:44,1708026764,0,,,,,,,,,
0x1138d45a536d26c0c5c153e6cbfa90c334551789cbd4ea2a0a70878b6a80b1af,inv_85c77913,inv_dbca2891,53559338,428000000,,1708020226,15-02-2024 18:03:46,1708020226,0,,,,,,,,,
0x35393349ae51b0c883adcdcefab804df13e12e8b3545e3acea1ecf173ed40e41,inv_bad312f1,inv_dbca2891,53553058,321000000,,1708006243,15-02-2024 14:10:43,1708006243,0,,,,,,,,,
0x0508145fe5a00cf58db8cd87c12f8c4de6cee4b66afd3f0a1286f320734349a7,inv_7ad414f4,inv_b962944c,53551254,200000000,,1708002249,15-02-2024 13:04:09,1708002249,0,,,,,,,,,
0xc21a73b646ec07bbbfa1fbb5c1c7a01b600ed3399570abba708495a5a6714a9d,inv_b9b5acda,inv_dbca2891,53537690,107000000,,1707972311,15-02-2024 04:45:11,1707972311,0,,,,,,,,,
0xc210e6c9a4672b6d3c3d31e890d7df25ee7048de80d38d062e68378d86e049c2,inv_e81b677a,inv_dbca2891,53527699,214000000,,1707949374,14-02-2024 22:22:54,1707949374,0,,,,,,,,,
0x046d9c6401158c4566463c423851f360c37990d15963d7723140d23c35610f52,inv_85c77913,inv_dbca2891,53514877,321000000,,1707921161,14-02-2024 14:32:41,1707921161,0,,,,,,,,,
0x8617c14959140ab4672e1ce0cea2209db537834aabb3807cd667436a9b315af4,inv_dd02f503,inv_b962944c,53483400,200000000,,1707851511,13-02-2024 19:11:51,1707851511,0,,,,,,,,,
0x50c615de21f20ba903d42f2e4c90b8d88a640106925a2167ce60efbc8fd48bfc,inv_88e68846,inv_b962944c,53477976,200000000,,1707839915,13-02-2024 15:58:35,1707839915,0,,,,,,,,,
0x70b922cb9c8be64ec4be41603731b6ece156f77b70d0f8899d0553f13a965259,inv_ed789450,inv_b962944c,53472456,200000000,,1707828137,13-02-2024 12:42:17,1707828137,0,,,,,,,,,
0x0b7de6557b1f1316d01d9af567061a1fbeee43711d7fd9e2b357aad8c9e90363,inv_49de41e1,inv_dbca2891,53470877,321000000,,1707824761,13-02-2024 11:46:01,1707824761,0,,,,,,,,,
0x500746f9ed93f38894d05f5a916bd2ed4f0cd8ab7b40573fec6afb772ae409b7,inv_8687c563,inv_dbca2891,53466658,321000000,,1707815686,13-02-2024 09:14:46,1707815686,0,,,,,,,,,
0x9733861e13daefb8f798c55d90107dd2209d869607a02c29d28f84cd2304b554,inv_bc4a498a,inv_dbca2891,53466509,107000000,,1707815368,13-02-2024 09:09:28,1707815368,0,,,,,,,,,
0x62ac12c97fac4ddfb0295a4e475f3d07a2bdf767b39c0ebf1c059f33cc6c903c,inv_8687c563,inv_dd02f503,53466192,135953481,,1707814695,13-02-2024 08:58:15,1707814695,0,,,,,,,,,
0xcece632618e6ba9b38ea5b6e8711236875bb8d4eb53e87de0b8b5d3f927a5b9e,inv_dd02f503,inv_dbca2891,53451025,107000000,,1707781963,12-02-2024 23:52:43,1707781963,0,,,,,,,,,
0x0d0c1bf9ae1cc376b47401aa62939dd83230077215e390117b294d59d987c918,inv_7e56bd48,inv_dd02f503,53449835,6866691,,1707779412,12-02-2024 23:10:12,1707779412,0,,,,,,,,,
0x5702d5aa34ff02ed797c48e95faa8007506395105646e3d9e808d5112736dfb8,inv_7e56bd48,inv_02c2f068,53449738,14997396,,1707779204,12-02-2024 23:06:44,1707779204,0,,,,,,,,,
0xdc747ef2a5296d949b7664f8131e0cebeaacd9e23ba2da2aee1510ff1170397b,inv_2b4ec384,inv_a714227e,53447096,199407950,,1707773578,12-02-2024 21:32:58,1707773578,0,,,,,,,,,
0xc4a1f435202d0afda0516868577311157017d9728a23a9fb271e87371df0acf0,inv_b9b5acda,inv_498e8beb,53442993,99490000,,1707764824,12-02-2024 19:07:04,1707764824,0,,,,,,,,,
0x6ece1f04bc4bd87f66b716faabb55812d43424b2d284629a7de301aa282db03c,inv_88e68846,inv_02c2f068,53440191,63308625,,1707758847,12-02-2024 17:27:27,1707758847,0,,,,,,,,,
0xc8bf691596854315c5fe0ddb5a2eb24225910ffbe1c7599350094fb2ffbbf966,inv_dd02f503,inv_b962944c,53436530,200000000,,1707751020,12-02-2024 15:17:00,1707751020,0,,,,,,,,,
0xdf08a92931ab278948f1635a4a7ccedd593c9f77318ad8d77bc379cbdc767fd7,inv_988d1d21,inv_49f8251b,53430205,250000000,,1707737516,12-02-2024 11:31:56,1707737516,0,,,,,,,,,
0xbd22f03c4d6256369f2d6e46cca900df5d462971992ba4d3aeb47b577b7189b4,inv_49de41e1,inv_dbca2891,53426893,535000000,,1707730471,12-02-2024 09:34:31,1707730471,0,,,,,,,,,
0x4b64f45cd81f33005c4182bab65bd1bb468ebb42d2e5da86961ab925ce0a7d34,inv_49de41e1,inv_dbca2891,53426817,535000000,,1707730311,12-02-2024 09:31:51,1707730311,0,,,,,,,,,
0x897caf5bd65044e102ded785b538ecc690246a3e6e579cda94cd93dee52e2907,inv_5c638b85,inv_51bc405b,53415051,100000000,,1707704917,12-02-2024 02:28:37,1707704917,0,,,,,,,,,
0x7213e1b8700fa96435f40364b5aacd843c92b8633929f16acb5fe279e69e5435,inv_498e8beb,inv_6fd31ede,53405984,660033476,,1707685550,11-02-2024 21:05:50,1707685550,0,,,,,,,,,
0x3331ed680fb5c46c7c4fdf4760a57f79e6efada41ec1bdeee58e0da8e545caf9,inv_baefba0d,inv_7c3150b9,53405373,100004364,,1707684243,11-02-2024 20:44:03,1707684243,0,,,,,,,,,
0x11e41439bee45d363d7e581cafcc5d3af753fe903a1208be0c9749a52dad310a,inv_f14d82a5,inv_02c2f068,53394402,50376505,,1707660676,11-02-2024 14:11:16,1707660676,0,,,,,,,,,
0x7f6ee19690e4035e4f62d3101e519bea132fa8925bd8c45c96a4bb1da9f7fdae,inv_b9b5acda,inv_498e8beb,53363166,99990000,,1707593543,10-02-2024 19:32:23,1707593543,0,,,,,,,,,
0xeb86126f8bd1fe0fbeebf2dd256cac0921772698d26567ae4cf32697ab4e6bf9,inv_ed789450,inv_26e75f90,53352113,533760000,,1707569669,10-02-2024 12:54:29,1707569669,0,,,,,,,,,
0xc530c626264b6b8cb9c8c57f9badbe7602f2e517c87479330291be87c560827b,inv_ed789450,inv_498e8beb,53351168,99990000,,1707567651,10-02-2024 12:20:51,1707567651,0,,,,,,,,,
0x95318bc04d64d2b78782e888c0e2025cfb8d4f52d47260d7492f57acc76ba998,inv_c47cd389,inv_498e8beb,53341127,107500000,,1707545935,10-02-2024 06:18:55,1707545935,0,,,,,,,,,
0xf74491f4d5a3acab7a596ea42b6a6e8dd47b68abdc79bbd6fef4d02978a70fab,inv_490baf8c,inv_2b4ec384,53331380,117852738,,1707524451,10-02-2024 00:20:51,1707524451,0,,,,,,,,,
0x26f31bfcbfeb43503a741bde25ac902231c3474905067b591ecb5cf5dc3575e2,inv_85c77913,inv_9f0c7322,53323403,324000000,,1707507121,09-02-2024 19:32:01,1707507121,0,,,,,,,,,
0x74d28731bd57d73191299ffa54db13d2e27bbd7d180e8d10e72466970126d1e6,inv_02c2f068,inv_666237b1,53323240,83583745,,1707506742,09-02-2024 19:25:42,1707506742,0,,,,,,,,,
0x189e0aa204ba617395ff71f3253b09d1089ec6351dcf3481e722ba6d9da1a0d3,inv_b9b5acda,inv_498e8beb,53315916,99990000,,1707490775,09-02-2024 14:59:35,1707490775,0,,,,,,,,,
0x93e1518bef4d97e079a6bb31862f074a5b52aa026a5e8bbb27e1d93113b2505f,inv_7c3150b9,inv_498e8beb,53306634,99990000,,1707470387,09-02-2024 09:19:47,1707470387,0,,,,,,,,,
0xe9af4180db811e13e105ab5c0b5a78a15c4b304f8afc17adb394d34a70d72481,inv_0e2966ba,inv_51bc405b,53288150,100000000,,1707430322,08-02-2024 22:12:02,1707430322,0,,,,,,,,,
0xed9e2d8590edffdd96bbf0ebd3ff1d3bbec1d96b16c9d81d7bcff8cac9d28665,inv_b9b5acda,inv_498e8beb,53287625,100000000,,1707429201,08-02-2024 21:53:21,1707429201,0,,,,,,,,,
0x805bdf2a5d4c35745858d0bb313722ed564da10a19c5e8c480b2898e1513953a,inv_49f8251b,inv_7c3150b9,53286692,102000000,,1707427203,08-02-2024 21:20:03,1707427203,0,,,,,,,,,
0x283808ec60ff66aa6c17d6b0a0695aac4a1ed2f08052b8725481a09110e61212,inv_7e56bd48,inv_51bc405b,53272978,3000000,,1707397793,08-02-2024 13:09:53,1707397793,0,,,,,,,,,
0x3e076ab561d59570917e80e8f35dc5ddda39ff20387b04dac478c0fec940beea,inv_ec778e3e,inv_51bc405b,53244103,100000000,,1707335258,07-02-2024 19:47:38,1707335258,0,,,,,,,,,
0xf2586ef0a7c0e62077560827017ee79ea1d0f2a5bf46178101eb8a79d98feb55,inv_498e8beb,inv_7383fb69,53241974,1000000000,,1707330720,07-02-2024 18:32:00,1707330720,0,,,,,,,,,
0xa3775565efaa723fdcc000390298dc38f0d44618a5c1500611e5f82ec77df7d7,inv_b9b5acda,inv_6fd31ede,53240481,457509524,,1707327515,07-02-2024 17:38:35,1707327515,0,,,,,,,,,
0x1f19cb22aa9e8208fadd6296415ebc9ddd4f423cb7e2fe6162f724e2789dc597,inv_b261c1fb,inv_279a8356,53232945,135000000,,1707311378,07-02-2024 13:09:38,1707311378,0,,,,,,,,,
0xdd3a601ea6946129911cb0aa1ace1636da50b89302fdd58a062004eebdca90fc,inv_8c850d7e,inv_498e8beb,53227723,1343232000,,1707299959,07-02-2024 09:59:19,1707299959,0,,,,,,,,,
0x2aac9736dbc6d14f3d4e2b99cce02348ec443c24d1ea9f502d2072ad3be67c54,inv_bae261c9,inv_51bc405b,53223276,200000000,,1707289937,07-02-2024 07:12:17,1707289937,0,,,,,,,,,
0x92a821122b2b1e9a2228e6c9fe25dc93ef2db736ece1da007e7c273bd9c01e95,inv_490baf8c,inv_9f0c7322,53215965,108000000,,1707274083,07-02-2024 02:48:03,1707274083,0,,,,,,,,,
0xc6560041b61b58ef1dc195225873d835f10fbc6b25a87799f69272c35d44b511,inv_23ee7386,inv_a714227e,53210280,199000000,,1707261801,06-02-2024 23:23:21,1707261801,0,,,,,,,,,
0xe5d77b093409f0a2c42df1df007d049ed64339bfce0992aec27f1f05dc37fce4,inv_e81b677a,inv_498e8beb,53210025,200000000,,1707261232,06-02-2024 23:13:52,1707261232,0,,,,,,,,,
0xf13f74625b9616bdb35b9105b761476e059e9de158424c7e7c7a6140d4caa650,inv_b9b5acda,inv_498e8beb,53205473,108918000,,1707250939,06-02-2024 20:22:19,1707250939,0,,,,,,,,,
0x698da850cfb68f269ed70c0431f7e88d06b551cd9cc99132d6ce725ecf71ec0a,inv_2e5c6dcd,inv_49f8251b,53199832,150000000,,1707238720,06-02-2024 16:58:40,1707238720,0,,,,,,,,,
0xbd48903ad930d517633c4f9453fc9095f5c574122e294ab2082025d094431355,inv_06c92fbf,inv_87d2c033,53198126,200000000,,1707235087,06-02-2024 15:58:07,1707235087,0,,,,,,,,,
0xa4aeec3f4e353f977684e5c25ac2ab9229563a364c06042db1ef5431c4a8fa21,inv_e81b677a,inv_51bc405b,53170226,100000000,,1707174878,05-02-2024 23:14:38,1707174878,0,,,,,,,,,
0x4f7affeafac40f4b9de7abcbc60164811a19e973c3cfdd79e59dfe69e79a9e8b,inv_d48957d8,inv_498e8beb,53161039,433400000,,1707154924,05-02-2024 17:42:04,1707154924,0,,,,,,,,,
0xde78c1fefce5079e9c8c9901ec63ac7fa29e898493a557c09b874a7d83083139,inv_b9b5acda,inv_498e8beb,53160238,123609308,,1707153156,05-02-2024 17:12:36,1707153156,0,,,,,,,,,
0x56f2ed9f06bb2fdf4e5662870344f2ea0259367e16f13dbe2c9cd1be462219e8,inv_88a38437,inv_3db5e783,53159749,200000000,,1707152081,05-02-2024 16:54:41,1707152081,0,,,,,,,,,
0xe11a58475b54e23d4efa2e10da755ca8548531295f8e2843d3fda49c5fa8a05e,inv_49f8251b,inv_498e8beb,53123645,108000000,,1707072251,04-02-2024 18:44:11,1707072251,0,,,,,,,,,
0x4705c0f4476f19cefa1a035f587ebefee266dc43ad1f3abbeb8cafe4469777f5,inv_7ca02a88,inv_b962944c,53122827,190000000,,1707070305,04-02-2024 18:11:45,1707070305,0,,,,,,,,,
0x96a6336f1ea41ecd6be724c7d4e63f7848cf74ef59cb5cea8654f0459386cb0f,inv_49de41e1,inv_7383fb69,53107454,219512726,,1707034949,04-02-2024 08:22:29,1707034949,0,,,,,,,,,
0x13d2382a93b9206d768fb4a29ef8515463951010028862443faf04e9c5e64e98,inv_490baf8c,inv_51bc405b,53082041,100000000,,1706977664,03-02-2024 16:27:44,1706977664,0,,,,,,,,,
0xad02bb02ad1c4a05f3e70184aa2bd51a5e367a8aa600526c3b08571754526b8c,inv_8c3b1ce8,inv_d46e9726,53071213,247250000,,1706953705,03-02-2024 09:48:25,1706953705,0,,,,,,,,,
0xcb6293fa7d815f8aea6d521dea0d56ec1c1e60d7cf7b3277bdae77d461b81d05,inv_490baf8c,inv_51bc405b,53054521,100000000,,1706916653,02-02-2024 23:30:53,1706916653,0,,,,,,,,,
0x25596dc11a91aece4d2db112834f3274749faad026469a026b1296dc9bea7e97,inv_75cf9c88,inv_498e8beb,53050529,200000000,,1706907497,02-02-2024 20:58:17,1706907497,0,,,,,,,,,
0xeee08a40b5f3092ab94e298f816e7f812e93b65745f1496c5c82357eb34089b9,inv_75cf9c88,inv_a714227e,53050147,125370000,,1706906595,02-02-2024 20:43:15,1706906595,0,,,,,,,,,
0xddf106b3dfd1e91e9e50e48f0bb1bcd47840fba912a6598136939e2b80443b8e,inv_498e8beb,inv_b962944c,53049912,190000000,,1706906056,02-02-2024 20:34:16,1706906056,0,,,,,,,,,
0x7397ead0d9d0814467b0cb089fa053853cb2cd5b80454c4a44a42f44617fc1ac,inv_9caef85d,inv_d46e9726,53048328,160396427,,1706902481,02-02-2024 19:34:41,1706902481,0,,,,,,,,,
0xa512ccb7d795aaac59e9b144963da06413a0e95eec25996c5eb39439a3887830,inv_a714227e,inv_51bc405b,53043727,100000000,,1706892030,02-02-2024 16:40:30,1706892030,0,,,,,,,,,
0xcc94d5bbf5eea40fede781e4bc276e0663b1a1bc8dcb4f8edaa9aa82249bf39c,inv_a714227e,inv_51bc405b,53043446,100000000,,1706891402,02-02-2024 16:30:02,1706891402,0,,,,,,,,,
0x1447b0931aadf60e478fe7242dbda939e3c15d22fdd132b18b4b71eccaddd3ca,inv_a714227e,inv_51bc405b,53043289,100000000,,1706891068,02-02-2024 16:24:28,1706891068,0,,,,,,,,,
0xca2d7a81197c6d35ece309a9833a9c94ecb47476e46014977671a3b495fd9da3,inv_a714227e,inv_51bc405b,53043113,200000000,,1706890662,02-02-2024 16:17:42,1706890662,0,,,,,,,,,
0xea1135b9de95b9ac770bee787490567b88567705e6738c8b6a8aba185576cd1a,inv_ca9624c0,inv_498e8beb,53042569,320568000,,1706889474,02-02-2024 15:57:54,1706889474,0,,,,,,,,,
0x27f04c502bd2131d2c9a3b3ac7a4f9cb374eec64b9a5c00caf8c936428170b60,inv_01821e89,inv_498e8beb,53016859,216000000,,1706830180,01-02-2024 23:29:40,1706830180,0,,,,,,,,,
0x7aa2073928bf2d32b9038202abf73695f2b58de41922c80c3a3b0d8e443fa113,inv_02c2f068,inv_13cb9955,53016574,119128528,,1706829518,01-02-2024 23:18:38,1706829518,0,,,,,,,,,
0x2482376deebe1109f3b7330ac2658501b6f5058cfa2fbc69948ce48dfe722ba3,inv_6e1e2c00,inv_498e8beb,53008032,146885558,,1706810277,01-02-2024 17:57:57,1706810277,0,,,,,,,,,
0xdb142338799584ec0e465acffa57d7f171d8b250f97bfd7ab783c847a4ccb599,inv_6e1e2c00,inv_498e8beb,53007966,108000000,,1706810135,01-02-2024 17:55:35,1706810135,0,,,,,,,,,
0xea8b8b17c016587752d6d7dc6f7dff191bb55eada80aa1f57525e1062734ce33,inv_bd096459,inv_26e75f90,53007871,49498037,,1706809932,01-02-2024 17:52:12,1706809932,0,,,,,,,,,
0xc25d91792201c88f8a00006e1653c5c6f0201a325259099dbd012d4688663a69,inv_88e68846,inv_26e75f90,53006166,551492158,,1706806261,01-02-2024 16:51:01,1706806261,0,,,,,,,,,
0x70604b883ba9c991a20e961426d86f791230d64a062e3cd490605d37af83e229,inv_b9b5acda,inv_51bc405b,53005188,100000000,,1706804183,01-02-2024 16:16:23,1706804183,0,,,,,,,,,
0x0ddf20b32d2091c327ccd45d2f5f5bbb2b68c0ff53431d786fc3aad475ef0e2e,inv_498e8beb,inv_26e75f90,53004153,12052497,,1706801775,01-02-2024 15:36:15,1706801775,0,,,,,,,,,
0x48360a269f992ac6371966b1e44a301942b03b95407c59d69043fbb5286d5b8e,inv_dd02f503,inv_498e8beb,52999748,53500000,,1706791601,01-02-2024 12:46:41,1706791601,0,,,,,,,,,
0xfb262cf381679997d539b875b62baf5b7e403aa1e7a603d3ea8c8f93bf06219e,inv_83a23010,inv_b97fd7e7,52998906,990000000,,1706789675,01-02-2024 12:14:35,1706789675,0,,,,,,,,,
0x9ada57e14087b7daf8bb1b20b39373f46d0270d33280c76692f89dfce69f4a29,inv_bd096459,inv_c6270cc0,52998437,52756000,,1706788615,01-02-2024 11:56:55,1706788615,0,,,,,,,,,
0xbff36564da9ffe093d66b57560509d8dc220c1617ebf51100482e573ccf6472f,inv_613e0688,inv_51bc405b,52997578,300000000,,1706786689,01-02-2024 11:24:49,1706786689,0,,,,,,,,,
0xc0196793bc66473f31b4b026ecb2b40eaad3438369906b5b6688c5d09a5b0710,inv_613e0688,inv_02dd921e,52997325,438900000,,1706786119,01-02-2024 11:15:19,1706786119,0,,,,,,,,,
0x8764e79faa8481c366ca24425f30afa6271f229e12d0d3d1dcc27f0069669767,inv_d381a12e,inv_498e8beb,52978295,108000000,,1706743397,31-01-2024 23:23:17,1706743397,0,,,,,,,,,
0x56fb2e7e7fb3e0ad941e682b41d397b9279e92003d0ac5e11d177fbedd06fd17,inv_d6e012a5,inv_a980ba61,52976596,32658546,,1706739205,31-01-2024 22:13:25,1706739205,0,,,,,,,,,
0xe2b0caff7979354a0a2fbccf3f0e234eb2706a0111d6ae1d7f3c064a72dd6a0f,inv_87d2c033,inv_498e8beb,52976582,324900000,,1706739175,31-01-2024 22:12:55,1706739175,0,,,,,,,,,
0xe126d6ad41a6ae1756ce58901398767c7288d7a4d021cf183385cb0b83880c70,inv_498e8beb,inv_dfb903a5,52975464,101000000,,1706736507,31-01-2024 21:28:27,1706736507,0,,,,,,,,,
0x830b9819770d11b19a12dab4788465328bfd3779168b00ece0df53affb30f72b,inv_88e68846,inv_2d0cdcee,52969649,45000000,,1706723067,31-01-2024 17:44:27,1706723067,0,,,,,,,,,
0x969c9957324496113faab120f387cd83a6215aca540d647f720f6e7f1ffe872e,inv_eae75a23,inv_dd02f503,52966726,102000000,,1706716588,31-01-2024 15:56:28,1706716588,0,,,,,,,,,
0xec63feda39e57f368633875026610d50d6eaf7cf2d871a23ae15578c83b13156,inv_eae75a23,inv_87d2c033,52966666,100000000,,1706716460,31-01-2024 15:54:20,1706716460,0,,,,,,,,,
0xa644f2c92411cec24969a5d07c9cf91129cecbd47dd2fecf4063fea1d3db0b68,inv_d399a4ef,inv_dfa10f6a,52966619,200000000,,1706716328,31-01-2024 15:52:08,1706716328,0,,,,,,,,,
0xf247160536cf4014066e5c167ac0780b8b8fe049bd888c7303d0b9f3e58f3b97,inv_83a23010,inv_498e8beb,52964400,100000000,,1706711167,31-01-2024 14:26:07,1706711167,0,,,,,,,,,
0xcb2d20393f83a42b8762586a5f481ef33691443fb3b94fcce3b7ab0eae204b03,inv_b261c1fb,inv_2d0cdcee,52963232,71690000,,1706708457,31-01-2024 13:40:57,1706708457,0,,,,,,,,,
0xf747131f109b36e70f4bd814e3b386a9e8de3abb8fbad0bf6e342f87146b1e43,inv_83a23010,inv_b962944c,52957905,200000000,,1706695897,31-01-2024 10:11:37,1706695897,0,,,,,,,,,
0xab091405a4345cd8684b831039d66652c736ff0340b055e0edf26a0209fa5939,inv_83a23010,inv_eebeea2d,52957535,300000000,,1706695040,31-01-2024 09:57:20,1706695040,0,,,,,,,,,
0xda2a92f3faf5d3f0825e18ef2f04bd72abc4bdb7f78b6086a95dab24a587a2c8,inv_d2dda6a9,inv_c6270cc0,52941039,648000000,,1706656260,30-01-2024 23:11:00,1706656260,0,,,,,,,,,
0x6cb78dc02aabd02e3d6ca70faaf065e112702109a4e7d84d8d68b6c7e7ca1f4e,inv_b5fc99a9,inv_2895b81e,52939188,500000000,,1706651994,30-01-2024 21:59:54,1706651994,0,,,,,,,,,
0x45b7a8f0fc9f2c8289e95100aea1f4ea9707486c3cc431caaea67a0ad9ee7094,inv_498e8beb,inv_fc5218f7,52939053,304880000,,1706651670,30-01-2024 21:54:30,1706651670,0,,,,,,,,,
0xfe4498d91d2bd3bbdd904c9436cfb642be2b5878396337075150b2ad55124739,inv_d6e012a5,inv_87d2c033,52939048,100000000,,1706651650,30-01-2024 21:54:10,1706651650,0,,,,,,,,,
0x740c9e287b2265770c1ca8d46e901e37685042b6c5fff483caf552f241f5c861,inv_d6e012a5,inv_51bc405b,52939002,100000000,,1706651534,30-01-2024 21:52:14,1706651534,0,,,,,,,,,
0x4afb38568f1eaba41da31d4d4bc4691c6580c69a9ddd4e08ff968d4b2522b1a5,inv_49f8251b,inv_b962944c,52938006,200000000,,1706649253,30-01-2024 21:14:13,1706649253,0,,,,,,,,,
0x3399b4898b2e9789a7ddfeb0efbcbca554913142777fd28dc7f84420154f6e15,inv_b9b5acda,inv_51bc405b,52937378,100000000,,1706647782,30-01-2024 20:49:42,1706647782,0,,,,,,,,,
0x1fe6e40ab61379a5ba58f8e9424d25a5b065d8cc18d0936a01bfe9906165dece,inv_d399a4ef,inv_b962944c,52934991,200000000,,1706642300,30-01-2024 19:18:20,1706642300,0,,,,,,,,,
0xc77f91fed146bf930d01a7b53d78cde00eb5a98824c8aaec3454e4a63bb040a2,inv_498e8beb,inv_fa9f2191,52932327,100000000,,1706636475,30-01-2024 17:41:15,1706636475,0,,,,,,,,,
0xfb3fada29245a9eda0c13ad1baf0337368c8f5bea01582b6ed99a4ba8571796a,inv_83a23010,inv_51bc405b,52927973,100000000,,1706627007,30-01-2024 15:03:27,1706627007,0,,,,,,,,,
0x24e0b57965a329a52a35659d8ae47dbac3d195e870f8f172136e9076af57ded2,inv_83a23010,inv_b962944c,52927879,200000000,,1706626807,30-01-2024 15:00:07,1706626807,0,,,,,,,,,
0x04919fda6bc804d425bebbc9b061eb7321e7296087c783b03057a4bedda3c990,inv_498e8beb,inv_d46e9726,52924764,265670000,,1706620055,30-01-2024 13:07:35,1706620055,0,,,,,,,,,
0xcebfebabbfc8939fe0ae37bb69d8b7464eda8764c80cbbbda07069976bebbb8b,inv_dfb903a5,inv_b962944c,52922493,192000000,,1706615128,30-01-2024 11:45:28,1706615128,0,,,,,,,,,
0x774673b14ebf654f156fe71e1ed6278dfcf356ab6a83f32bdcaa9f30bdeef1b7,inv_498e8beb,inv_945561c3,52899249,210000000,,1706562250,29-01-2024 21:04:10,1706562250,0,,,,,,,,,
0x65767a8f127dbd47d532845c2f38eeb72dbe4a6d36fffe149f2519dada36fa20,inv_498e8beb,inv_51bc405b,52899177,200000000,,1706562084,29-01-2024 21:01:24,1706562084,0,,,,,,,,,
0x59fe2e1caaf711a12c1c86f2e0aa15fb28309bbf27913afb5d61642aea97c350,inv_43101355,inv_51bc405b,52897939,100000000,,1706559224,29-01-2024 20:13:44,1706559224,0,,,,,,,,,
0xa20e257f7d81dceea58c0a9193fa0485c808cb4f58a9374b9c483a3c2568efdb,inv_43101355,inv_51bc405b,52897860,100000000,,1706559054,29-01-2024 20:10:54,1706559054,0,,,,,,,,,
0x1945ffe08fd7bfa5d9897cfea99acc2b8380d9feb7d8956feff2343487e13834,inv_83a23010,inv_51bc405b,52894769,100000000,,1706552052,29-01-2024 18:14:12,1706552052,0,,,,,,,,,
0xefa791889338c14601624f5875b50f549b589cf372f621da2be2335eda5de6c0,inv_498e8beb,inv_b962944c,52892015,190000000,,1706545917,29-01-2024 16:31:57,1706545917,0,,,,,,,,,
0x4dd03cd1339f5cb2c0916136b1c4b6e3f9cc2684a8cdf883b7b0064cfe3bfdce,inv_b9b5acda,inv_51bc405b,52891348,100000000,,1706544437,29-01-2024 16:07:17,1706544437,0,,,,,,,,,
0xbfd95226779e2d887fd9dbf83c5afac7d93c0fd9e28354a56596263c2db68484,inv_490baf8c,inv_51bc405b,52865837,100000000,,1706487930,29-01-2024 00:25:30,1706487930,0,,,,,,,,,
0x3c5150a5a45bbd6f2231def270361d296da82de6c13a094aa800ebe8229fd6a6,inv_43101355,inv_51bc405b,52861152,100000000,,1706477347,28-01-2024 21:29:07,1706477347,0,,,,,,,,,
0x33a9dbe1f79f6fb5e42a8d5afe6af12ad465b908a0f0738ffa8b1a7179284605,inv_b9b5acda,inv_ca9624c0,52855510,85000000,,1706464318,28-01-2024 17:51:58,1706464318,0,,,,,,,,,
0x30b0b9bfa04ec8720c8941317ed682d3f07f12abc7923bdcecde008fb59dfea4,inv_b9b5acda,inv_51bc405b,52855453,100000000,,1706464159,28-01-2024 17:49:19,1706464159,0,,,,,,,,,
0xc485e123f54851068b72993f38e860e612581fd37301e8e26d2f7b803a6b1200,inv_498e8beb,inv_8a131b93,52854024,475000000,,1706460784,28-01-2024 16:53:04,1706460784,0,,,,,,,,,
0xbfe9ee86c76d35b287cd59afe13ae4cd727c5fb2f0dad3fad5c5d7e5b1af4b3d,inv_88e68846,inv_498e8beb,52853917,330000000,,1706460552,28-01-2024 16:49:12,1706460552,0,,,,,,,,,
0x34ba5590e09b7b50367a52aa2c94fdeba415e9253f5fdf5e3d28814528be8e66,inv_498e8beb,inv_87d2c033,52853489,198000000,,1706459552,28-01-2024 16:32:32,1706459552,0,,,,,,,,,
0x1c37e1e07f6096d9dfc9d532b5e96bc89cd098f5583a9587521ec9154d403c0d,inv_49f8251b,inv_b962944c,52851590,200000000,,1706455168,28-01-2024 15:19:28,1706455168,0,,,,,,,,,
0x0e5e260605d6cbcd9ee438a6f0a7901a5d0919922620a3256e46935ccf4794a5,inv_498e8beb,inv_b962944c,52851348,200000000,,1706454622,28-01-2024 15:10:22,1706454622,0,,,,,,,,,
0x04d29a0ba4c555997366c276199daaf1f35f2e187017b5846f81048d275c744f,inv_498e8beb,inv_b962944c,52849580,300000000,,1706450794,28-01-2024 14:06:34,1706450794,0,,,,,,,,,
0x954d2091924e89c70f26c3c560946ade49cdb1a89970e8c738f88992bfbb7f0c,inv_498e8beb,inv_b962944c,52849052,300000000,,1706449638,28-01-2024 13:47:18,1706449638,0,,,,,,,,,
0x7c83c1a995ad64080fe47efe79688610f7d5a378ed3de4bd610834790529857e,inv_498e8beb,inv_b962944c,52848722,162000000,,1706448912,28-01-2024 13:35:12,1706448912,0,,,,,,,,,
0x67b0ba99de41a872a88c3fe1a20342ed9b4ac0a54f3dcea412db5d72ad7b007e,inv_8c3b1ce8,inv_b962944c,52847170,200000000,,1706445555,28-01-2024 12:39:15,1706445555,0,,,,,,,,,
0xeef066a6849799fee5c1556dcceac24bfc5f6f6fd1b7b5787230b420653f9fcb,inv_88e68846,inv_498e8beb,52822940,545000000,,1706389367,27-01-2024 21:02:47,1706389367,0,,,,,,,,,
0x5f1264a5504661f1684c9f555d1b07ff31effc93b79c2773f13b0dca67caa861,inv_49f8251b,inv_02dd921e,52819934,110000000,,1706382259,27-01-2024 19:04:19,1706382259,0,,,,,,,,,
0x7794e71cb8264ebb61ebb8af1b358ca786a288b7b5edd5dd02228c516b1baa55,inv_b9b5acda,inv_51bc405b,52819226,100000000,,1706380577,27-01-2024 18:36:17,1706380577,0,,,,,,,,,
0x39386fd16ce5a358ff6517eaaf2e98a08196797df417429743babb4066755f3a,inv_498e8beb,inv_0806542c,52816273,306000000,,1706373855,27-01-2024 16:44:15,1706373855,0,,,,,,,,,
0xed40997112f142325a06acba32065f64c3eb7ba4e8a5b56a9fd8f8b0d0b59ea5,inv_498e8beb,inv_0806542c,52816047,306000000,,1706373355,27-01-2024 16:35:55,1706373355,0,,,,,,,,,
0x331e866ae0d87fb02117688e9402cdd955e808689ae4a0e264432f8484d1dc95,inv_498e8beb,inv_0806542c,52815903,306000000,,1706373016,27-01-2024 16:30:16,1706373016,0,,,,,,,,,
0xa7d7df78475fdb47127fc34e42f72f4b1a66d4c11f329d57fbd770059b04e1c8,inv_498e8beb,inv_0806542c,52815643,194000000,,1706372431,27-01-2024 16:20:31,1706372431,0,,,,,,,,,
0x12e20abab8b9f4eb548403bd3a5ad4b7aedaf3ad6111946c79829a39ea6c1059,inv_b261c1fb,inv_0806542c,52815390,108000000,,1706371861,27-01-2024 16:11:01,1706371861,0,,,,,,,,,
0xeb6e35bd48f2ce9ab1cc209df1a05ae9017ed83f458b782aefed31f099a2a872,inv_8c3b1ce8,inv_0806542c,52812449,200000000,,1706365249,27-01-2024 14:20:49,1706365249,0,,,,,,,,,
0xe6983b94df1a4450472ac42fc2480536d10aa811c3144927e4ab10444f5d4ec2,inv_87d2c033,inv_0806542c,52807652,204000000,,1706354628,27-01-2024 11:23:48,1706354628,0,,,,,,,,,
0xeaa095cacc79f42b97ac6d9fb68a79ca9862d6960aa3cd4d8d7fff472c12c235,inv_b962944c,inv_8a131b93,52807207,950000000,,1706353623,27-01-2024 11:07:03,1706353623,0,,,,,,,,,
0xd40af83876cf04dd9c49f439c7f756ac22de15f1d65486bbc9c7a8db68470a00,inv_df64ca46,inv_b962944c,52804704,194000000,,1706348013,27-01-2024 09:33:33,1706348013,0,,,,,,,,,
0x3c5ad87d6cf8db47b388e5a1cea49383e254d5725b0c76f3bbdd89a37cda0f40,inv_490baf8c,inv_87d2c033,52782719,100000000,,1706297532,26-01-2024 19:32:12,1706297532,0,,,,,,,,,
0xf5b6f066b1cb67020a436ccbee4da355fc1cc9a23087dc2f903729e546be0045,inv_88e68846,inv_c6e5b0b2,52775150,47000000,,1706280700,26-01-2024 14:51:40,1706280700,0,,,,,,,,,
0xacc39be25e5c2fd763013e24b00559049268f64c2da437158224ac6453eb4b1d,inv_d2dda6a9,inv_02dd921e,52770176,325500000,,1706269710,26-01-2024 11:48:30,1706269710,0,,,,,,,,,
0x196536da892a6e160a73dc4faf0d4bcfcef8225276d3875f4d823276e7e6b524,inv_87d2c033,inv_02dd921e,52769918,525000000,,1706269128,26-01-2024 11:38:48,1706269128,0,,,,,,,,,
0xaea7da04e1f8a9798b61e214d82ffb7fb1bdee8a74bba6704d2137b6c8354695,inv_a581993a,inv_51bc405b,52765226,500000000,,1706258603,26-01-2024 08:43:23,1706258603,0,,,,,,,,,
0xb10894ef6ad0be45ed1cd57c2ab086e00acefe69fa1fa91d229693ea709c31d6,inv_a581993a,inv_498e8beb,52765023,200000000,,1706258136,26-01-2024 08:35:36,1706258136,0,,,,,,,,,
0x82d0540249cdfc88a9b0dc34abe9f8de2dc4766879834939b0cd687ea57fc0c2,inv_a581993a,inv_51bc405b,52764940,300000000,,1706257954,26-01-2024 08:32:34,1706257954,0,,,,,,,,,
0x801b9f823e7b52ba286efabc8ab67b22f697b58193f339d99f8165c46c1834a3,inv_d6e012a5,inv_498e8beb,52753839,9900000,,1706232939,26-01-2024 01:35:39,1706232939,0,,,,,,,,,
0xf5106c1e807da9b07fb062a74dcf46a54a506795624e452eda91e14a1d1e4c69,inv_b9b5acda,inv_51bc405b,52746903,100000000,,1706217089,25-01-2024 21:11:29,1706217089,0,,,,,,,,,
0xaed42ec85a0bb86a0be59c6e3aea9b073869b9978ae82c760e4eba4d9cd0b373,inv_dee8dd2a,inv_51bc405b,52740990,100000000,,1706203439,25-01-2024 17:23:59,1706203439,0,,,,,,,,,
0x0702d7aa55c79e6647dfb37e3e8c655aeff0a15efca714fc16636b6fd08831ac,inv_dee8dd2a,inv_51bc405b,52740796,100000000,,1706202963,25-01-2024 17:16:03,1706202963,0,,,,,,,,,
0x64a33fde55d74de730fe257d86ad71b2eb359a47294f735448e89cfbe829b04e,inv_8b33a97d,inv_51bc405b,52740321,200000000,,1706201890,25-01-2024 16:58:10,1706201890,0,,,,,,,,,
0x88868e54b9a2483e356298f3f2d04af66694d39ad793ba0e5b4e7e9bff902166,inv_498e8beb,inv_014c288e,52734190,95950000,,1706187756,25-01-2024 13:02:36,1706187756,0,,,,,,,,,
0xf35931aecbc9404d01f48f3a823e2e0e121e33c896b89162ef5dbba1b9084b68,inv_3db5e783,inv_64eb9a03,52733582,877500000,,1706186336,25-01-2024 12:38:56,1706186336,0,,,,,,,,,
0x4783165c563ecd2f94bb5bef054c41d7fe97481f683e27aaa25b8332e8967f25,inv_be46c698,inv_9f0c7322,52726735,545000000,,1706170362,25-01-2024 08:12:42,1706170362,0,,,,,,,,,
0x6f270265dbb3ca829e4e16d0c05cd43d4a22c683434cee64893835fd599d2087,inv_c8a59739,inv_3db5e783,52709700,101370000,,1706131072,24-01-2024 21:17:52,1706131072,0,,,,,,,,,
0x43450708df3b48c8255686302f1d86e0d5c1c41d4126bc8c5ef15c9eca855a78,inv_b9b5acda,inv_51bc405b,52708407,100000000,,1706128226,24-01-2024 20:30:26,1706128226,0,,,,,,,,,
0x623205f98fc634cb9eb87bbd3c1999947eaf5dd8ce93ed873cb4acfd71c583c5,inv_d381a12e,inv_51bc405b,52702314,100000000,,1706114512,24-01-2024 16:41:52,1706114512,0,,,,,,,,,
0x9d1225e2ef49163afac1c5578f94adf00348bd736f508875be95979ff0f4d376,inv_bd096459,inv_51bc405b,52701646,100000000,,1706113032,24-01-2024 16:17:12,1706113032,0,,,,,,,,,
0x3a9df1830619015c9f8f7ad429a7e2d755b6b150462f363736d4392d3b3ce8af,inv_bd096459,inv_51bc405b,52701249,100000000,,1706112189,24-01-2024 16:03:09,1706112189,0,,,,,,,,,
0xf3ece4b267fb1e1c6657d7cacd58e923912a12d7b5c33e97e0459b2f30683796,inv_b9b5acda,inv_498e8beb,52700055,100000000,,1706109593,24-01-2024 15:19:53,1706109593,0,,,,,,,,,
0x232b882db3fd7b92fdd34b28f465c637cd7962a6ea1a4ca177ad9eea994601a1,inv_4b22da68,inv_51bc405b,52694905,200000000,,1706098145,24-01-2024 12:09:05,1706098145,0,,,,,,,,,
0x3d2ceae21a44393eaab076c016e9a70706e283470979f2f3e796856c5f2c9766,inv_4b22da68,inv_51bc405b,52694256,100000000,,1706096629,24-01-2024 11:43:49,1706096629,0,,,,,,,,,
0xbd72502ec73b98a71268f48cc7c7c2849e5096097b63db210c1831b62b7fa652,inv_4b22da68,inv_51bc405b,52694168,100000000,,1706096409,24-01-2024 11:40:09,1706096409,0,,,,,,,,,
0x1fb86df851c08bdd005a1c8f54b46aa64338328a9ff5cd2f348daa4aab43d511,inv_4b22da68,inv_2c9959dc,52692383,100000000,,1706092309,24-01-2024 10:31:49,1706092309,0,,,,,,,,,
0x0063fd267f1904d9d8efe8bdca0efdc26a6f8001be1e8562fcd19643f341c3af,inv_d2dda6a9,inv_9f0c7322,52689086,1090000000,,1706084810,24-01-2024 08:26:50,1706084810,0,,,,,,,,,
0xa35eb4ff6098ec4ccc919a18fb352dc214bc57a4e75594b6a91cacf7ed2da6b7,inv_df64ca46,inv_51bc405b,52670017,500000000,,1706041517,23-01-2024 20:25:17,1706041517,0,,,,,,,,,
0x049ee4bc28d45f062ebdefbda969b4b5eec136263f637ff71ec950fa93b9e7d0,inv_88e68846,inv_2f5abcf7,52669552,200000000,,1706040497,23-01-2024 20:08:17,1706040497,0,,,,,,,,,
0x422ba4ff7e7fd71b7d7c18284603d4fc39a29ff212754280e58b5c2401434fbe,inv_e05bfe6f,inv_51bc405b,52669528,100000000,,1706040431,23-01-2024 20:07:11,1706040431,0,,,,,,,,,
0x3a8c701cee08eceaa49cf788d5cd1a4814f24b0b3025b4d4d3808b2fbccd433d,inv_88e68846,inv_3efa969c,52667807,309000000,,1706036558,23-01-2024 19:02:38,1706036558,0,,,,,,,,,
0x9a63cf4ff0d5c5b3f327a27bb148d711befaf7a3c89a04e3012a1a4fb3e02918,inv_88a38437,inv_51bc405b,52663626,100000000,,1706026553,23-01-2024 16:15:53,1706026553,0,,,,,,,,,
0x1ead9b403300c25d855366724c07eb99cee8fea504cf12ca5ae302f5e67a945e,inv_c6270cc0,inv_3db5e783,52506728,100000000,,1705668958,19-01-2024 12:55:58,1705668958,0,,,,,,,,,
0x2acba1b5dc2e1b30fa62e338e181b0bca9e6737bfaf53d2641088ad0768e2098,inv_c6270cc0,inv_3db5e783,52428820,200000000,,1705492018,17-01-2024 11:46:58,1705492018,0,,,,,,,,,
0x5e307080404effb19591ef8ebe43c4a145accba348544f78da89ee15d850fafc,inv_02c2f068,inv_3db5e783,52174192,100000000,,1704922326,10-01-2024 21:32:06,1704922326,0,,,,,,,,,
0x7e744e1340a4b62a2e6d61cd8796dc3fe0513e95ac2fab7a8fe45d90a8e044b3,inv_02c2f068,inv_3db5e783,52174049,10000000,,1704921990,10-01-2024 21:26:30,1704921990,0,,,,,,,,,
